1,0,0
0.987843845113503,-0.038500046756652,-0.0484949374659955
0.979171861434725,-0.0742270053785558,-0.0942262543938593
0.973706396712788,-0.10749305218939,-0.137535789195825
0.971202930759339,-0.138576917630177,-0.178732112413968
0.971446128955808,-0.16772812691108,-0.218094748448793
0.974246463898487,-0.195170644166972,-0.255877818282502
0.979437312753946,-0.221106018397531,-0.292313197634197
0.986872455027671,-0.245716111532258,-0.327613267793727
0.996423909085127,-0.269165474660038,-0.361973322669084
1.00798005668051,-0.291603427004631,-0.395573684585493
1.02144401353419,-0.313165883002922,-0.428581572509763
1.03673221110784,-0.333976965383518,-0.461152759192796
1.05377316050531,-0.354150436087397,-0.493433047879818
1.07250637414903,-0.373790971938158,-0.525559594462309
1.09288142475678,-0.392995307936862,-0.557662097026801
1.11485712433872,-0.411853267752845,-0.58986387152788
1.13840080857969,-0.430448698270665,-0.62228282964475
1.16348771417028,-0.448860322826933,-0.655032372668458
1.19010043848519,-0.467162525943249,-0.688222213427339
1.21822847254259,-0.485426080864851,-0.721959136724699
1.24786779946778,-0.503718829994385,-0.756347707481649
1.27902055176838,-0.522106327323207,-0.791490934705874
1.31169472164164,-0.54065245117431,-0.827490898508633
1.34590391930187,-0.559419994953947,-0.864449346638505
1.38166717496056,-0.578471243141808,-0.902468266367442
1.41900878062786,-0.597868539415388,-0.941650437032715
1.45795816834547,-0.617674853590117,-0.982099968090473
1.49854982181566,-0.637954353953426,-1.02392282715861
1.54082321866596,-0.658772991571484,-1.06722736220555
1.58482280078541,-0.680199103247481,-1.11212482176623
1.63059797028801,-0.702304040007961,-1.15872987682579
1.67820310869785,-0.725162828288243,-1.20716114779477
1.72769761690319,-0.748854871380739,-1.25754173979609
1.77914597328369,-0.773464699203386,-1.30999978928119
1.8326178071634,-0.799082775043174,-1.36466902477741
1.88818798436306,-0.825806368636403,-1.42168934432452
1.94593670109688,-0.853740505767937,-1.48120741186685
2.00594958174963,-0.882999005511554,-1.54337727450403
2.06831777514396,-0.913705617297316,-1.60836100203938
2.13313804271563,-0.945995271183215,-1.67632934966389
2.20051283049809,-0.980015456028425,-1.74746244382787
2.27055031490273,-1.01592774171153,-1.82195049032366
2.34336440987548,-1.05390946310043,-1.89999450225646
2.41907471999999,-1.09415558514334,-1.98180704381978
2.49780642036187,-1.13688077018211,-2.06761298349753
2.57969003931253,-1.18232167033964,-2.15765024733091
2.66486111446141,-1.23073946952805,-2.2521705590191
2.75345968501777,-1.28242270115039,-2.35144014862
2.84562957467626,-1.33769036876366,-2.45574040516353
2.94151740820138,-1.39689539760329,-2.56536844018859
3.04127129123999,-1.46042844461145,-2.68063751855958
3.14503906610694,-1.52872209300952,-2.80187729927925
3.25296603566871,-1.60225545388003,-2.92943381160053
3.3651920221954,-1.68155919081488,-3.06366906956876
3.48184759724477,-1.76722097327455,-3.20496019998939
3.6030492812525,-1.85989134830686,-3.35369792324135
3.72889346641527,-1.96028999657723,-3.51028418157317
3.85944876253852,-2.06921230445073,-3.67512865344809
3.9947464017557,-2.18753613543525,-3.84864382276268
4.13476826371015,-2.31622861682138,-4.03123818574486
4.27943199790248,-2.45635266464487,-4.22330707337487
4.42857262566074,-2.60907284434205,-4.42522044088709
4.58191990390547,-2.775659996048,-4.63730682680516
4.73907063326888,-2.95749383094948,-4.85983251245142
4.8994550061632,-3.15606241546859,-5.09297472290526
5.06229603595845,-3.37295708976995,-5.33678751198695
5.226561117861,-3.60986090409001,-5.59115878686304
5.39090489273015,-3.86852809399083,-5.85575678734905
5.55360288564848,-4.15075145920953,-6.12996429842018
5.7124759671283,-4.45831378852621,-6.41279903093925
5.8648066626128,-4.79291875236614,-6.70281908619591
6.007249871113,-5.15609609508028,-6.99801340663518
6.13574281934419,-5.5490757206128,-7.29567884443601
6.24542223114537,-5.97262572210562,-7.59228822966474
6.33056080973597,-6.42685104828361,-7.88335786846353
6.38454009527667,-6.91095295897837,-8.16332843337875
6.39988209444816,-7.42295540067819,-8.42548014647312
6.36836673637577,-7.95941351387687,-8.66191091316135
6.28126438728796,-8.51513177412738,-8.86361322764858
6.12970975755217,-9.08293385527213,-9.02068972713111
5.90523249675562,-9.65354061605776,-9.12274458837165
5.60043800807676,-10.2156219749216,-9.15947433866771
5.20979906923235,-10.7560863321696,-9.12145378350018
4.73047846584981,-11.2606508449097,-9.00107058863374
4.16306441950279,-11.7146934150435,-8.79351143218139
3.51207843741455,-12.1043258996642,-8.49765654911592
2.78612428187026,-12.4175608593379,-8.11671594000964
1.99759528913661,-12.6453927186733,-7.65845603678992
1.16193956867301,-12.7826014114935,-7.13492620046215
0.296577150260523,-12.8281254541484,-6.56168890309806
-0.580360675590816,-12.7849361109095,-5.95665877613113
-1.45126798692368,-12.6594499221881,-5.33873150535315
-2.30009725159991,-12.460609458958,-4.7264107412568
-3.11307369065595,-12.1988141373331,-4.13661603811014
-3.8790572690802,-11.8848841917922,-3.58379258575815
-4.58959016062984,-11.529200265406,-3.07936895923613
-5.2387122760361,-11.1410987497111,-2.63154484873232
-5.82264152420493,-10.7285402480645,-2.24534945428719
-6.33940531426951,-10.298020113105,-1.92289466680792
-6.78848624647699,-9.85466185378666,-1.66374959248002
-7.1705181562225,-9.40242512015988,-1.46537605276942
-7.48704552852521,-8.94436492402006,-1.32358102194804
-7.74034296792811,-8.48289181696408,-1.23295677509274
-7.93328227985617,-8.01999886409124,-1.18729070969103
-8.06923159269739,-7.55743687003057,-1.17993420142304
-8.15197201146047,-7.09683235226554,-1.20412431082914
-8.18562072956099,-6.6397522864098,-1.25325481535704
-8.17455382837055,-6.18772554488911,-1.32109488297079
-8.12332607970669,-5.74223360480818,-1.4019553542515
-8.03658827810672,-5.30468319604308,-1.49080431463514
-7.91900468804224,-4.87637190130374,-1.58333539328014
-7.7751741088716,-4.45845509644345,-1.67599384680233
-7.60955804195308,-4.05191970798437,-1.76596677150415
-7.42641878744944,-3.65756756736416,-1.85114458609623
-7.22976931011925,-3.27600896500844,-1.93006117843996
-7.02333565333457,-2.90766548030715,-2.00181984600899
-6.81053173171165,-2.55278027481,-2.06601147987524
-6.59444559727301,-2.21143368452076,-2.12263048052642
-6.37783578555695,-1.88356198988658,-2.17199278982837
-6.16313609168869,-1.5689775311612,-2.21465929869346
-5.95246705978319,-1.26738874431859,-2.25136683700132
-5.74765253971634,-0.978419122360082,-2.28296803120765
-5.55023982268718,-0.701624496237026,-2.31038055665047
-5.36152206898401,-0.436508345918562,-2.33454572328326
-5.18256195674469,-0.182535085164761,-2.35639590655016
-5.01421568858977,0.060858581949593,-2.37683005054247
-4.85715668186892,0.294254045829074,-2.39669630481195
-4.71189843240368,0.518242691212257,-2.41678078455113
-4.57881617980731,0.733419080351197,-2.437801442884
-4.4581671159955,0.94037520269048,-2.4604060930285
-4.35010896987562,1.13969559911429,-2.48517369967168
-4.25471687332551,1.33195319639797,-2.51261815902291
-4.17199846928405,1.51770571314117,-2.5431938948603
-4.10190726461557,1.69749251969928,-2.57730270548156
-4.04435426055081,1.87183185051665,-2.61530139822034
-3.99921791376342,2.04121827782892,-2.65750984044824
-3.96635249301515,2.20612036152335,-2.70421913661158
-3.94559490104454,2.36697839184761,-2.75569970884253
-3.93677003002611,2.52420214049721,-2.81220911381951
-3.93969471237088,2.67816853217388,-2.87399947113389
-3.95418031762695,2.82921914365569,-2.94132440904756
-3.9800340314211,2.97765743130197,-3.01444545291838
-4.01705883434195,3.12374558120246,-3.09363779044668
-4.06505217794826,3.26770086932388,-3.17919534687941
-4.1238033322558,3.40969141252444,-3.27143509288348
-4.19308935475171,3.54983118587035,-3.37070048829146
-4.27266960601267,3.68817417823558,-3.47736393651613
-4.36227871245083,3.82470755802893,-3.59182808723239
-4.46161785410005,3.95934372593688,-3.71452577907019
-4.5703442368348,4.09191114436672,-3.84591835988028
-4.68805859699783,4.22214385726653,-3.98649206040503
-4.81429058626496,4.34966965368434,-4.13675202948034
-4.9484819013189,4.47399688950284,-4.29721356806377
-5.08996706394516,4.59450007120474,-4.46839003017737
-5.23795183194803,4.71040443141153,-4.65077679871711
-5.3914893414045,4.82076989720438,-4.84483070408407
-5.54945425975113,4.92447507774416,-5.05094424944851
-5.71051548170223,5.02020218475909,-5.26941405946329
-5.8731082401787,5.10642415135401,-5.50040310686085
-6.03540694294842,5.1813956269507,-5.74389652698201
-6.19530058503519,5.24314998200273,-5.99965124142141
-6.35037321475578,5.28950491963389,-6.26714021607454
-6.49789261152811,5.31807970116529,-6.5454930055343
-6.63481099691509,5.32632725591854,-6.83343529457862
-6.75778213468615,5.31158443649053,-7.12923141105105
-6.8631994216706,5.27114324455282,-7.43063516808324
-6.947259327499,5.20234482450239,-7.73485573526187
-7.00605358651115,5.10269626273823,-8.03854628592645
-7.03569168207856,4.97000767621029,-8.33782358490983
-7.03245228836561,4.80254380643485,-8.62832608343837
-6.99295852139501,4.59918064441989,-8.90531612031063
-6.9143674328227,4.3595540331349,-9.16382828104213
-6.7945597868758,4.08418448213814,-9.39886091163186
-6.63231268060952,3.77456144214184,-9.60560168948097
-6.42743599076173,3.43317177713709,-9.77967191815075
-6.18085479445984,3.06346151653674,-9.91736905755124
-5.89462419855038,2.66972693779551,-10.0158842163203
-5.57187011288889,2.25693968034925,-10.0734719101256
-5.21665835516175,1.8305193985442,-10.089553665165
-4.83380345811476,1.39607466590417,-10.0647444995747
-4.42863589537975,0.959136937926497,-10.0008006288886
-4.00675072742027,0.524912550812231,-9.90049613109836
-3.57376121504381,0.0980740863464906,-9.76744401377272
-3.13507796546,-0.317394071743722,-9.60588188716288
-2.69572862640214,-0.718289042689124,-9.42044377638443
-2.26022639082208,-1.10222235436585,-9.21593780593641
-1.83248897692051,-1.46759943543914,-8.99714543918332
-1.4158043390061,-1.81355677799613,-8.76865277802096
-1.01283569648881,-2.13986966907028,-8.534719180494
-0.6256566251343,-2.4468432300174,-8.29918391758944
-0.255806676063412,-2.73519793041614,-8.06540819321138
0.0956411664099652,-3.00595837982305,-7.83624770050615
0.428008380299117,-3.26035159181098,-7.61404986059786
0.740939606245897,-3.49971845901279,-7.4006697399458
1.03433591363425,-3.72544011359937,-7.19749908886207
1.30829493010163,-3.93887927490374,-7.00550372987599
1.56305897343638,-4.14133560526652,-6.82526544869772
1.79897147909173,-4.33401344702548,-6.6570254623416
2.01644144989654,-4.5180000107282,-6.50072737378589
2.21591531399755,-4.69425203510441,-6.35605822873748
2.39785540568279,-4.86358905972766,-6.22248685579028
2.56272422951341,-5.02669167318552,-6.09929910289658
2.71097368817172,-5.18410337090144,-5.98562989645269
2.84303851564735,-5.33623494049206,-5.88049226377389
2.95933323608597,-5.48337056410301,-5.78280359450442
3.06025204877471,-5.6256750714374,-5.69140948874292
3.14617111133893,-5.76320198584448,-5.60510556375116
3.21745275083636,-5.89590217510662,-5.52265757864555
3.27445117398534,-6.0236330475817,-5.44282019661707
3.31751927366403,-6.1461683240256,-5.36435464430158
3.34701614132063,-6.26320846772095,-5.28604545398431
3.36331489767441,-6.37439187322205,-5.20671639172426
3.36681045169519,-6.47930690052936,-5.12524558831602
3.35792679559375,-6.57750480103699,-5.04057980538515
3.33712344694166,-6.66851351925861,-4.95174769109488
3.30490066334479,-6.75185227623435,-4.85787181424005
3.26180308484599,-6.8270467537335,-4.7581792170332
3.20842150765642,-6.89364461076667,-4.65201020014686
3.14539256132389,-6.95123098378432,-4.53882505194788
3.07339614924479,-6.99944355737864,-4.41820845909095
2.99315061631723,-7.03798675056202,-4.28987138740956
2.90540572199896,-7.0666445503807,-4.15365029771334
2.81093361463169,-7.08529154303171,-4.00950365572254
2.71051811494341,-7.09390174326691,-3.85750580199574
2.60494271415124,-7.09255490314846,-3.69783835799635
2.49497776679768,-7.08144008575487,-3.53077944950358
2.38136740383149,-7.06085641045557,-3.35669111990814
2.26481670351076,-7.03121100456787,-3.17600537637938
2.14597963552379,-6.9930143217459,-2.98920935638406
2.02544823950571,-6.94687310102135,-2.79683011809713
1.90374341792802,-6.89348133419358,-2.59941954611654
1.78130762239819,-6.83360967761995,-2.39753982633491
1.65849960026789,-6.76809378434432,-2.19174988559767
1.53559125397227,-6.69782204351938,-1.98259311896353
1.41276655695688,-6.62372319820559,-1.77058664658569
1.29012237427435,-6.54675427372387,-1.55621225986314
1.16767095795711,-6.46788919190482,-1.33990913819045
1.04534383000415,-6.38810837749511,-1.12206834779842
0.922996730114626,-6.30838958729311,-0.903029075886537
0.800415290209093,-6.22970011539661,-0.683076508193562
0.677321100953672,-6.15299045347985,-0.462441226814054
0.553377853660859,-6.07918941642254,-0.241299986964703
0.428197270343859,-6.00920068291024,-0.019777725387798
0.301344571573562,-5.94390064876162,0.202049342368845
0.172343272664434,-5.884137447711,0.42414966506906
0.0406791406963861,-5.83073095940683,0.646531447695758
-0.0941968142108905,-5.78447359608849,0.869236973572212
-0.232866401479183,-5.74613163594798,1.09233620603933
-0.375943419094739,-5.71644685043011,1.31591968244693
-0.524073948769908,-5.69613815234005,1.54009067237133
-0.677937765535767,-5.68590296914361,1.76495652676929
-0.838250818166674,-5.68641801872428,1.99061909484827
-1.00576870164397,-5.6983391305192,2.21716403022433
-1.18129100065454,-5.72229971081472,2.44464874685005
-1.36566632918103,-5.75890739453196,2.67308871777957
-1.55979781974504,-5.80873835477378,2.90244173608605
-1.76464871972565,-5.8723286538977,3.13258967802817
-1.98124762294533,-5.95016191498533,3.36331722625347
-2.21069269258519,-6.04265247099669,3.59428693025115
-2.45415400554174,-6.15012301411925,3.82500991101605
-2.71287285722807,-6.272775627914,4.05481147116772
-2.98815649927542,-6.41065495507032,4.28279087288221
-3.28136633412602,-6.5636021600187,4.50777462748198
-3.59389706211717,-6.73119833023516,4.72826285091559
-3.9271436862764,-6.91269608674524,4.9423686460232
-4.28245267278249,-7.10693853608541,5.14775116463795
-4.66105302894627,-7.31226542129843,5.34154409122252
-5.06396274692251,-7.52640758533302,5.5202829009602
-5.49186620756054,-7.7463728455812,5.67983650090209
-5.94495908774799,-7.96832930006418,5.81535184072971
-6.42275951822218,-8.18749610294575,5.92122374377727
-6.92388822355319,-8.39805686884961,5.991106302246
-7.44582663806749,-8.59311679223475,6.0179860852417
-7.98467078494085,-8.76473048150244,5.99434000045219
-8.53490970009125,-8.90403185695984,5.91240022007658
-9.08926901868342,-9.00149786082536,5.76454294436972
-9.63867022118072,-9.0473711533323,5.54380474020942
-10.1723596285976,-9.03225049706639,5.2445085139853
-10.6782533234485,-8.94782973942476,4.86295194585479
-11.1435203645694,-8.78772913869515,4.39807921007099
-11.555386110257,-8.54832311809702,3.85203094400554
-11.9020856093585,-8.22943811616395,3.23045913826477
-12.1738465911546,-7.83478675255036,2.54251271868812
-12.3637499568095,-7.37203007134293,1.80044869807067
-12.4683183118729,-6.85241822592691,1.01889420274895
-12.4877255603743,-6.29003871842345,0.213857168221076
-12.4255938398708,-5.70077758407051,-0.598364983597794
-12.2884266099947,-5.10114941365793,-1.40221557990123
-12.0847934222021,-4.50716297248821,-2.1837114893743
-11.8244147928738,-3.93336138632251,-2.93099760723746
-11.5172902794572,-3.39212315702461,-3.63460638156968
-11.1729779377837,-2.8932515738608,-4.28745963198559
-10.8000843995239,-2.44383139202466,-4.88468227268612
-10.4059771447982,-2.04830132228748,-5.42330668766513
-9.9966943245373,-1.70867944251652,-5.90193774076224
-9.57700650674194,-1.42488152907363,-6.32042987117327
-9.15057780340224,-1.19508323192698,-6.67960687487519
-8.72017719852804,-1.01609047422701,-6.98103680197928
-8.28790021175353,-0.88369482430711,-7.22686124485022
-7.85537264000344,-0.793000169825377,-7.41967047464568
-7.42391948384159,-0.738713542564931,-7.56241257665517
-6.9946918213188,-0.715396915283827,-7.65832466515648
-6.56875170109764,-0.717679020440222,-7.7108761526511
-6.14712000002168,-0.740427484878596,-7.72371684675032
-5.73079486921143,-0.778882395856227,-7.70062557511052
-5.32074929092513,-0.828753136687519,-7.64545759639044
-4.91791586609602,-0.886281076351434,-7.56209098212435
-4.52316572418471,-0.948271450611756,-7.45437337446178
-4.13728681221509,-1.01209844845596,-7.32607109164896
-3.76096511211665,-1.07568802177564,-7.18082259824648
-3.39477078857152,-1.13748319875734,-7.02209804383102
-3.03915001917544,-1.19639667512684,-6.85316606271186
-2.69442235625858,-1.25175519707313,-6.67706845240048
-2.36078290337045,-1.30323978232441,-6.49660280755966
-2.03830830757296,-1.35082521627714,-6.31431273797301
-1.72696550115893,-1.39472157727988,-6.13248496974446
-1.42662220114875,-1.43531985181435,-5.95315241999188
-1.13705832874062,-1.47314304638319,-5.77810223285206
-0.857977694954225,-1.50880362319793,-5.60888774718667
-0.589019479673109,-1.5429676012342,-5.44684341070673
-0.329769189746346,-1.57632528020974,-5.29310173990692
-0.0797689092645165,-1.60956826020453,-5.14861153250632
0.161473249348236,-1.64337223505947,-5.01415665553314
0.394474517609482,-1.67838492059892,-4.89037484822035
0.6197696463055,-1.71521842472923,-4.77777608823687
0.837903835627731,-1.75444536114912,-4.67676016871826
1.04942635499178,-1.79659803839684,-4.58763322013743
1.25488477708894,-1.84217010954198,-4.5106229845324
1.45481974364068,-1.8916201352346,-4.44589271002267
1.64976017422961,-1.94537658623804,-4.39355358138421
1.84021882305282,-2.00384388500915,-4.35367563845035
2.02668808068368,-2.0674091549511,-4.32629715909432
2.20963590853151,-2.13644940756284,-4.3114324983749
2.38950178248271,-2.21133894976825,-4.30907838088904
2.5666925091321,-2.29245683488354,-4.31921864018962
2.74157776306826,-2.38019421009862,-4.34182738790878
2.91448517690169,-2.47496143037716,-4.3768705764914
3.08569479723817,-2.5771948127423,-4.42430589362153
3.25543269987461,-2.68736289533175,-4.48408089391482
3.4238635366783,-2.80597204148284,-4.55612923469604
3.59108176590433,-2.93357118927257,-4.64036483830743
3.75710129879664,-3.07075548992758,-4.73667375440345
3.92184328090161,-3.21816850266527,-4.84490344375247
4.0851217207053,-3.37650251713512,-4.96484915293881
4.24662668702253,-3.54649645634999,-5.09623700143222
4.40590482859935,-3.72893067242218,-5.23870336555268
4.56233703646565,-3.92461778603747,-5.39177012803662
4.71511318746444,-4.13438854320468,-5.55481538184283
4.86320409636134,-4.35907147952053,-5.72703925295787
5.00533108888923,-4.59946501114205,-5.90742466676211
5.13993401771954,-4.85630044251352,-6.09469316139635
5.26513910777082,-5.13019433884303,-6.28725629263371
5.37872876287377,-5.42158882115088,-6.48316382654053
5.47811640630931,-5.73067869069738,-6.68005082673808
5.56033054987807,-6.05732498709055,-6.87508694837016
5.62201352944499,-6.40095575465276,-7.0649327556548
5.65944157586703,-6.760456555346,-7.24570962896659
5.6685738750466,-7.13405570545006,-7.41299166839273
5.64513865521035,-7.51921231390729,-7.56182964332988
5.58476365116627,-7.91251877819887,-7.68681802234419
5.48315599199636,-8.30963300839883,-7.78221581628806
5.33633214529662,-8.70525854111954,-7.84212964951044
5.14089177976073,-9.09319179644544,-7.86076246664343
4.89432054332237,-9.46645376669744,-7.83272324442863
4.59529683333687,-9.81751728558904,-7.75338234608087
4.24396858874992,-10.1386302130322,-7.61924505756153
3.84216060085662,-10.4222200566081,-7.42830479437431
3.39347355996351,-10.6613489422446,-7.1803306408621
2.90324489556278,-10.8501730720369,-6.87704439035825
2.37835837412981,-10.9843521241104,-6.52215194914035
1.82691181457838,-11.0613549696251,-6.12121235665457
1.2577753737772,-11.0806198898036,-5.68135150307619
0.680090966825043,-11.0435483501954,-5.21085154708143
0.102771880301632,-10.9533366861547,-4.71866527406467
-0.46594142100469,-10.8146737674134,-4.21391295937739
-1.01882650406462,-10.6333495061625,-3.70541643505914
-1.54990172663162,-10.4158259725177,-3.2013128777317
-2.05452342600819,-10.1688198962819,-2.70877338017859
-2.52937138226911,-9.89893494336203,-2.233833244521
-2.97234737525493,-9.61236805086339,-1.78132585595177
-3.38241609482749,-9.31469986432971,-1.35490199677366
-3.75941662347646,-9.01076750658533,-0.957111859988725
-4.10386805793544,-8.70460976317192,-0.589526908861116
-4.41678652229826,-8.39947039147545,-0.252881618356844
-4.69952440804398,-8.09784401089568,0.052780479096548
-4.95363714238282,-7.80154996342999,0.327967331218949
-5.18077858247515,-7.51182171123466,0.573612149925182
-5.38262330960117,-7.22940200767567,0.790963723264214
-5.56081247141235,-6.95463672801672,0.98149408830792
-5.71691911167299,-6.68756258225178,1.14682279938342
-5.85242884824727,-6.42798583035526,1.28865611307748
-5.96873206598213,-6.17555056394226,1.40873900239733
-6.06712429535852,-5.92979615372179,1.50881784291034
-6.14881202248639,-5.69020416115617,1.5906117513497
-6.21492174186584,-5.45623545178715,1.65579080437974
-6.26651057702334,-5.22735849579656,1.70595965488522
-6.30457723672617,-5.00306995536751,1.74264535249631
-6.33007244207157,-4.78290868211891,1.7672884391825
-6.34390825667119,-4.56646421344071,1.78123661715412
-6.34696598650075,-4.35338078659079,1.78574047068764
-6.34010249690427,-4.14335779934234,1.78195086663902
-6.32415493049142,-3.93614754602075,1.77091776410979
-6.29994390898991,-3.73155095461669,1.75359023732307
-6.26827537110188,-3.52941194864323,1.73081756320823
-6.22994124259656,-3.32961095936029,1.70335125244639
-6.18571915892117,-3.13205802182018,1.67184791536576
-6.13637146852941,-2.93668580317919,1.63687285703075
-6.08264374040309,-2.74344283473704,1.59890429329541
-6.02526298496177,-2.55228715073576,1.55833807479953
-5.96493577645192,-2.36318047731926,1.51549280134089
-5.90234643938605,-2.17608306420699,1.47061520643201
-5.83815543374169,-1.99094920932215,1.42388569210998
-5.77299804517114,-1.80772349238421,1.37542389758757
-5.70748345882156,-1.62633770671156,1.3252941920208
-5.64219426959132,-1.44670845845135,1.27351099109308
-5.57768645850799,-1.26873538835506,1.22004380863648
-5.5144898448697,-1.09229996222521,1.16482196737429
-5.453109007055,-0.917264771458938,1.10773890630688
-5.39402465147147,-0.743473283948386,1.04865603555218
-5.33769539880399,-0.570749987279346,0.987406101964481
-5.28455994923031,-0.398900870105334,0.923796040084982
-5.23503958319186,-0.227714193270316,0.857609292549015
-5.1895409511753,-0.056961509323565,0.788607591745558
-5.14845910427017,0.113601102766906,0.716532200172241
-5.11218071649358,0.284231611816826,0.641104610538075
-5.08108744947629,0.455200431737956,0.562026708312064
-5.05555940953915,0.626788645366083,0.478980399249871
-5.03597864589312,0.799286046428525,0.391626702669591
-5.0227326360843,0.972988978268274,0.29960430816863
-5.01621770024924,1.1481979333706,0.202527589418404
-5.01684227854704,1.32521486114296,0.0999840640612793
-5.02502999549832,1.50434011218954,-0.00846871591181941
-5.04122241995259,1.68586892476049,-0.123306862935682
-5.06588140890845,1.87008733224137,-0.245044463930673
-5.09949089607471,2.05726733840149,-0.374238523607848
-5.14255795024362,2.24766116837225,-0.511494558559406
-5.19561288226062,2.44149435652775,-0.657472848882746
-5.25920812023137,2.63895737598485,-0.812895334042397
-5.33391549778657,2.84019544664965,-0.978553106494482
-5.4203215064943,3.04529607801389,-1.15531440508502
-5.51901994730582,3.25427380801135,-1.34413293350186
-5.63060127360558,3.46705148979359,-1.54605621811794
-5.75563774677539,3.68343735551593,-1.76223356287517
-5.8946633222494,3.90309695425247,-1.99392294198021
-6.04814695073367,4.12551892886037,-2.24249587662415
-6.21645772182179,4.34997348043816,-2.50943894954085
-6.39982001111448,4.5754622970135,-2.79635009954359
-6.598256547706,4.80065874040513,-3.10492718768671
-6.81151715065364,5.02383726125269,-3.43694552593054
-7.03899087999019,5.24279144918538,-3.79422011566191
-7.27959964874153,5.45474096658155,-4.17854730146504
-7.53167215163822,5.65622905100057,-4.59161951347131
-7.79279856697881,5.84301453746777,-5.03490596001244
-8.05966924362908,6.00996570203245,-5.5094919021414
-8.32790491046954,6.15096787723592,-6.01587005434772
-8.59189222269453,6.25886279389009,-6.55368050417955
-8.84464685889324,6.32544465732738,-7.12140132007551
-9.07773655747305,6.34154511746082,-7.71600175037282
-9.28130712507457,6.29724460817403,-8.33258428510932
-9.44426280544542,6.18224786470141,-8.96406049635869
-9.55465394784371,5.98645255460409,-9.60092613976651
-9.60031371299511,5.70071749967352,-10.2312182000269
-9.56975577236863,5.31779843391645,-10.8407419081303
-9.45329400060386,4.83336709463719,-11.4136389931899
-9.2442778445418,4.24697402607957,-11.9333215079059
-8.94026877030234,3.56277551834548,-12.3837187916761
-8.54393878609538,2.78984313637585,-12.7506928338645
-8.06347775233926,1.94192637425312,-13.023398262349
-7.51236602363311,1.03664265428236,-13.1953319389112
-6.90849250088767,0.0941974774075386,-13.2648573700773
-6.27273935643915,-0.864152398155952,-13.2350978707247
-5.62726590089805,-1.81762879510361,-13.1132365491546
-4.99376877033159,-2.7472158256281,-12.909391252609
-4.39196558542937,-3.63654433958149,-12.635306423862
-3.83846544864667,-4.47233457504223,-12.3031050787251
-3.34608816316397,-5.24445076610947,-11.9242854754229
-2.92360761848355,-5.94567903674429,-11.5090586400899
-2.5758410624772,-6.57135429914814,-11.0660360648261
-2.3039862704827,-7.11894358706154,-10.6022126245071
-2.10611374166162,-7.58765856272414,-10.1231556149352
-1.97773879429377,-7.9781333059341,-9.6333039410732
-1.91241879979374,-8.29217403313382,-9.13629380976431
-1.90233802800673,-8.53256872831875,-8.63524984181344
-1.93885480723126,-8.70293649472474,-8.13300586328158
-2.01299356600153,-8.80759634978324,-7.63224262935138
-2.11586948004751,-8.85144008098525,-7.13554746070868
-2.23903750958357,-8.83980073604551,-6.64541211602792
-2.37476159249579,-8.77831506851622,-6.16419039688292
-2.51620396295037,-8.67278336924851,-5.6940370773883
-2.65753876230447,-8.52903297957938,-5.23684633052297
-2.79399782244418,-8.35279247041406,-4.79420253935141
-2.92185927301197,-8.14958248582468,-4.36735068232563
-3.03839118480375,-7.92462727925005,-3.95718842455334
-3.14176278613029,-7.68278867994305,-3.56427823449652
-3.23093505707335,-7.42852212566887,-3.18887546934119
-3.3055410200443,-7.1658527865409,-2.83096731914045
-3.36576413797283,-6.8983687929385,-2.49031748072224
-3.41222120193597,-6.62922813372258,-2.16651209721154
-3.44585416256635,-6.36117579360635,-1.85900351930562
-3.4678336752225,-6.09656800572707,-1.56714955924582
-3.47947575447511,-5.83740097013922,-1.29024693994446
-3.48217187987995,-5.5853419215773,-1.02755849006803
-3.47733213730472,-5.34176094469695,-0.778334263118183
-3.46634047458685,-5.10776238783037,-0.541827169517429
-3.45052084721431,-4.88421509766486,-0.317303935302647
-3.43111288101887,-4.67178098491315,-0.104052280292487
-3.40925564246974,-4.47094164294897,0.0986148149638368
-3.38597814846525,-4.2820228903443,0.291356972363829
-3.36219533939247,-4.10521720825491,0.474805750344701
-3.33870836110602,-3.94060410762567,0.64956492217577
-3.31620813827168,-3.78816850008975,0.816211299201939
-3.29528136244954,-3.64781716864851,0.975295812832233
-3.27641815590616,-3.51939344586908,1.1273446631099
-3.26002080151069,-3.40269021260526,1.27286041561321
-3.24641304713596,-3.29746133180076,1.41232298333076
-3.23584959809762,-3.20343163134565,1.54619046842383
-3.22852550269253,-3.12030554806726,1.67489986338887
-3.22458521395076,-3.04777454213447,1.79886762509879
-3.22413117591693,-2.98552338758025,1.91849014133372
-3.227231836089,-2.93323544033014,2.03414411011759
-3.23392902823389,-2.89059698006381,2.1461868494028
-3.24424470292842,-2.85730071644752,2.25495654988635
-3.25818700811832,-2.83304854379962,2.36077247807821
-3.27575573997365,-2.81755362116672,2.46393513091452
-3.29694719648785,-2.81054184719207,2.56472633767206
-3.32175847364127,-2.81175279116236,2.66340929994685
-3.35019124742444,-2.82094013333668,2.76022855610879
-3.38225508534748,-2.83787165919742,2.85540985293416
-3.41797032887399,-2.86232884371007,2.94915990399017
-3.45737058400753,-2.89410605311338,3.04166601171082
-3.50050485140286,-2.93300938324406,3.13309552786913
-3.54743932014876,-2.97885514498049,3.22359512523698
-3.59825884095245,-3.03146799910816,3.31328985158027
-3.6530680849535,-3.09067873481053,3.40228193575131
-3.71199238384587,-3.15632167812539,3.49064931455128
-3.77517823538431,-3.22823170916077,3.57844384834574
-3.84279344565981,-3.30624085975473,3.66568919329888
-3.91502686570263,-3.39017445677376,3.75237829881439
-3.99208766498421,-3.47984677064013,3.83847050070098
-4.07420406826026,-3.57505612434031,3.92388818421491
-4.16162146503725,-3.67557941561829,4.00851299710993
-4.25459978300089,-3.78116600500907,4.09218160195193
-4.35340999847379,-3.89153092574921,4.17468097021773
-4.45832963910728,-4.00634737960888,4.25574323926997
-4.56963711768417,-4.12523849681821,4.33504017854029
-4.68760472273336,-4.24776836032492,4.41217734466347
-4.8124900838792,-4.37343232675501,4.48668804846042
-4.94452593046668,-4.50164672105513,4.55802731107705
-5.08390797488206,-4.63173804142691,4.62556605347525
-5.23078078192913,-4.76293188830072,4.68858584346152
-5.3852215383345,-4.89434192778657,4.74627461708236
-5.54722171838427,-5.02495931735312,4.79772389440599
-5.71666675959654,-5.15364315875809,4.84192811892624
-5.89331402252328,-5.27911269709632,4.87778685729486
-6.07676951593172,-5.39994214795302,4.90411068992479
-6.26646412407884,-5.51455919456538,4.91963168653081
-6.46163037233321,-5.62124833476838,4.92301937216291
-6.66128109858956,-5.71816034743531,4.91290302256983
-6.86419173742483,-5.80332915742856,4.88790095404375
-7.06888823532446,-5.87469726911573,4.84665716450681
-7.27364284825006,-5.93015067276521,4.78788521845116
-7.47648016493378,-5.96756367296362,4.71041864168419
-7.67519558165972,-5.984853426155,4.613266319056
-7.86738806168235,-5.98004311432376,4.4956705174312
-8.05050829799024,-5.95133166954378,4.35716427208574
-8.22192235113771,-5.89716688949363,4.19762409858386
-8.37898949697549,-5.81631778062301,4.01731347107292
-8.5191514997741,-5.70794119897427,3.816912393545
-8.64002899647523,-5.57163750181749,3.59752880827365
-8.73951935751442,-5.40749012173142,3.360688598594
-8.81588951238681,-5.21608480710057,3.10830252133805
-8.86785699400686,-4.99850571786016,2.84261040798305
-8.89465298214984,-4.75630748660164,2.56610516204866
-8.89606240933403,-4.49146451375604,2.28144114700129
-8.87243809522585,-4.20630085917697,1.99133318953483
-8.82468814613185,-3.90340581531348,1.69845336140886
-8.75423817588236,-3.58554135442947,1.40533280715539
-8.66297195317527,-3.25554800058344,1.11427515725792
-8.55315559995424,-2.9162552871215,0.827286648768162
-8.42735130472763,-2.57040194708021,0.546026212532494
-8.2883266471187,-2.22056955833583,0.271776769273849
-8.13896514016686,-1.86913177307631,0.00543708317086411
-7.9821826471926,-1.51821973098525,-0.252468032534323
-7.82085311671773,-1.16970296179453,-0.501762449488776
-7.65774579203499,-0.825184127372146,-0.742582270087295
-7.49547484620673,-0.486005366134323,-0.975332171936882
-7.33646137321593,-0.153263755557723,-1.20063827583468
-7.18290688498432,0.172166562621866,-1.41930073857434
-7.03677693176952,0.489607825691271,-1.63224860165237
-6.89979315874033,0.798549552633159,-1.84049870979734
-6.77343199501339,1.09861840846757,-2.04511982498066
-6.65892819702474,1.38954814634942,-2.24720245193211
-6.55728159100176,1.67115039330725,-2.44783438626676
-6.46926554088085,1.94328674993372,-2.64808160339988
-6.39543587813177,2.20584244082518,-2.84897381955656
-6.33613924730349,2.45870158122265,-3.05149386157787
-6.2915200325564,2.70172401228052,-3.25656986265867
-6.26152522976868,2.9347235974532,-3.46506923932296
-6.24590681536204,3.1574478607547,-3.67779338582517
-6.24422134047526,3.36955888052257,-3.89547203452481
-6.25582665447166,3.57061542783894,-4.11875626809373
-6.27987584425088,3.76005645638081,-4.34820923037445
-6.31530867607974,3.93718621038312,-4.58429367145618
-6.36084105559274,4.10116141938359,-4.82735558863989
-6.41495328904021,4.25098129017397,-5.07760340306941
-6.47587824143883,4.3854812812649,-5.33508236075126
-6.54159084572971,4.50333193936305,-5.59964418776707
-6.60980081249989,4.60304436659022,-5.87091248340637
-6.67795079934813,4.68298413339775,-6.1482449170375
-6.74322268085096,4.74139560094293,-6.43069400780843
-6.80255484977076,4.77643859682616,-6.71696909241289
-6.85267358878288,4.78623911476973,-7.00540297512824
-6.89014136990255,4.76895509322344,-7.29392761448047
-6.91142434692334,4.72285729450616,-7.58006389298046
-6.91298019808939,4.6464238187033,-7.86093085635267
-6.89136579116264,4.53844488052179,-8.13327958478029
-6.84336190705872,4.39813229200638,-8.39355586733413
-6.76610962446079,4.22522589390614,-8.63799395157359
-6.65725024133539,4.02008734832155,-8.86274082327331
-6.51505823814002,3.78377070563472,-9.06400691902668
-6.33855530500395,3.51805943611426,-9.2382352951264
-6.12759336993104,3.22546147857914,-9.38227767925903
-5.88289621686093,2.909157344623,-9.49356323242814
-5.60605270338588,2.57290111117788,-9.57024490735515
-5.29945942256764,2.22087956554057,-9.61130942411915
-4.96621618227513,1.8575399210913,-9.61664011598274
-4.60998295649673,1.4874004481403,-9.58702679770102
-4.23481105672812,1.11486031852802,-9.52412256629529
-3.84496348067499,0.744024604835086,-9.43035306462411
-3.4447394367899,0.378557852316029,-9.30878828654465
-3.03831609358533,0.021575529090789,-9.16298982676899
-2.62961721352769,-0.324422212203396,-8.99684733332497
-2.22221425090037,-0.657574796514109,-8.81441696704459
-1.8192614660873,-0.976647810056359,-8.61977237262993
-1.42346321664325,-1.28098893718074,-8.41687562235263
-1.0370691635343,-1.57046166621614,-8.20947239378595
-0.66189176531314,-1.84536534364704,-8.00101274827676
-0.29934001559367,-2.10634938461231,-7.79459657170438
0.0495363125814129,-2.35432808597898,-7.59294113500443
0.383996877922022,-2.59040086196943,-7.39836730534991
0.703559400267959,-2.81578109141761,-7.21280058182042
1.00794963297993,-3.03173530634587,-7.03778319711733
1.2970546529475,-3.23953325972442,-6.87449387351816
1.57088064874806,-3.44040851767967,-6.72377232126258
1.82951577368847,-3.63552861525267,-6.58614612499567
2.07309819126502,-3.82597345646842,-6.46185821317415
2.30178915355702,-4.01272047938389,-6.35089360709448
2.51575078885726,-4.19663509462372,-6.25300458118965
2.71512820356568,-4.37846499672963,-6.16773372917412
2.90003549819719,-4.55883710470176,-6.0944347248479
3.07054533592591,-4.73825608352027,-6.03229079979981
3.22668176661623,-4.91710361249217,-5.9803311424057
3.36841608591044,-5.09563778601584,-5.93744556262105
3.49566558677111,-5.2739922499143,-5.90239787283727
3.60829513106878,-5.4521748873489,-5.87383851203876
3.70612152376667,-5.63006606976902,-5.8503169916979
3.78892070511177,-5.80741667805135,-5.83029476776545
3.85643778064174,-5.98384627382682,-5.81215914187971
3.90839987906907,-6.15884195619817,-5.79423876272498
3.94453175968831,-6.33175856758198,-5.77482123027964
3.96457398138162,-6.50182100483953,-5.75217319625912
3.96830329523348,-6.66812943674788,-5.7245631992581
3.95555473728673,-6.82966821375412,-5.6902872715536
3.92624468771775,-6.98531916906717,-5.64769710936751
3.88039394462214,-7.13387984265949,-5.59523031884707
3.81814965785642,-7.27408690856098,-5.53144195262044
3.73980480916151,-7.40464475626636,-5.45503626052508
3.64581383966491,-7.52425878515474,-5.36489732336431
3.53680304373704,-7.63167254420897,-5.26011705432824
3.41357449126367,-7.72570742647385,-5.14001897231805
3.27710251883638,-7.80530325465549,-5.00417620192223
3.12852223774308,-7.86955781921081,-4.85242235127661
2.96911001756731,-7.9177632963512,-4.6848542596783
2.80025647499957,-7.94943751104888,-4.50182607028751
2.62343307049845,-7.96434823060854,-4.30393462936859
2.44015392675781,-7.96252906578014,-4.09199678764153
2.25193487196974,-7.94428608381768,-3.86701971988658
2.0602519303198,-7.91019484765745,-3.63016582695488
1.86650150592903,-7.86108822292885,-3.38271409267272
1.67196433394457,-7.79803587424935,-3.12601990882549
1.47777492814797,-7.7223168474344,-2.86147534928529
1.28489778308924,-7.6353869647009,-2.59047168636229
1.09411104749521,-7.5388429263821,-2.3143656332283
0.905997834682984,-7.43438501707136,-2.03445041100446
0.720944829329496,-7.32378017653279,-1.75193232573899
0.539147430257396,-7.20882694877055,-1.46791314252209
0.360620361979053,-7.09132350501844,-1.18337819535807
0.18521250318054,-6.97303958675914,-0.899189893995238
0.0126246132093975,-6.85569286710125,-0.616086092320528
-0.157571327821594,-6.74092990911896,-0.334682666270882
-0.325912335822866,-6.63031162542697,-0.0554796039343489
-0.493025198471331,-6.52530292313647,0.22113007649712
-0.659608612761069,-6.42726605402221,0.494849208800011
-0.826417277697559,-6.33745707742613,0.765463703045928
-0.994248331418694,-6.25702477580464,1.03282855192695
-1.16393033407,-6.18701133072836,1.29685294922613
-1.33631483161591,-6.12835406089904,1.55748474086793
-1.51227039286378,-6.08188753416208,1.81469432374
-1.69267889029963,-6.04834538446415,2.06845800941409
-1.87843369031329,-6.02836118560758,2.31874078050889
-2.07043932371835,-6.02246775154174,2.56547828770451
-2.26961211583304,-6.03109424469923,2.80855786647014
-2.47688115908892,-6.05456047843942,3.04779829637902
-2.69318890270298,-6.0930677982209,3.28292798598596
-2.91949050678677,-6.14668592269763,3.51356124848041
-3.15675095748808,-6.21533512805465,3.7391723467206
-3.40593876337656,-6.29876317865971,3.95906704392662
-3.66801485394035,-6.39651646248333,4.17235151643581
-3.94391508851763,-6.50790490616205,4.37789869151639
-4.2345245785615,-6.63196045649524,4.57431239643018
-4.54064186315492,-6.76738926717555,4.75989018016929
-4.86293091280253,-6.91251827623399,4.93258633443073
-5.20185905117005,-7.06523766275376,5.08997752944785
-5.55761928992908,-7.22294179216147,5.2292346119832
-5.93003640912763,-7.38247274368942,5.34710547209329
-6.31845754586496,-7.54007236640275,5.43991539679577
-6.72163023445729,-7.6913509576415,5.50359282261598
-7.1375738765928,-7.83128289750154,5.53372957438239
-7.56345448657231,-7.95424152043667,5.52568507656675
-7.99547699920408,-8.05408655373463,5.47474303651352
-8.42881384623933,-8.12431678162909,5.37632603466646
-8.85759187677984,-8.15829726720409,5.22626770798477
-9.27496059224839,-8.14956366568851,5.02113353415435
-9.67326147396352,-8.09219557758434,4.75857009211286
-10.0443095638854,-7.98123717229048,4.43765061394971
-10.379784037521,-7.81312846470027,4.05917432842082
-10.6717055677714,-7.58609802386758,3.625871994331
-10.912958140617,-7.30046169320237,3.14247345720855
-11.0977966343779,-6.95877578562705,2.61560684882861
-11.2222742610958,-6.56580877058,2.05352219871303
-11.2845296409803,-6.12832092339269,1.46566046284893
-11.2848921768139,-5.65467152077198,0.862115592392057
-11.2257927499839,-5.1543006263307,0.253055261401108
-11.1114976982724,-4.63715042226297,-0.351829495241073
-10.9477099397938,-4.11309539876032,-0.943784931842544
-10.7410962738789,-3.59144166055814,-1.51532484512117
-10.4988022440491,-3.08053699718784,-2.06041452390484
-10.228007164631,-2.58751093797191,-2.57451564999251
-9.9355561551744,-2.11814327594261,-3.05451639302129
-9.62768812852937,-1.67684420105749,-3.49857984695337
-9.30986260901819,-1.26672061997158,-3.90594530371719
-8.98667634884657,-0.88970090318158,-4.27671270163261
-8.66185364253556,-0.546692516594656,-4.61163344855058
-8.33829149133109,-0.237751793068077,-4.91192291704572
-8.01814121431112,0.0377492203302129,-5.17910276115826
-7.702910494954,0.28096851836721,-5.41487559269523
-7.39357312924328,0.493457724776276,-5.62103067862943
-7.09067714633207,0.677045437663433,-5.79937701343988
-6.79444505101104,0.833740056839202,-5.95169904527117
-6.50486247563572,0.965650520230055,-6.07973012335128
-6.22175347794475,1.07492275533165,-6.18513906040893
-5.94484212461932,1.16368948778141,-6.26952581618952
-5.67380094596023,1.23403116379228,-6.33442303124933
-5.40828743293986,1.28794600329105,-6.38130086324232
-5.1479700654469,1.32732751491961,-6.41157323848521
-4.8925454865401,1.35394811533882,-6.42660420024391
-4.64174843249745,1.3694477716408,-6.42771350313684
-4.39535593813029,1.37532681295803,-6.41618097332876
-4.15318719477766,1.37294223295412,-6.39324943586081
-3.91510026872413,1.36350693314042,-6.36012621512262
-3.68098670756565,1.34809144586153,-6.31798335428695
-3.45076488318245,1.32762773465223,-6.26795678623608
-3.22437275056309,1.30291470764495,-6.21114473295997
-3.00176054702503,1.27462510487883,-6.14860562236356
-2.78288381951332,1.24331343924294,-6.08135579949516
-2.56769705009855,1.20942468816315,-6.01036728083197
-2.35614805173876,1.17330345212648,-5.93656576169677
-2.14817322707148,1.13520331836815,-5.86082904324674
-1.94369372103699,1.09529619397839,-5.78398600079473
-1.74261245164588,1.05368140189618,-5.70681617249778
-1.54481197010481,1.01039436476054,-5.6300500087674
-1.35015307965713,0.965414734106932,-5.55436978941655
-1.15847412980518,0.918673854576736,-5.48041118819552
-0.969590897147347,0.870061483397346,-5.40876544309547
-0.783296964200754,0.819431713334263,-5.33998207533099
-0.599364511856986,0.766608071825059,-5.27457208969096
-0.417545448360601,0.711387789564016,-5.21301158323404
-0.237572806987069,0.653545248169729,-5.15574568726726
-0.059162355234926,0.592834628722751,-5.10319276831887
0.117985630150313,0.528991791083331,-5.05574881654656
0.294184455942569,0.46173541831125,-5.01379195389368
0.469758994146102,0.390767461630813,-4.97768699855916
0.645043560941279,0.315772919697623,-4.94779002627302
0.820379687783124,0.236418981948495,-4.92445287180599
0.996113765460106,0.152353560090401,-4.90802751545501
1.17259452672855,0.0632032248634714,-4.89887029830376
1.35017031640369,-0.0314294423220245,-4.89734590620051
1.52918607892628,-0.131969080792091,-4.90383105490035
1.70997997171162,-0.238871369752334,-4.91871779685615
1.89287948715468,-0.352627445022941,-4.94241635272688
2.07819693597375,-0.473768925660906,-4.97535734661274
2.26622410841852,-0.602873561040774,-5.01799329186811
2.45722588636647,-0.740571501150267,-5.07079913230884
2.6514325269581,-0.887552176364508,-5.13427158957182
2.8490302755692,-1.04457174431433,-5.2089269987412
3.0501498910278,-1.21246101600795,-5.29529722816313
3.25485257778566,-1.3921337049345,-5.39392317232199
3.46311271768436,-1.58459474340336,-5.50534517530175
3.67479667882639,-1.79094826947526,-5.63008958352203
3.88963685413636,-2.01240469246728,-5.76865043795491
4.10719995482955,-2.25028597925695,-5.92146509804302
4.32684846808231,-2.50602794893999,-6.08888234663847
4.54769410765946,-2.78117789972191,-6.27112126984382
4.76854207995084,-3.07738530015163,-6.46821896290327
4.98782511596106,-3.39638254391636,-6.67996492873637
5.20352657149686,-3.73995189555519,-6.90581998518681
5.4130925996003,-4.10987377597519,-7.1448176998502
5.61333462127904,-4.507850537442,-7.39544700508377
5.80032527599012,-4.9353990305131,-7.65551596010592
5.96929396219248,-5.39370487307805,-7.92199894851834
6.11453220117957,-5.88343187500296,-8.19087331391006
6.22932447924623,-6.40448224550957,-8.45695692501187
6.30592676562165,-6.95570791338144,-8.71376566109626
6.33562185435958,-7.53458151202499,-8.95341915402465
6.30888648302486,-8.13684810305556,-9.16663336886235
6.21570717756805,-8.75619554005447,-9.34284755654602
6.04607619347777,-9.3840009000315,-9.47053695930896
5.79068151459707,-10.0092284759621,-9.53775605565756
5.4417724984681,-10.6185642091255,-9.53293430888838
4.99413606006394,-11.1968626452214,-9.44590359618545
4.44606465162735,-11.7279467376064,-9.26907581399243
3.8001522853831,-12.1957353381931,-8.99862200282234
3.0637395252953,-12.5855871446939,-8.63545198934925
2.2488611464858,-12.8856666660032,-8.18578166806945
1.37163529033536,-13.0880898727062,-7.66112204960499
0.451152382745212,-13.1896222436398,-7.07762839943602
-0.491961811463534,-13.1917864295237,-6.45488211689011
-1.43706356817288,-13.1003681344767,-5.81429871607851
-2.36484274581118,-12.924443114039,-5.17742188412051
-3.25832761541434,-12.6751405968821,-4.56435825914283
-4.10346430590186,-12.3643839238304,-3.99254162619578
-4.88929289203453,-12.00381086179,-3.47591993037815
-5.60781213973997,-11.6039983129187,-3.02456777129517
-6.25365329773925,-11.1740298460611,-2.64466338793198
-6.82367581149709,-10.7213737770938,-2.33873903730323
-7.31656882500268,-10.2519960941653,-2.10611121433561
-7.73250675208529,-9.7706167460619,-1.94341110601116
-8.07287571810856,-9.28102334320066,-1.84515535232466
-8.34006557588663,-8.78637466524748,-1.8043155117265
-8.53731043299208,-8.28944983041059,-1.81285847823775
-8.66855753577094,-7.79282190304911,-1.86223927027828
-8.7383471847829,-7.29895362248426,-1.94383340861436
-8.75169225850023,-6.81022619052736,-2.04930015297808
-8.71395251415838,-6.32891940967705,-2.1708714239049
-8.63070445409107,-5.85716362821452,-2.3015649047642
-8.5076113008693,-5.39688220232997,-2.43532361997304
-8.35029930286457,-4.94973902798188,-2.56708788106937
-8.16424647746928,-4.51710054953252,-2.69280844475026
-7.95468855019812,-4.10001665525438,-2.80941169773877
-7.7265448890478,-3.69922076712497,-2.91472853374877
-7.48436520383117,-3.31514657430287,-3.0073983851792
-7.23229605213683,-2.94795727256808,-3.08675883420056
-6.97406495749219,-2.59758266627551,-3.15272964389625
-6.71297923907416,-2.26375977020097,-3.205698209308
-6.45193641137144,-1.94607330510012,-3.24641157135773
-6.19344312075799,-1.64399344359068,-3.27587843388853
-5.93963991738489,-1.35690913206528,-3.29528317419798
-5.69232960340095,-1.0841561633288,-3.30591267950586
-5.45300736746491,-0.825039840950962,-3.30909597223126
-5.22289135505448,-0.578852545080508,-3.30615597621384
-5.00295270374935,-0.344886796695481,-3.29837238214022
-4.79394438106399,-0.122444555373872,-3.28695434852759
-4.59642840070909,0.089156487326446,-3.27302168258936
-4.4108011696115,0.290578904333543,-3.25759314676439
-4.23731684384872,0.482463195745706,-3.24158060185737
-4.07610865839042,0.665426604196986,-3.22578780324787
-3.92720825350512,0.840062681459106,-3.21091279476308
-3.79056305832457,1.00694130796468,-3.19755298254953
-3.66605181579465,1.16660895512158,-3.18621210935447
-3.55349834770074,1.31958905122613,-3.17730848170674
-3.45268366677799,1.46638236566322,-3.17118392448606
-3.36335654712721,1.60746736460005,-3.16811304690937
-3.28524266549591,1.74330051699048,-3.16831249992243
-3.21805242518083,1.8743165450836,-3.1719499871682
-3.16148757178487,2.00092862133364,-3.17915286055425
-3.11524670607265,2.12352851588188,-3.19001618783958
-3.07902979389327,2.24248669747244,-3.20461022474381
-3.05254176672816,2.35815238720253,-3.22298725912094
-3.03549529902397,2.47085355994492,-3.24518782103749
-3.02761284024029,2.58089688333755,-3.27124627141382
-3.02862797063214,2.6885675793722,-3.30119579440036
-3.03828614035122,2.79412918909053,-3.33507282591731
-3.05634484162721,2.89782321683112,-3.37292095369727
-3.08257325370843,2.9998686268931,-3.41479432349726
-3.11675139001092,3.10046116236858,-3.46076058250818
-3.1586687666431,3.19977245320969,-3.51090338486449
-3.20812260122969,3.29794887831084,-3.56532447589919
-3.26491554084295,3.39511014450994,-3.62414536164185
-3.32885290796743,3.49134754400907,-3.68750855817145
-3.39973944391184,3.58672185092205,-3.75557840189001
-3.4773755201292,3.68126081770917,-3.82854138660959
-3.56155277978466,3.77495623350704,-3.90660597655841
-3.65204916500244,3.86776050929846,-3.99000182604373
-3.74862328006666,3.95958276015167,-4.07897831665722
-3.85100803817705,4.0502843632476,-4.17380230178938
-3.95890354015291,4.13967398318106,-4.27475492624771
-4.07196913901836,4.22750207438286,-4.38212736664813
-4.18981465632627,4.3134548960197,-4.49621531707412
-4.31199073641758,4.39714810916589,-4.61731202591326
-4.43797835601149,4.47812007133742,-4.74569967612448
-4.56717755141026,4.55582500159675,-4.88163889566283
-4.69889548729738,4.62962626214354,-5.02535619162383
-4.83233407280336,4.69879009083293,-5.17702912625339
-4.96657743510629,4.76248022359909,-5.33676910188461
-5.1005796903417,4.81975396476987,-5.50460170276764
-5.23315360630324,4.86956039258563,-5.68044466300504
-5.36296092872199,4.91074151906578,-5.86408369967106
-5.48850533589389,4.94203734508521,-6.05514667559611
-5.60812918218879,4.96209584470253,-6.25307684085318
-5.72001536904251,4.96948895258315,-6.45710624337483
-5.82219581313617,4.96273558383009,-6.66623078584262
-5.91256802736688,4.94033255137539,-6.87918881376606
-5.98892124533804,4.90079392654341,-7.09444550831666
-6.04897325587027,4.84269888377674,-7.31018566917097
-6.09041862661649,4.76474736640168,-7.52431763307346
-6.11098825747943,4.6658220187969,-7.73449099813274
-6.10851921748901,4.54505380138183,-7.93813042812707
-6.08103262984934,4.4018876345899,-8.13248703036768
-6.02681608081357,4.23614344968752,-8.31470761144345
-5.94450579737301,4.04806733758364,-8.48192055830352
-5.83316286914865,3.83836727250078,-8.63133528949218
-5.69233729888382,3.60822830887685,-8.76035037810863
-5.52211384158924,3.35930329687232,-8.86666383388132
-5.32313454207267,3.09367700863397,-8.9483779385987
-5.0965945868695,2.81380394967204,-9.00409071119822
-4.8442103858997,2.52242275262495,-9.03296668790571
-4.56816139532762,2.22245253382601,-9.03478123831821
-4.27100970808701,1.91687854441621,-9.0099349295042
-3.95560349016277,1.60863554922324,-8.95943718067983
-3.62497162613128,1.30049744657885,-8.88486122175477
-3.28221729800922,0.99498071274149,-8.78827478289025
-2.930417670182,0.694267503010717,-8.67215268584456
-2.57253555869421,0.400151980647251,-8.53927840819881
-2.21134719824574,0.114011037765334,-8.39264173360634
-1.84938829321792,-0.163201642893431,-8.23533890782579
-1.48891872899102,-0.43094100655067,-8.07048050504201
-1.13190483084557,-0.689039531939108,-7.90111071940617
-0.780016999729974,-0.937664204681036,-7.7301402638439
-0.434639947517478,-1.17726616722197,-7.56029366221687
-0.0968925510897338,-1.40852725722465,-7.39407057641807
0.232345543866381,-1.63230696921804,-7.23371996744392
0.552403114791884,-1.84959255594455,-7.08122534782933
0.862784456452715,-2.06145414186086,-6.93829910634693
1.16313600889571,-2.26900593548293,-6.8063838208563
1.45321369622987,-2.47337395128267,-6.68665856331483
1.73285175460547,-2.67567010932776,-6.5800483883292
2.00193350215018,-2.87697217439354,-6.48723543873769
2.26036425565931,-3.07830871453515,-6.4086703652725
2.5080464251638,-3.28064808322258,-6.34458301997029
2.74485671080163,-3.48489033773048,-6.29499163176498
2.97062527827304,-3.69186097922682,-6.25970990230575
3.18511679180369,-3.90230541997638,-6.23835167093063
3.38801323069644,-4.11688313799054,-6.23033299440672
3.57889850256194,-4.33616056229024,-6.23487167670078
3.75724498968874,-4.56060184102359,-6.25098447529059
3.92240232154829,-4.79055678339614,-6.27748241225979
4.073588851941,-5.02624544262757,-6.31296483853818
4.20988652696781,-5.26773903236929,-6.35581314352858
4.3302400484655,-5.5149371566155,-6.40418527092048
4.43346144864757,-5.76754169619977,-6.45601248879826
4.51824136850369,-6.02502814286787,-6.50900015264699
4.58316843775845,-6.28661570573942,-6.56063446548787
4.62675814011186,-6.55123812172853,-6.60819743727444
4.64749235807789,-6.81751774764785,-6.6487923174573
4.64387036865905,-7.08374613710456,-6.67938164865947
4.61447135426016,-7.34787481939362,-6.69683968786274
4.55802747650236,-7.60752028092364,-6.69802019348819
4.4735052513191,-7.85998706350563,-6.67983943804229
4.360191442903,-8.10231230065344,-6.63937278381495
4.21777812088772,-8.33133380893129,-6.5739613373244
4.04644013765792,-8.54378200631994,-6.48132325507462
3.84689737654352,-8.73639352772803,-6.3596624815171
3.62045400203621,-8.90604167411072,-6.20776640021299
3.36900785301099,-9.04987612933893,-6.02508342067401
3.09502515862534,-9.16546216576346,-5.81177218171886
2.8014788130529,-9.25090830214846,-5.56871593907713
2.49175217341124,-9.30497143974167,-5.29749870076958
2.16951420218709,-9.32713003501878,-5.00034341168842
1.83857512377878,-9.3176187425388,-4.6800164077533
1.50273401681971,-9.27742177262458,-4.33970582075933
1.16563052539517,-9.2082263537148,-3.9828840485354
0.830612038869644,-9.11234150634891,-3.61316544754111
0.500625466011074,-8.99259025570294,-3.23416997648426
0.178139563430378,-8.85218507559456,-2.84940182264116
-0.134899756076599,-8.69459667845794,-2.46214948861938
-0.437082052784613,-8.52342539953329,-2.07541090914043
-0.727516560495708,-8.34228269770533,-1.69184437936401
-1.00579343099914,-8.15468811025287,-1.3137437648698
-1.27192839952667,-7.96398473391982,-0.943034825648489
-1.52629731449745,-7.77327425570989,-0.581288564018654
-1.76956639713459,-7.58537090722502,-0.229747221736027
-2.00262310528152,-7.4027725410547,0.110641242656791
-2.22651129004901,-7.22764631574994,0.439183839159752
-2.44237313164683,-7.06182616125588,0.755401348923163
-2.6513992462348,-6.90681918736196,1.05898747377113
-2.85478744070282,-6.76381839831406,1.34976988717339
-3.05370988524267,-6.63371940254856,1.6276741657679
-3.24928797128113,-6.51713919055461,1.89269112537441
-3.44257380226878,-6.4144354483097,2.14484775090331
-3.63453709501625,-6.32572524810714,2.38418168404666
-3.82605621572841,-6.25090229648284,2.61071909903406
-4.01791210626514,-6.18965221428242,2.82445573683329
-4.21078394639768,-6.14146557758527,3.02534086520261
-4.40524552717957,-6.10564866530593,3.21326397172528
-4.60176146555315,-6.08133204694941,3.38804406780977
-4.80068256313057,-6.06747730975809,3.54942157421015
-5.00223979948153,-6.06288237510026,3.69705286482379
-5.20653665232644,-6.06618599437118,3.83050765760242
-5.41353965581856,-6.07587214720199,3.94926955094344
-5.62306734603714,-6.09027518823448,4.05274010090179
-5.83477800102338,-6.1075866977605,4.14024690669224
-6.04815685909177,-6.12586507601023,4.21105620434596
-6.26250378649239,-6.14304896566586,4.26439044380334
-6.47692264948162,-6.15697557249773,4.29945122464987
-6.69031390365303,-6.16540485677121,4.31544777247658
-6.90137211309561,-6.16605036443401,4.31163083801904
-7.10859021363452,-6.15661713664333,4.28733149006574
-7.31027229331385,-6.13484666752468,4.24200375987549
-7.50455643579314,-6.0985682774,4.1752695078844
-7.68944872470743,-6.04575555850627,4.08696327394318
-7.86286882610463,-5.97458578580738,3.97717431438112
-8.02270667010841,-5.88349944795048,3.84628261524206
-8.16688870001168,-5.77125644618521,3.69498550054881
-8.2934510472411,-5.6369851453208,3.52431161670921
-8.40061595965265,-5.48022044391606,3.33561962713308
-8.48686701241051,-5.30092743099909,3.13057990081619
-8.55101821149372,-5.09950802839407,2.91113876501596
-8.5922721676043,-4.87678922614497,2.67946638714963
-8.61026311495044,-4.63399297815755,2.43789087247943
-8.60508163459633,-4.37268935620667,2.18882250460184
-8.57727939339878,-4.0947359593111,1.93467302118413
-8.52785384191878,-3.80220765355144,1.67777526602066
-8.45821441448996,-3.49732133792485,1.42030842977247
-8.37013314010646,-3.18236053517901,1.1642334175629
-8.265683550414,-2.85960421766619,0.911241776879158
-8.14717227893717,-2.53126349507549,0.662720255519649
-8.01706777958345,-2.19942875862833,0.419731628949391
-7.87793021556886,-1.86602875522757,0.183011116880626
-7.73234589078591,-1.53280200055299,-0.0470233643840093
-7.58286874203542,-1.20128004148946,-0.270249615293465
-7.43197050542182,-0.872781408970878,-0.486811134617942
-7.28200031445431,-0.548414680945675,-0.697081652412951
-7.13515375095598,-0.229088884393959,-0.901627016818004
-6.9934507905789,0.0844705355391053,-1.10116687022955
-6.85872167254124,0.391701813527135,-1.29653807404566
-6.73259946751623,0.692184438747749,-1.48866132324207
-6.61651799503427,0.985615349216189,-1.67851188554358
-6.51171372315803,1.2717846149242,-1.86709494117778
-6.4192303389275,1.55055122203471,-2.05542560860081
-6.33992478151559,1.82181934478963,-2.24451342648265
-6.27447365940873,2.08551530447843,-2.43535082020506
-6.22337911198959,2.34156526771459,-2.62890490339696
-6.18697331384738,2.58987362848645,-2.82611183951664
-6.16542095113776,2.83030194810988,-3.02787290218018
-6.1587191218855,3.06264829280488,-3.23505131373991
-6.1666942286089,3.28662680993472,-3.44846889970776
-6.18899554778301,3.50184742261593,-3.66890156544528
-6.22508528529903,3.70779560213862,-3.89707257866858
-6.27422507197453,3.90381230411422,-4.13364262920839
-6.33545903272432,4.08907433468303,-4.37919564431976
-6.40759379375482,4.26257565516542,-4.63421937842964
-6.48917609172231,4.42311044370139,-4.89907989267164
-6.57846903394804,4.56925911319908,-5.1739892217381
-6.67342854203602,4.69937893081582,-5.45896583054763
-6.77168209569985,4.81160137626978,-5.75378793306082
-6.87051256557429,4.90383887530872,-6.05794042245527
-6.96685064326635,4.97380398378375,-6.37055707922324
-7.05728006686564,5.01904437618932,-6.69036089248339
-7.1380603768811,5.03699697327305,-7.01560671928963
-7.20517214624017,5.02506405955266,-7.34403202213985
-7.2543892894622,4.98071311676581,-7.67282288512483
-7.2813819326933,4.9016001861347,-7.99860363374733
-7.28185121250335,4.78571381192388,-8.31745880065301
-7.251694171052,4.63153311369078,-8.62499546957729
-7.18719273520077,4.43818961842806,-8.91645181337297
-7.08521600197034,4.20561875641907,-9.18685371153619
-6.94342042072287,3.93468421626774,-9.43121580286692
-6.76042894715035,3.62725758814544,-9.644776756169
-6.53596891234471,3.28623767621951,-9.82325194625463
-6.27095005991553,2.91549886903858,-9.96308145390786
-5.96746927637967,2.51976567272963,-10.0616487446804
-5.62873651824112,2.10441982354973,-10.1174465205271
-5.25892606262296,1.67525559753501,-10.1301713214292
-4.86296666335066,1.23820614057473,-10.1007367795246
-4.44629159085528,0.799067321764176,-10.0312054648157
-4.0145734443717,0.363245046615528,-9.92464905020399
-3.57346847960477,-0.0644525558428223,-9.78495422628098
-3.12839139006516,-0.47996396980649,-9.61659618554637
-2.68433517165341,-0.880058501280442,-9.4244022121852
-2.24574339692459,-1.26235814926558,-9.21332542816979
-1.81643535173706,-1.62530562665036,-8.988244089601
-1.39957906182497,-1.96809083982888,-8.75379622140813
-0.997703744808917,-2.29054955647796,-8.51425391375735
-0.612741659730551,-2.59304742308984,-8.27343703967846
-0.246089350106259,-2.87636057291409,-8.03466286613902
0.101320609669399,-3.14156145077109,-7.80072606565686
0.428944553849432,-3.38991572590057,-7.57390281626856
0.736554665984727,-3.62279365202472,-7.3559727200705
1.02417147499426,-3.84159717910826,-7.14825287274972
1.2920039747044,-4.04770259844291,-6.95163931518788
1.54039828493457,-4.24241749036137,-6.7666520936615
1.76979495244146,-4.42695016657965,-6.59348111425454
1.98069445627934,-4.60238955972977,-6.43203082376761
2.17363017458677,-4.76969351400421,-6.28196245027156
2.34914792776908,-4.92968358807232,-6.14273308653936
2.50779118298956,-5.08304472676578,-6.01363131049981
2.65009104378128,-5.23032844124276,-5.89380932812218
2.77656022425647,-5.37195842373334,-5.78231181756316
2.88769029726907,-5.50823779033245,-5.6781017697567
2.98395159525264,-5.63935738077483,-5.58008367803937
3.06579522257304,-5.76540474140043,-5.48712444285657
3.13365670474431,-5.88637357464715,-5.39807233903703
3.18796085150656,-6.00217355615757,-5.31177435192409
3.22912744846265,-6.11264050133172,-5.22709213216913
3.25757741808752,-6.21754691019726,-5.14291675314849
3.27373910879184,-6.3166129366623,-5.05818238473138
3.27805438423621,-6.40951781983618,-4.97187892690624
3.27098419837229,-6.49591178581252,-4.88306358063764
3.25301335874412,-6.57542838317578,-4.79087127511004
3.22465420498374,-6.64769715999891,-4.69452382377791
3.18644896396961,-6.71235653005851,-4.59333764951519
3.13897058947417,-6.76906661738801,-4.48672990409909
3.08282195264472,-6.81752181698391,-4.37422281079081
3.01863331916319,-6.85746277085493,-4.25544608119792
2.94705812671203,-6.88868743713293,-4.13013729783973
2.86876715836335,-6.91106092879123,-3.99814020935541
2.78444128860303,-6.92452381911507,-3.85940095220905
2.6947630532513,-6.92909865303014,-3.7139622860893
2.60040735695289,-6.92489446440104,-3.56195600434628
2.50203167726709,-6.91210917541962,-3.4035937500025
2.40026614902562,-6.89102983982853,-3.23915652680602
2.29570391456611,-6.8620307807778,-3.06898323912474
2.18889210463168,-6.82556976022257,-2.89345862126041
2.08032377301663,-6.78218239401857,-2.71300092466764
1.97043104898994,-6.73247509034053,-2.52804972095258
1.8595796999741,-6.67711683522296,-2.33905415127032
1.74806521845724,-6.61683017601498,-2.14646191192359
1.63611046737764,-6.55238176110037,-1.95070921545829
1.52386484254005,-6.48457278360038,-1.75221191056058
1.41140484344128,-6.41422965037083,-1.55135788669329
1.29873588847688,-6.34219515866412,-1.34850083432605
1.1857951688419,-6.26932041499165,-1.14395538177588
1.07245530820519,-6.19645767767029,-0.937993587226065
0.958528581951927,-6.12445424965964,-0.73084273073562
0.843771449054856,-6.05414749447485,-0.522684326534639
0.727889159407739,-5.98636099741834,-0.313654260542072
0.610540217337847,-5.92190184862269,-0.103843951308195
0.491340505524281,-5.86155898424221,0.106697566339973
0.369866900345169,-5.80610248773004,0.317960727714816
0.245660237737021,-5.7562837240868,0.529971773580168
0.118227516395493,-5.71283615539908,0.742788394071021
-0.0129567484770514,-5.67647666466482,0.956494717195518
-0.148450083154222,-5.64790719530503,1.17119564987188
-0.288842564614098,-5.62781649414149,1.38701054720575
-0.434758298813086,-5.61688172405054,1.60406614903084
-0.58685786378912,-5.61576968690218,1.82248868115591
-0.74584168903769,-5.62513736553338,2.04239497161161
-0.912454313155076,-5.64563145302308,2.26388237865718
-1.08748942352811,-5.67788648595408,2.48701726654411
-1.27179553018104,-5.7225211331268,2.71182169634218
-1.4662820548585,-5.78013210985975,2.93825792223809
-1.67192551869147,-5.85128508841406,3.16621019919584
-1.88977537841084,-5.93650185581975,3.39546331780801
-2.12095888139842,-6.03624283158101,3.62567719113933
-2.36668407171623,-6.15088390225673,3.85635673484342
-2.62823976952432,-6.28068636524097,4.08681622021176
-2.90699095237474,-6.42575861515433,4.31613726314613
-3.2043674794165,-6.58600807956803,4.54311967563378
-3.52184351737604,-6.7610818598717,4.7662246020717
-3.86090436526444,-6.95029462577068,4.98350976403557
-4.22299667656441,-7.15254264863108,5.19255734260556
-4.60945743284494,-7.36620358111481,5.39039616262404
-5.02141659072855,-7.58902288569384,5.57342155470495
-5.45966836149106,-7.81798991178024,5.7373187065125
-5.92450696852016,-8.04920976697712,5.87699858200473
-6.41552497378192,-8.2777815273315,5.98655957510324
-6.93137648246861,-8.49769903480508,6.05929272175261
-7.46951432722786,-8.70179725078663,6.08775286563023
-8.02592005550144,-8.88177400018716,6.06392141747261
-8.59485790930204,-9.02832222898002,5.97948632722324
-9.16869753775895,-9.13140888529273,5.82625906418848
-9.73786177411825,-9.18072968979007,5.59673415354919
-10.2909604510688,-9.16635087750567,5.28477255510139
-10.8151627903688,-9.07951763750484,4.88635697878381
-11.2968341280098,-8.9135665456348,4.40033055473521
-11.7224164944622,-8.66483373386135,3.82900049894613
-12.0794732135558,-8.3334156697617,3.17847898724271
-12.3577602650425,-7.9236314131061,2.45865589429942
-12.550152190172,-7.44406574178442,1.68275521558498
-12.6532557551958,-6.90714119850616,0.866508152681352
-12.6675961859241,-6.32825800212366,0.0270578933102887
-12.5973467045438,-5.72462685043864,-0.818232910458147
-12.4496661710158,-5.11397393574449,-1.65288970585919
-12.2337825258557,-4.51330512216881,-2.46220141511533
-11.9599917127698,-3.93788018114749,-3.23378229276066
-11.638729738251,-3.40048565842873,-3.95781171405665
-11.2798313378948,-2.91102864294013,-4.62700153386327
-10.8920312759495,-2.47642110007309,-5.23637279408961
-10.4827110066226,-2.10069372996672,-5.78292937429573
-10.0578549842321,-1.78526876603655,-6.26530294650058
-9.62216051991724,-1.52932667616162,-6.68342102633189
-9.17924049168031,-1.33021499377727,-7.03822629775396
-8.73186460646756,-1.18386247453303,-7.33145589607726
-8.28219720813081,-1.08517480242742,-7.5654760625064
-7.83200372870519,-1.02839771176119,-7.74316046373694
-7.38281105400075,-1.00743969986003,-7.86779828437926
-6.93601780737139,-1.01615027885112,-7.94301935707319
-6.4929582572172,-1.04855192778763,-7.9727265894186
-6.05492824728011,-1.09902537518153,-7.96102957118339
-5.62318362814173,-1.16244908809236,-7.91217665408892
-5.19892172138441,-1.23429509478116,-7.83048549028434
-4.783255026615,-1.3106845313095,-7.72027378714137
-4.37718430618481,-1.38840746534724,-7.5857928983985
-3.9815758743557,-1.46491246905956,-7.43116698083183
-3.59714576112681,-1.53827197543016,-7.26034002667211
-3.22445165285312,-1.60712960953574,-7.07703236895343
-2.86389223517397,-1.67063545480649,-6.88470745109607
-2.51571277713858,-1.72837466212036,-6.6865489000228
-2.18001542885733,-1.7802940335005,-6.48544733172945
-1.8567726548477,-1.82663031595328,-6.2839958857081
-1.54584238181275,-1.86784301849204,-6.0844932282328
-1.2469837057739,-1.90455369077654,-5.88895265935979
-0.959872304255273,-1.93749282584564,-5.69911596922545
-0.684114984028606,-1.96745490059147,-5.51647077930579
-0.419263035308735,-1.99526155579878,-5.34227024155538
-0.164824248062051,-2.02173253886951,-5.17755412746781
0.0797264240924854,-2.04766377387426,-5.02317050203898
0.314937484515892,-2.07381176747777,-4.8797973327078
0.541372685350313,-2.10088348589672,-4.74796352394544
0.759603857704706,-2.12953082802862,-4.62806899118297
0.970204644530576,-2.16034885560333,-4.52040349244727
1.17374500651878,-2.19387700744026,-4.42516402302214
1.37078638085936,-2.23060260912839,-4.34247064896942
1.56187738215676,-2.27096608181744,-4.27238071101835
1.74754994215701,-2.31536734688399,-4.21490137277847
1.9283157892963,-2.36417301167944,-4.17000051798303
2.1046631702123,-2.41772400177155,-4.13761602191354
2.27705371347125,-2.4763433748144,-4.11766343352347
2.44591933124381,-2.54034410919098,-4.11004210814487
2.61165904794657,-2.61003670634845,-4.11463982695821
2.77463563636669,-2.68573647921461,-4.13133592943329
2.9351719318776,-2.76777042040492,-4.16000296939681
3.09354668439301,-2.85648355332713,-4.20050688485738
3.24998979610289,-2.95224466692736,-4.25270564678405
3.40467678133654,-3.05545132071648,-4.31644632327327
3.55772227391135,-3.16653398069782,-4.39156046364295
3.7091723982754,-3.28595910853849,-4.47785767288851
3.85899581546626,-3.41423097531582,-4.57511721196543
4.00707325605684,-3.55189190697503,-4.68307742552166
4.1531853636365,-3.69952059105086,-4.80142276895697
4.29699869921679,-3.85772798365125,-4.92976818538413
4.43804980628551,-4.02715025376016,-5.06764057643791
4.57572731720228,-4.20843809212904,-5.21445712762472
4.70925220571337,-4.4022416009589,-5.36950030083447
4.83765647135221,-4.60918987923009,-5.53188940923438
4.95976079498628,-4.82986434408544,-5.70054886255563
5.07415204686785,-5.06476480642537,-5.87417343713846
5.1791619732708,-5.31426738421808,-6.05119131104538
5.27284894270465,-5.57857353680297,-6.22972613589517
5.35298529210328,-5.85764989582728,-6.40756011399231
5.41705354882434,-6.15115921979936,-6.58210091749828
5.46225555242223,-6.45838377618557,-6.75035630389963
5.48553914944593,-6.77814380911375,-6.90892138216811
5.48364751404389,-7.10871549413553,-7.05398453566011
5.45319602348933,-7.44775485250744,-7.18135879795498
5.39078070875669,-7.79223632011919,-7.28654570471669
5.29312031667557,-8.13841671254519,-7.36483793411749
5.1572307433934,-8.48183670044372,-7.41146500814848
4.98062599566549,-8.81737197029317,-7.42178265050599
4.76153419290146,-9.13934431483149,-7.39150101310415
4.49911115498805,-9.44169844139211,-7.31694022857258
4.19362899606369,-9.71824317053086,-7.19529449233928
3.84661434167338,-9.96294644468931,-7.02487953529084
3.46091175799789,-10.1702635002346,-6.80533465858187
3.04065365672066,-10.3354687001992,-6.53775110148544
2.59112822309956,-10.4549561878832,-6.22470434658434
2.11855040848105,-10.526474617804,-5.8701787660558
1.62975517292619,-10.5492675474257,-5.47938709360108
1.13184386618896,-10.5241028527823,-5.05850176421205
0.631821198295392,-10.4531894749121,-4.61432704239635
0.136260242821825,-10.339994740569,-4.15394752150731
-0.348973386068738,-10.1889873403346,-3.6843888806508
-0.818917819629055,-10.0053376899028,-3.21232124920844
-1.26962389227956,-9.79460823170153,-2.74382600797603
-1.69818067008227,-9.56246207033235,-2.2842358266577
-2.10267029925022,-9.31441092965389,-1.83804751549805
-2.48207003025063,-9.0556147986395,-1.40889945255946
-2.83612072967947,-8.79073753223826,-0.999600617796094
-3.1651797778017,-8.52385621932308,-0.612196496593315
-3.47007303542914,-8.258417789522,-0.248057669979638
-3.75195658550207,-7.99723404317571,0.0920210508616074
-4.01219501670764,-7.74250567186341,0.407720353059834
-4.25225962499639,-7.49586638516183,0.699101600142352
-4.47364729713569,-7.25843948465322,0.966521527597015
-4.67781903880533,-7.03090073549345,1.21055849614816
-4.8661560247948,-6.81354290499354,1.43195085013028
-5.0399305302599,-6.60633870296715,1.63154692443248
-5.20028898910019,-6.40899999266929,1.8102656396632
-5.34824457448394,-6.2210320256522,1.96906632172415
-5.48467699231193,-6.04178210568221,2.10892628706042
-5.61033753685814,-5.87048254028088,2.23082477318809
-5.72585782254818,-5.70628803331702,2.33573190900987
-5.83176094268587,-5.54830784682166,2.42460157126946
-5.928474097241,-5.39563314839937,2.49836713652493
-6.0163419712528,-5.24735998974377,2.55793929694523
-6.09564033393614,-5.10260835326149,2.60420525507369
-6.16658947138227,-4.96053767371968,2.6380287442509
-6.22936717009407,-4.82035920172379,2.66025043728661
-6.28412104243204,-4.68134553367682,2.67168840733613
-6.33098003608149,-4.54283759383219,2.67313839345361
-6.37006500482663,-4.40424932113923,2.66537370063929
-6.40149824311386,-4.26507028816823,2.64914463172896
-6.42541190679375,-4.12486646165339,2.62517740710654
-6.44195526052494,-3.98327930339257,2.59417257842466
-6.4513007109214,-3.84002340508502,2.55680298440946
-6.45364860489317,-3.69488284951424,2.51371133029401
-6.44923079513654,-3.54770649149616,2.46550749729312
-6.43831299901471,-3.39840235345823,2.41276570470165
-6.42119600225221,-3.24693133083231,2.35602165477406
-6.39821578373941,-3.09330040038225,2.29576978991934
-6.36974266097169,-2.93755551927566,2.23246078364821
-6.33617957594104,-2.77977439369804,2.16649937218577
-6.29795965755146,-2.62005928305026,2.0982426140343
-6.25554320802898,-2.45852998958903,2.02799864154827
-6.20941426687614,-2.29531716437753,1.95602594336334
-6.16007690657711,-2.13055603942961,1.88253319087237
-6.10805140973624,-1.96438067388517,1.80767959730431
-6.05387046816435,-1.7969187798971,1.73157577555529
-5.99807553136926,-1.6282871725343,1.6542850416858
-5.94121341585724,-1.45858786818702,1.57582509555682
-5.88383326856236,-1.28790483832029,1.4961699987371
-5.82648395852935,-1.11630141040679,1.41525236258086
-5.76971195153714,-0.943818295757061,1.33296565599793
-5.71405970339412,-0.770472214873107,1.24916654246564
-5.6600645897303,-0.596255084871944,1.16367715866626
-5.60825837365096,-0.421133730353673,1.07628725210199
-5.55916719781394,-0.245050078659515,0.986756101441608
-5.51331207439135,-0.0679218025882355,0.894814150518605
-5.47120983485549,0.110356621868704,0.800164294223672
-5.43337449132306,0.28991246849944,0.702482761508086
-5.40031895190358,0.470892941429017,0.601419546951071
-5.37255702360981,0.65346298915924,0.496598347591873
-5.35060562726862,0.837802744778801,0.387615965884293
-5.33498713877473,1.02410456937427,0.274041142758939
-5.32623175909004,1.21256965721437,0.155412787119035
-5.32487980060122,1.40340413951501,0.0312375701009345
-5.33148375863689,1.59681459784765,-0.0990131451976164
-5.34661001274404,1.79300286767573,-0.235907064066689
-5.37083997112059,1.99215997605214,-0.380055429612903
-5.40477043150534,2.19445901396276,-0.532118209005276
-5.4490128806164,2.40004669177746,-0.692809985681677
-5.5041913893332,2.60903326430359,-0.862906517240208
-5.57093867931605,2.82148043859841,-1.04325187385126
-5.64988983545908,3.03738679183681,-1.2347660055571
-5.74167301420852,3.25667012767121,-1.43845249083578
-5.84689634739448,3.47914608851234,-1.65540608314347
-5.96613006291129,3.70450222120073,-1.88681948411656
-6.0998826377119,3.93226657173687,-2.13398851631221
-6.24856956984155,4.16176977442888,-2.39831452693034
-6.41247311679807,4.39209952488208,-2.68130240760902
-6.59169112182875,4.62204632170644,-2.98455204587053
-6.78607288152362,4.85003948578877,-3.30974031876093
-6.99513996963808,5.07407280297128,-3.65858990082836
-7.21799013675757,5.29161980552922,-4.03282021773136
-7.45318302126097,5.49953987036137,-4.43407491503959
-7.69860766945955,5.6939781680565,-4.86381939276072
-7.9513340790026,5.87026527288859,-5.32320156587341
-8.20745451207751,6.02282614732212,-5.81286950287031
-8.46192553233782,6.14511334663707,-6.33274162226288
-8.70842882603449,6.22958548821657,-6.88172953836873
-8.93927772811898,6.26775863968766,-7.45742137872803
-9.14540611894529,6.25036386240496,-8.05574519656246
-9.31648496168611,6.16764623093494,-8.67064801699893
-9.44121568276273,6.00983571985516,-9.29384464495139
-9.50784387862936,5.76780439485428,-9.91470782402974
-9.50491598962305,5.4338943097683,-10.5203809942608
-9.42226191651558,5.00285673098956,-11.096187850776
-9.25212960286415,4.47279230986641,-11.626380696453
-8.9903335208552,3.84593779933313,-12.0952090506598
-8.63722729774137,3.12912755858384,-12.4882088040059
-8.19829561588626,2.33378531833659,-12.7935315614564
-7.68420038485519,1.4753789552571,-13.0030840114593
-7.11021136274836,0.572383198276458,-13.113255286022
-6.49507836879846,-0.355092029150773,-13.1250848171569
-5.85952048312929,-1.28677638752509,-13.0438454247801
-5.22457772566003,-2.20357755943931,-12.8781461441176
-4.61007300375954,-3.08860027393832,-12.6387534354427
-4.03337448892437,-3.92775810470413,-12.3373615902485
-3.50855916401184,-4.70998824739744,-11.9855132875643
-3.04598964760227,-5.42715097349452,-11.5938006159257
-2.65225160956504,-6.07372784901449,-11.1713945222779
-2.33036617418686,-6.64642978372443,-10.72588059101
-2.08018632513288,-7.14380047258541,-10.2633338999436
-1.89889818733987,-7.56586714783689,-9.78854704598161
-1.78156675896308,-7.91385954775317,-9.30532792659771
-1.72168389651883,-8.18999533008592,-8.81679960712336
-1.71169058340431,-8.39731724039099,-8.32565617020015
-1.74345513835216,-8.53956293579865,-7.83435024004397
-1.80869508149583,-8.62105000192356,-7.34520637538497
-1.89933439744949,-8.64656372042559,-6.86046797928674
-2.00779120005175,-8.6212412506612,-6.38229337026085
-2.1271940359534,-8.55045141606322,-5.91271971529978
-2.25152842675296,-8.43967326833325,-5.4536127274891
-2.37571852040003,-8.29437870905712,-5.00661671373181
-2.4956515273157,-8.11992483277567,-4.57311503625673
-2.60815462213383,-7.92146076503217,-4.15420641855825
-2.7109350208267,-7.70385215588801,-3.75069854261454
-2.80249400187728,-7.47162466385957,-3.36311745404184
-2.88202488521288,-7.22892610678883,-2.99172951202172
-2.94930365493675,-6.97950568513004,-2.6365718695772
-3.00457927194038,-6.7267078759216,-2.2974875052264
-3.04846900085077,-6.47347822415382,-1.97416137205077
-3.08186244643928,-6.22237823462798,-1.66615503142917
-3.10583656812737,-5.97560678301333,-1.37293799846268
-3.12158277140039,-5.73502581656686,-1.09391481203921
-3.13034627230867,-5.50218851984829,-0.828447482084107
-3.13337727776045,-5.27836852045855,-0.575873434342419
-3.13189308627607,-5.06458906928206,-0.335519375582666
-3.12704995153064,-4.86165143237469,-0.106711664305065
-3.11992342492993,-4.67016197393981,0.11121617351313
-3.11149586809481,-4.49055759611005,0.31891816439899
-3.10264987140101,-4.32312933977342,0.517032289826971
-3.09416640634674,-4.16804405090788,0.706178106357895
-3.08672665860842,-4.02536408779508,0.886955212917219
-3.08091662098449,-3.89506509372419,1.05994228352744
-3.07723366068831,-3.77705189342083,1.22569646103336
-3.07609440642594,-3.6711725939529,1.3847529701893
-3.07784342262089,-3.57723098547563,1.5376248566236
-3.08276224814915,-3.49499734606716,1.68480279288823
-3.09107847356513,-3.4242177595215,1.82675491606352
-3.10297461360929,-3.36462205626041,1.96392667552287
-3.11859660110658,-3.31593048613365,2.09674067670879
-3.1380617849929,-3.27785922824814,2.22559650911334
-3.16146636024748,-3.25012483744381,2.35087054572906
-3.18889219221625,-3.2324477199067,2.47291569830926
-3.22041302347732,-3.22455472193529,2.59206110877931
-3.2561000692763,-3.22618090629073,2.70861175271123
-3.2960270188023,-3.23707058008424,2.82284792632092
-3.34027446520693,-3.25697762698243,2.93502458420787
-3.38893378816211,-3.28566518482357,3.04537049115478
-3.44211050962203,-3.32290469769486,3.15408714779787
-3.49992713686227,-3.36847435927194,3.2613474469054
-3.56252549723305,-3.42215695191659,3.36729401441537
-3.63006855667655,-3.48373707382885,3.47203718738732
-3.70274169911127,-3.55299773465669,3.57565257980224
-3.78075342639549,-3.62971628864378,3.67817818699702
-3.86433541883063,-3.71365966400927,3.77961098089024
-3.95374187414445,-3.80457883831088,3.87990295167053
-4.04924801877055,-3.90220250275045,3.97895655812314
-4.1511476593291,-4.00622985470281,4.07661955936912
-4.25974961507961,-4.11632245847614,4.17267921688267
-4.37537284470352,-4.23209512113907,4.26685587895456
-4.49834005455949,-4.35310574534212,4.35879599232683
-4.62896955274056,-4.478844147116,4.44806462987455
-4.76756509699381,-4.60871986689397,4.53413768149369
-4.91440347915998,-4.74204906023637,4.61639393032471
-5.06971959997059,-4.87804063504718,4.69410733035109
-5.23368882308196,-5.01578190862062,4.76643991570798
-5.40640646499776,-5.15422419428677,4.83243590663574
-5.5878643882728,-5.29216889600845,4.89101772930635
-5.77792483009418,-5.42825488965699,4.94098483033569
-5.97629182754825,-5.56094819719485,4.98101632999269
-6.182480902724,-5.68853520357519,5.00967870242911
-6.39578804804979,-5.80912090613214,5.02543977007822
-6.6152594984426,-5.92063389210933,5.02669031748012
-6.8396642715923,-6.02083986922793,5.01177452431258
-7.06747196191678,-6.10736557275598,4.97903014117968
-7.29683872581061,-6.17773467831118,4.9268388399216
-7.52560471068251,-6.22941690024262,4.85368643084632
-7.75130625345678,-6.25989070103118,4.75823164714002
-7.97120589325273,-6.2667189578326,4.63938098926842
-8.18234250759849,-6.24763555812602,4.49636579378639
-8.38160263183548,-6.20063932533488,4.32881639993551
-8.56581226969127,-6.12409008197963,4.13682724954416
-8.73184636187086,-6.01680028621771,3.92100621904697
-8.87675077433134,-5.87811481011915,3.68250168144657
-8.99786952343852,-5.70797133270484,3.42300189141616
-9.09296834964088,-5.50693468263275,3.14470330373785
-9.16034504109229,-5.27620032016484,2.85024722089414
-9.19891733975214,-5.01756484040847,2.54262738440505
-9.20828089317518,-4.73336456647684,2.22507430440557
-9.18873237780616,-4.4263865066535,1.90092474618326
-9.14125623913488,-4.09975866530779,1.57348641500798
-9.06747696375916,-3.75682849700318,1.24590823226338
-8.96958189176675,-3.40103892994382,0.921065646585719
-8.85022186381657,-3.03581083917985,0.601468382841819
-8.71239822438212,-2.66443931747073,0.289195287995747
-8.5593448306742,-2.29000891819233,-0.0141420445736
-8.39441289419302,-1.9153306335561,-0.30740795745737
-8.22096498335562,-1.54290109317294,-0.589927022175542
-8.04228266455874,-1.17488259541723,-0.861448730029814
-7.86149035753755,-0.81310126386806,-1.12209808009566
-7.6814962627672,-0.45905987982478,-1.37231758842095
-7.50494982931559,-0.11396171463489,-1.61280573933213
-7.33421423106083,0.22125814576068,-1.84445605571529
-7.17135170008598,0.545897062436985,-2.06829995815605
-7.01811927697983,0.859447205701813,-2.28545555822555
-6.87597250595057,1.16155793461432,-2.49708359183064
-6.74607475157281,1.45199954934038,-2.70435090515704
-6.62931007478069,1.73062928903313,-2.90840128370478
-6.52629792302823,1.99736006199767,-3.11033296367533
-6.43740822310789,2.25213210826908,-3.31118186752576
-6.36277578876333,2.49488760000729,-3.51190943658024
-6.30231325446857,2.7255480702247,-3.71339386576306
-6.25572201601411,2.94399451210706,-3.91642355336391
-6.22250089857056,3.15004999728644,-4.12169164125277
-6.20195248844547,3.34346471142446,-4.3297906226677
-6.1931872627409,3.52390339078523,-4.54120612591228
-6.19512583914996,3.69093525687067,-4.75630913873051
-6.20649985314345,3.84402668080655,-4.97534612010049
-6.22585215683388,3.98253695737758,-5.19842665754306
-6.25153722469879,4.10571772068302,-5.42550857470175
-6.2817228433179,4.21271667614952,-5.65638068209609
-6.3143943464333,4.30258643929223,-5.89064369771124
-6.34736281656467,4.37429933697842,-6.12769024269369
-6.37827878516548,4.42676901352978,-6.36668523188716
-6.40465299136381,4.45887955943381,-6.60654840854008
-6.42388566413022,4.46952261180373,-6.84594118164927
-6.43330553061003,4.45764243527728,-7.08326026081599
-6.43021928461095,4.42228836538289,-7.31664077912856
-6.41197154823579,4.36267319258786,-7.54397157061869
-6.3760144275866,4.2782351272134,-7.76292494605075
-6.31998464146535,4.16869999788717,-7.97100262574136
-6.24178498111297,4.03413942739761,-8.16559841365654
-6.13966568247755,3.87502006278067,-8.34407676383867
-6.01230034544457,3.69223868760263,-8.50386470301249
-5.85885051858012,3.48713836929619,-8.64255281480445
-5.67901316206072,3.26150178617204,-8.75799940739816
-5.47304601500436,3.01751952866424,-8.84843085061474
-5.24176742462134,2.75773334295316,-8.91253062656111
-4.98652930788358,2.48495672522026,-8.9495100498195
-4.70916435040261,2.20217763784673,-8.95915490277251
-4.41191095700223,1.91245003943233,-8.94184426607621
-4.09732149426389,1.618782089142,-8.89854032966283
-3.76816070953065,1.32402911859478,-8.83075058401123
-3.4273017016014,1.03079874315573,-8.74046614031689
-3.07762644091038,0.741373956383695,-8.63008170178307
-2.7219367256141,0.457657989506673,-8.50230371845337
-2.36287985539208,0.181142455340859,-8.36005346190967
-2.00289149259217,-0.0871018446390224,-8.20637124373191
-1.64415642974064,-0.34641383666359,-8.04432695645806
-1.28858649985621,-0.596514438596338,-7.87694076385723
-0.937813772500216,-0.837466459475084,-7.70711632861867
-0.593196509898301,-1.06962655663089,-7.53758761907018
-0.255835081295779,-1.29359337990327,-7.37087920273669
0.0734049259585289,-1.5101554452571,-7.20927907373569
0.393864897554587,-1.72024153026984,-7.05482248279848
0.705062792424134,-1.92487558532404,-6.90928491694728
1.00666181538246,-2.12513739267135,-6.77418226414655
1.29843938885311,-2.32212953639324,-6.65077624302128
1.58025725783762,-2.51695069809653,-6.54008332757527
1.85203323404871,-2.71067487302497,-6.44288560794109
2.11371482802916,-2.90433580145976,-6.35974226671008
2.36525483056358,-3.0989157144896,-6.29100059264218
2.60658878065221,-3.29533738145059,-6.23680568496561
2.83761418906826,-3.49445839856639,-6.19710821497426
3.05817136673233,-3.69706665700986,-6.17166980597436
3.26802572989846,-3.90387596014149,-6.16006577089469
3.46685151533633,-4.11552081514489,-6.16168511518052
3.65421693582675,-4.33254949976867,-6.17572787907308
3.82957093793512,-4.55541460149937,-6.20120006726
3.9922318888782,-4.78446035012008,-6.23690660455019
4.14137871485124,-5.01990622547224,-6.28144297210269
4.27604523404412,-5.26182653406598,-6.33318642581937
4.39511866339954,-5.51012592684894,-6.39028797839143
4.4973435112798,-5.76451119172333,-6.45066663380446
4.58133227121526,-6.02446011058693,-6.51200768244067
4.64558446576026,-6.28918872574876,-6.57176716746219
4.68851560286547,-6.55761900394202,-6.62718487379369
4.70849743839334,-6.82834958534874,-6.67530830690066
4.70391052119552,-7.09963299848682,-6.71303004085468
4.67320927182069,-7.36936331377498,-6.73714043589659
4.6149987762914,-7.6350785694454,-6.74439697144127
4.52812107197074,-7.89398227884922,-6.73161025386793
4.41174704200593,-8.14298776052327,-6.69574513614366
4.26546828443945,-8.3787877960092,-6.6340334085334
4.08938173949777,-8.59795016733737,-6.54409237263289
3.88415877221966,-8.79703703322095,-6.42404159072931
3.65109016498866,-8.97274310577502,-6.27260858797635
3.39209936202948,-9.12204458353479,-6.0892136746343
3.10971845679135,-9.24234829217787,-5.87402467375564
2.80702471950381,-9.33162901227196,-5.62797433147689
2.48753955361668,-9.38854295595433,-5.35273643754248
2.15509604387198,-9.41250697872407,-5.05066079410717
1.81368499725299,-9.40373624816525,-4.7246715149579
1.46729191210169,-9.36323728964053,-4.37813699225583
1.1197381872471,-9.29275791247197,-4.01472258539606
0.774538978461694,-9.1946997405666,-3.63823824996756
0.434787652539845,-9.07200228535806,-3.25249284118751
0.103073287464421,-8.92800930594477,-2.86116492607733
-0.218566232388904,-8.76632850578762,-2.46769709001262
-0.528656645129074,-8.59069460257993,-2.07521749593001
-0.826269336268062,-8.40484385559309,-1.68648938190653
-1.11097899881988,-8.21240569724746,-1.30388666080138
-1.3828038961769,-8.01681461819325,-0.929392026534359
-1.64213570488445,-7.82124322309576,-0.56461301181903
-1.88966522939474,-7.62855560371574,-0.210811185656162
-2.12630916160673,-7.44127893997761,0.131060045624236
-2.35314174736783,-7.2615905169355,0.460312955478182
-2.57133391349829,-7.09131705530602,0.77648147642957
-2.78210123417211,-6.93194328908729,1.07927798189357
-2.98666114777729,-6.78462697822151,1.36855247362273
-3.18619910020676,-6.65021792391916,1.64425515802719
-3.38184277997497,-6.52927898674678,1.90640291127224
-3.57464329674811,-6.42210754235451,2.15504978347685
-3.76556200096851,-6.32875621552989,2.39026146136928
-3.95546161020839,-6.24905209405672,2.61209347588084
-4.14510036333484,-6.18261393446207,2.82057288519062
-4.33512803829604,-6.12886713405834,3.01568316544007
-4.52608282210246,-6.0870564636459,3.19735208450383
-4.71838819780729,-6.05625674046063,3.36544240567224
-4.91234920417479,-6.03538177909411,3.51974535718017
-5.10814762494177,-6.02319209568092,3.65997690111577
-5.30583587487771,-6.01830196207263,3.78577693290319
-5.50532956955794,-6.01918651367699,3.89671163156248
-5.7063989952256,-6.02418970549078,3.99227925161178
-5.90865993311518,-6.031533980241,4.07191968868929
-6.11156453477755,-6.03933255124902,4.13502815021254
-6.31439318229435,-6.04560519779612,4.18097320627362
-6.5162484849988,-6.04829840675386,4.20911937151455
-6.71605274122575,-6.04531055426659,4.21885416545609
-6.91255030247291,-6.03452259004147,4.20961931158486
-7.10431628671943,-6.01383435415521,4.18094536825346
-7.28977296540575,-5.98120622162316,4.13248865344065
-7.4672148673995,-5.93470524686921,4.06406886238044
-7.634843187607,-5.87255440024915,3.97570533021082
-7.79080946161149,-5.79318290315208,3.86764952386279
-7.9332677007795,-5.69527514595097,3.74041112975527
-8.06043333431447,-5.57781529445157,3.59477510621362
-8.17064646345981,-5.4401245355686,3.43180734639553
-8.26243620592219,-5.28188804650464,3.25284717340612
-8.3345824077252,-5.10316922705131,3.05948574632031
-8.38617082200534,-4.9044095005143,2.85353052755201
-8.4166380606058,-4.68641300332546,2.6369571367944
-8.42580322310966,-4.45031663846052,2.41185105193479
-8.4138840478733,-4.19754712401864,2.18034256232465
-8.38149660467684,-3.9297676789546,1.94453900345927
-8.32963881516971,-3.64881772556011,1.70645851810351
-8.25965928951594,-3.35664936821588,1.4679693720999
-8.17321396515135,-3.0552644024528,1.23073824348042
-8.07221372465884,-2.74665524832903,0.996189996350167
-7.95876650511895,-2.43275256655435,0.76548037667413
-7.83511739588549,-2.11538151284173,0.539481965843801
-7.70358990623745,-1.79622773089079,0.318782725988654
-7.56653104948779,-1.47681337975208,0.103695663000151
-7.42626222868325,-1.15848281327144,-0.105722426818435
-7.28503720971902,-0.842397021763597,-0.309645459213642
-7.14500780356674,-0.529535621767632,-0.508448203841006
-7.00819730173977,-0.220705026465089,-0.702674315669805
-6.87648124685176,0.0834485815329487,-0.893004223259803
-6.75157478206682,0.382422758173017,-1.08022447219634
-6.63502560324325,0.675839905657971,-1.26519971719572
-6.52821141978267,0.963426898227558,-1.44884815598961
-6.43234079391936,1.24499393332721,-1.63212083012841
-6.34845625170982,1.52041311230505,-1.81598489872827
-6.27743862220977,1.78959707111555,-2.00141072739375
-6.2200116473033,2.05247782358309,-2.18936242490321
-6.17674600027809,2.3089858501189,-2.38079129834552
-6.14806194742607,2.55902936383395,-2.57663157381667
-6.13422997844848,2.8024736135096,-2.7777976339232
-6.13536881663147,3.03912003908152,-2.98518194489619
-6.15144030041815,3.26868508167913,-3.19965277627066
-6.18224070926416,3.49077847032085,-3.42205074846936
-6.2273881970711,3.70488086697796,-3.65318317528612
-6.28630610820699,3.91032085941376,-3.89381510066415
-6.35820210014927,4.10625145808769,-4.14465586943473
-6.44204320304337,4.2916264926428,-4.40634003407923
-6.53652723341819,4.46517762899527,-4.67940140716019
-6.64005137266168,4.62539315205793,-4.96423915533544
-6.75067924581652,4.77050018810467,-5.26107504088703
-6.86610851231115,4.89845266906244,-5.56990130681828
-6.98364181291194,5.00692804198395,-5.89041933642162
-7.10016488584137,5.09333644177214,-6.22197016307521
-7.21213670694657,5.15484667042002,-6.56345921243807
-7.31559750109381,5.18843370285668,-6.91327934198296
-7.40620121525538,5.19095235060042,-7.26923824786402
-7.47927925575933,5.1592408959145,-7.62849847519317
-7.5299416223432,5.09025668794426,-7.98754029040163
-7.55321965063522,4.9812426570812,-8.34215908809241
-7.54425110915854,4.82991941048528,-8.68750920709157
-7.49850330861577,4.63469226836319,-9.01820437155771
-7.41202346585233,4.3948569338582,-9.32848092665831
-7.2816986171811,4.11078253198425,-9.61242343847527
-7.10550120061572,3.78404788561835,-9.86424351334955
-6.88269266040399,3.41750750489946,-10.0785930539495
-6.61395764202689,3.01526878621454,-10.2508844802056
-6.30144650763431,2.58257135793715,-10.3775848904317
-5.94871386747347,2.12557216600328,-10.4564506036115
-5.56055411447424,1.65105343508084,-10.4866738978407
-5.14274898692167,1.16608216536353,-10.4689244730247
-4.70175397081804,0.677656701815346,-10.4052821928385
-4.2443573811744,0.192376627646441,-10.299072057375
-3.77734697647822,-0.283833140770601,-10.1546241454572
-3.30721427444299,-0.745923075862454,-9.97698830804857
-2.83991798422129,-1.18983553644801,-9.77163492174493
-2.3807174652005,-1.61253941169336,-9.54416963313907
-1.93407711724244,-2.01199419533224,-9.30008330888668
-1.50363473003463,-2.3870601887904,-9.04455026453018
-1.0922218390308,-2.73737341387634,-8.78227997959728
-0.701922033142378,-3.06320282681842,-8.51742107609273
-0.334153384277396,-3.3653045577269,-8.25351187552173
0.0102370604205649,-3.64478415379529,-7.9934693665879
0.330876234784598,-3.9029739853737,-7.73960758827941
0.627772255414947,-4.14132960936049,-7.49367679350842
0.901230189397327,-4.36134623705208,-7.25691583730695
1.15177867841956,-4.56449458249125,-7.03011164140783
1.38010818923682,-4.75217420151756,-6.81366104481743
1.58702061793458,-4.92568183587722,-6.60763168524825
1.77338933167867,-5.08619209867028,-6.41181968228817
1.94012839222768,-5.23474793661567,-6.2258027834127
2.08816958081706,-5.37225856607443,-6.04898829893611
2.21844585906995,-5.49950291751728,-5.8806556215309
2.33187999784095,-5.61713697805548,-5.71999343690986
2.42937724444811,-5.72570375675206,-5.56613192132281
2.51182105154391,-5.82564489234225,-5.41817032128783
2.5800710414872,-5.91731316909772,-5.27520034852512
2.63496251966245,-6.00098540293936,-5.13632581976994
2.6773069749794,-6.07687531025858,-5.00067894324342
2.70789311513827,-6.14514608244791,-4.86743361296419
2.72748807925571,-6.20592246709085,-4.73581602721562
2.73683855297029,-6.25930220942687,-4.60511290405135
2.73667158317565,-6.30536674191443,-4.47467752833791
2.72769495281461,-6.34419103148099,-4.34393383351557
2.71059703203005,-6.37585250841971,-4.21237869781129
2.68604607123147,-6.4004390118785,-4.07958261895172
2.65468894466294,-6.41805569746611,-3.94518892271701
2.61714938983598,-6.42883086466456,-3.80891165769323
2.57402581846303,-6.43292067658298,-3.67053232977483
2.52588879793537,-6.43051276242216,-3.52989563365928
2.47327831861442,-6.42182871350571,-3.38690434309879
2.41670097108975,-6.40712550604593,-3.24151352550825
2.3566271591978,-6.38669590680277,-3.09372424840077
2.29348846939561,-6.36086794015796,-2.94357694408455
2.22767530576508,-6.3300035155611,-2.791144594526
2.15953488349674,-6.29449633163845,-2.63652589005767
2.08936965340315,-6.25476918655548,-2.47983850383056
2.0174362072169,-6.21127083286135,-2.32121260902258
1.94394468955124,-6.16447251872219,-2.16078474848806
1.86905871879647,-6.11486435620906,-1.99869214758533
1.7928957970972,-6.06295165147642,-1.83506754122723
1.7155281698905,-6.00925132182463,-1.67003456662995
1.63698407900182,-5.95428851152834,-1.50370375457674
1.55724934043147,-5.89859350277357,-1.33616913493413
1.47626916887388,-5.84269900094499,-1.16750545717771
1.39395016559839,-5.78713785566524,-0.997766014168672
1.310162384273,-5.73244126114555,-0.826981047582686
1.22474139016197,-5.67913746216411,-0.655156706314035
1.13749023129755,-5.62775097579949,-0.482274524837559
1.0481812450879,-5.57880232419874,-0.308291386813799
0.956557629747251,-5.53280826027901,-0.133139940031868
0.86233471632926,-5.4902824563154,0.0432705680465807
0.765200883491702,-5.45173661467569,0.221053059478298
0.664818063001691,-5.41768195021221,0.400341017550491
0.560821789103999,-5.38863098457139,0.581286509115838
0.452820749055809,-5.36509958337807,0.764057833759185
0.34039579536347,-5.3476091572188,0.948836781720743
0.22309838269373,-5.3366889357913,1.13581546551821
0.100448394420595,-5.33287821057244,1.32519267007853
-0.0280686741121599,-5.33672842379232,1.51716964229822
-0.163005205419301,-5.34880495910478,1.71194521251352
-0.304955647263603,-5.36968846060438,1.90971010640641
-0.454561412818738,-5.39997546997128,2.11064026524016
-0.612516493321721,-5.44027812442977,2.31488894367781
-0.779573758073602,-5.49122259843006,2.52257729633251
-0.956551878254442,-5.55344589669459,2.73378309515171
-1.14434275356744,-5.62759051237693,2.94852713843363
-1.34391923699298,-5.71429634825345,3.16675681789429
-1.5563428336063,-5.81418915791747,3.3883262029604
-1.78277088272719,-5.92786459539591,3.61297188347398
-2.02446250415266,-6.05586676470271,3.84028368861081
-2.2827822817328,-6.19865993824713,4.06966928163696
-2.55920025194644,-6.35659187351063,4.30031153592444
-2.85528624209094,-6.52984692002923,4.53111755845757
-3.17269594650958,-6.71838690885269,4.76065829168967
-3.51314533485344,-6.92187771457763,4.9870978665138
-3.87836907115912,-7.13959947224615,5.20811240417616
-4.27005764536221,-7.37033886412693,5.42079891855343
-4.68976700782709,-7.61226287455044,5.6215765399902
-5.13879388747052,-7.86277522703231,5.80608468958775
-5.61801005154925,-8.11835971563612,5.96908630377076
-6.12765010954944,-8.37441919729856,6.10438890252994
-6.66705086087476,-8.62512542576852,6.20480217556022
-7.23434656973262,-8.86330321636276,6.26215739359563
-7.82613480098541,-9.08038209033628,6.26742022754192
-8.43714197136342,-9.26645801753022,6.21093240431903
-9.05993579458703,-9.41051420081709,6.08281587411951
-9.68475050350922,-9.5008485031773,5.87356182833293
-10.2995044964551,-9.52574057180198,5.5748022840272
-10.8900905511486,-9.47435916769365,5.18022271577268
-11.440996777849,-9.33785872615644,4.68652426081019
-11.9362661092821,-9.11055037776398,4.09429473761209
-12.3607263513537,-8.79097288193156,3.40861747666624
-12.7013379105674,-8.3826568179049,2.63925574319672
-12.9484404904856,-7.89439328844137,1.80030992916629
-13.09666380431,-7.33989482563495,0.909347782963029
-13.1453180079065,-6.73685643695593,-0.0138736204569373
-13.098188739552,-6.10555262360892,-0.948882091045139
-12.9627952371134,-5.46719896550867,-1.87591409858591
-12.7492828786144,-4.84233539243103,-2.77707590695658
-12.4691787619725,-4.24945017872692,-3.63711547049798
-12.1342304668099,-3.70398144446981,-4.44378052683817
-11.7554887331583,-3.21773975192593,-5.18782287202763
-11.3427126596226,-2.79871931388427,-5.86275640924924
-10.9040985198218,-2.45122018408646,-6.46448546582721
-10.4462777128818,-2.17618914691037,-6.99090069839312
-9.97450106753538,-1.97169388183816,-7.44150742031536
-9.49292232512903,-1.83346233413986,-7.81711796167869
-9.00490563767133,-1.75543834851382,-8.11961335496797
-8.51330239418515,-1.73032060024188,-8.35176308130294
-8.0206652096902,-1.75006315791371,-8.51708433850989
-7.52938715167013,-1.8063232398511,-8.61972210674679
-7.04176985251744,-1.89084636060367,-8.66433547159635
-6.56003420133649,-1.99578254690795,-8.65598170604805
-6.08629205622342,-2.11393057725701,-8.59999557286957
-5.62249780853401,-2.23891060968147,-8.50186595513129
-5.17039597052456,-2.36526898648435,-8.3671147066555
-4.73147662427085,-2.48852208447553,-8.20118354438602
-4.3069457765313,-2.60514844073956,-8.00933425955507
-3.89771331274089,-2.7125397845517,-7.79656605301238
-3.5043978687936,-2.80892199134635,-7.56755195236084
-3.12734573823004,-2.89325646074909,-7.3265944838767
-2.7666598438426,-2.96513123425525,-7.07759932998072
-2.42223460906303,-3.02464957645275,-6.82406472576551
-2.09379298566119,-3.07232199723011,-6.5690838361053
-1.78092265759478,-3.10896598978044,-6.31535723256052
-1.48310932285087,-3.13561623413334,-6.06521274791957
-1.19976579813435,-3.15344674059676,-5.82063031562819
-0.930256402071297,-3.16370540485865,-5.58326980863242
-0.673916611019069,-3.16766070562796,-5.3545003092977
-0.43006834526351,-3.16655976579465,-5.13542962601013
-0.198031453116053,-3.16159667956306,-4.92693320058313
0.0228679519218924,-3.15388983999144,-4.72968181661741
0.233291645808664,-3.14446694615678,-4.5441677250964
0.433885341550427,-3.13425639438236,-4.37072895752284
0.625276117389952,-3.12408383718497,-4.20957170854634
0.808070810679361,-3.11467280607696,-4.060790748932
0.982855057591644,-3.10664842435976,-3.92438788431516
1.15019274355778,-3.10054337202243,-3.80028851227664
1.3106256997798,-3.09680539864283,-3.68835635499735
1.46467353632541,-3.09580580627799,-3.58840646079758
1.61283354298269,-3.09784843927811,-3.50021657776202
1.75558061711782,-3.1031788198782,-3.42353700806678
1.89336719555699,-3.11199315657719,-3.35809905364023
2.02662317736814,-3.12444702679841,-3.30362216310522
2.15575582850669,-3.1406635967945,-3.25981988703574
2.28114965943397,-3.16074129123112,-3.22640474376097
2.4031662644669,-3.18476086357384,-3.20309209154126
2.52214410785625,-3.21279184760494,-3.1896030951674
2.63839823718321,-3.24489839139063,-3.18566686612515
2.75221990011346,-3.28114448901014,-3.19102184563036
2.86387603615594,-3.32159863342866,-3.20541648927323
2.9736086110025,-3.36633791699004,-3.22860930089005
3.08163375734529,-3.41545160490897,-3.26036825176645
3.18814068280984,-3.46904420249008,-3.30046960951097
3.2932903028252,-3.52723802907827,-3.3486961890574
3.39721355392912,-3.59017530130361,-3.40483502639481
3.50000934128579,-3.6580197152636,-3.46867446394411
3.60174207327132,-3.73095750203253,-3.54000062519485
3.70243873617265,-3.80919791339037,-3.61859324555589
3.80208546380967,-3.89297307498714,-3.7042208167279
3.90062356086992,-3.98253712239255,-3.79663499379802
3.99794494580223,-4.07816451180195,-3.89556420840542
4.09388699036041,-4.18014737191733,-4.00070642871364
4.18822674972111,-4.2887917373017,-4.11172100885733
4.28067460122289,-4.40441247730892,-4.22821957871138
4.37086734319675,-4.52732671005976,-4.34975594142419
4.45836085035382,-4.65784547013521,-4.47581497383825
4.54262244119674,-4.79626338489975,-4.60580056688328
4.62302318832374,-4.94284611201501,-4.73902270292437
4.69883049632288,-5.09781530548767,-4.87468384882475
4.76920138535405,-5.26133091673564,-5.01186495104005
4.83317705101658,-5.43347070936161,-5.14951145567797
4.8896794196317,-5.61420698151662,-5.28641994391527
4.9375105757192,-5.80338065838866,-5.42122617048873
4.97535609304777,-6.00067314922342,-5.55239551478501
5.0017934333207,-6.2055766654143,-5.67821708855876
5.01530666064082,-6.41736406998503,-5.79680297115875
5.01430872058008,-6.63505976617433,-5.90609423152245
4.99717240828277,-6.85741361183981,-6.00387550383127
4.96227085561345,-7.08288032666732,-6.08779985771889
4.90802786151028,-7.30960727867897,-6.15542548468741
4.8329776449431,-7.53543381126716,-6.2042652515696
4.73583261624827,-7.75790530069229,-6.23184940514351
4.6155565826552,-7.97430481009499,-6.23580063598808
4.47143952532156,-8.18170443781544,-6.21391936080485
4.30316886648293,-8.3770371954994,-6.16427556309019
4.11089119709956,-8.55718851763287,-6.08530201730936
3.89525799439687,-8.71910441857132,-5.9758824496738
3.65744914263521,-8.85991110232662,-5.8354274290274
3.39916922009633,-8.9770388114845,-5.66393078319001
3.12261353755782,-9.0683412356615,-5.46200026248413
2.83040364425631,-9.13220121871336,-5.23085803935163
2.52549512186537,-9.16761402644662,-4.97230927474384
2.21106350824496,-9.17424109884079,-4.6886800572888
1.89037664085985,-9.15242983422079,-4.38272907135685
1.56666317182039,-9.10319816701794,-4.05753989454457
1.24298724355099,-9.02818601846495,-3.71640246998334
0.922138315982895,-8.92957862374044,-3.36269282544476
0.606543116971387,-8.81000887008898,-2.99975951695231
0.298204025424511,-8.67244689228254,-2.63082375741665
-0.00133466095460227,-8.52008523840609,-2.25889808525194
-0.290993755734146,-8.35622708992042,-1.88672611737119
-0.570142791386283,-8.18418356039216,-1.51674376332383
-0.838564873820786,-8.00718431468476,-1.15106050587017
-1.09640810642172,-7.8283039297026,-0.791458111681009
-1.34412890722853,-7.65040477803719,-0.439403445000594
-1.58243204481266,-7.47609589236877,-0.0960718529175871
-1.81221139947004,-7.30770631626943,0.23762223973398
-2.03449448533565,-7.1472708579306,0.560990473333528
-2.25039278345678,-6.99652588807574,0.87353384112374
-2.46105903291922,-6.85691279280388,1.17490595667189
-2.66765186415132,-6.72958683380749,1.46487759988171
-2.87130755942519,-6.61542941706628,1.74330337858314
-3.07311828966486,-6.51506207422825,2.01009097330188
-3.27411588772941,-6.42886078021625,2.26517315805817
-3.47526005227641,-6.35696954123883,2.50848260317718
-3.67742980700875,-6.29931247556522,2.73992935596397
-3.8814170433676,-6.25560386992172,2.95938084951341
-4.08792103062548,-6.22535592803757,3.16664429761105
-4.29754287131674,-6.20788413952101,3.36145138510814
-4.51077900314458,-6.20231039389756,3.54344525057803
-4.72801299741038,-6.20756415405315,3.712169874972
-4.94950507977298,-6.22238219271461,3.86706213017429
-5.17537900654715,-6.24530759037386,4.00744689766968
-5.40560617583749,-6.27468889543882,4.1325358305274
-5.63998714506241,-6.30868055487336,4.24143048833713
-5.87813107040751,-6.34524592726681,4.33313070623608
-6.11943398007285,-6.38216437318737,4.40654914128146
-6.36305723389758,-6.41704405349264,4.46053294146705
-6.60790798659595,-6.44734211892262,4.49389336903549
-6.85262392373211,-6.47039389929305,4.5054439431827
-7.09556492337133,-6.48345244894808,4.4940472149838
-7.33481453844819,-6.48373933066572,4.45866962989096
-7.56819420819146,-6.46850679068788,4.39844307555273
-7.79329280172531,-6.4351104888118,4.31273069669267
-8.00751339840526,-6.38109073860092,4.20119347243547
-8.20813808061226,-6.30425887828534,4.06385303238009
-8.39240998123254,-6.20278408680244,3.901145414917
-8.55762999779072,-6.07527488530678,3.71396014239942
-8.70126365475176,-5.9208489484415,3.50365928140485
-8.82105183542105,-5.73918489651399,3.27207218482932
-8.91511782028049,-5.53055057996895,3.02146337635913
-8.98206253898134,-5.29580400866483,2.75447339614732
-9.02104035405135,-5.03636537701041,2.47403509855127
-9.03180907994599,-4.75416130470565,2.18327049710711
-9.01475015817878,-4.45154506706871,1.88537537889813
-8.97085765429025,-4.13119882454662,1.58350021106359
-8.90169761075362,-3.79602534251784,1.28063612772798
-8.80934186218776,-3.44903722614226,0.979513994585351
-8.69628234943646,-3.09325126502698,0.682522866125653
-8.56533304957779,-2.73159424155138,0.391651883744428
-8.41952682659951,-2.36682477695846,0.108457184797076
-8.26201390847722,-2.00147379179128,-0.165946938472755
-8.09596752045161,-1.63780424178675,-0.430875296430021
-7.92450070585669,-1.27778918390714,-0.68604145815041
-7.75059678936032,-0.923106059300183,-0.931514470986119
-7.57705447869415,-0.575144384353824,-1.16766741298703
-7.40644738841991,-0.235023775890048,-1.39512219373195
-7.24109686390732,0.0963806865157546,-1.61469435502216
-7.08305639056257,0.418408445868441,-1.8273407945851
-6.93410555910624,0.730581040949844,-2.0341124671121
-6.79575146822987,1.032569016127,-2.23611329898184
-6.66923552082174,1.32415944033055,-2.43446584347512
-6.55554375238877,1.60522488593032,-2.63028363003097
-6.45541907287972,1.87569437051763,-2.82464972912878
-6.36937406989126,2.1355264966314,-3.01860075331503
-6.29770328761534,2.38468483291527,-3.21311532567904
-6.2404941471721,2.62311545712003,-3.40910594737774
-6.19763590344064,2.85072651735424,-3.60741316381049
-6.16882624041864,3.06736965415588,-3.80880094595683
-6.15357529504303,3.27282315500403,-4.01395225482303
-6.15120707464594,3.46677677936727,-4.22346383353281
-6.16085840381542,3.64881829245509,-4.43783936912603
-6.18147571102224,3.81842187659594,-4.65748028530576
-6.21181015222567,3.97493874763456,-4.88267357337596
-6.25041177450742,4.11759048556856,-5.11357625036314
-6.29562365135199,4.2454657865013,-5.35019626240523
-6.34557717143756,4.35752154474557,-5.59236994055526
-6.39818992663025,4.45258936071527,-5.83973647648498
-6.45116790465207,4.5293887147905,-6.09171032379203
-6.50201391801176,4.58654811287799,-6.34745294418901
-6.54804434999533,4.62263545017367,-6.60584588975084
-6.58641631399809,4.63619860387867,-6.86546780533335
-6.61416713708926,4.62581680195945,-7.124578486795
-6.62826762270374,4.59016258331746,-7.38111355096237
-6.62568976184201,4.52807315108258,-7.63269344839918
-6.6034884180281,4.43862865547161,-7.87665035298895
-6.55889503175693,4.32123351725489,-8.11007577432758
-6.48941967210541,4.17569548031175,-8.32989048024069
-6.39295598953941,4.00229589258871,-8.53293648342916
-6.26788205847163,3.80184403244566,-8.71608854389091
-6.11314905478758,3.57570838991538,-8.87638010094766
-5.92834949893055,3.3258188754522,-9.01113612686924
-5.71375763158469,3.0546360143813,-9.11810351019452
-5.47033643731299,2.76508614892673,-9.19556864088198
-5.19970873886475,2.46046515896873,-9.24245217804247
-4.90409328224731,2.1443167129486,-9.25837262594379
-4.5862102933749,1.82029399477668,-9.24367316232239
-4.24916403712845,1.49201571279592,-9.19940975218157
-3.8963119598371,1.16292766560765,-9.12730237957058
-3.53113075571818,0.836180166643589,-9.02965464715287
-3.1570891333868,0.514529436174308,-8.9092495376438
-2.77753538318036,0.20026808347641,-8.76923051134495
-2.3956054463919,-0.104813454543596,-8.61297727785862
-2.01415451806295,-0.399435681806073,-8.44398469000346
-1.63571269392591,-0.682812608208058,-8.26575157030722
-1.26246310657038,-0.954613315064286,-8.08168425682796
-0.896239549602249,-1.21490848792841,-7.89501758249482
-0.538539788638343,-1.46410789350972,-7.70875413960699
-0.190550528609593,-1.70289421231047,-7.5256211872363
0.146819786850457,-1.93215770758033,-7.34804349673071
0.47290367911614,-2.15293511095458,-7.17812978693503
0.787235545571821,-2.36635499473384,-7.01767011582149
1.08951282067817,-2.57359089111575,-6.86814158624364
1.37955881468674,-2.7758225738325,-6.73071990497774
1.65728813282462,-2.97420526272759,-6.60629463022077
1.92267516183088,-3.16984604387115,-6.49548629308204
2.17572580415671,-3.36378649648321,-6.39866394018797
2.4164524329389,-3.55699035432561,-6.31596198970021
2.64485191817982,-3.75033497254934,-6.24729560685718
2.86088652061577,-3.94460539287839,-6.19237408205407
3.06446745002797,-4.14048987695355,-6.15071193540355
3.25544092700759,-4.33857589200174,-6.12163768159439
3.43357666153807,-4.53934567304053,-6.10430037466723
3.59855876015417,-4.74317064529906,-6.09767422159496
3.74997918882735,-4.95030416771254,-6.10056171318995
3.88733404402974,-5.16087225492613,-6.11159587608399
4.01002301142809,-5.37486215502998,-6.12924240289744
4.11735250993549,-5.59210890759277,-6.1518025681121
4.20854311485818,-5.81228028453135,-6.17741797876951
4.28274191037845,-6.03486082457889,-6.20407833047692
4.33904041770047,-6.25913600436485,-6.22963342258263
4.37649865723395,-6.48417793079393,-6.25181070776389
4.3941757071383,-6.70883426530144,-6.26823958144027
4.39116679576135,-6.9317223635203,-6.27648342365089
4.36664650033308,-7.15123078525932,-6.27408006077686
4.31991702297145,-7.36553034242665,-6.25859079628226
4.25045980507138,-7.57259664795249,-6.22765746575034
4.15798797904994,-7.77024565717313,-6.17906612609501
4.04249643006539,-7.95618292773053,-6.1108150506251
3.90430566457063,-8.1280662760023,-6.0211837668052
3.74409538648594,-8.28358023927497,-5.90879907097285
3.56292378705356,-8.42051938144779,-5.77269343074702
3.3622291472648,-8.53687617432436,-5.61235108132749
3.14381145401092,-8.6309281445329,-5.42773753791749
2.90979327889459,-8.70131839172809,-5.21930921507151
2.66256100664328,-8.74712360550127,-4.98800130542915
2.40468939754158,-8.76790440079174,-4.73519387054415
2.13885415653709,-8.76373411031988,-4.46265800519499
1.86773840584753,-8.73520396352993,-4.17248568836342
1.5939395303644,-8.68340460574092,-3.86700828113499
1.31988270552937,-8.60988589086876,-3.54870939447037
1.04774656801717,-8.51659855472018,-3.22013795159401
0.779405102610666,-8.40582254759328,-2.88382674706268
0.516388119282624,-8.28008737549768,-2.54222079027372
0.259860931936497,-8.14208977278236,-2.19761840843464
0.0106222500335323,-7.99461349663157,-1.85212668220327
-0.230881977009064,-7.84045514319249,-1.50763148177869
-0.464531874642571,-7.68235880363293,-1.1657812964832
-0.690497645846059,-7.52296126236023,-0.827983278963739
-0.909197815881855,-7.3647484121993,-0.495409469701545
-1.1212549908673,-7.21002270314417,-0.169010997235801
-1.32745191020867,-7.06088079087129,0.150461894233803
-1.52868996909014,-6.91920011227657,0.462435924394981
-1.72595175363328,-6.78663286732024,0.766488592978253
-1.92026852975808,-6.66460579520758,1.06232102105662
-2.11269309700116,-6.55432415935852,1.34973077032364
-2.30427798077134,-6.45677846220687,1.62858528943855
-2.49605859542883,-6.37275256541692,1.89879637933891
-2.68904075999448,-6.30283206845627,2.1602958643905
-2.88419177559328,-6.24741198079168,2.41301250318579
-3.08243416344116,-6.20670289922259,2.6568500685278
-3.28464109876673,-6.1807350667959,2.89166646658447
-3.49163254589558,-6.16935984292637,3.11725374688603
-3.70417109241676,-6.17224825925159,3.33331887572135
-3.92295648960246,-6.18888647900733,3.53946520532772
-4.1486179304674,-6.21856812850477,3.735174671581
-4.38170313958909,-6.26038363880551,3.91979089652781
-4.62266341912686,-6.31320693643894,4.09250356238887
-4.87183390814749,-6.37568006685672,4.25233466305399
-5.12940848775851,-6.44619663495305,4.39812752714716
-5.39540902788412,-6.52288531149724,4.52853983734791
-5.66964905098985,-6.6035950837292,4.64204222838837
-5.95169241124446,-6.68588441176895,4.73692440195032
-6.24080827542728,-6.7670169611283,4.81131100335865
-6.53592454963915,-6.84396706233122,4.8631896935102
-6.83558290121979,-6.91343841821725,4.89045382812332
-7.13789961419218,-6.97189972224342,4.89096181491016
-7.44053756985694,-7.01564062340243,4.86261444159439
-7.74069547934432,-7.04085071927717,4.80345015566871
-8.03512087033143,-7.04372284027504,4.71175638586151
-8.32015296931621,-7.02057973114025,4.58619257894314
-8.59180026344791,-6.96802038686147,4.4259178789768
-8.8458550048281,-6.88307898018609,4.23071366283096
-9.07804325365392,-6.76338595280158,4.00108898533796
-9.28420452958713,-6.60731804163691,3.73835598635362
-9.46049033895612,-6.41412247858788,3.44466303134709
-9.60356660481172,-6.18400097064139,3.12297613776327
-9.71080228169117,-5.9181417026922,2.77700403200384
-9.78042598582759,-5.61869242527133,2.41106845141229
-9.8116347255929,-5.28867408752377,2.02992807005881
-9.80464362099323,-4.9318413993797,1.6385704513186
-9.76067210938865,-4.5525028921635,1.24199053332386
-9.68186937143789,-4.15531734560875,0.844975531072584
-9.57118827137517,-3.74508513488514,0.451914585381547
-9.43222189238323,-3.32655199527129,0.066647436247443
-9.26901913009132,-2.90423936295981,-0.307639233802937
-9.08589571762723,-2.48231069405742,-0.668465221113044
-8.88725491772108,-2.06447799560556,-1.01406290442994
-8.67742865552409,-1.65394811066216,-1.34334309276997
-8.46054588019803,-1.2534046852009,-1.65583014743848
-8.24043112346346,-0.865019466512546,-1.95157673243358
-8.02053304124636,-0.490485600268307,-2.23106802785459
-7.80388041103264,-0.131065665391763,-2.49512380632311
-7.59306163856654,0.212352018431032,-2.74480486231296
-7.39022319077319,0.539194086354319,-2.98132826851202
-7.19708233550843,0.849143792014204,-3.20599407480875
-7.01494993701387,1.14208636308222,-3.42012451713551
-6.84475965409577,1.41805971244164,-3.62501562598332
-6.6871005796,1.67721133544598,-3.82190031293922
-6.54225104990878,1.91976161807525,-4.01192152355832
-6.41021198410543,2.1459733767859,-4.19611381361102
-6.29073865508153,2.35612721040972,-4.37539166747786
-6.18337024019745,2.55050212736116,-4.55054297238774
-6.08745685061685,2.72936088093616,-4.72222624079824
-6.00218400620326,2.8929394709639,-4.89097039742305
-5.9265947195107,3.04144032743958,-5.05717618977352
-5.85960949047355,3.17502876294451,-5.22111852300535
-5.80004460391939,3.29383235249543,-5.38294924950994
-5.74662917378309,3.39794296257624,-5.54270015394664
-5.69802139730077,3.48742119890919,-5.70028606110543
-5.65282447372324,3.5623030705258,-5.85550815447772
-5.60960260764114,3.62260867308087,-6.00805772553724
-5.56689745807781,3.66835267583665,-6.15752067515887
-5.52324531177508,3.69955635467731,-6.30338315652126
-5.47719515349952,3.71626085010938,-6.445038780028
-5.42732767968888,3.71854124883768,-6.58179779200045
-5.3722751580612,3.70652099694518,-6.7128985875692
-5.31074188101193,3.68038606115132,-6.83752182332404
-5.2415248035016,3.64039817343787,-6.95480725846348
-5.16353380807643,3.58690643633127,-7.0638732795355
-5.07581091407217,3.520356544424,-7.1638388627092
-4.97754765920851,3.44129690409996,-7.2538475125714
-4.86809984317884,3.35038101650718,-7.33309250529533
-4.74699884518306,3.24836563213251,-7.40084257685701
-4.61395881651602,3.13610438579992,-7.45646705449885
-4.46887920465452,3.01453686804528,-7.49945935053002
-4.31184227863761,2.88467336494607,-7.52945773566523
-4.14310558138793,2.74757578021041,-7.54626239104024
-3.96308951140795,2.60433551412592,-7.54984790153392
-3.77236050884375,2.45604928755589,-7.54037058655313
-3.57161056370336,2.30379404316631,-7.51817034826896
-3.36163395456863,2.14860211522423,-7.48376702585843
-3.14330224805183,1.99143782773164,-7.43785154949684
-2.91753863424677,1.83317656258847,-7.3812724626877
-2.68529264208391,1.67458714848994,-7.31501860353613
-2.44751617956178,1.51631817810062,-7.24019888930483
-2.20514169236046,1.3588885905243,-7.15802022686392
-1.95906304914947,1.20268258367121,-7.06976457553198
-1.71011956272497,1.04794866978742,-6.97676612644981
-1.45908336112867,0.894802475245879,-6.88038944726476
-1.20665014687188,0.743232724526465,-6.78200928854028
-0.953433235616702,0.593109743364845,-6.68299257546714
-0.69996065379238,0.444195766543797,-6.58468293031837
-0.446674999062817,0.296156336167429,-6.48838790019148
-0.193935726391706,0.148572117694244,-6.39536891011883
0.057976488508965,0.000950533072808901,-6.30683382931794
0.308853642691665,-0.147263297619251,-6.22393193070883
0.558552857761073,-0.296676712313702,-6.14775094067399
0.806987644341614,-0.447941062617305,-6.07931581517562
1.05411817731642,-0.601744869959426,-6.01958883619063
1.29994071767942,-0.758808689831253,-5.96947059459182
1.54447625110203,-0.919881707380653,-5.92980140738231
1.78775834562838,-1.08574001186686,-5.90136270389119
2.02982016212566,-1.25718642818262,-5.88487790275091
2.27068048165063,-1.43505171724576,-5.88101228524203
2.51032854406526,-1.62019688875247,-5.8903713475455
2.74870742263507,-1.81351629374315,-5.91349708197351
2.98569559130391,-2.01594107395447,-5.95086159371905
3.22108627751973,-2.22844243261389,-6.00285740476789
3.45456413865146,-2.45203404932167,-6.06978373195564
3.68567876206419,-2.68777278211019,-6.15182795611773
3.9138144801082,-2.93675657563969,-6.24904143234957
4.13815602998849,-3.20011822098271,-6.36130874197104
4.35764970105905,-3.47901328933944,-6.48830947766329
4.57095983489252,-3.77460019732526,-6.62947171869537
4.77642092458705,-4.08800997688967,-6.78391654253187
4.97198615947058,-4.42030296152528,-6.95039330032774
5.15517414989126,-4.77240933661028,-7.12720604562317
5.32301681691195,-5.14505045296089,-7.31213255630833
5.47201310265122,-5.53863814090866,-7.50233894924358
5.59809526522824,-5.95315022047186,-7.69429506470809
5.6966169952675,-6.387982268902,-7.88369865389148
5.76237520227647,-6.84177878905644,-8.06541987991863
5.78967961104858,-7.31225147505679,-8.23348147213106
5.77248552167094,-7.79599835919106,-8.38109345815457
5.70460414303242,-8.28834491786769,-8.5007637131555
5.58000051031685,-8.78323575486514,-8.58450513285485
5.39317992218906,-9.27321147916267,-8.62415528252128
5.13964949210643,-9.7495072361221,-8.61181327290654
4.81642258597682,-10.2023039889833,-8.5403806688018
4.42251348338542,-10.6211485600716,-8.40416966818344
3.95935271053636,-10.9955330715557,-8.1995165468519
3.43104677598628,-11.3155916546701,-7.92531810748906
2.84441547636969,-11.5728390706567,-7.58340156071261
2.20876791939641,-11.7608520828055,-7.17865027529528
1.53542128567819,-11.8757896588018,-6.71884056607029
0.8370141670471,-11.9166674784113,-6.21419244622275
0.126705673950094,-11.8853431709458,-5.67668810763305
-0.582629335174201,-11.7862208464542,-5.1192516816044
-1.2791047575579,-11.6257323469818,-4.55490182166219
-1.95235153500241,-11.411685330707,-3.99598161716274
-2.5938339580371,-11.1525782170728,-3.45354320883802
-3.19695828703299,-10.8569704000592,-2.93692737075597
-3.75700839731893,-10.532970128474,-2.45354208312917
-4.27095941239758,-10.187871363667,-2.00881656035438
-4.73722294337346,-9.82794272881807,-1.60629156378688
-5.15537037230138,-9.45835109891433,-1.24780235385728
-5.52586837004399,-9.08319079884724,-0.933714224770377
-5.84984763130421,-8.70558569697121,-0.663178527901462
-6.12891432253738,-8.32783344656201,-0.434386318467305
-6.36500520752942,-7.95156632736277,-0.244805211779078
-6.56028200015206,-7.57790959510407,-0.0913917130004407
-6.71705773929064,-7.20762461115739,0.0292240353312273
-6.83774719512577,-6.84122953848925,0.120581229161242
-6.92483380856381,-6.47909473690551,0.186257669660689
-6.98084686407235,-6.12151313607852,0.229763209182599
-7.00834407883916,-5.76874792929752,0.254455102326493
-7.00989627669856,-5.42106110182181,0.263473066700626
-6.98807213516513,-5.07872678828296,0.259692003330819
-6.94542206306974,-4.74203343537137,0.245690447677362
-6.88446105766638,-4.41127839664401,0.223732887899303
-6.80765091484413,-4.08675804458351,0.19576410359617
-6.71738245857225,-3.76875586033765,0.163413670262248
-6.6159585621054,-3.45753033476034,0.128008770917282
-6.5055787034074,-3.15330394036307,0.0905934810799648
-6.38832567782824,-2.856253944933,0.0519527616789035
-6.26615492304009,-2.56650544788606,0.012639511871344
-6.14088672697403,-2.28412673010868,-0.0269968035036882
-6.01420141247522,-2.00912680800598,-0.0667812388718629
-5.88763743776786,-1.74145495835662,-0.106685231992953
-5.76259222770509,-1.48100191603119,-0.146800085840009
-5.64032545982409,-1.22760242572292,-0.187312684486714
-5.52196447023139,-0.981038837537726,-0.228483853153047
-5.40851141368426,-0.741045463220979,-0.270629590814963
-5.30085180502875,-0.507313446400792,-0.314105251072112
-5.19976408011143,-0.279495940534631,-0.359292625159994
-5.10592983828042,-0.0572134284498274,-0.406589789605519
-5.01994446101727,0.159940944677595,-0.456403517817775
-4.94232783815927,0.372396118323269,-0.509144016477799
-4.87353497136197,0.580598005674518,-0.565221729909962
-4.81396626137778,0.785004558607428,-0.625045954448422
-4.76397731945582,0.986081016781847,-0.68902501603453
-4.72388817226611,1.18429532529132,-0.757567784097445
-4.693991753174,1.38011368270457,-0.831086319817834
-4.67456158967626,1.57399615914335,-0.909999484258561
-4.66585860677389,1.76639230148158,-0.994737359110527
-4.66813696849804,1.95773661901436,-1.08574635785274
-4.68164887422382,2.14844381718156,-1.18349492612254
-4.7066482122261,2.33890361823843,-1.28847974531094
-4.7433929494387,2.52947497519885,-1.4012323610791
-4.79214610268067,2.72047944797487,-1.52232615666591
-4.85317509161433,2.91219346747761,-1.65238357716127
-4.92674921611734,3.10483916375987,-1.79208348239868
-5.01313492918704,3.29857337763152,-1.94216845901579
-5.11258848959897,3.49347441174366,-2.10345185177425
-5.22534547530454,3.68952600816306,-2.27682417445903
-5.35160651881971,3.88659796792012,-2.46325842432651
-5.49151849114306,4.08442275959567,-2.66381364260565
-5.64515021550833,4.28256740849323,-2.8796358275096
-5.81246164583452,4.48039993110261,-3.11195500601601
-5.9932653140047,4.67704960569874,-3.36207689834682
-6.18717876343397,4.87136048500205,-3.63136716126311
-6.39356668859828,5.06183781208103,-3.92122567928832
-6.61147165874631,5.24658746609136,-4.2330478106264
-6.83953271567359,5.42324933094414,-4.5681689398303
-7.07589193183947,5.58892665795903,-4.92778824021272
-7.31809036384576,5.74011520373714,-5.31286736840903
-7.56295693151075,5.87263827527601,-5.72400015009441
-7.80649678582194,5.98159685742503,-6.16125051955557
-8.04378982637965,6.06134765361938,-6.62395849379761
-8.26891514336993,6.1055258194064,-7.11051829225329
-8.47492290694177,6.10713271292347,-7.61813928469984
-8.65388068424856,6.05871092564464,-8.14260939455551
-8.79702467959387,5.95262744142733,-8.67809138932795
-8.89504553833378,5.78147887748709,-9.21699357397531
-8.93853021195435,5.5386184274719,-9.74996477678041
-8.91856336888598,5.218781563055,-10.2660648218115
-8.82746315428741,4.81875847780429,-10.7531509966988
-8.6595895029906,4.33803107841379,-11.1984947109491
-8.41212623573452,3.77927019549939,-11.5896008884425
-8.08571261094064,3.14858549041162,-11.9151522486178
-7.68479859951595,2.45544460487059,-12.1659547500924
-7.21762892712091,1.71222999091117,-12.3357357260515
-6.69582164703463,0.933471175079403,-12.4216559753616
-6.13358332098153,0.134857416541294,-12.4244441112433
-5.54667258369992,-0.667820607614956,-12.3481347107778
-4.95126591249586,-1.4596451939118,-12.1994696034487
-4.36288299901202,-2.22733843903528,-11.9870807825634
-3.79549752742186,-2.95975360773944,-11.7205988370105
-3.26090674558607,-3.64808402621087,-11.4098205591386
-2.76837787354516,-4.28583134390236,-11.0640331213147
-2.32454529540982,-4.86860261797689,-10.6915449982928
-1.93350633896308,-5.39381163431401,-10.299429548946
-1.59705486509087,-5.86034983393931,-9.89345457326614
-1.31499613392928,-6.26827391483401,-9.47815303492724
-1.08549753678684,-6.61853740973871,-9.05698491501488
-0.905442768099879,-6.91277668528373,-8.63254412025473
-0.770768665819087,-7.15314979835181,-8.2067734761962
-0.676772844605864,-7.3422196227317,-7.78116178367597
-0.618386222157467,-7.48286977504086,-7.35690746117202
-0.590408123150275,-7.57824192128418,-6.93504217551299
-0.587703599841848,-7.63168486323494,-6.5165145552367
-0.605363644024995,-7.64670842778436,-6.10223854281375
-0.638829605763468,-7.62693791681776,-5.69311341279743
-0.683983687258377,-7.57606727478025,-5.29002334355694
-0.737207966686648,-7.49781096137667,-4.89382411225908
-0.795415020857304,-7.39585570624573,-4.50532340836515
-0.856053785303875,-7.27381391404256,-4.12525980249205
-0.917094729634426,-7.13518059474333,-3.75428386260242
-0.976998667613281,-6.98329545814893,-3.39294348953617
-1.0346735341502,-6.82131137640144,-3.04167437524645
-1.08942325107519,-6.65216990615726,-2.70079562225691
-1.14089240598145,-6.47858406413821,-2.37050999792413
-1.18900993714581,-6.30302812417142,-2.0509079915035
-1.2339344121437,-6.12773387912966,-1.74197473690883
-1.27600286414226,-5.95469259337494,-1.44359889689304
-1.31568455396814,-5.7856617514077,-1.15558271887419
-1.35354049112501,-5.62217566937517,-0.877652624052821
-1.39018909320913,-5.46555905805968,-0.609469848212013
-1.42627799939241,-5.3169426898566,-0.350640795242111
-1.46246177950259,-5.17728041164203,-0.100726883414026
-1.49938508900428,-5.04736684733055,0.140746242786493
-1.53767070119113,-4.92785523874107,0.374280193970017
-1.57791178854436,-4.81927497450009,0.600396020680388
-1.62066781253086,-4.72204844985599,0.819627079086698
-1.66646340283874,-4.63650698296356,1.03251253244045
-1.71578965225879,-4.5629055841848,1.23959142751504
-1.76910731286421,-4.50143643383709,1.44139727327519
-1.82685144531195,-4.45224097073747,1.63845303863809
-1.88943714013911,-4.41542052928929,1.83126647595897
-1.95726599347147,-4.39104548734639,2.02032566590425
-2.03073307643307,-4.37916290133534,2.20609466712228
-2.11023418552207,-4.37980260977043,2.38900914025656
-2.19617319875922,-4.39298178194336,2.56947180015909
-2.28896938840744,-4.41870787570744,2.74784753251486
-2.38906455459841,-4.45697994730527,2.92445799141264
-2.49692984439281,-4.50778822743397,3.09957547273544
-2.61307210660719,-4.5711118415056,3.27341583484229
-2.73803960286563,-4.64691450871618,3.44613021345998
-2.87242684814818,-4.73513800468766,3.61779525313762
-3.01687828764798,-4.83569311716238,3.78840155500941
-3.17209042880964,-4.94844776539772,3.95784002314281
-3.33881193578435,-5.07321189473362,4.1258857843136
-3.51784105641336,-5.20971870350346,4.29217936587766
-3.71001958861848,-5.35760171817421,4.45620485383669
-3.91622240546044,-5.51636721660195,4.61726483252658
-4.13734135195083,-5.68536152639573,4.77445204773367
-4.37426211442877,-5.86373282058955,4.9266179611169
-4.6278324674454,-6.05038722982491,5.07233870584303
-4.89882016054845,-6.2439394324408,5.20987944609801
-5.18785867447547,-6.44265842392292,5.33715882265088
-5.4953792338074,-6.6444099637886,5.4517160634686
-5.8215279195227,-6.84659830786237,5.55068446570011
-6.16606761480772,-7.04611129618624,5.63077629033506
-6.52826599121508,-7.23927467747149,5.68828556830926
-6.90677293960697,-7.42182362530031,5.71911671656042
-7.29949385219894,-7.5889015260159,5.7188478960114
-7.70346891542801,-7.73509790196051,5.6828382528187
-8.11477279293065,-7.85453817402762,5.60638697550909
-8.52845314319433,-7.94103706758558,5.48494882106339
-8.93852930783431,-7.98832394278555,5.31440487174621
-9.33807284790481,-7.99034145312523,5.09137862652123
-9.71938789287995,-7.94160849782608,4.8135766755534
-10.074300329171,-7.83762518678353,4.48012173594334
-10.3945505040914,-7.67528352162193,4.09183638600741
-10.6722657888772,-7.45323600647603,3.65143173442187
-10.9004703633829,-7.17216936288117,3.16355954139384
-11.0735747496049,-6.83493525915742,2.63470044880439
-11.1877818878172,-6.44650569628416,2.072883730817
-11.241353190099,-6.01374543731561,1.48726103668838
-11.2346969862598,-5.54502246056115,0.887581521022236
-11.1702692432268,-5.04970292873578,0.283632031936645
-11.0523057755701,-4.53759326251791,-0.315290559918662
-10.8864292621169,-4.0183950912919,-0.900817631747221
-10.6791880791071,-3.50122953816024,-1.46582003571085
-10.4375855413604,-2.99426926671574,-2.00457830940152
-10.1686493605201,-2.50449541160568,-2.51281975198319
-9.87907597340399,-2.03757703823966,-2.98764611222322
-9.5749673950397,-1.59785650483372,-3.42738382116399
-9.26166308588759,-1.18841624294956,-3.83138978163037
-8.94365812409259,-0.811200452880194,-4.19984166063333
-8.62459233873335,-0.467167432607166,-4.53353479780761
-8.30729248225875,-0.156452872285977,-4.83370031722843
-7.99384993645854,0.121470138724557,-5.10185223091267
-7.68571868991252,0.367643525124196,-5.33966597969759
-7.38382140254887,0.583493961584631,-5.54888715630023
-7.08865457558829,0.770721694068758,-5.73126694011343
-6.80038674649077,0.931208109758698,-5.88851972792901
-6.51894602764553,1.06694048098666,-6.02229822155941
-6.24409515645119,1.17995171483602,-6.13418152456791
-5.97549356362236,1.27227278518951,-6.22567236765516
-5.71274687739827,1.34589563902075,-6.29820025921823
-5.45544485556465,1.40274462715291,-6.35312803881681
-5.20318906017136,1.44465482407199,-6.39175993727916
-4.95561173313654,1.47335591594497,-6.4153497898353
-4.7123873508012,1.49046061881608,-6.4251084994508
-4.47323827412211,1.49745682483986,-6.42221020903867
-4.23793579923235,1.49570285927146,-6.40779692157546
-4.00629777238849,1.48642536757101,-6.38298151665177
-3.77818377921593,1.47071944703531,-6.34884926131814
-3.5534887613835,1.44955069922816,-6.30645801240757
-3.33213576182366,1.42375891682865,-6.25683736613607
-3.11406835743539,1.39406313942913,-6.2009870370838
-2.89924320917796,1.36106782420301,-6.13987475010327
-2.68762304554831,1.32526988470435,-6.07443391186495
-2.47917029752741,1.28706635833162,-6.00556129934839
-2.27384152122434,1.24676247274386,-5.9341149654803
-2.0715826780176,1.20457989507715,-5.86091252133152
-1.87232528987572,1.16066496548981,-5.78672991301604
-1.6759834482783,1.11509673794403,-5.71230077211447
-1.48245162711379,1.06789467530167,-5.63831638278632
-1.29160323139084,1.01902587160292,-5.56542627782165
-1.10328980289769,0.968411700569734,-5.49423945025982
-0.917340799520567,0.915933814759134,-5.42532614697894
-0.733563865398756,0.861439443379019,-5.35922019560739
-0.551745513254484,0.804745957786368,-5.29642180575659
-0.371652147103842,0.74564469156827,-5.2374007792878
-0.193031362344989,0.683904016550657,-5.18260006137716
-0.0156134703423091,0.619271686987544,-5.13243956376247
0.16088679433498,0.551476471632621,-5.08732019296884
0.336768414158442,0.480229097601516,-5.04762801876706
0.512342094254903,0.405222531217271,-5.0137385208986
0.687928138450723,0.326131619786344,-4.98602085452007
0.863854187273774,0.242612114921725,-4.96484207621817
1.04045279494262,0.154299093096225,-4.95057127217228
1.21805880653462,0.0608047830942257,-4.94358352743076
1.39700647885143,-0.0382841964920307,-4.94426366960541
1.57762626836261,-0.143410192951289,-4.95300971078281
1.76024118623316,-0.25504847700679,-4.97023589717821
1.94516259289581,-0.373711814467421,-4.99637525592354
2.13268527181189,-0.499955664615205,-5.03188150105863
2.32308158269609,-0.634384013573545,-5.07723012467412
2.51659444711672,-0.777655839497014,-5.13291845228329
2.71342886245219,-0.93049218504319,-5.19946438153493
2.9137415720804,-1.09368377725275,-5.27740344757076
3.1176284389282,-1.26809908037987,-5.36728376353707
3.32510897508795,-1.45469258640212,-5.46965826757814
3.53610737204952,-1.65451303183387,-5.58507356466624
3.75042925592315,-1.8687110665185,-5.71405448000797
3.96773326465332,-2.09854567594147,-5.85708323916334
4.18749641950935,-2.34538835611341,-6.01457196020807
4.40897215888141,-2.61072363974811,-6.18682689278847
4.631139848423,-2.89614405415254,-6.37400258507692
4.85264462522154,-3.20333693763965,-6.57604393555175
5.07172664690003,-3.53405974452751,-6.79261394967135
5.2861393040474,-3.89009954199045,-7.02300506518179
5.49305686139327,-4.27321139762662,-7.26603227720339
5.68897350963343,-4.68502939400881,-7.51990719349131
5.86959816440201,-5.12694331007746,-7.78209386541191
6.02975278150092,-5.59993395483079,-8.04915012841824
6.1632866537527,-6.10436129914546,-8.3165626430659
6.26302512074105,-6.63970271806866,-8.57859019507103
6.32077798038515,-7.20424479183677,-8.82813818961814
6.32743959616395,-7.79474216961892,-9.05669720630126
6.27321722576173,-8.40607150404356,-9.25438852708153
6.14802327643837,-9.03092682918733,-9.41016683075102
5.94205690579387,-9.65962235308118,-9.51223021946345
5.64657660329374,-10.2800839649817,-9.54867465314697
5.25482625734415,-10.8781133729708,-9.50839842776406
4.76302601842011,-11.4379889706335,-9.38221086168793
4.17128701908655,-11.9434183875648,-9.16403371467509
3.48427436599326,-12.3787810601356,-8.85202008102994
2.71144700230439,-12.7305106072423,-8.44937790010801
1.8667596482709,-12.9883949753629,-7.96469799171564
0.967815991928964,-13.1465496576784,-7.41166056316921
0.034585744802562,-13.2038659171294,-6.80811644493332
-0.912100886954349,-13.1638456576374,-6.17467349971789
-1.85202616073062,-13.0338734098032,-5.53301959532864
-2.76680073435357,-12.8240965577366,-4.90424885755711
-3.64068448078252,-12.5461492820836,-4.30742285485206
-4.46098025412356,-12.2119510397553,-3.75851495204077
-5.21805849432045,-11.8327508340822,-3.26978895184778
-5.90512242071492,-11.4185032804305,-2.84958246969208
-6.51783465151849,-10.9775807032933,-2.50241669040563
-7.05390708085966,-10.5167661095137,-2.22933746035533
-7.5127222376393,-10.0414411220396,-2.02839892317476
-7.89501955625136,-9.55587760961254,-1.89521853705709
-8.20265227901213,-9.06355401909386,-1.82355202966259
-8.43840325055131,-8.5674389015049,-1.80585338085107
-8.60584023644528,-8.07020794436575,-1.8337966149335
-8.70919129934633,-7.57438230569598,-1.89874366787405
-8.75322530047957,-7.08239257701251,-1.99214743860561
-8.74312906751457,-6.59658331626546,-2.10588285927109
-8.68437909685127,-6.11917801460601,-2.23250240145278
-8.58261052001395,-5.65222460453257,-2.36541619949823
-8.44348888756048,-5.19753860269773,-2.49900074558479
-8.27259114507556,-4.75665620955221,-2.62864348054751
-8.07530142958533,-4.33080447895677,-2.75073315617907
-7.85672561362019,-3.92089099539424,-2.8626073227497
-7.62162647088247,-3.52751192033996,-2.9624686571706
-7.37437940351639,-3.15097498694238,-3.04928123675702
-7.11894714667365,-2.7913329488022,-3.1226565413522
-6.85887086833111,-2.44842287426523,-3.18273723044582
-6.59727459636113,-2.12190721014255,-3.23008486446626
-6.33687983695696,-1.81131341980343,-3.26557593160982
-6.08002747347527,-1.51606998938743,-3.29030894101918
-5.82870442995808,-1.23553752541983,-3.30552402000329
-5.58457304828162,-0.969034441032815,-3.31253542505927
-5.34900159025853,-0.715857307117306,-3.31267662648698
-5.12309469226107,-0.475296330021513,-3.30725711771224
-4.90772294892679,-0.246646633881035,-3.29752978872244
-4.70355107927679,-0.0292161094378143,-3.28466754401509
-4.51106433811766,0.177669419578409,-3.26974779934092
-4.33059298796558,0.37466303219548,-3.25374352478132
-4.16233475360356,0.562394970274588,-3.2375195874761
-4.00637525392583,0.741471858322711,-3.22183326487617
-3.86270645349665,0.912476528033213,-3.20733793323677
-3.73124320681424,1.07596818990897,-3.19458907495863
-3.61183798722564,1.23248277526733,-3.18405188446724
-3.5042939037109,1.38253333539507,-3.17610988034578
-3.40837611494326,1.52661043158736,-3.17107404814536
-3.32382175277293,1.66518248238609,-3.16919214191627
-3.25034846755521,1.79869605514603,-3.1706578623666
-3.18766170611509,1.92757610076754,-3.17561970577577
-3.13546082993881,2.05222613548738,-3.18418934103213
-3.09344417661667,2.17302837409627,-3.1964494234361
-3.06131316178733,2.2903438165197,-3.2124607944247
-3.03877551199905,2.40451228561899,-3.2322690474238
-3.02554771115409,2.51585240924399,-3.25591046291387
-3.0213567346929,2.62466153459591,-3.2834173317313
-3.02594113655715,2.73121555820598,-3.31482269574189
-3.03905154439096,2.83576865049239,-3.35016454030704
-3.06045060853379,2.93855284999863,-3.38948947426223
-3.08991244024374,3.03977749904098,-3.43285593114111
-3.12722156437203,3.13962848956732,-3.48033692066361
-3.17217140147823,3.23826728551626,-3.5320223524873
-3.22456228421999,3.33582968584688,-3.58802094520132
-3.28419900286185,3.43242429071334,-3.64846172272449
-3.35088786503934,3.52813063207234,-3.71349508776864
-3.42443324563891,3.62299692950727,-3.78329344790275
-3.50463359402674,3.71703743250481,-3.85805135401953
-3.59127685818716,3.81022931222688,-3.93798509367986
-3.68413527904833,3.902509069534,-4.02333166294006
-3.78295950397943,3.99376843236142,-4.11434701998507
-3.88747196695739,4.08384972545897,-4.21130350247624
-3.99735948530327,4.17254071013607,-4.31448626848166
-4.1122650305826,4.25956891240426,-4.4241885990213
-4.23177864602124,4.34459548641734,-4.5407058799087
-4.35542750678287,4.42720869820991,-4.66432806357781
-4.48266515526933,4.50691716438415,-4.79533040057601
-4.61285999418018,4.58314304350344,-4.93396222893132
-4.74528318856652,4.65521545612898,-5.08043362229333
-4.87909621765946,4.72236450359077,-5.23489973040858
-5.0133384304855,4.78371636535855,-5.39744270509726
-5.14691509768444,4.83829007789028,-5.56805119939079
-5.27858661489079,4.8849967287314,-5.74659756526879
-5.40695969653143,4.9226419290035,-5.93281306442142
-5.53048159404013,4.94993254066656,-6.12626165259358
-5.64743856385351,4.96548871140265,-6.32631320310569
-5.75595997462781,4.96786228258544,-6.53211739381773
-5.85402954742588,4.95556255186218,-6.74257987839052
-5.93950522611145,4.92709015550107,-6.9563427675446
-6.01014903072292,4.8809794525675,-7.17177181275007
-6.06366790646539,4.81584921800624,-7.38695294948389
-6.09776600588997,4.7304606787778,-7.59970094109141
-6.11020801341558,4.62378098091973,-7.80758268153462
-6.09889205648797,4.49504912163663,-8.00795718691425
-6.06192951201799,4.34384033249299,-8.19803337927061
-5.99772773265285,4.17012401526376,-8.37494543926748
-5.90507056099273,3.974309797562,-8.53584384562777
-5.78319068248184,3.75727627607731,-8.67799838081846
-5.63182760096038,3.52037769248169,-8.79890759544856
-5.4512654686733,3.265425192566,-8.89640777064708
-5.24234623098481,2.99464137856808,-8.9687735828684
-5.00645548594996,2.71058936449863,-9.01480268237912
-4.745480896111,2.41608015334308,-9.03387734579027
-4.46174559258155,2.11406448077282,-9.02599819256622
-4.15792139212717,1.80751693906026,-8.99178743816953
-3.83692844543724,1.49932093628519,-8.93246193896418
-3.50182889351861,1.19216275260628,-8.84977895952082
-3.15572213179418,0.888441705498069,-8.74595978770622
-2.80164844064572,0.590201468246345,-8.6235977704819
-2.4425062490691,0.299085239205586,-8.48555792789223
-2.0809864470998,0.0163150941507276,-8.33487506257843
-1.71952525590095,-0.257306218030962,-8.1746563781586
-1.36027545688242,-0.521374341499857,-8.00799328310819
-1.00509444345937,-0.775847508102195,-7.8378855329843
-0.655546667052082,-1.02100049408812,-7.66717936780639
-0.312917595762527,-1.25737283373938,-7.49851999000612
0.0217637755343892,-1.48571527317552,-7.33431769206224
0.347696627068798,-1.70693770783413,-7.17672621200718
0.664276617997578,-1.92206101082427,-7.02763145412712
0.971062724303298,-2.13217433091333,-6.88864851772341
1.26774407167796,-2.33839869017158,-6.76112497237425
1.55410778825596,-2.54185708310072,-6.64614844642611
1.83000852937504,-2.74365078673642,-6.54455680572998
2.0953400294154,-2.94484123161986,-6.45694945148488
2.35000881545655,-3.14643654208158,-6.38369853025539
2.59391006889211,-3.34938171080022,-6.32495910702925
2.82690553634733,-3.55455130583769,-6.28067759361375
3.0488033619886,-3.76274359906394,-6.25059794668817
3.25933973237597,-3.97467503773786,-6.23426535449681
3.45816228677459,-4.19097404560891,-6.23102732409907
3.64481534620321,-4.41217323117446,-6.24003227012863
3.81872715026097,-4.63869919888812,-6.26022590003091
3.97919945861874,-4.87085930930568,-6.29034589848728
4.12540006914212,-5.10882492574251,-6.32891564245033
4.25635901878684,-5.3526109304468,-6.37423793201595
4.37096945317679,-5.60205160632063,-6.42439000010247
4.46799435510087,-5.85677337323296,-6.47722135663643
4.54608048048714,-6.11616534818978,-6.53035631099299
4.6037809214804,-6.37934926305182,-6.58120326664108
4.6395876486481,-6.64515090273643,-6.62697304569069
4.65197511987509,-6.91207587856776,-6.66470851441053
4.63945552467689,-7.17829315475758,-6.69132756828881
4.60064541513183,-7.44163019911267,-6.70368101885345
4.5343423446515,-7.69958380317065,-6.69862603933972
4.43960873071048,-7.94935036956812,-6.67311454256168
4.31585858507034,-8.18787866426957,-6.62429421313172
4.16294120379156,-8.41194659427433,-6.54961801349602
3.98121464340301,-8.61826150277672,-6.44695604305559
3.77160113747078,-8.80358090561317,-6.31470195538202
3.5356168247394,-8.96484780265651,-6.15186508504492
3.27536947002092,-9.09933209240319,-5.9581393400399
2.99352029458111,-9.2047676740233,-5.73394100852998
2.69320939912447,-9.27947398665366,-5.48040994655323
2.37794813317194,-9.3224513137089,-5.19937194711049
2.05148554387895,-9.33344122879207,-4.89326399217811
1.71765908218162,-9.31294684703559,-4.56502794800443
1.38024151532076,-9.26221157921464,-4.21798144300716
1.0427961901194,-9.18315921908471,-3.8556766521401
0.708551418030993,-9.07830177560525,-3.4817582306999
0.38030211548024,-8.95062398185413,-3.09983071876605
0.0603434444245354,-8.80345460468378,-2.71334366566007
-0.249562353047203,-8.64033454674705,-2.32549996439207
-0.548187915018911,-8.46489050600285,-1.93918994902684
-0.834815941697326,-8.28072100620438,-1.55695113744669
-1.10919353772728,-8.09129934110123,-1.18095140250579
-1.37147224321973,-7.89989574327302,-0.812991966080318
-1.62214008946655,-7.7095191545686,-0.454525926553478
-1.86195125638063,-7.52287748298506,-0.106687941303954
-2.09185781619991,-7.34235422134243,0.229668970197846
-2.31294683033975,-7.16999874141584,0.553932930619878
-2.52638488387444,-7.00752738398651,0.865691724534869
-2.73337110045764,-6.85633254426374,1.16469232160589
-2.93509883468028,-6.71749720970655,1.45080274331982
-3.13272560439482,-6.59181276403368,1.72397707671041
-3.32735039076512,-6.47979826666926,1.98422402514591
-3.5199971714886,-6.38171980952009,2.23157909123781
-3.71160342908435,-6.29760891772478,2.4660802958233
-3.90301235760366,-6.22727928555435,2.68774723165985
-4.09496754773227,-6.1703414198,2.89656321284021
-4.28810903800329,-6.12621500348572,3.09246029488774
-4.48296976115235,-6.09413899866441,3.27530699263006
-4.67997157807882,-6.07317968585499,3.44489860244074
-4.87942027128194,-6.06223699674255,3.60095013335956
-5.08149906302527,-6.06004964227984,3.74309196002753
-5.28626043169399,-6.06519967435669,3.87086842137426
-5.49361622507574,-6.07611724685079,3.98373969366351
-5.70332631362098,-6.09108645852732,4.08108735411867
-5.914986290145,-6.10825325892406,4.16222410881651
-6.12801500105664,-6.12563646722233,4.2264081702645
-6.34164297836633,-6.14114297649279,4.27286271851691
-6.55490311422716,-6.15258817080567,4.3008007467745
-6.76662515471568,-6.15772244730553,4.30945536211963
-6.97543575241385,-6.15426448700171,4.29811527409993
-7.17976586668124,-6.13994153960823,4.26616475855418
-7.37786719218422,-6.1125364734777,4.21312684737451
-7.56783899036909,-6.06994070360473,4.13870790316153
-7.74766616883488,-6.01021138471641,4.04284115008528
-7.91526869805639,-5.93163050566342,3.92572622914461
-8.0685615060668,-5.83276283449294,3.7878615220936
-8.20552292252824,-5.71250914739921,3.63006593918325
-8.32426866680377,-5.57015093863444,3.45348716943102
-8.4231274322336,-5.40538294364056,3.2595940875491
-8.5007134618197,-5.21833036408987,3.05015208104775
-8.55599127111808,-5.00954865050248,2.82718141965413
-8.58832793610723,-4.78000499488121,2.59290028926033
-8.59752913884629,-4.53104216698842,2.34965556269889
-8.58385638112648,-4.26432680490872,2.09984557725927
-8.54802429037684,-3.98178554540917,1.84583995934172
-8.49117855710148,-3.68553328311079,1.58990176852041
-8.41485654998447,-3.37779827188111,1.33411690066985
-8.32093387002073,-3.06084869951579,1.08033485588511
-8.21156090232154,-2.73692483038195,0.830123778064221
-8.08909375137169,-2.40817993620474,0.58474128860071
-7.95602382406149,-2.07663217345602,0.345121253179302
-7.81490983525885,-1.74412847121721,0.111875399371595
-7.66831526876738,-1.41232049717362,-0.114692242847371
-7.51875345782025,-1.08265196284842,-0.334560718638596
-7.36864156784388,-0.756355958155046,-0.547960262472418
-7.22026395865418,-0.434460674412044,-0.755336048594885
-7.0757447307536,-0.11780175775693,-0.957310227139619
-6.93702874785746,0.19296041325721,-1.15464448903637
-6.80587007716782,0.497320062396031,-1.34820491374406
-6.68382658475516,0.794903260497131,-1.53893034360003
-6.5722593402577,1.08544411070857,-1.72780504352975
-6.47233549383545,1.36876063944061,-1.91583597498568
-6.38503336065344,1.64473091510605,-2.10403465356025
-6.31114855952686,1.91326970705253,-2.29340327425957
-6.25130018321578,2.1743058258272,-2.48492457206359
-6.20593611411762,2.42776015385519,-2.67955472810461
-6.17533673187716,2.67352428147275,-2.87821852113096
-6.159616384504,2.91143960530767,-3.08180584720542
-6.15872211185552,3.14127672326092,-3.29116867651919
-6.17242922334819,3.36271497336147,-3.50711747607429
-6.20033344733083,3.57532201506412,-3.73041609561839
-6.2418394976001,3.77853344577199,-3.96177409077727
-6.29614605586867,3.97163258904375,-4.20183544616697
-6.36222736303757,4.15373079195519,-4.4511626727797
-6.43881186429776,4.32374883539511,-4.71021530548089
-6.5243586815264,4.48040039873212,-4.97932194308727
-6.61703310763298,4.62217893023558,-5.25864518821596
-6.71468284233549,4.74734974814748,-5.54813919694445
-6.81481731660886,4.85394970989165,-5.84750008348146
-6.91459316314543,4.9397972909801,-6.15611018474557
-7.01080963171781,5.00251633243476,-6.47297820375396
-7.09991842901011,5.03957693123142,-6.79667852048716
-7.17805293943025,5.04835681081364,-7.12529443646171
-7.24108186120668,5.02622583975795,-7.45637168318902
-7.28469173465858,4.9706549871981,-7.786889958793
-7.30450140396575,4.87934878068205,-8.11326124155381
-7.29620895135186,4.75039724573151,-8.43136375840137
-7.25576802585908,4.58243952693328,-8.73661932699755
-7.17958594983536,4.37482734435482,-9.02411898730253
-7.06473103433621,4.12777282746148,-9.2887972628759
-6.9091320090688,3.84246299985481,-9.52564929249941
-6.71174944366604,3.52112320014548,-9.7299781771491
-6.47269857744027,3.1670147109472,-9.89765338088795
-6.19330583205749,2.78435797675214,-10.0253563529532
-5.8760875507006,2.37818140870245,-10.1107880492744
-5.52464843826633,1.95410551966737,-10.1528155410839
-5.14350723836806,1.51808112607445,-10.151541345764
-4.73786641074403,1.07610670350586,-10.108288464216
-4.31334911109149,0.633952343807095,-10.0255045721906
-3.87572941041339,0.196915730232114,-9.90659834107293
-3.43068017398039,-0.23037023997811,-9.75572772086103
-2.98355806427947,-0.644066668398104,-9.57756322591768
-2.53923811125454,-1.041191863332,-9.37704876477834
-2.10200278498761,-1.41962335034097,-9.15917907681513
-1.6754838662101,-1.77804903943408,-8.92880756013753
-1.26265050407438,-2.11588092903046,-8.69049244621615
-0.865833988156637,-2.43314539024249,-8.44838391927606
-0.486778792841378,-2.73036291137522,-8.20615053574237
-0.126709945315847,-3.00842787793562,-7.96694042533788
0.213591808330838,-3.26849617088734,-7.73337119981254
0.533713705572407,-3.5118855956192,-7.5075420210449
0.833538292347287,-3.73999173574412,-7.2910615770843
1.11317740399674,-3.95421992153021,-7.0850864798896
1.37291443292794,-4.15593264652938,-6.89036558258223
1.61315546172015,-4.34641090967641,-6.70728673694199
1.83438911495428,-4.52682751373247,-6.53592346007289
2.03715453001456,-4.69823021200936,-6.37607979290906
2.22201660291859,-4.86153266744425,-6.22733229121171
2.38954756932223,-5.01751139029747,-6.08906859496792
2.54031398192749,-5.16680709040093,-5.96052239097071
2.67486820362168,-5.3099291719675,-5.84080483773498
2.79374362171891,-5.44726238336213,-5.72893268441282
2.89745288289425,-5.57907489243921,-5.62385340672769
2.9864885383816,-5.70552728004875,-5.52446772079516
3.06132556783547,-5.82668212590586,-5.42964983439338
3.12242531496741,-5.94251400177571,-5.3382657661491
3.17024041843619,-6.05291978872667,-5.24919001510059
3.20522035911973,-6.15772930126438,-5.16132080319397
3.22781727264502,-6.25671623545763,-5.07359404712916
3.23849169742845,-6.34960946514201,-4.98499614836428
3.23771794732842,-6.43610469471286,-4.89457562519909
3.22598881816301,-6.51587644396613,-4.80145355246583
3.20381936228194,-6.58859029526652,-4.70483272586886
3.17174949794028,-6.65391528158967,-4.60400543240392
3.1303452623014,-6.71153624136762,-4.49835968791552
3.0801985692246,-6.76116591811211,-4.38738379926504
3.0219253949661,-6.80255654462835,-4.27066912229713
2.95616238456992,-6.83551062762699,-4.14791091712222
2.88356194581361,-6.85989064193498,-4.01890724721999
2.80478597186262,-6.87562735610385,-3.88355592533572
2.72049840342576,-6.88272654317917,-3.74184957289024
2.6313569012322,-6.88127388018728,-3.59386892577443
2.53800394553846,-6.87143790438256,-3.43977458282147
2.44105770754419,-6.85347096904378,-3.27979744906215
2.34110304583658,-6.82770822130762,-3.11422816990117
2.23868296871578,-6.79456470353106,-2.94340588155386
2.13429087159456,-6.75453075254767,-2.76770661577192
2.02836381029429,-6.70816593320879,-2.58753169285265
1.92127700990889,-6.65609179018391,-2.40329641735293
1.81333973972322,-6.59898373291194,-2.21541935816687
1.70479261250669,-6.53756238207174,-2.02431245186104
1.59580629622814,-6.47258470257337,-1.83037211902556
1.48648156210834,-6.40483522961188,-1.63397153158709
1.37685053827,-6.33511766337455,-1.43545411796101
1.26687899527787,-6.26424706765946,-1.23512834548941
1.15646945964799,-6.19304286122128,-1.03326377803473
1.04546493393497,-6.12232274125001,-0.83008837236216
0.933652996365424,-6.0528976287829,-0.625786950833735
0.820770057584636,-5.98556767829413,-0.420500770139983
0.706505564905625,-5.9211193498359,-0.2143280960305
0.590505963300244,-5.86032350291979,-0.00732569167912558
0.472378245089826,-5.80393443723068,0.200488868328387
0.351692944930959,-5.75268977611721,0.409134136161529
0.227986461646226,-5.70731106400559,0.618661043450804
0.100762612549471,-5.6685049274626,0.829148510934875
-0.0305066515216295,-5.63696463031161,1.04069843324748
-0.16638142138743,-5.61337183446651,1.25343002873932
-0.307454926294807,-5.59839835827684,1.46747351169989
-0.454355564461178,-5.59270770128734,1.68296300720939
-0.607749859208944,-5.59695607635741,1.90002858650627
-0.768346308710112,-5.61179265485181,2.11878725241048
-0.936900067140767,-5.63785868573746,2.33933264909344
-1.11421835448143,-5.67578509240279,2.56172320743974
-1.30116643627743,-5.72618807928954,2.7859683657162
-1.49867393706716,-5.78966219150874,3.01201242508051
-1.70774114403453,-5.86677016239807,3.23971551145851
-1.92944481116225,-5.95802875525678,3.46883102206837
-2.16494277739509,-6.06388965683182,3.69897884178785
-2.4154764521559,-6.18471431525788,3.92961353150019
-2.68236988430411,-6.32074144314236,4.15998663406061
-2.96702370354059,-6.47204574493723,4.38910223989308
-3.2709016978255,-6.63848630736666,4.61566504344741
-3.59550716799945,-6.81964306251095,4.83802036224438
-3.94234550208184,-7.01473987240007,5.05408606385982
-4.31286869052643,-7.22255320504646,5.26127716214337
-4.70839686714109,-7.44130623270003,5.45642513893268
-5.13001159466553,-7.66854969007867,5.63569597725597
-5.57841581374474,-7.9010332300663,5.79451360654985
-6.05375656679201,-8.1345745617226,5.92749905219984
-6.55540935750239,-8.36393853993085,6.0284399942036
-7.08172796350137,-8.58274458688426,6.09031032775723
-7.62977127868059,-8.78342794182124,6.10536386658302
-8.19502957482193,-8.95728715256902,6.06532906982718
-8.77118589055828,-9.09465488688954,5.96173040273235
-9.34996215555858,-9.18522845569856,5.786353916052
-9.92111035175134,-9.21858660751757,5.53185725314887
-10.472610863357,-9.18489676613188,5.19249645162724
-10.9911267514587,-9.07578087312676,4.76490578649247
-11.4627293101482,-8.88526204588872,4.24882959152882
-11.873857569373,-8.61066846616349,3.64767853299059
-12.2124115813055,-8.25334090333728,2.96878131719938
-12.4688242469995,-7.81899245679969,2.22323648994066
-12.6369307757557,-7.3176127967603,1.42533709510455
-12.7144746442571,-6.76288938457866,0.591628124143284
-12.7031550168159,-6.17121403020194,-0.260263583339935
-12.6082154155465,-5.56042509135334,-1.1128419046695
-12.4376672258867,-4.94847811277459,-1.94981497683005
-12.2013055428943,-4.35223065485039,-2.75689662952426
-11.9096932677438,-3.78647896950165,-3.52227579316385
-11.5732644564447,-3.26331597119479,-4.23676653132179
-11.2016454260799,-2.79181425780919,-4.89370365053149
-10.8032321575755,-2.37799032052359,-5.48867281363778
-10.3850114026555,-2.02498182750295,-6.01916254619452
-9.95257916045737,-1.73336590092747,-6.48420746778054
-9.51029499197342,-1.50155544231368,-6.88406749431702
-9.06151042146279,-1.32622536173957,-7.21996430452604
-8.60881908616265,-1.2027355596234,-7.49387829277988
-8.15429026996806,-1.12552975116762,-7.70839783760573
-7.69966216704349,-1.08849785421195,-7.86660739782666
-7.24648425468292,-1.08529510484738,-7.9720002134087
-6.79620828656783,-1.10961428470884,-8.02840354932504
-6.35023427952944,-1.15540942601421,-8.03990798284454
-5.90992164778585,-1.21707084382148,-8.01079605518433
-5.47657685460895,-1.28955273957065,-7.9454689318444
-5.05142827594534,-1.36845604705518,-7.84837214097566
-4.63559710641652,-1.45007058199644,-7.72392287290059
-4.23007072238959,-1.53138175663556,-7.57644181958112
-3.83568245759996,-1.61004798231943,-7.41009232446106
-3.45309959303523,-1.68435531368479,-7.22882895908103
-3.08281970432604,-1.75315587044224,-7.03635678717492
-2.72517440144337,-1.81579615682427,-6.83610171295027
-2.38033889403224,-1.87204067938705,-6.63119156603174
-2.04834562104766,-1.92199535507342,-6.42444701633513
-1.72910027391607,-1.96603421428072,-6.21838105296341
-1.42239880151465,-2.00473193131475,-6.01520558352085
-1.12794431667617,-2.03880382524794,-5.81684367773507
-0.84536315844487,-2.06905421015409,-5.6249460503542
-0.574219659216774,-2.09633335453291,-5.44091051417324
-0.314029400650266,-2.12150283739105,-5.26590330304051
-0.0642709124554896,-2.14540875268688,-5.10088134348767
0.175604120304948,-2.16886199722381,-4.94661472674572
0.406162011910622,-2.19262475883972,-4.80370879127591
0.627979434400836,-2.21740228064901,-4.67262536516199
0.841636815952779,-2.24383899325671,-4.55370283649068
1.04771262348149,-2.27251816277566,-4.44717481876272
1.24677838792179,-2.30396428348056,-4.35318725896027
1.43939434603063,-2.3386475382833,-4.27181390006449
1.62610558607921,-2.37698974890019,-4.2030700595296
1.80743859495542,-2.41937133400269,-4.14692472231113
1.98389811046124,-2.46613888322396,-4.10331097315435
2.15596418509238,-2.51761303468843,-4.0721348094054
2.32408936677635,-2.57409641204674,-4.05328238384708
2.48869589849037,-2.6358814330508,-4.046625728045
2.65017283294302,-2.7032578453281,-4.05202700132765
2.80887295108299,-2.77651987641815,-4.06934129959427
2.96510936452765,-2.8559729047002,-4.09841804232012
3.11915167248246,-2.94193956598132,-4.13910093600694
3.27122153378037,-3.03476520755491,-4.19122648846484
3.42148750486098,-3.13482258765898,-4.2546210212967
3.57005898561694,-3.24251569346179,-4.32909609847331
3.71697910822322,-3.35828251481313,-4.41444225785105
3.86221640103759,-3.48259656376374,-4.51042090118591
4.00565506287854,-3.61596687104581,-4.61675416852723
4.14708369589495,-3.75893612035518,-4.73311259759417
4.2861823725529,-3.91207650000173,-4.85910035183475
4.42250796022799,-4.07598276100579,-4.99423779798101
4.55547770355469,-4.25126187449319,-5.13794123282704
4.68435118003489,-4.43851858546366,-5.28949961010489
4.80821091029892,-4.63833607475904,-5.44804821525713
4.9259421340562,-4.85125088177489,-5.61253939547668
5.03621256953981,-5.07772122954213,-5.78171069455621
5.13745336939154,-5.31808796216131,-5.95405108876872
5.22784297478968,-5.57252749261453,-6.1277664924957
5.30529614587506,-5.84099651631716,-6.300746316669
5.3674610842448,-6.12316882837882,-6.47053362256195
5.41172820694743,-6.4183654458498,-6.63430229764837
5.43525468515546,-6.72548042226514,-6.78884563093202
5.43500917938112,-7.04290625890218,-6.93058157037151
5.40784109016525,-7.36846461197576,-7.05558062506171
5.35057786219031,-7.69934991940928,-7.15962257686847
5.26015218827707,-8.03209535137032,-7.23828757766875
5.13375817211005,-8.36257171221342,-7.2870855004663
4.9690315884556,-8.68603005628157,-7.30162432331631
4.76424454874553,-8.99719725461116,-7.27781377961599
4.51849971042994,-9.29043009952668,-7.21209475832142
4.23190460828105,-9.55992760640382,-7.10167867046719
3.90570395865568,-9.79999333714609,-6.94477535182002
3.54234813487614,-10.0053308545223,-6.74078448644678
3.14548029982206,-10.1713474513657,-6.49042542157608
2.71983298403817,-10.2944360166831,-6.19578451171154
2.27103622543981,-10.3722040098979,-5.8602677465311
1.80535174091516,-10.4036228981651,-5.48845818275012
1.32935841371707,-10.3890806970146,-5.08589041040864
0.849621246139827,-10.3303327690214,-4.65876529050222
0.372377345278922,-10.2303592264913,-4.21363519110413
-0.0967316475746463,-10.0931484669168,-3.75709164248508
-0.552859775874048,-9.92343350631908,-3.29548381045315
-0.992079449067139,-9.72640998634821,-2.83468875035938
-1.41142701624938,-9.50746237417135,-2.37994504775858
-1.80888029064992,-9.2719192292284,-1.93575221882708
-2.18328266374726,-9.0248511574087,-1.50583069840377
-2.53423079321626,-8.77091778669484,-1.09313221291093
-2.86194244518876,-8.51426391885347,-0.699887926872094
-3.16711876441218,-8.25846053029911,-0.327681553947918
-3.45081194575002,-8.00648361528909,0.0224640317982318
-3.7143057569011,-7.76072275608494,0.34999595896918
-3.95901315017764,-7.52301137320333,0.654743117263301
-4.18639259398315,-7.29467143112915,0.936835017990188
-4.39788284897182,-7.07656658311344,1.19663031455445
-4.5948546736503,-6.86915905761283,1.43465604243653
-4.77857726087485,-6.67256683915713,1.65155758063455
-4.95019694561055,-6.48661877958567,1.84805865778543
-5.11072575444399,-6.31090615274119,2.02493034396955
-5.26103757711404,-6.14482983639749,2.18296780135647
-5.40187004333004,-5.98764279049743,2.32297354220559
-5.53383052266235,-5.83848783125776,2.44574600525794
-5.6574049907466,-5.6964309087857,2.55207237039602
-5.77296879741818,-5.56049021160251,2.64272465893279
-5.88079861973137,-5.42966147063606,2.71845829577299
-5.98108508142145,-5.30293983879214,2.78001243041498
-6.07394567183898,-5.17933869660007,2.82811142210121
-6.15943770646661,-5.05790569222753,2.86346698959506
-6.23757114421587,-4.93773627477476,2.8867806092974
-6.30832112085698,-4.81798493006665,2.89874581894622
-6.37164008025987,-4.69787428304963,2.90005015046552
-6.42746939235782,-4.57670219366268,2.89137647692526
-6.47575034500877,-4.45384694568235,2.87340361679419
-6.51643439155114,-4.32877061143153,2.84680609476079
-6.54949253124078,-4.20102066933365,2.81225301265522
-6.57492369931043,-4.0702299552089,2.77040603599327
-6.59276204944326,-3.9361150403819,2.72191655033937
-6.60308302524542,-3.79847314800137,2.66742208558126
-6.60600813904557,-3.65717774101329,2.60754214364715
-6.60170840530215,-3.51217293837864,2.54287359453881
-6.59040641053572,-3.36346693785234,2.47398582542868
-6.57237703991499,-3.21112464167434,2.40141583707309
-6.54794691996424,-3.05525969404595,2.32566348063204
-6.51749267479323,-2.89602614502505,2.24718701653995
-6.4814381274008,-2.73360995386452,2.1663991563904
-6.44025060595725,-2.56822053587434,2.08366372050978
-6.39443653602977,-2.40008254122949,1.99929301006552
-6.34453651258738,-2.22942803287011,1.91354595549706
-6.29112005004065,-2.05648920517689,1.82662706513704
-6.23478020485509,-1.88149175705919,1.73868616132313
-6.17612825424069,-1.70464900409612,1.64981885800159
-6.11578859724703,-1.52615678594304,1.56006770527966
-6.0543940227009,-1.34618919867081,1.46942390359051
-5.99258146331595,-1.16489515808274,1.37782947358148
-5.93098832845329,-0.982395780096922,1.28517975753762
-5.87024948074864,-0.798782548438293,1.19132612371243
-5.81099489526116,-0.614116228342465,1.09607874564463
-5.7538480147963,-0.428426477709897,0.999209333466278
-5.6994247921775,-0.241712103986277,0.90045370231257
-5.64833338977696,-0.0539419157153856,0.799514073170855
-5.60117448857928,0.134943878088682,0.696061012858376
-5.558542143217,0.325031760156356,0.589734931428066
-5.52102510534083,0.516432517700673,0.480147066475236
-5.48920852473593,0.709278391245029,0.366879894072021
-5.46367592496871,0.903719758835359,0.249486915142469
-5.44501133708823,1.09992133560549,0.12749177401622
-5.43380145990427,1.29805784596413,0.000386672948692018
-5.4306376973475,1.49830909909641,-0.132369946834105
-5.43611790093816,1.7008543673302,-0.271356479565808
-5.45084761678842,1.90586593032593,-0.417191997353289
-5.47544059994561,2.11350160494494,-0.570540859639659
-5.51051831208001,2.32389602982645,-0.732118068826896
-5.55670805908007,2.53715041387272,-0.902695321294464
-5.61463935031185,2.75332038777676,-1.08310765878317
-5.68493796821103,2.97240151648638,-1.2742605606293
-5.76821712258512,3.19431193781154,-1.47713722514449
-5.86506492597255,3.4188714892623,-1.69280565906408
-5.9760272631658,3.64577657490589,-1.92242501569413
-6.1015849403167,3.87456991348904,-2.16725038108047
-6.24212379177231,4.10460421102592,-2.42863488704175
-6.39789620782131,4.33499873705783,-2.70802761305866
-6.56897234711932,4.5645877883388,-3.00696520990838
-6.75517915456179,4.79186014954316,-3.32705452651883
-6.95602528571923,5.01488898511211,-3.66994275146401
-7.1706102463735,5.23125222816904,-4.03727072212299
-7.39751664278222,5.43794461619575,-4.43060418432654
-7.63468561715266,5.63128423852112,-4.85133705388406
-7.87927758821921,5.80681900807379,-5.30056039884585
-8.1275236506785,5.9592420317187,-5.77889133608541
-8.37457772579238,6.08232951513817,-6.28625790314786
-8.61438599403626,6.16892045150027,-6.82163998031882
-8.83959814860488,6.2109633241942,-7.38277332956568
-9.04155382188308,6.19966013357194,-7.9658344554951
-9.21038538369469,6.12574006260987,-8.56513833615952
-9.33528210175573,5.9798909319677,-9.17289789158385
-9.40495602125134,5.75336270118431,-9.77911008004309
-9.40833199650772,5.43873084887257,-10.3716429404522
-9.33544963829998,5.0307685491436,-10.9365929050508
-9.17851444175584,4.52733047822617,-11.4589546187789
-8.93297733313085,3.93010989146993,-11.9235929142248
-8.59847294868166,3.24511155062291,-12.3164342308749
-8.17942854720821,2.48270266060132,-12.6257202103947
-7.68518502989996,1.65716880425243,-12.8431158691577
-7.12955185728799,0.785800940072596,-12.9644638444978
-6.52983058435361,-0.11235580877082,-12.9900352225325
-5.90545265482118,-1.01788637305514,-12.9242333554932
-5.27644959319417,-1.91229964748542,-12.7748263706006
-4.66198661094904,-2.77905067747774,-12.5518775669969
-4.07914672724087,-3.60419200930195,-12.2665836108765
-3.542074436937,-4.3766461845501,-11.9302139028151
-3.06150510122351,-5.08816301292251,-11.5532866035391
-2.64464155438107,-5.73306291094298,-11.1450429008845
-2.29530299379836,-6.30787172869329,-10.7132140855615
-2.01426126878205,-6.81093332329174,-10.26402943553
-1.79968778891933,-7.24205659745862,-9.80239021861094
-1.6476508227165,-7.60222435791092,-9.33213269044141
-1.55262055738776,-7.89336835989184,-8.85631409253033
-1.50795385140053,-8.11820045002109,-8.37747356261861
-1.50634089113721,-8.28008323894145,-7.89783921798171
-1.54020249875417,-8.38292330865363,-7.41946995447661
-1.60203089862924,-8.43107329774783,-6.9443338416056
-1.68466959601483,-8.42923422832704,-6.47433374714726
-1.78153052479419,-8.38235453933963,-6.01129521288648
-1.88674916841018,-8.29552643725316,-5.55693238362008
-1.99528094125893,-8.17388287078738,-5.11280599708579
-2.10294450542717,-8.02249962670448,-4.68028415893251
-2.20641960590966,-7.84630697554484,-4.26051282300488
-2.30320822461164,-7.65001437134332,-3.85439931266873
-2.39156829850876,-7.43805035514374,-3.4626093183056
-2.47042897118198,-7.21451839103706,-3.08557579223902
-2.53929549670889,-6.98316812697202,-2.72351703035018
-2.59815068473208,-6.74738065406189,-2.37646083971695
-2.64735836158592,-6.51016577181043,-2.04427184029116
-2.68757289153335,-6.27416901900362,-1.72667942522737
-2.71965747667083,-6.04168623137566,-1.42330452753778
-2.7446128091866,-5.81468355767308,-1.13368397537287
-2.76351671989908,-5.59482113215294,-0.857291778726351
-2.77747475608511,-5.38347890586144,-0.593557133785995
-2.78758111302369,-5.18178344084368,-0.341879246646096
-2.79488900975274,-4.9906347463597,-0.101639275656751
-2.80038940823691,-4.81073247245059,0.127790207576634
-2.80499689464942,-4.64260097078569,0.347037809697737
-2.80954154282385,-4.48661288793499,0.556727549920528
-2.81476563832334,-4.3430110770362,0.75747437437821
-2.82132423670522,-4.21192870613295,0.949880646810696
-2.8297886454623,-4.09340751090823,1.13453337237265
-2.840652043703,-3.98741419103235,1.31200196645237
-2.85433657809642,-3.89385498686373,1.48283642662637
-2.87120139187506,-3.81258849985841,1.64756580204434
-2.89155115183728,-3.74343683807483,1.80669688096106
-2.91564473408031,-3.68619517932223,1.96071303498344
-2.94370381162888,-3.64063985007756,2.11007316943589
-2.975921156112,-3.60653501926562,2.25521073467542
-3.01246852169825,-3.58363810312771,2.39653275467833
-3.05350402352436,-3.57170397132358,2.53441882800453
-3.09917895593908,-3.5704880356436,2.66922005329174
-3.14964401919138,-3.57974829170564,2.80125782745582
-3.20505493784273,-3.59924637116637,2.93082246028734
-3.26557746119503,-3.62874764763877,3.05817154449437
-3.33139173627579,-3.66802042399449,3.1835280157127
-3.40269603811739,-3.71683421234596,3.30707783282038
-3.47970983075424,-3.77495710106736,3.42896720531491
-3.56267611592968,-3.84215218608968,3.54929929188842
-3.65186300522549,-3.91817302685172,3.6681302931725
-3.74756442539786,-4.00275807131636,3.78546486263736
-3.85009983632038,-4.09562398021033,3.90125076382982
-3.95981280638772,-4.1964577692792,4.01537271089216
-4.07706825203866,-4.30490768146732,4.12764534443651
-4.20224810713487,-4.42057270070216,4.23780531869215
-4.3357451458323,-4.54299062825913,4.34550251130896
-4.47795464178197,-4.67162466523253,4.45029041780411
-4.62926351075243,-4.8058484851309,4.55161586244542
-4.79003655853634,-4.94492984475605,4.64880825082495
-4.9605994488965,-5.08801287595164,4.74106871096952
-5.14121802751441,-5.23409933279159,4.82745962344629
-5.33207370050307,-5.38202924557635,4.90689522883773
-5.5332346860051,-5.53046166071276,4.97813422239836
-5.74462315304377,-5.67785642729385,5.03977549478341
-5.96597855238804,-5.82245832449113,5.09025844090962
-6.19681784721464,-5.96228519715607,5.12786951210765
-6.43639387808693,-6.0951221554349,5.15075689207188
-6.68365374592544,-6.21852425516934,5.15695528145747
-6.9371998460763,-6.3298303455607,5.14442271058572
-7.19525698396541,-6.42619086293471,5.11109098433072
-7.45564975712736,-6.50461216004244,5.05493071583917
-7.71579496539262,-6.56201937795644,4.97403085965786
-7.97271403732624,-6.59533879557791,4.86669118373269
-8.22307014164875,-6.60159897927979,4.73152426754
-8.46323360546437,-6.57804793546142,4.5675615235167
-8.68937736951469,-6.52228099514774,4.37435567060616
-8.89760148311442,-6.43237162627949,4.15207041017608
-9.08408226738491,-6.30699519911984,3.90154719704988
-9.24523815059119,-6.14553441850958,3.62433937018154
-9.37790087853232,-5.94815514734781,3.32270577775341
-9.4794784869159,-5.71584297822734,2.99955941346357
-9.54809568898676,-5.45039417538139,2.65837115667836
-9.58269854424975,-5.15435916063326,2.30303383716467
-9.58311342773477,-4.83094187882387,1.93769666831754
-9.55005499420563,-4.48386327759533,1.56658373198959
-9.48508326738802,-4.11720091188111,1.19381197405118
-9.39051525719149,-3.7352187016564,0.823223781285363
-9.26930075816967,-3.34220088065319,0.45824680513471
-9.12487461384912,-2.94230234312279,0.101789816400965
-8.96099852277767,-2.53942443553822,-0.243821210357732
-8.78160456504104,-2.13712143958659,-0.57686707157041
-8.59065047043791,-1.73853923775588,-0.896223394792377
-8.39199378955132,-1.34638448021616,-1.20131940210434
-8.18928911216774,-0.962920293713837,-1.49207532378075
-7.98590973482282,-0.589983273718836,-1.76882659107935
-7.7848929799385,-0.229016084545894,-2.03224223381006
-7.58890682256108,0.118889743893011,-2.28324363967393
-7.40023457055013,0.45294552858228,-2.52292830297076
-7.2207739737145,0.77261543644017,-2.75250164559277
-7.05204717420835,1.07756759121238,-2.97321860171905
-6.89521821894777,1.36762820514888,-3.18633551320591
-6.7511153168901,1.64273990590059,-3.39307201861214
-6.6202555485045,1.90292484534439,-3.59458202590211
-6.50287025840239,2.14825275680556,-3.79193250280603
-6.39892984617798,2.37881385095804,-3.98608865411088
-6.30816709542515,2.59469628209124,-4.1779040350048
-6.23009854047272,2.7959678480204,-4.36811423182311
-6.16404366690564,2.98266158368666,-4.55733289150173
-6.10914198224963,3.15476494926495,-4.74604907239038
-6.06436818581277,3.3122123811284,-4.93462510319745
-6.02854581983988,3.4548810544026,-5.12329436153037
-6.00035990451105,3.58258978761444,-5.31215861132554
-5.97836915120803,3.69510109316006,-5.50118476503726
-5.96101841338067,3.79212643282549,-5.69020115874443
-5.94665207082925,3.87333476655744,-5.87889364312774
-5.93352904704669,3.93836447650954,-6.06680199584213
-5.91984012390299,3.98683869909784,-6.25331734384242
-5.90372813547094,4.01838399886255,-6.43768143714517
-5.88331148523206,4.03265216559819,-6.61898872437865
-5.85671123217852,4.02934471120469,-6.79619222857912
-5.82208172953167,4.00823939209842,-6.9681141910932
-5.77764447971661,3.96921780190656,-7.13346232547327
-5.72172450465788,3.91229279169439,-7.29085228993713
-5.65278814571492,3.83763421406731,-7.4388366430363
-5.569480837566,3.74559129279534,-7.57594010201977
-5.47066308851594,3.63670983328678,-7.70070040199609
-5.35544269350516,3.51174254971091,-7.8117134979577
-5.22320115016835,3.37165101890172,-7.90768131711609
-5.07361237610631,3.21759818741878,-7.98745982082423
-4.90665215110949,3.05093093945091,-8.05010483874935
-4.72259721968074,2.87315293563756,-8.09491304722491
-4.52201364708671,2.68588868804782,-8.12145561149933
-4.30573476154811,2.49084056010943,-8.12960240057297
-4.07482975474885,2.28974098437166,-8.11953528273246
-3.83056466736028,2.0843025989338,-8.09174975843665
-3.57435798072612,1.87616916312727,-8.04704500192422
-3.30773331798983,1.66687000636525,-7.9865031724974
-3.0322718063578,1.45778040929619,-7.91145953600082
-2.74956647817887,1.25008976421801,-7.82346544104299
-2.46118073172555,1.04477868528615,-7.72424648537818
-2.16861239180941,0.842605520862514,-7.61565827853494
-1.87326437219209,0.644102038896485,-7.49964207780655
-1.5764224093385,0.449577475178435,-7.37818228706861
-1.27923986165154,0.259129695887328,-7.25326741362264
-0.982729184414416,0.0726619488683547,-7.1268556313339
-0.687759414933518,-0.110096440006549,-7.00084564710988
-0.3950588357561,-0.289567047225703,-6.87705315021591
-0.105221915463783,-0.466298498229913,-6.75719276553188
0.181280361625977,-0.640943060364846,-6.64286514588043
0.464087594389572,-0.814234708968574,-6.53554862786849
0.742935199960798,-0.98696942441799,-6.43659473538694
1.01763836115954,-1.15998821556985,-6.34722673512363
1.28807512388698,-1.33416312429354,-6.26854041677567
1.55416894600724,-1.5103862550631,-6.20150627415229
1.81587087208211,-1.68956169543607,-6.14697228991752
2.07314139374102,-1.87260004574413,-6.10566656588373
2.32593195528203,-2.06041515426874,-6.07819908421734
2.57416597925732,-2.25392255035485,-6.06506192668237
2.81771921823237,-2.45403897411675,-6.06662731557224
3.05639918833787,-2.66168230929024,-6.0831428702224
3.28992341090452,-2.87777112773596,-6.11472349859426
3.51789618587615,-3.10322294390837,-6.16133936904304
3.73978365329922,-3.33895015145454,-6.22279944127351
3.95488697910189,-3.58585247175132,-6.29873009026207
4.16231364495446,-3.84480459060378,-6.38854845052487
4.36094705009766,-4.11663750695038,-6.49143026485877
4.54941497059807,-4.40211198907739,-6.60627227308462
4.72605789598704,-4.70188246630034,-6.73164956120629
4.88889890090204,-5.01644973184032,-6.86576885448187
5.03561752836181,-5.34610107121362,-7.00641952560687
5.16353116055247,-5.69083695736817,-7.15092514101096
5.26958849539561,-6.05028438460824,-7.2960997016305
5.35038093749307,-6.42359836887681,-7.43821432166558
5.40217877139996,-6.80935522175247,-7.57298182498836
5.42099962811529,-7.20544394295125,-7.69556840485629
5.40271658179836,-7.60896537371274,-7.80064272051001
5.34321173211721,-8.01615230427693,-7.88247306362741
5.23857783673091,-8.42232694356564,-7.93508185841702
5.08536509962904,-8.82191413737946,-7.95246308282589
4.8808626049859,-9.2085283185173,-7.92886172937538
4.62339474880128,-9.57514822037336,-7.8591051718765
4.31260381040942,-9.91438508704893,-7.73896509514772
3.94968275531029,-10.2188375486158,-7.56551732165406
3.53752010089123,-10.481510910032,-7.33745817904566
3.0807234611771,-10.6962631941825,-7.05533308047459
2.58550109704985,-10.8582287661336,-6.72163816293367
2.05940012888056,-10.9641665742325,-6.34076979258319
1.51092237967749,-11.0126863314746,-5.91881761903965
0.949058948940184,-11.0043220466028,-5.46322037140512
0.382797504878879,-10.9414449897289,-4.98232424078466
-0.17934127034145,-10.8280321801806,-4.48489657514353
-0.729689845623385,-10.6693262400727,-3.97965006447129
-1.26171048988993,-10.4714339142693,-3.4748249847632
-1.77014978405048,-10.2409123162409,-2.97786237212799
-2.25107661885513,-9.98438529879253,-2.49518349258228
-2.70182288050263,-9.70822032644918,-2.03207473371919
-3.12085344786332,-9.41828240240774,-1.59266485213885
-3.50759368359575,-9.11976895538663,-1.17997447048446
-3.86223975070403,-8.81711994400346,-0.796015501879999
-4.18557169745309,-8.51399141065781,-0.441919594836595
-4.47878303230907,-8.2132780294243,-0.118078272935254
-4.74333468555656,-7.91717006400708,0.175718120569201
-4.98083651298832,-7.62723166785024,0.440151220009115
-5.19295607496734,-7.34448980391851,0.676260022819775
-5.3813522539017,-7.06952562834345,0.885342874016715
-5.54763012929497,-6.80256258406478,1.06887608975141
-5.69331313710955,-6.54354748819742,1.22844803343824
-5.81982864134909,-6.29222250353793,1.36570680765553
-5.92850343135992,-6.04818707562666,1.48231948379824
-6.02056617589935,-5.8109497491331,1.57994081619334
-6.09715441363671,-5.57997032271693,1.66018956727336
-6.15932417948984,-5.35469313022117,1.72463082607123
-6.20806082649626,-5.13457240898306,1.77476298080679
-6.24428999251001,-4.91909078197199,1.81200827499443
-6.26888798013374,-4.7077718762162,1.83770611712718
-6.28269107316581,-4.50018805209815,1.85310851820473
-6.28650351212751,-4.29596414493373,1.85937719708134
-6.28110400414478,-4.0947780340331,1.85758202251792
-6.26725075686516,-3.896358763059,1.84870055675678
-6.24568510931112,-3.70048284389186,1.83361853324228
-6.2171338905077,-3.50696928741117,1.81313114595792
-6.18231067421018,-3.31567382045138,1.7879450547958
-6.1419161190619,-3.1264826698096,1.75868102509531
-6.09663759134059,-2.93930622226286,1.72587712411229
-6.04714826491545,-2.75407280451323,1.68999239620754
-5.99410588257659,-2.57072276904595,1.65141093480122
-5.93815134665358,-2.38920302112555,1.61044626479258
-5.87990728669074,-2.20946207849072,1.56734594572999
-5.81997672952978,-2.03144571852367,1.52229630450662
-5.75894197385605,-1.85509323742359,1.47542720724434
-5.69736374824292,-1.6803343217553,1.42681678340734
-5.63578070988332,-1.50708651413936,1.37649602086237
-5.57470932119781,-1.33525324120791,1.32445315816626
-5.51464412380422,-1.16472236265304,1.27063780929174
-5.45605841417071,-0.995365194624543,1.21496476572002
-5.39940531272879,-0.827035958301246,1.15731743076578
-5.34511920822107,-0.659571604619149,1.09755085063494
-5.29361755141396,-0.492791968406952,1.03549431560303
-5.24530296673909,-0.32650020914374,0.970953512488431
-5.20056564659752,-0.160483500880318,0.903712216023286
-5.15978599057869,0.00548605969712015,0.833533511630838
-5.1233374502957,0.171650350704508,0.760160545424611
-5.09158953947904,0.338263943410055,0.683316798949383
-5.06491096794861,0.505592647824502,0.60270588635114
-5.04367285662188,0.673911881839381,0.518010870414828
-5.02825198831415,0.843504849092531,0.428893091420747
-5.01903404520101,1.0146604982327,0.334990499274418
-5.01641677784159,1.18767122199392,0.235915475156997
-5.02081304191463,1.36283023798272,0.131252124404232
-5.03265362649149,1.54042857370094,0.0205530179469794
-5.05238978079597,1.72075155529779,-0.0966646439071556
-5.08049532381173,1.9040746719199,-0.220923473417552
-5.11746819136955,2.09065865417548,-0.352790970079577
-5.16383123673802,2.28074356482006,-0.492885249391424
-5.22013205114067,2.47454165078773,-0.641881434650478
-5.2869415074927,2.67222864646156,-0.800518698387921
-5.36485065100226,2.87393314685833,-0.969607903692732
-5.45446546069319,3.07972358456452,-1.15003973971566
-5.55639888263741,3.28959224458875,-1.34279316269925
-5.67125938495254,3.50343563653635,-1.54894383431213
-5.79963510315368,3.72103041523047,-1.76967208052258
-5.94207243049147,3.94200390386469,-2.00626966129636
-6.09904766292749,4.16579813801357,-2.26014432543597
-6.2709300398529,4.39162623275834,-2.5328207045968
-6.45793424732799,4.6184198099781,-2.82593555357703
-6.66006020509423,4.84476625847056,-3.1412246506603
-6.87701780256302,5.06883481246698,-3.48049782202466
-7.10813428172864,5.28829093632279,-3.84559755989499
-7.35224234001593,5.5001994511348,-4.23833561898526
-7.60754796796604,5.70091843868248,-4.66040092567645
-7.87147885364566,5.88598845899042,-5.11323135906351
-8.14051726762409,6.05002528409867,-5.59784186780808
-8.41002612403038,6.18662938975124,-6.11460259383196
-8.67408377200664,6.2883318717787,-6.66296404776106
-8.92535212088632,6.34660385758802,-7.24113297851268
-9.15501344375709,6.35196372262524,-7.84571344547089
-9.35282204777017,6.29422127419205,-8.47134331324206
-9.50732475616923,6.1628970244593,-9.11037627780053
-9.60630378486873,5.94784321268526,-9.75268065381593
-9.63748077642733,5.64006696368311,-10.3856423606586
-9.5894857491413,5.23271301056044,-10.9944614662911
-9.45303797856121,4.72210771564603,-11.5628086466047
-9.22221436851591,4.10871027800354,-12.0738527925412
-8.89561299739097,3.39778189134158,-12.5115866361178
-8.47718233173509,2.59959229444931,-12.8622819059526
-7.97650600571301,1.7290492823442,-13.1158314674372
-7.40841907650803,0.804752527156745,-13.2667182825741
-6.79196726460042,-0.15239422588123,-13.314409607056
-6.14886398092671,-1.12077537972248,-13.2630993295322
-5.50170186098304,-2.07958756273422,-13.1208716815649
-4.8722036546141,-3.01006562060284,-12.8984836996245
-4.27975064545395,-3.896279177087,-12.6080228391778
-3.74033245550435,-4.72548240048938,-12.261680474273
-3.26595842782986,-5.48809089504958,-11.870810618339
-2.8644887606703,-6.17740778300638,-11.4453492571244
-2.5397971589038,-6.78922599286335,-10.9935840137133
-2.29216389601761,-7.32140886588865,-10.5222049186159
-2.1188078123202,-7.77351351050868,-10.036539555626
-2.01448542859101,-8.14648471192438,-9.5408749391148
-1.97210571291861,-8.44241957539637,-9.03878513354244
-1.98332530854879,-8.66438696513784,-8.53340871743164
-2.03910016324468,-8.81628011134353,-8.02764650457426
-2.13017661739509,-8.90268263712438,-7.52427269996508
-2.24750992484496,-8.92873440572776,-7.02596935813693
-2.38260242526369,-8.89999107227093,-6.5353038753392
-2.52775796720196,-8.82227788682569,-6.05467282325833
-2.67625378186176,-8.70154289608974,-5.58623408365617
-2.82243543913413,-8.54371684163924,-5.13184471594552
-2.96174423384496,-8.35458701889999,-4.69301602186607
-3.09068891039225,-8.13969078908988,-4.2708913016723
-3.20677484125471,-7.90423208787117,-3.86624680170426
-3.30840369370293,-7.65302182164806,-3.47951282184278
-3.39475550860065,-7.39044095562359,-3.11080995782782
-3.46566332917924,-7.12042361865092,-2.75999479012798
-3.52148841194263,-6.84645672633534,-2.42670964717748
-3.56300192172373,-6.57159237297814,-2.11043198678956
-3.59127706488651,-6.29846941724722,-1.81052012249596
-3.60759396576897,-6.02934112569374,-1.52625322187537
-3.61335828501291,-5.76610630234563,-1.25686456232055
-3.6100336061493,-5.51034191672923,-1.00156786576127
-3.59908694015239,-5.26333577931294,-0.759577126541945
-3.58194626472092,-5.02611826715898,-0.530120713533453
-3.55996877201037,-4.79949246198463,-0.312450707100732
-3.5344183964254,-4.58406233177887,-0.105848469799105
-3.50645119168047,-4.3802587779117,0.0903726084760181
-3.47710719087634,-4.188363497907,0.276866365915017
-3.4473074898256,-4.00853069528613,0.454254442591615
-3.4178554238392,-3.84080671582193,0.623127638058884
-3.38944084841469,-3.68514771520993,0.784047656098845
-3.36264667548915,-3.54143547486125,0.937548959850466
-3.33795695286864,-3.40949148607701,1.08414055869343
-3.31576590106304,-3.28908942209842,1.22430762432469
-3.29638743660736,-3.17996611474463,1.35851288913745
-3.28006481279641,-3.08183114879197,1.48719781814284
-3.26698009722569,-2.99437518346255,1.61078356955674
-3.25726328087054,-2.9172771065201,1.72967177208615
-3.25100087633608,-2.85021012245587,1.84424515186684
-3.24824391435053,-2.79284687195401,1.95486804145583
-3.24901528870454,-2.74486367512721,2.06188679929869
-3.25331643188707,-2.70594398582375,2.16563016222233
-3.26113332787246,-2.67578113859922,2.26640954686435
-3.27244188606386,-2.6540804637405,2.36451930929729
-3.2872127124041,-2.64056083908875,2.46023696590569
-3.30541532112519,-2.63495574041873,2.55382337307704
-3.32702183440069,-2.63701384489163,2.64552285856612
-3.35201021804174,-2.64649923470459,2.73556329347387
-3.38036709996346,-2.66319124060144,2.82415609056979
-3.41209021494931,-2.68688395745871,2.91149611206959
-3.44719051465337,-2.71738545677717,2.99776146783517
-3.48569397609902,-2.75451671363255,3.08311318317618
-3.52764313536681,-2.79811025849709,3.16769471390095
-3.5730983658446,-2.84800855735324,3.25163128491695
-3.62213891240815,-2.90406211669639,3.33502902747538
-3.6748636842233,-2.96612730338098,3.41797388908763
-3.73139179948546,-3.03406386283311,3.50053028925659
-3.79186286528135,-3.10773211298514,3.58273949355516
-3.85643696479991,-3.18698978547202,3.66461767840428
-3.92529431226083,-3.2716884803051,3.74615365937971
-3.99863452311748,-3.36166969561878,3.82730625732346
-4.07667543331403,-3.45676039047194,3.90800127936513
-4.15965138669967,-3.55676803650451,3.9881280967024
-4.24781089430227,-3.66147511407243,4.06753580831202
-4.34141355338269,-3.77063301106845,4.14602899047852
-4.44072609860109,-3.88395528895213,4.22336304710834
-4.5460174431043,-4.00111029177865,4.29923919636688
-4.65755255516483,-4.12171309171801,4.37329915649411
-4.77558500794225,-4.24531679044936,4.44511962905345
-4.90034803838098,-4.37140323189772,4.51420672266509
-5.03204395929455,-4.49937323020852,4.57999051560177
-5.17083179018318,-4.62853647979068,4.64182002219186
-5.31681301193955,-4.75810139360183,4.69895890572449
-5.47001541364739,-4.88716521284193,4.75058236819675
-5.63037509190438,-5.01470484587534,4.79577574168716
-5.79771679012123,-5.13956902454431,4.83353540179633
-5.97173293170277,-5.26047250718313,4.86277271167154
-6.15196190931588,-5.37599320074026,4.88232177298391
-6.33776644108164,-5.48457320562498,4.89095179099383
-6.52831308599021,-5.58452488660042,4.88738483361567
-6.72255430935802,-5.67404311570097,4.87031965529615
-6.91921477861994,-5.7512247881865,4.83846204104664
-7.11678381246433,-5.81409654688102,4.79056178292794
-7.3135160533695,-5.86065133285487,4.72545591843406
-7.5074424279372,-5.88889388912763,4.64211724125541
-7.696393242419,-5.8968946742175,4.53970636683573
-7.87803478274837,-5.88285081606703,4.41762485434077
-8.04992002208325,-5.84515181085108,4.27556614112279
-8.20955299478245,-5.78244674003579,4.11356045093333
-8.35446513462287,-5.6937089709281,3.9320095231699
-8.48230051367689,-5.57829376803295,3.73170710056035
-8.59090562356858,-5.43598411649608,3.51384169493869
-8.67841830981645,-5.26702044936921,3.279979248874
-8.74334989614433,-5.07211091331452,3.03202486237998
-8.784654567803,-4.85242024740266,2.77216460396006
-8.80178078632202,-4.60953713593837,2.50279034234652
-8.79470083942374,-4.34542180080823,2.2264122486716
-8.76391643558336,-4.06233735671506,1.94556487043794
-8.7104402938148,-3.76276981442267,1.66271327715291
-8.63575567692269,-3.44934240012259,1.38016563895394
-8.54175750747985,-3.1247299830239,1.09999776377995
-8.43067989223465,-2.7915789011592,0.823993736648681
-8.30501546142835,-2.45243647743178,0.553605102026444
-8.16743190747925,-2.1096932159336,0.289929258127099
-8.0206905737191,-1.76553927181937,0.0337061183167462
-7.86757104644229,-1.42193548289854,-0.214669191142022
-7.7108046114122,-1.08059817336718,-0.45512069311571
-7.55301830702954,-0.742996163470739,-0.687856504866374
-7.39669026554452,-0.410357958384609,-0.913327922919329
-7.24411616302517,-0.0836869148961094,-1.13218592501744
-7.09738593778515,0.236217762492189,-1.34523787549234
-6.95836948990581,0.548736132472137,-1.55340661458966
-6.82870982095177,0.853400366842237,-1.75769347504708
-6.70982197860294,1.14986663021309,-1.95914616290888
-6.60289619637016,1.43788694384791,-2.15883190447586
-6.50890372596373,1.71728168351402,-2.35781581795543
-6.4286040167631,1.98791310385616,-2.55714412167353
-6.36255207788188,2.24966007766749,-2.75783153461202
-6.31110504573793,2.5023940878903,-2.96085204705758
-6.27442716300003,2.74595641060609,-3.16713212407071
-6.25249254850731,2.98013637520548,-3.3775453372083
-6.24508530249029,3.20465058049376,-3.59290738752764
-6.25179665150406,3.41912298123599,-3.81397047601027
-6.27201900055582,3.62306583884024,-4.04141599134337
-6.30493693620626,3.81586165431103,-4.27584451985131
-6.34951542603433,3.99674637395642,-4.51776224431541
-6.40448569976506,4.16479438099994,-4.76756289945813
-6.4683295880314,4.31890605954526,-5.025504609974
-6.53926344595658,4.45779903693919,-5.29168117557685
-6.61522320440303,4.58000456409969,-5.56598771394845
-6.69385256541956,4.68387085621492,-5.84808105494998
-6.77249686769867,4.76757554696213,-6.13733592184377
-6.84820564778173,4.82914964570503,-6.43279874892071
-6.91774733965858,4.86651544367902,-6.73314195748894
-6.97763978318716,4.87754058599387,-7.03662259388153
-7.02420011379503,4.86010989452063,-7.34105032261737
-7.05361702690254,4.81221538484514,-7.64377070160199
-7.06204720206355,4.73206320252396,-7.94167021814296
-7.04573573409382,4.61819392818671,-8.23120946323015
-7.00115775473112,4.4696100158141,-8.50848979300136
-6.92517520227832,4.28590134602426,-8.76935666405983
-6.81519927250931,4.0673574748399,-9.00953948443243
-6.66934602444072,3.81505373219243,-9.2248234920088
-6.48657061166728,3.53089846868416,-9.41124435430526
-6.26676534314428,3.21763089368271,-9.56529165234317
-6.01080871736702,2.87876317789374,-9.68410409845185
-5.7205567893632,2.518466423303,-9.76563811512634
-5.39877427083677,2.14140686892209,-9.80879282602363
-5.04900968955177,1.75254510922655,-9.81347860889222
-4.6754255059369,1.35691591438272,-9.78062255572419
-4.28259907747257,0.959408504099028,-9.71211139975131
-3.87531288965266,0.564566437878502,-9.61067939293888
-3.45835221771982,0.176422892239328,-9.47975405258979
-3.0363256414065,-0.201618197975453,-9.32327584757586
-2.61351937910303,-0.566850746490309,-9.14550852558182
-2.1937912364545,-0.917286263182371,-8.95085518611107
-1.78050502876965,-1.25163075359083,-8.7436920410658
-1.37650233878568,-1.56922777500613,-8.5282278794985
-0.984105773692109,-1.86997795256824,-8.30839330721913
-0.605146528173432,-2.15424509801657,-8.08776041113361
-0.24100884949507,-2.42275785955266,-7.86949090499883
0.107315380246023,-2.67651401266511,-7.65630912885894
0.439167620274466,-2.91669247695942,-7.45049541960541
0.754163576638335,-3.14457621073866,-7.25389517623843
1.05213712530736,-3.36148747851781,-7.06793921311342
1.3330892147903,-3.56873569269856,-6.8936715432719
1.59714280388982,-3.76757711090062,-6.73178141250583
1.84450421601145,-3.95918508939354,-6.58263710567459
2.07543082939089,-4.14462929123392,-6.44631970169677
2.29020473677089,-4.32486215872016,-6.32265552581592
2.48911185786997,-4.50071102113183,-6.21124652311249
2.67242593509053,-4.67287436739303,-6.11149815633303
2.84039685457407,-4.84192102767706,-6.02264472264699
2.99324278483,-5.00829124749772,-5.94377220021895
3.13114569393664,-5.17229888143938,-5.87383888936446
3.25424987923214,-5.33413416771087,-5.81169421620553
3.36266321011275,-5.49386676084884,-5.75609612872836
3.45646083775106,-5.65144889328874,-5.70572754316798
3.53569116024343,-5.80671870424665,-5.65921229761902
3.60038384466786,-5.95940391427461,-5.61513104269653
3.65055969711109,-6.10912613383358,-5.57203744754563
3.68624213779721,-6.25540617174264,-5.52847502438034
3.70746998267073,-6.39767075143426,-5.48299477686164
3.71431115883041,-6.53526104643792,-5.43417375860589
3.70687689503635,-6.66744340872149,-5.38063449106065
3.68533583846242,-6.79342258299587,-5.32106504015383
3.64992746549453,-6.9123575776139,-5.25423939632712
3.60097408989481,-7.02338020223389,-5.17903765322033
3.53889073892797,-7.12561609187418,-5.09446534898054
3.46419217915463,-7.21820782853164,-4.99967123475726
3.37749643805623,-7.30033956134324,-4.89396268099003
3.27952429056841,-7.37126233347305,-4.77681793505895
3.17109436001633,-7.43031916882876,-4.64789451108656
3.05311371283224,-7.47696887347206,-4.50703312556511
2.92656409058222,-7.51080748041767,-4.35425678534824
2.79248419989157,-7.53158632124489,-4.18976487436105
2.65194874556713,-7.53922584412851,-4.01392235271436
2.5060451184722,-7.53382450704971,-3.82724445298415
2.35584881412229,-7.51566234012695,-3.63037750807445
2.20239874318728,-7.48519906873241,-3.42407675010238
2.04667359232308,-7.44306699229458,-3.20918206197931
1.88957030402059,-7.39005909536503,-2.98659273206757
1.73188557796363,-7.3271131039777,-2.75724225526057
1.57430107202035,-7.25529237404201,-2.52207414716025
1.41737272175182,-7.17576459978315,-2.28201960464724
1.26152432821585,-7.08977935755579,-2.037977673498
1.10704530840142,-6.99864545955652,-1.79079839104436
0.954092280281566,-6.9037089945536,-1.54126917766857
0.802693978881918,-6.80633279370802,-1.29010457084558
0.652758878159908,-6.70787789506506,-1.03793924106137
0.504084826979253,-6.60968740578085,-0.785324107278204
0.356369992028531,-6.51307298983651,-0.532725283399496
0.209224428470645,-6.41930405101934,-0.280525535548739
0.0621816606071429,-6.32959954306276,-0.0290279094934719
-0.0852902605666307,-6.24512222452253,0.221538806720543
-0.233778658262941,-6.16697508590225,0.47101309340968
-0.383917422136143,-6.09619960919331,0.719292449815182
-0.536379724110058,-6.03377547225861,0.966324098671728
-0.691872395678838,-5.980621278289,1.2120947992982
-0.851132018645001,-5.93759586934045,1.45661985987539
-1.01492270402618,-5.90549976807212,1.69993137322416
-1.18403546376836,-5.88507627878605,1.94206563257373
-1.35928901388411,-5.87701176363526,2.18304961502353
-1.54153178133988,-5.8819345888577,2.42288635094559
-1.73164481500176,-5.90041220622007,2.66153892787021
-1.93054521683341,-5.9329457944872,2.89891280842501
-2.13918960615564,-5.97996183380111,3.13483607572936
-2.35857699937799,-6.04179992313815,3.36903716014576
-2.58975032222413,-6.11869608069442,3.60111955502864
-2.83379556354419,-6.2107606958554,3.83053300657115
-3.09183732336172,-6.31795024123786,4.05654067995149
-3.36502920039157,-6.44003182347095,4.27818188393053
-3.65453711009234,-6.57653968155025,4.4942301114114
-3.96151323900402,-6.72672287520465,4.70314646808957
-4.28705795854985,-6.88948370371811,4.90302907148792
-4.63216670302741,-7.06330693952971,5.09155977618684
-4.99765866241039,-7.24618085323727,5.26595069216412
-5.38408430206161,-7.43551236591682,5.42289448016528
-5.79160941018453,-7.62804061009427,5.55852436951433
-6.21987486181446,-7.81975579962533,5.66839221883357
-6.6678338867416,-8.00583360011046,5.7474755696183
-7.13357263077963,-8.18059897999942,5.79022716378089
-7.61412536659997,-8.33753734718872,5.79068216504706
-8.10530269224266,-8.46937377502877,5.74263836874266
-8.60155875673274,-8.56824196758414,5.63992175058545
-9.09593049968273,-8.62596158726846,5.47674247152689
-9.58008573395431,-8.63443388456898,5.24813399354815
-10.0445146322493,-8.58615004534708,4.95045043391842
-10.4788878843653,-8.47478467852997,4.581876727014
-10.8725829532819,-8.29582129374694,4.14288695018172
-11.2153489247361,-8.04713325887796,3.6365746428106
-11.4980459212,-7.72943043258407,3.068781752137
-11.7133661100789,-7.34648592777852,2.44797413963853
-11.8564303276396,-6.90508297525307,1.78485017366785
-11.9251646672725,-6.41466564027353,1.09171695608517
-11.9203955472987,-5.88672912543287,0.381713366593854
-11.8456519533588,-5.33403141952359,-0.332012840823362
-11.706715984363,-4.76973530400913,-1.03706335643202
-11.5110031576731,-4.20659180948189,-1.72239373625221
-11.2668727070444,-3.65625524162657,-2.37871223632042
-10.9829637254084,-3.12878470765732,-2.99866330336298
-10.6676309118084,-2.6323489325467,-3.57682112862934
-10.3285229932324,-2.17311942233554,-4.10954050706049
-9.97231652004512,-1.75531672381996,-4.59471959550449
-9.60459378474776,-1.38136618493634,-5.03152493634337
-9.22983863404194,-1.05212073252889,-5.42011801788526
-8.85151757952534,-0.7671150527303,-5.76140922646046
-8.47221386020502,-0.524824726829219,-6.05685258248231
-8.09378648573192,-0.322912864416846,-6.30828489177387
-7.7175325849694,-0.158454220097345,-6.51780638057308
-7.34433799806247,-0.0281322134555196,-6.68769622662161
-6.97480701159914,0.0715921982209398,-6.8203549966391
-6.60936698302004,0.144338831256772,-6.91826613116302
-6.24834721215174,0.193691849958245,-6.98396964985448
-5.89203387335217,0.223106367226905,-7.02004270091233
-5.54070429555513,0.235835844327011,-7.02908311368155
-5.19464457525587,0.23487818791417,-7.01369352581619
-4.85415463121609,0.222938565529826,-6.97646483265353
-4.51954454049959,0.202407033642804,-6.91995860174711
-4.19112548636181,0.175349092154694,-6.84668871039088
-3.86919802217891,0.14350726749498,-6.75910282766307
-3.55403970478016,0.108311812561716,-6.6595645199593
-3.24589354011271,0.0708986227519371,-6.55033676116478
-2.94495815430985,0.0321325216363679,-6.43356752557067
-2.65138017360606,-0.00736582450941087,-6.31127797777029
-2.36524897095758,-0.0471909487558163,-6.18535358516947
-2.08659370844886,-0.087122971557554,-6.05753829224946
-1.81538245872777,-0.127098500904211,-5.92943172922826
-1.55152310902229,-0.167182975228098,-5.80248929142717
-1.29486572080983,-0.207545146415479,-5.67802482346425
-1.04520602167493,-0.248434181300663,-5.5572155739373
-0.80228973070371,-0.290159664466807,-5.4411090482244
-0.565817455283376,-0.333074618803732,-5.33063137454874
-0.33544993857935,-0.377561525754314,-5.22659680605177
-0.110813478815505,-0.424021224577323,-5.12971800388942
0.10849461877918,-0.472864497330016,-5.0406167783812
0.322900660087112,-0.524506100329931,-4.95983500275325
0.53284932024881,-0.579360979508693,-4.88784545353165
0.738798582450872,-0.637842401929535,-4.82506237039293
0.941214871473486,-0.70036174446535,-4.77185156414914
1.14056837179637,-0.767329699183226,-4.72853993296436
1.33732849716699,-0.839158679749559,-4.69542427273092
1.53195945629516,-0.916266241042494,-4.67277928695597
1.72491583697233,-0.999079352496146,-4.66086471391736
1.91663810761965,-1.08803939227159,-4.65993149374404
2.10754791021054,-1.18360775222335,-4.67022689499161
2.29804299080976,-1.28627196104729,-4.69199850869252
2.48849158270071,-1.39655224321447,-4.72549699711946
2.67922602129072,-1.51500843242206,-4.7709774537992
2.87053532877558,-1.6422471481002,-4.82869918964648
3.06265645911604,-1.77892911924494,-4.89892370625992
3.25576383972198,-1.92577649801123,-4.9819105501082
3.44995678538419,-2.08357994166306,-5.07791065921393
3.64524429341045,-2.25320515008296,-5.18715671595855
3.84152665912344,-2.4355984202746,-5.30984990543792
4.03857328279523,-2.6317906110848,-5.44614234948924
4.23599598134314,-2.8428986916528,-5.59611434575502
4.4332170847327,-3.07012376648899,-5.75974539690593
4.6294316098088,-3.31474412034799,-5.93687788214978
4.82356289566787,-3.57810140271545,-6.12717212640951
5.01421130125545,-3.86157757849258,-6.33005160196979
5.19959597177241,-4.16655972726232,-6.54463711356326
5.37749035994993,-4.49438922291886,-6.76966915853357
5.54515324522347,-4.84629135316143,-7.00341833957357
5.69925854504921,-5.2232811877824,-7.24358489461487
5.83582936904413,-5.62604169838985,-7.48719028180153
5.95018459576459,-6.05477108891934,-7.73046650793142
6.03690971252304,-6.50899843268816,-7.96875266079947
6.08986750215472,-6.98737050907401,-8.196412903349
6.10226780335093,-7.48741863933292,-8.40679572732075
6.06681796313598,-8.00532255694367,-8.59225978470992
5.97597515559988,-8.53569859387473,-8.74429568344967
5.82231644391972,-9.07145045933552,-8.85377355158868
5.59903029454875,-9.60373005892748,-8.91134016152332
5.30051306011884,-10.1220591826954,-8.90797426376601
4.92302669738687,-10.6146556926085,-8.83568315822843
4.46534400848011,-11.0689859965373,-8.6882891213036
3.92928310233349,-11.4725281997564,-8.46221727448763
3.32002407641875,-11.8136821453581,-8.1571674770731
2.64611733922092,-12.0827150264465,-7.7765444824265
1.9191374087775,-12.2726002569284,-7.32754246372268
1.15300107514592,-12.3796073584553,-6.8208328222887
0.363037259115665,-12.4035376831282,-6.26987683728685
-0.435053553166,-12.3475675141971,-5.68995681849532
-1.22619602304209,-12.2177373763826,-5.09706923523743
-1.99676017806856,-12.0221910453261,-4.50683701337544
-2.73512241522729,-11.7703022404941,-3.93357541318665
-3.43194471609363,-11.4718258999476,-3.38959834028798
-4.08020185285215,-11.1361810792386,-2.88479689978595
-4.6750195302188,-10.7719278099257,-2.42647481923405
-5.2133977860036,-10.3864550742721,-2.01939469320985
-5.69388780877729,-9.98586148178318,-1.66597616313702
-6.11627396504304,-9.57498852087504,-1.36658838312176
-6.48129334634874,-9.15755785682366,-1.11988870427181
-6.79040753699043,-8.73636581725694,-0.923172149257785
-7.04562808395809,-8.31349597498257,-0.772708295392895
-7.24938888177091,-7.89052112774049,-0.664051784440226
-7.40445474809487,-7.46867650375279,-0.592319367853776
-7.51385474581704,-7.04899521368862,-0.552430542486852
-7.5808301333842,-6.63240413746738,-0.539311142298989
-7.60878919845298,-6.21978342580729,-0.548060453011595
-7.60126390047763,-5.81199577923524,-0.574083084050421
-7.56186571526984,-5.40989297769151,-0.613187333174467
-7.4942400534012,-5.01430717749125,-0.661652289268149
-7.4020199991844,-4.62603367972884,-0.716266470679063
-7.28878089599263,-4.24581057810134,-0.774341339830688
-7.15799757460096,-3.87429922267086,-0.833703488911981
-7.01300591258084,-3.51206801834471,-0.892669583386904
-6.85697006235712,-3.15958086043746,-0.950008236176235
-6.69285621794513,-2.81719056832823,-1.00489285749627
-6.52341330391086,-2.48513702644736,-1.05684920669328
-6.35116053200971,-2.16354935288057,-1.10570090760081
-6.17838141913276,-1.85245123964301,-1.15151563256395
-6.00712360855712,-1.55176858672505,-1.19455406687928
-5.83920368203996,-1.26133862856281,-1.2352231823804
-5.67621607983661,-0.980919880036773,-1.2740348125418
-5.51954524148939,-0.710202374770402,-1.31157005578549
-5.37038012382325,-0.448817808575291,-1.34844965118627
-5.2297303273657,-0.196349322687615,-1.38531017449501
-5.09844315466824,0.0476592400749324,-1.42278568825246
-4.97722102322998,0.283694697870985,-1.46149433897694
-4.86663875434522,0.512266547781219,-1.50202931561025
-4.76716035211337,0.733899636898362,-1.54495355429652
-4.6791549708686,0.949127457075533,-1.59079758310557
-4.60291184261389,1.15848601439733,-1.64005993549623
-4.53865399786285,1.36250820966512,-1.69320961361625
-4.48655066343084,1.56171865377749,-1.75069014406799
-4.44672825940957,1.75662883022792,-1.81292483326287
-4.4192799452697,1.94773250496911,-1.8803228921491
-4.40427368233309,2.1355012709242,-1.95328615738426
-4.4017587873272,2.32038010001677,-2.03221618539729
-4.41177094992404,2.5027827594429,-2.11752153544242
-4.43433567653999,2.68308693079911,-2.20962508637886
-4.46947010360229,2.86162885045882,-2.3089712484613
-4.51718309625709,3.03869726720639,-2.41603293489976
-4.57747351334257,3.21452648871814,-2.53131814723039
-4.65032647665395,3.38928826245805,-2.6553760022671
-4.73570743253576,3.56308220986429,-2.78880198487157
-4.83355373749581,3.73592450704144,-2.93224214790736
-4.94376343841157,3.90773448337778,-3.08639589613514
-5.06618085475505,4.07831879603652,-3.25201688192661
-5.20057850972282,4.24735283983764,-3.42991140523314
-5.34663490661538,4.41435907840239,-3.62093354685063
-5.50390761761334,4.57868204727428,-3.825976073271
-5.6718011610314,4.73945990168548,-4.045955937537
-5.84952921413422,4.89559258512025,-4.28179297382589
-6.03607087453821,5.04570701045899,-4.53438016372566
-6.2301209872995,5.18812010949104,-4.80454367294375
-6.4300350507872,5.32080125822611,-5.09299077130773
-6.63376996451081,5.4413364611937,-5.40024383403131
-6.83882295001839,5.54689780062247,-5.72655898537099
-7.04217241337695,5.63422301743088,-6.07182872414576
-7.2402263397302,5.69961162414695,-6.4354692238259
-7.42878595875335,5.73894549736124,-6.81629508798023
-7.6030347133052,5.74774317202405,-7.21238728047575
-7.75756464232077,5.72125761593996,-7.62096373714196
-7.88645356940217,5.65462649515755,-8.03826658065458
-7.9834061606158,5.54308114547838,-8.45948434767189
-8.0419690267079,5.38221499384833,-8.87873121704153
-8.05582372073058,5.16830370402307,-9.28910650061806
-8.01915129465508,4.89865821936385,-9.68285499076967
-7.92704852377492,4.57197954577553,-10.0516407220707
-7.77596082166845,4.18867314886898,-10.3869327478087
-7.56408352118768,3.75107471393458,-10.6804827173035
-7.2916757844716,3.26354122740589,-10.9248534913336
-6.96123383881186,2.73237401877804,-11.1139406722296
-6.57748450120549,2.16556295627671,-11.2434202557739
-6.14718472623808,1.5723694479917,-11.3110597640822
-5.67874324769651,0.962793618413312,-11.3168480201047
-5.18170897034734,0.346990747075904,-11.2629268098849
-4.66619038055635,-0.265291473282857,-11.1533392964057
-4.1422763470472,-0.8651913374774,-10.9936373643639
-3.61952092132895,-1.44508315829945,-10.7904069267392
-3.10653668147791,-1.99877989870454,-10.5507740393769
-2.61071854227686,-2.52159339162517,-10.2819467780554
-2.13809850679342,-3.01027524193597,-9.99083229765891
-1.69331557790557,-3.46287145547564,-9.6837502650982
-1.27967564365286,-3.87852593985396,-9.36624713889602
-0.899273204797144,-4.25726425348371,-9.0430031299324
-0.553148696359597,-4.59978191555675,-8.71781597219575
-0.241459857766986,-4.90725354883106,-8.39364242674146
0.0363486483460021,-5.18117173782745,-8.07267862175956
0.281387635497478,-5.42321861385235,-7.75646262000303
0.495183456370439,-5.6351690753291,-7.44598589113846
0.679557919709476,-5.81882207310676,-7.14180384586121
0.8365279261836,-5.97595520175811,-6.84413876954412
0.96822330703482,-6.10829756159961,-6.55297113819542
1.07682067619563,-6.21751615419217,-6.26811734504686
1.16449091621033,-6.30521168283572,-5.98929335044806
1.23335802413295,-6.37292036406074,-5.7161647771178
1.28546730558753,-6.42211909854765,-5.44838460666504
1.32276122673988,-6.45423203313063,-5.18561998519536
1.34706155394863,-6.47063713713089,-4.92756979491822
1.36005669498503,-6.4726719056236,-4.67397465770817
1.36329338840868,-6.46163769136873,-4.42462095317925
1.35817206585192,-6.43880246453908,-4.17934029316141
1.34594534004186,-6.40540201641421,-3.93800572200423
1.32771915784161,-6.36263977202947,-3.70052572614085
1.30445621243899,-6.31168546927758,-3.46683694976313
1.27698124197417,-6.2536730093118,-3.23689633529362
1.24598786217267,-6.18969779547581,-3.01067324361901
1.21204659505169,-6.12081386448189,-2.788141963505
1.17561376971334,-6.04803108212997,-2.56927489416552
1.13704098799612,-5.97231263327499,-2.35403658010809
1.0965848690533,-5.89457298759429,-2.14237869252908
1.05441681315944,-5.81567647339825,-1.93423598529505
1.01063255563285,-5.7364365445883,-1.72952320399852
0.965261315483964,-5.6576157832111,-1.52813289150195
0.918274378720974,-5.57992664332865,-1.32993401046754
0.869592991550537,-5.50403291182527,-1.13477129035742
0.819095472513888,-5.43055183842524,-0.942465201192522
0.766623483643505,-5.36005687027932,-0.752812457133626
0.711987428071229,-5.29308091536245,-0.565586958129548
0.65497096454879,-5.23012005278349,-0.380541086185392
0.595334647751978,-5.17163760600871,-0.197407283237883
0.532818716998918,-5.11806849597828,-0.0158998494383139
0.467145065311748,-5.06982379419956,0.164283086682114
0.398018425948369,-5.02729540022976,0.343457461475946
0.325126815102671,-4.99086077266945,0.521951054579154
0.248141267968175,-4.9608876471003,0.700101160158275
0.166714901374785,-4.93773867758466,0.878252144194464
0.0804813303597242,-4.92177593970834,1.05675286568568
-0.0109475410389045,-4.91336523200046,1.2359539231724
-0.107984342102097,-4.91288010818803,1.4162046698439
-0.211069665643522,-4.92070556435129,1.59784992002467
-0.320676107320809,-4.93724129173958,1.78122624629666
-0.437312919640317,-4.96290438672119,1.96665773895071
-0.561531287333546,-4.99813138279058,2.15445106678385
-0.693930226895176,-5.04337943418381,2.34488963920427
-0.835163102012077,-5.09912643456399,2.53822662275488
-0.985944725439128,-5.16586979516897,2.73467650898533
-1.14705898266459,-5.24412353209712,2.93440486353878
-1.31936685824108,-5.33441321901701,3.13751580697131
-1.50381466508416,-5.43726824624665,3.34403668525036
-1.70144216147888,-5.55321068661931,3.55389928211966
-1.91339007869929,-5.68273990016792,3.76691680840608
-2.14090636006727,-5.82631181228607,3.98275577979459
-2.38535011329228,-5.98431157566367,4.20090177453611
-2.64819188325347,-6.15701808266547,4.42061796374268
-2.93100834273391,-6.34455854931855,4.64089525894526
-3.23546885773961,-6.5468511776611,4.86039297122116
-3.56331060526441,-6.7635337767291,5.0773690942216
-3.9162980188703,-6.99387627576096,5.28959981244525
-4.29616136426132,-7.23667543669048,5.49428873790169
-4.70450832183253,-7.49013096990382,5.68796787752827
-5.14270179708354,-7.75170395382828,5.86639465143256
-5.61169716088169,-8.01796130099951,6.02445264840344
-6.1118332980168,-8.28441438169077,6.15606839497531
-6.64257498178308,-8.54536613518706,6.25416222502109
-7.20221012372169,-8.79378915361505,6.31065799070627
-7.7875152809558,-9.02126685910921,6.31658282796261
-8.3934169322469,-9.21803960333336,6.26229251440661
-9.0126938663196,-9.37320450292756,6.13785705652848
-9.63578500152034,-9.47511769423216,5.93363105018022
-10.2507817494784,-9.51203490690084,5.64101020540846
-10.8436865060289,-9.47299574421329,5.25333745671603
-11.3989996498627,-9.34890721830891,4.76687247482242
-11.9006499152451,-9.13371856101951,4.18168775020155
-12.3332089173109,-8.82551749723532,3.50232067149854
-12.6832447964699,-8.42734139790508,2.7380146180546
-12.940599891875,-7.94750834825099,1.90243625262487
-13.0993543093632,-7.39934392905771,1.0128563601431
-13.1582809307902,-6.8002973231391,0.0889012416162847
-13.1207024626267,-6.17057055485226,-0.848919471583505
-12.9937953912426,-5.53148378153754,-1.7806604882423
-12.7875037979003,-4.9038358459123,-2.6881436005564
-12.5132906242622,-4.30648730468919,-3.55577744851388
-12.182952015287,-3.75531340135831,-4.37095915651751
-11.8076645298343,-3.26258017400833,-5.1241110012506
-11.3973530989795,-2.8367175464024,-5.8084574608083
-10.9603879104619,-2.48241440111547,-6.41966059434295
-10.5035596231969,-2.20094309575565,-6.9554145427601
-10.0322510281563,-1.99062613847468,-7.41506786706181
-9.55071673483201,-1.84737462291621,-7.79930856264837
-9.06239332703926,-1.76524738108958,-8.10991915709054
-8.57018260526334,-1.73699630130952,-8.34959162334676
-8.07667332695948,-1.75457505499398,-8.52178369706881
-7.58428768542393,-1.80959605404086,-8.63059746319892
-7.09535503691251,-1.89372528312146,-8.68066503475447
-6.61212608545868,-1.99900821123724,-8.67703219943847
-6.13674600596457,-2.11812329396341,-8.62503702730537
-5.67120572581499,-2.24456302869068,-8.53018529591996
-5.21728809757024,-2.37274602387426,-8.39802758144255
-4.77652138417806,-2.49806673208286,-8.234043950277
-4.35014760124075,-2.61689198516411,-8.0435417275317
-3.93910876842484,-2.72651499359963,-7.8315703682035
-3.54405059237297,-2.8250779581495,-7.60285558156322
-3.16534076413988,-2.91147399574876,-7.36175301932677
-2.80309786150596,-2.98523792806869,-7.11222033282302
-2.45722658819963,-3.04643389217668,-6.85780537016908
-2.12745547445191,-3.09554596703497,-6.601647729518
-1.81337392555385,-3.13337627471466,-6.34649073537936
-1.51446640411973,-3.1609534526506,-6.09470105158784
-1.23014240109454,-3.17945308087663,-5.8482934730881
-0.959761590110552,-3.19013061243057,-5.6089588524558
-0.702654124806859,-3.19426658669216,-5.37809354444243
-0.458136424282129,-3.19312337386408,-5.15682914707214
-0.225523017774436,-3.18791236408445,-4.94606165693391
-0.00413511795867136,-3.17977033507795,-4.74647943127875
0.206693401947472,-3.1697436691967,-4.55858956260361
0.407612006226273,-3.15877911093723,-4.38274243041067
0.599250935929385,-3.14771983238696,-4.21915430977722
0.782219655158921,-3.13730568523006,-4.06792799725606
0.95710596841038,-3.12817664774742,-3.92907147025803
1.12447556126154,-3.1208786117947,-3.80251463357011
1.28487179055313,-3.11587078961763,-3.68812423143655
1.43881560840398,-3.11353414787457,-3.58571701955352
1.58680554763357,-3.11418039279548,-3.49507130105362
1.72931772626519,-3.11806113402086,-3.41593693583457
1.86680584809945,-3.12537694451915,-3.34804393453431
1.99970118730223,-3.1362861101118,-3.29110974778543
2.12841254977751,-3.15091292515965,-3.24484535856251
2.25332620469622,-3.16935544187631,-3.20896028079868
2.37480577745143,-3.19169262074076,-3.18316656125509
2.49319209165781,-3.21799085987523,-3.16718187411028
2.6088029434271,-3.24830990332637,-3.16073178910973
2.72193278657534,-3.28270814315667,-3.16355128458182
2.83285230298414,-3.3212473392258,-3.17538556637511
2.94180782822436,-3.363996784484,-3.19599024297535
3.04902059883758,-3.41103694332728,-3.22513089587646
3.15468578438276,-3.46246258673787,-3.26258207284673
3.25897126450508,-3.51838544106672,-3.30812572017854
3.36201610889931,-3.57893635778767,-3.36154905846472
3.46392871620131,-3.64426699962566,-3.42264189504599
3.56478456669895,-3.71455102430088,-3.49119335519343
3.66462354356602,-3.78998473083456,-3.5669880035548
3.76344677847524,-3.87078711499359,-3.64980131771891
3.86121298048818,-3.95719926008026,-3.7393944673794
3.95783421279477,-4.04948296703214,-3.83550834612126
4.05317109115326,-4.14791850394348,-3.93785679914989
4.14702739199663,-4.25280133012904,-4.04611899045923
4.239144078638,-4.36443762452386,-4.1599308584714
4.32919278263371,-4.48313842380768,-4.2788756219691
4.41676881622588,-4.60921215405013,-4.40247332054651
4.50138384315546,-4.742955323592,-4.53016940868022
4.58245840133025,-4.88464113803552,-4.66132247318949
4.65931455394619,-5.0345058055554,-4.79519121398478
4.73116904716179,-5.19273232858721,-4.93092092136198
4.79712747254233,-5.359431634052,-5.06752980310325
4.85618006937507,-5.53462098767094,-5.20389566364762
4.90719995060828,-5.71819977846224,-5.33874361584628
4.94894468715031,-5.90992295691191,-5.47063571005715
4.98006232333521,-6.10937267255923,-5.59796358702065
4.99910299924712,-6.31592898769725,-5.71894548427274
5.00453739333748,-6.52874094002938,-5.83162912574738
4.9947831342048,-6.74669967351856,-5.93390216504683
4.9682401215576,-6.96841582268948,-6.02351188832822
4.92333530152735,-7.19220377125199,-6.09809575827874
4.85857682753048,-7.4160757399306,-6.15522403911728
4.77261669193902,-7.63774880069675,-6.19245513440388
4.66431985713929,-7.85466776426636,-6.20740336705192
4.53283671589507,-8.0640463485449,-6.19781774603155
4.37767449531415,-8.26292803924682,-6.1616688648238
4.19876216603621,-8.44826658742499,-6.09723959813193
3.99650274650314,-8.61702422186876,-6.00321390707841
3.77180682267254,-8.76628355636176,-5.8787570765714
3.52610181081151,-8.89336710791263,-5.72358034446513
3.2613130467585,-8.99595664317926,-5.53798334129579
2.97981511208755,-9.07220357450335,-5.32286912892869
2.68435466193124,-9.12082160302546,-5.07972883280415
2.37794901367479,-9.14115387848404,-4.81059565749443
2.06376742741473,-9.13320904345136,-4.51797106798944
1.74500391683041,-9.09766338523478,-4.20472865057
1.42475125475473,-9.03582951202214,-3.87400321046325
1.10588546032601,-8.94959502005078,-3.52907372018959
0.790968574817726,-8.84133708788436,-3.17324869560971
0.482175241341036,-8.71382051739262,-2.80976154277065
0.181245903552148,-8.57008731652019,-2.44168164860908
-0.110533246552299,-8.413345547453,-2.07184483318401
-0.392325754450252,-8.2468640481178,-1.70280459696256
-0.663719709779654,-8.07387805439066,-1.33680367630804
-0.924686760722644,-7.89750899348475,-0.975763951534915
-1.17553054484936,-7.72070003094322,-0.621291809329354
-1.4168295051544,-7.54616750678115,-0.274695623530293
-1.64937841942276,-7.37636728319454,0.0629880011325417
-1.87413209883297,-7.21347426983941,0.390962296135888
-2.0921537569509,-7.05937296537775,0.708635318350431
-2.30456962733746,-6.9156566986356,1.0155839329416
-2.51253059230227,-6.78363330080812,1.31151832321963
-2.71718091669295,-6.66433512494594,1.59624807486909
-2.91963367060309,-6.55853159334069,1.86965047652012
-3.12095206553606,-6.46674275328458,2.13164136339777
-3.32213570042866,-6.38925262623045,2.38214860392632
-3.52411059267652,-6.32612142570575,2.62108818227986
-3.72772183044345,-6.27719598610482,2.84834275198748
-3.93372770459279,-6.24211798555604,3.06374251582884
-4.14279424477631,-6.22032976429241,3.26704831575238
-4.35548918324844,-6.21107774135885,3.45793688554705
-4.57227449605233,-6.21341362470483,3.63598832216726
-4.79349682368217,-6.2261938006737,3.80067596341409
-5.01937525585645,-6.24807748558894,3.95135901428671
-5.24998618460563,-6.27752442923602,4.08727843426469
-5.48524519521685,-6.31279317841411,4.20755677241313
-5.72488628414106,-6.35194113367665,4.31120280109182
-5.96843907219598,-6.39282785168893,4.39712193056639
-6.21520511922813,-6.43312323774427,4.46413345722607
-6.46423493108051,-6.47032240564445,4.51099567172425
-6.71430775433902,-6.5017690123184,4.53643968948823
-6.96391673285067,-6.52468875047691,4.53921252348757
-7.21126238508981,-6.53623434916047,4.5181293638396
-7.45425756599056,-6.53354284017631,4.47213424477958
-7.69054700114812,-6.51380496883361,4.40036728216326
-7.91754402743157,-6.47434546731773,4.30223551428123
-8.13248626796593,-6.41271152915714,4.17748318999993
-8.33251058820052,-6.32676534948028,4.02625629051585
-8.51474587891208,-6.21477521977453,3.84915535446396
-8.67642014423927,-6.07549862784566,3.64727052010632
-8.81497628848214,-5.9082503648487,3.42219328400519
-8.92818921616209,-5.71294898911938,3.17600089102447
-9.01427572484066,-5.49013624404398,2.9112114630054
-9.07198846191312,-5.24096612341058,2.63071072692743
-9.1006860848719,-4.9671629989495,2.33765415509842
-9.10037367225847,-4.67095119969065,2.03535103084547
-9.07171014372247,-4.35496121085798,1.72713896047765
-9.01598256708216,-4.02211980839952,1.41625833003694
-8.93505028659287,-3.67553264584676,1.1057360030541
-8.83126435498184,-3.31836792811362,0.798286240230366
-8.70736946639836,-2.95374890998768,0.49623465489484
-8.56639631763157,-2.58466128405034,0.201468385345218
-8.41155210343782,-2.21387941317144,-0.0845870139549775
-8.24611585926161,-1.84391317389398,-0.360965819956272
-8.07334386789427,-1.47697521176671,-0.627139172234516
-7.896388631679,-1.11496687126068,-0.882975631020657
-7.71823322912188,-0.759480042027688,-1.1286904242061
-7.54164140612726,-0.411811651723156,-1.36478838781732
-7.36912260098686,-0.0729874557422681,-1.59200502451157
-7.20291030137828,0.256207987481713,-1.81124926969044
-7.04495166064194,0.575197830527058,-2.02355061622554
-6.89690610686309,0.883578086972241,-2.23001232537971
-6.76015069533808,1.1810830256085,-2.43177162394405
-6.63579011635068,1.46755192382422,-2.62996710061237
-6.52466951776652,1.74289787754134,-2.82571298373248
-6.42738859012091,2.00707903537581,-3.02007960259935
-6.34431565810361,2.26007238229147,-3.21407908752452
-6.27560080600854,2.50185003512811,-3.40865522622677
-6.22118732494881,2.73235791813769,-3.60467634088208
-6.18082100298436,2.95149664989568,-3.80293005902456
-6.15405698757625,3.15910448379922,-4.00411890424004
-6.14026413822869,3.35494219488226,-4.20885571622746
-6.13862696306307,3.53867988980794,-4.41765801665235
-6.14814540444893,3.70988582992101,-4.63094056471283
-6.1676329134939,3.86801749490181,-4.84900549645814
-6.19571343762774,4.01241527191969,-5.07202962037015
-6.23081814360508,4.14229932526508,-5.30004865693058
-6.2711829098723,4.25677037372806,-5.5329384714291
-6.31484784153015,4.35481526189054,-5.77039366585441
-6.35966027456767,4.43531833498009,-6.01190427251932
-6.40328292069464,4.4970796857621,-6.25673172720364
-6.44320892633429,4.53884130002839,-6.50388577993884
-6.47678563494371,4.55932194381927,-6.75210449835913
-6.5012486983872,4.55726126997499,-6.99983998364367
-6.51376782568254,4.53147304147658,-7.24525278309055
-6.5115048385101,4.48090656118684,-7.4862181577318
-6.49168379624654,4.40471438170852,-7.72034724823373
-6.45167177106566,4.30232321074556,-7.94502568162739
-6.38906746274164,4.17350374687932,-8.15747120564579
-6.30179337578228,4.01843415209174,-8.35481051104272
-6.18818593546703,3.83775120269963,-8.53417357030437
-6.04707693662112,3.63258307634973,-8.69280174648261
-5.87785934771965,3.40455840236339,-8.82816386687161
-5.68053093149424,3.15578770062805,-8.93807273788313
-5.4557104798358,2.88881559105815,-9.0207935348269
-5.20462362685902,2.6065449391717,-9.07513540375385
-4.92905795958004,2.31213703983534,-9.10051859336115
-4.63129010910534,2.0088945795846,-9.09701143498182
-4.31399022537015,1.70013602388077,-9.0653342536146
-3.98011129220758,1.3890709310563,-9.00683041705623
-3.63277182682199,1.07868537167839,-8.92340774217214
-3.27514051518607,0.771645219382063,-8.81745594294052
-2.91033034976308,0.470222853539425,-8.69174741605943
-2.54130810959281,0.17625016753213,-8.54932928591987
-2.17082289862456,-0.108901875523489,-8.39341432145659
-1.8013552891637,-0.384319200028433,-8.22727728444725
-1.43508669617135,-0.64951986280533,-8.0541617427639
-1.07388712593523,-0.904413384173097,-7.87720066613882
-0.719318478706422,-1.14924931768906,-7.69935245966064
-0.37265012273077,-1.38456000447887,-7.5233526548527
-0.0348834143779672,-1.61110184749253,-7.35168036519889
0.293217898934651,-1.82979859247068,-7.18653784878953
0.611094008410592,-2.04168916390763,-7.02984108105692
0.918354191329529,-2.24788169051895,-6.8832190708724
1.21474232786383,-2.44951454224869,-6.7480196869279
1.50010385393383,-2.64772453102183,-6.62531993266506
1.77435480919058,-2.8436219133548,-6.51593886034386
2.03745331950651,-3.03827146783463,-6.42045160399305
2.2893736200921,-3.23267868574566,-6.33920330580134
2.53008257037612,-3.4277799847927,-6.27232199150329
2.7595185241837,-3.62443580941411,-6.21972970749241
2.9775723875356,-3.82342549464728,-6.18115146293526
3.18407071196788,-4.02544282633086,-6.15612172630118
3.37876072596672,-4.2310913162243,-6.14398841299603
3.56129729508416,-4.44087831935653,-6.14391447660065
3.73123191794871,-4.65520725060376,-6.15487738866784
3.88800400644191,-4.87436731065092,-6.17566696885407
4.03093485866065,-5.09852031428464,-6.20488221461552
4.15922490557204,-5.32768443510869,-6.2409279813073
4.27195498536935,-5.56171494996749,-6.28201257857635
4.3680925570071,-5.80028239218352,-6.3261475706964
4.44650388314334,-6.04284890975823,-6.3711512822783
4.50597326232187,-6.28864406995048,-6.41465769217331
4.54523033345591,-6.5366418402519,-6.4541325120613
4.56298627098071,-6.78554097652423,-6.48689824628469
4.55797929578516,-7.03375151072844,-6.51016986222177
4.52902931398898,-7.27939038054637,-6.52110231057297
4.47510065271397,-7.52028938972145,-6.51685047596694
4.39537081400662,-7.75401852953734,-6.49464118749152
4.28930198774947,-7.97792713323477,-6.4518556942384
4.15671088042513,-8.18920431108179,-6.38611958813257
3.99783141103574,-8.38495861718914,-6.29539567780935
3.81336421569325,-8.56231500749579,-6.1780739897185
3.60450690513925,-8.71852503917344,-6.03305214462045
3.37295980029436,-8.85108420724498,-5.85979907739949
3.12090348904854,-8.95784864835276,-5.65839562549701
2.85094691188609,-9.03714249949012,-5.42954697733853
2.56604753891296,-9.08784724048474,-5.17456425497913
2.26940815349037,-9.10946548300978,-4.89531534054359
1.96435734783063,-9.10215381010548,-4.59414804336316
1.65422263418057,-9.06672213723054,-4.27379138516526
1.34220578189262,-9.00460023349321,-3.93724273749525
1.0312695055855,-8.91777503194078,-3.5876494976992
0.724043071220824,-8.80870474386249,-3.2281938504368
0.42275205624378,-8.68021728483639,-2.86198804510043
0.129174802600351,-8.5354010136391,-2.4919857977904
-0.155374545947809,-8.37749535274912,-2.12091325356762
-0.430038783019751,-8.20978771036983,-1.75122077301919
-0.694390151077953,-8.03552153822956,-1.38505492035763
-0.948387554144613,-7.85781862061797,-1.02424860555974
-1.19232366837195,-7.67961703574261,-0.670326435466293
-1.42676686916273,-7.50362482459168,-0.324521929890232
-1.6525022320679,-7.33228833052379,0.012196731531017
-1.87047498639906,-7.16777345263863,0.339095466105958
-2.08173885083976,-7.01195765715706,0.655640111745243
-2.28741076966368,-6.86643045547662,0.961461340079646
-2.48863276828379,-6.73250011720705,1.25632014711193
-2.68654099476038,-6.6112045758287,1.54007493007789
-2.88224151924354,-6.50332474804818,1.81265076068071
-3.07679211697813,-6.40939878279159,2.07401115568009
-3.27118904242089,-6.32973605248248,2.32413242311077
-3.46635768761858,-6.26442997971246,2.56298051719505
-3.6631459827062,-6.21336904777819,2.79049025603751
-3.86231941859572,-6.17624557186997,3.00654673238807
-4.06455663462565,-6.15256201179125,3.21096876960132
-4.27044460539961,-6.14163479285941,3.40349433484973
-4.4804725748677,-6.14259577664796,3.58376791388503
-4.69502402049831,-6.15439169554042,3.75132997154513
-4.91436608911075,-6.17578204217455,3.90560876531216
-5.13863613502578,-6.20533609258475,4.04591494005451
-5.36782521935885,-6.24142994306249,4.1714395027204
-5.60175870589722,-6.2822446538307,4.28125594434016
-5.8400744218757,-6.32576680969795,4.37432742594891
-6.08219924441109,-6.36979301293039,4.44952005103444
-6.32732542052306,-6.41193999088072,4.50562327879144
-6.57438841330671,-6.44966209399621,4.54137845246591
-6.82204855501267,-6.48027793224924,4.55551618462316
-7.06867922565953,-6.50100769660766,4.54680291771497
-7.31236458869853,-6.50902228377229,4.51409633641142
-7.55091001130469,-6.5015046450049,4.45640844332217
-7.78186807683167,-6.47572279735127,4.3729740539133
-8.00258247146079,-6.42911269470427,4.26332130011839
-8.21025094066898,-6.35936774179157,4.12733959066155
-8.4020069699074,-6.26453029700943,3.96533954472789
-8.57501793980025,-6.14307926061098,3.77809890898657
-8.72659542926443,-5.99400702867501,3.56688859240609
-8.85431136878688,-5.81687894679963,3.33347385606206
-8.95611221094074,-5.61186908989279,3.08008741155889
-9.03042250575697,-5.37976777083018,2.80937359635192
-9.0762294781763,-5.12195852355634,2.5243056330713
-9.09314148189742,-4.84036513296495,2.2280808438653
-9.08141543334985,-4.53737218951425,1.92400112945146
-9.04195121067035,-4.21572518390981,1.61534763146695
-8.9762541068175,-3.8784179355183,1.30525901054153
-8.88636928879566,-3.52857592007844,0.996622126360026
-8.77479443607631,-3.16934377349201,0.691982245514472
-8.64437805355683,-2.80378403671744,0.393477542055245
-8.49821130099354,-2.43479235370296,0.102799996935088
-8.33952064556239,-2.06503218916545,-0.178817753529486
-8.17156744453328,-1.69689003298472,-0.450592201654106
-7.99755897739672,-1.33245026628501,-0.71215947545291
-7.82057374382352,-0.973487538257246,-0.96353148129058
-7.64350224847348,-0.621473692073525,-1.20504277774867
-7.4690031556192,-0.277595945353364,-1.43729294543128
-7.29947368984771,0.0572169175343026,-1.66108853285867
-7.13703249420352,0.38226326410385,-1.87738778146011
-6.9835128000881,0.697034692490129,-2.08725040106102
-6.84046365554752,1.00118138828387,-2.29179378418855
-6.70915703378942,1.29447815922752,-2.49215627866686
-6.59059883896107,1.57679208695273,-2.68946751585513
-6.48554208860232,1.84805235485751,-2.88482532335234
-6.39450084167522,2.1082225183661,-3.07927842554558
-6.31776373017142,2.35727527459909,-3.27381393266567
-6.25540622448985,2.59516965388134,-3.46934851483787
-6.20730101030446,2.82183048464312,-3.66672212819709
-6.17312607625988,3.03712996565442,-3.86669318483303
-6.15237031082312,3.2408712062981,-4.06993412113236
-6.14433658914931,3.43277365980528,-4.2770264092286
-6.14814250461908,3.61246047080882,-4.4884541682749
-6.1627190729458,3.77944788300162,-4.70459566556998
-6.18680791698819,3.93313700092281,-4.92571215596563
-6.21895763344285,4.07280836652397,-5.15193369868036
-6.25752025114858,4.1976199880993,-5.38324182309643
-6.3006489128213,4.30660963403788,-5.61944919934932
-6.34629813907688,4.39870235847781,-5.86017681380783
-6.39222824841568,4.47272433500196,-6.10482955732573
-6.43601568188874,4.52742410509534,-6.35257160011827
-6.47507107756569,4.56150226055677,-6.60230343272066
-6.50666690822834,4.57365033021062,-6.85264296137242
-6.52797627942709,4.5625991904104,-7.10191350072308
-6.53612402801207,4.52717663738379,-7.34814182730314
-6.52825051957364,4.46637284373103,-7.589069546012
-6.50158750125404,4.37941130692714,-7.82218077390617
-6.45354405486935,4.26582167214629,-8.0447484672573
-6.38179920737694,4.12550962117126,-8.2539005530852
-6.28439625478395,3.95881806207454,-8.44670538598905
-6.15983256772711,3.76657335870526,-8.62027403848575
-6.00713783318669,3.5501105208397,-8.77187475599395
-5.8259335944342,3.31127228451857,-8.89905286627372
-5.61646775175264,3.05237887423338,-8.99974787866463
-5.37961941475074,2.77616781853135,-9.07239877466593
-5.11687201334648,2.48570618507026,-9.11602881355427
-4.83025556541958,2.18428057942314,-9.13030262004661
-4.52226202738453,1.87527273762664,-9.11555074338584
-4.19574024731343,1.56203011832479,-9.0727599432046
-3.85377879703775,1.24774130582252,-9.0035307044011
-3.49958563878682,0.935325226834147,-8.91000642199748
-3.13637315043945,0.627341338953173,-8.79478091812021
-2.76725565903812,0.325925415993141,-8.66079220705666
-2.39516462685486,0.0327527648858112,-8.51121065423455
-2.02278437084657,-0.250971922758569,-8.3493290012182
-1.65250902453386,-0.52450102969733,-8.1784603946109
-1.28641963560721,-0.787511203978285,-8.00184885801775
-0.92627898249533,-1.04005645758556,-7.82259486637859
-0.57354092565941,-1.28251244794951,-7.64359704610797
-0.229370833310663,-1.5155168019538,-7.46750967797127
0.105326268242934,-1.73990958349264,-7.29671468851352
0.429872797194268,-1.95667707148598,-7.13330618156061
0.743783434419651,-2.16690104559229,-6.97908524171399
1.04672955971083,-2.37171487341947,-6.83556267210073
1.33850467282599,-2.57226691834407,-6.70396743835565
1.61899169762427,-2.7696911697613,-6.58525881485181
1.88813268666652,-2.96508454081782,-6.48014051413769
2.14590115482832,-3.15948996878958,-6.38907538665658
2.39227706815409,-3.3538842675951,-6.31229957852541
2.62722438787862,-3.5491695947832,-6.24983531502245
2.85067100729633,-3.74616738212319,-6.20150172979742
3.06249090973738,-3.94561361874839,-6.16692338433279
3.2624884098649,-4.14815445274368,-6.14553632278427
3.45038441040133,-4.35434118063796,-6.13659169053363
3.62580470644771,-4.56462381928543,-6.13915711835681
3.78827049490984,-4.77934260072986,-6.15211624590133
3.93719139219588,-4.99871690153372,-6.17416693506093
4.07186142293653,-5.22283132044834,-6.20381891060571
4.19145860686798,-5.45161886062565,-6.23939176342905
4.2950489268627,-5.68484146314922,-6.27901445742255
4.38159558950664,-5.92206848333093,-6.32062768405866
4.44997456528011,-6.16265410027641,-6.36199059069156
4.49899738653346,-6.40571509473635,-6.40069354120326
4.52744205131768,-6.65011089804186,-6.43417861282922
4.53409259169619,-6.89442826680994,-6.4597694443104
4.5177873835248,-7.13697331567575,-6.47471177734227
4.47747558249105,-7.37577386655882,-6.47622552878084
4.41228017644025,-7.60859505776626,-6.46156846384236
4.32156509335539,-7.83297080808559,-6.42811050949069
4.20500269278644,-8.04625297569609,-6.37341649703567
4.06263694173926,-8.24567885630671,-6.29533375623081
3.89493682078733,-8.42845606303378,-6.19207966331305
3.70283422521582,-8.59186194171313,-6.06232318511717
3.48774099801949,-8.73335270983382,-5.90525389264463
3.25154086205266,-8.85067574835933,-5.72063204517911
2.99655389379346,-8.94197723654558,-5.50881429310861
2.7254736405094,-9.0058968798792,-5.27075130609759
2.44127972418418,-9.04164201589818,-5.00795603895151
2.14713140071065,-9.0490349070908,-4.72244409161789
1.84624963382601,-9.02852937670294,-4.41665030109836
1.54179645499658,-8.98119578470038,-4.0933279106068
1.2367605199844,-8.90867625560318,-3.75543806477392
0.933856842153082,-8.81311463189097,-3.40603780117352
0.635446872373049,-8.69706749598732,-3.04817415433872
0.343482733219765,-8.56340358831996,-2.68479063403931
0.0594768860857511,-8.41519902579984,-2.31865047461285
-0.215503825978839,-8.25563502029228,-1.95227900687307
-0.480822687762742,-8.08790353515828,-1.58792557881356
-0.736240357050597,-7.91512476243393,-1.22754386629853
-0.981869638967237,-7.74027869954631,-0.872788289080534
-1.21812261608226,-7.56615164449241,-0.52502360316811
-1.44565454578475,-7.39529723377927,-0.185344526361478
-1.66530822645276,-7.23001077133696,0.145397625429294
-1.8780616764173,-7.07231503724438,0.466563967891214
-2.08498108690798,-6.92395548389587,0.777694954191115
-2.28718019042374,-6.78640266675799,1.07847686378788
-2.48578648329345,-6.66085985509133,1.36870910088736
-2.68191418003289,-6.54827396789698,1.64827310933048
-2.87664335965314,-6.44934823500128,1.91710336853778
-3.07100447789217,-6.36455525765927,2.17516067466933
-3.26596724409187,-6.29414941386975,2.42240772789046
-3.46243277415238,-6.23817780715123,2.6587869318697
-3.66122790973401,-6.19648918804177,2.88420025555176
-3.86310062008552,-6.16874048507368,3.09849100077577
-4.06871546262241,-6.15440077050292,3.30142735504903
-4.27864816287126,-6.15275266232515,3.49268768121005
-4.49337848000828,-6.16289133619648,3.67184760081181
-4.71328065218875,-6.18372149730114,3.83836906260524
-4.93861087173478,-6.21395285082031,3.9915917480025
-5.16949143305556,-6.25209481645272,4.1307273467243
-5.40589143722794,-6.29645146008227,4.25485742962869
-5.6476042382871,-6.34511786165799,4.3629358385989
-5.89422218725866,-6.39597939274335,4.45379668512247
-6.1451096750773,-6.44671562033081,4.52616917127917
-6.39937598904516,-6.4948107538136,4.5787004817588
-6.65585005838577,-6.53757266473664,4.60998789776962
-6.91305973113423,-6.57216247704752,4.61862100342455
-7.16921873072266,-6.5956364837089,4.60323434534576
-7.42222479414401,-6.60500162882137,4.5625701338479
-7.66967258155518,-6.59728495246642,4.49554953539904
-7.90888464862892,-6.56961621149368,4.40134984362407
-8.13696298133596,-6.51932140162805,4.27948343365788
-8.35086224702485,-6.44402322643155,4.12987307413728
-8.54748403479051,-6.34174288075088,3.95291712467176
-8.7237890710196,-6.21099610598636,3.74953764784686
-8.87692195322077,-6.0508756341957,3.5212047582699
-9.0043407016952,-5.86111214718668,3.26993177685962
-9.10394179066809,-5.64210691764213,2.99823796676004
-9.17417066249694,-5.39493138738569,2.70907861557767
-9.21410829669431,-5.1212918813583,2.40574562273024
-9.22352623764374,-4.82346106556866,2.0917450392641
-9.20290537549537,-4.5041811136308,1.77066064518205
-9.15341730255843,-4.16654631058509,1.4460141814833
-9.07687068349961,-3.81387456031056,1.12113302622742
-8.97562822836676,-3.44957774331261,0.799034920729562
-8.85250210654031,-3.07704011105955,0.482337068102606
-8.71063675156205,-2.69951214112029,0.173193973986163
-8.5533879717544,-2.32002490096013,-0.126734720948063
-8.38420628348004,-1.94132740953248,-0.416287997180595
-8.20653072869539,-1.56584712755222,-0.694782588473856
-8.02369747037288,-1.19567181915954,-0.961972690736131
-7.83886548919198,-0.83254974227927,-1.21799605606872
-7.65495996431911,-0.477904449868742,-1.46331219016861
-7.47463254623928,-0.132860335906299,-1.6986377609955
-7.30023676813914,0.201724694515181,-1.92488339554299
-7.13381627458379,0.52522255718783,-2.14309497290949
-6.97710331079914,0.83719683602999,-2.35440146092558
-6.83152493309139,1.13736502838119,-2.55997038968215
-6.698214590376,1.42556249188528,-2.76097126399816
-6.5780270181199,1.70170890665318,-2.95854660812056
-6.47155472404587,1.96577768098039,-3.1537899043656
-6.37914469057037,2.21776844700057,-3.34772941218231
-6.30091424743094,2.45768260420302,-3.54131670722
-6.23676536626147,2.68550175963851,-3.73541873217142
-6.18639689261126,2.90116886924555,-3.93081217587361
-6.14931446162865,3.10457189182084,-4.1281790726509
-6.12483804656126,3.29552981471087,-4.32810262418181
-6.11210727146642,3.4737809894803,-4.53106238103574
-6.11008478866313,3.63897381941724,-4.73742807549903
-6.11755818440908,3.7906599623227,-4.94745157086776
-6.13314103825318,3.9282903448526,-5.16125658785942
-6.1552739249341,4.05121442052057,-5.37882609108002
-6.18222631112238,4.1586832314926,-5.59998747294623
-6.21210045624147,4.24985694004118,-5.82439596303299
-6.24283856438021,4.32381756019538,-6.05151701766156
-6.27223453326514,4.37958762059931,-6.28060880138601
-6.29795167960033,4.41615539939328,-6.51070624331326
-6.31754775494997,4.43250716368612,-6.74060850943928
-6.32850836669349,4.42766649591676,-6.96887203639326
-6.32828955041278,4.40074028281492,-7.19381146787464
-6.31436967915875,4.35097028305686,-7.41351085846722
-6.28431013686462,4.27778840641185,-7.62584729382279
-6.23582325355164,4.18087299258114,-7.8285285644581
-6.16684496397892,4.06020257022913,-8.01914569119945
-6.07560861699817,3.91610293521207,-8.19523994523357
-5.96071547564924,3.74928305761249,-8.35438260411537
-5.82119687413487,3.56085544744401,-8.49426417054337
-5.65656289529453,3.35233727560398,-8.61278834399984
-5.4668329145449,3.12562978260756,-8.70816490048422
-5.25254445638725,2.88297523715254,-8.77899502045654
-5.01473845521074,2.62689274979618,-8.8243426737862
-4.75492102270597,2.36009633960492,-8.84378648891336
-4.47500393489146,2.08540048916473,-8.83744804244277
-4.1772279615895,1.80561972184442,-8.80599452150971
-3.86407459436281,1.52346929203958,-8.75061595786749
-3.53817249246239,1.24147381706373,-8.67297939485816
-3.20220498789072,0.961889661165929,-8.57516413682881
-2.85882432641537,0.686645292108698,-8.45958343634048
-2.51057713355963,0.417301929734222,-8.32889850198199
-2.15984410782342,0.15503487429594,-8.18593057994756
-1.80879539332425,-0.0993658138684121,-8.03357619204327
-1.4593616728778,-0.345477938244117,-7.87472957512206
-1.11321989039214,-0.583216598806875,-7.71221515177578
-0.771791726901436,-0.812794309186605,-7.54873164031207
-0.436252521457861,-1.03467562548018,-7.38680831347063
-0.107548202660913,-1.24952974517926,-7.22877302028532
0.213582091897276,-1.45818395843194,-7.07673092740748
0.52657976138145,-1.66158015635743,-6.93255251134209
0.83103855105361,-1.86073590991954,-6.7978691129884
1.12667574287515,-2.05671099112523,-6.67407430944504
1.41330368057323,-2.25057965476617,-6.5623294208648
1.69080226040891,-2.44340855116716,-6.46357161114356
1.95909275258125,-2.63623979996216,-6.37852322622817
2.21811311135417,-2.83007851254779,-6.30770121695885
2.46779478263347,-3.02588389134942,-6.25142569695625
2.70804092110415,-3.22456294001962,-6.20982687975551
2.93870587982161,-3.42696577348661,-6.18284981887993
3.1595758288116,-3.63388150627225,-6.17025654037803
3.37035039281095,-3.8460337113792,-6.1716253138215
3.5706252705956,-4.06407447448068,-6.18634696205481
3.7598759097768,-4.28857611823062,-6.21361827140497
3.93744246283507,-4.52001974349179,-6.25243274331814
4.10251644375897,-4.75877983762583,-6.3015691367652
4.25412973962774,-5.0051043492385,-6.35957849890995
4.39114690381442,-5.25908984296205,-6.42477067776194
4.51226195679544,-5.5206516492046,-6.49520165826705
4.61600122677748,-5.78948933523143,-6.56866345761705
4.70073404220618,-6.06504836493955,-6.64267873885172
4.76469329199434,-6.34647949496083,-6.71450271870679
4.80600792919586,-6.63259826559934,-6.78113529822016
4.82274932557078,-6.92184784891986,-6.83934654938346
4.81299289438133,-7.21226943538265,-6.88571864024593
4.77489549868577,-7.50148514849425,-6.91670685041262
4.70678779376073,-7.78669899766056,-6.92872139745203
4.60727881829365,-8.06472139778086,-6.91823027415907
4.4753679502614,-8.33202207640599,-6.8818811730813
4.31055700683625,-8.58481457410907,-6.81663795354176
4.11295315383934,-8.81917294999553,-6.71992424703581
3.88335186353091,-9.03117784223122,-6.58976411938495
3.6232889101597,-9.21708504460718,-6.42490775233157
3.33505171517417,-9.37350581707236,-6.22492943591798
3.02164340619482,-9.49758498104469,-5.99028621723855
2.68669754186812,-9.58716119783982,-5.72232849491716
2.33434699542818,-9.64089424209348,-5.42325845457209
1.96905608775658,-9.65834674174962,-5.09603787247788
1.5954296983602,-9.64001246886111,-4.74425253581905
1.21801587472506,-9.58728909485001,-4.37194531711415
0.841118890176945,-9.50239935754756,-3.98343295180082
0.468637753907936,-9.3882697899717,-3.58312234670033
0.103941329728609,-9.24837972859326,-3.17534082606844
-0.250213714027225,-9.08659485102104,-2.76419157357309
-0.591720998555972,-8.90699903374123,-2.35344139980969
-0.919121899000424,-8.71373627643055,-1.94644366370447
-1.23156896886324,-8.51087142027192,-1.54609538165333
-1.52876376972597,-8.30227503339127,-1.15482470618462
-1.81087806730479,-8.09153468102926,-0.774603211306399
-2.07846679479814,-7.88189219700804,-0.406976722144172
-2.3323799033947,-7.67620469273677,-0.053108562971196
-2.57367857267738,-7.47692588972531,0.28617020001221
-2.80355953613039,-7.28610384603305,0.610307940313835
-3.0232896984925,-7.10539111929309,0.918980404805901
-3.23415190431162,-6.93606371218476,1.21204169863539
-3.43740170960382,-6.77904564080795,1.48947974261719
-3.63423430737796,-6.63493654266593,1.75137693284609
-3.82576032740056,-6.50404032188976,1.99787622785978
-4.0129890203667,-6.38639336716354,2.22915255090853
-4.19681729306214,-6.28179134775679,2.44538919362913
-4.37802313505426,-6.1898139866506,2.6467588106546
-4.55726212801854,-6.10984752881595,2.83340857294977
-4.73506592438294,-6.04110487479816,3.00544907605112
-4.91184179975621,-5.98264354472768,3.16294665798842
-5.08787260823412,-5.93338178562756,3.30591885501368
-5.26331669150149,-5.89211324402236,3.43433279943538
-5.43820750594895,-5.85752070288831,3.54810643348235
-5.61245293336646,-5.82818943101014,3.64711246853788
-5.78583442757159,-5.80262071545383,3.73118505373432
-5.95800631865093,-5.77924614349485,3.80012912604922
-6.12849574418486,-5.75644316650035,3.85373239082691
-6.29670379696067,-5.73255241134348,3.89177982344461
-6.46190856340186,-5.70589710110032,3.91407048795457
-6.62327076680438,-5.67480480318711,3.92043633811138
-6.77984271429899,-5.63763153924737,3.91076250523165
-6.93058116679418,-5.59278807034121,3.88500839558569
-7.07436460019699,-5.53876792185111,3.84322873253318
-7.2100151020933,-5.47417644961035,3.78559350558716
-7.3363248561264,-5.39775999289504,3.71240565427161
-7.45208682086188,-5.30843393711688,3.62411524507421
-7.55612883503693,-5.20530834821175,3.52132891945219
-7.6473500097888,-5.08770977000765,3.40481351840208
-7.72475794005997,-4.95519781815708,3.27549303304325
-7.78750502296616,-4.80757537235744,3.1344383855952
-7.83492204742975,-4.64489146130007,2.98284998975349
-7.86654724329993,-4.46743633454084,2.82203353713113
-7.8821491600356,-4.27572868889207,2.65336995858186
-7.88174207607992,-4.07049551822956,2.47828096161967
-7.86559309210722,-3.85264553274499,2.29819189581564
-7.83422058998127,-3.62323749603905,2.11449390549825
-7.78838429021025,-3.38344511465303,1.92850736908128
-7.72906765773812,-3.13452025873735,1.74144849381132
-7.6574538392444,-2.87775628745662,1.55440065188535
-7.57489662800594,-2.61445311012096,1.36829164475155
-7.48288812521732,-2.34588536111383,1.18387761448271
-7.38302479787677,-2.07327474062346,1.00173383575292
-7.27697353718553,-1.7977672146101,0.822252166910995
-7.16643912373845,-1.52041541439153,0.645644552209345
-7.05313423877172,-1.24216625954016,0.471951674693041
-6.93875285767347,-0.963853568509713,0.301055671875758
-6.82494755303651,-0.686195230271984,0.132695742671324
-6.71331094397504,-0.40979438873768,-0.0335145173365561
-6.60536127319399,-0.135144034278611,-0.198069132255215
-6.50253188301218,0.13736560684081,-0.361552057458558
-6.4061641993639,0.407437456046976,-0.524620560965989
-6.31750371683271,0.674856242189879,-0.687990266111382
-6.23769840258782,0.939475854213427,-0.852422264570082
-6.1677988952238,1.20120570757018,-1.01871253754452
-6.10875985763629,1.4599963462176,-1.18768376894063
-6.06144184296513,1.71582440459627,-1.36017949994003
-6.02661304177322,1.9686769608814,-1.53706045846611
-6.00495029058088,2.21853522560731,-1.71920279608838
-5.99703873156157,2.46535742946382,-1.90749787349299
-6.00336951706386,2.70906070160647,-2.10285314712348
-6.0243349487909,2.94950166677019,-2.30619361663768
-6.06022043004845,3.18645543865682,-2.51846318792617
-6.11119259298483,3.41959265331805,-2.74062518244305
-6.17728294680868,3.64845417728218,-2.97366107439912
-6.25836638729169,3.87242315252991,-3.21856635887151
-6.35413392759043,4.09069412062009,-3.47634224549883
-6.46405907782465,4.30223912385437,-3.74798163926631
-6.58735744723963,4.50577094180483,-4.03444762591216
-6.72293941033494,4.69970402328122,-4.33664245189113
-6.86935612120277,4.88211425895525,-4.65536482356033
-7.02473984379239,5.05069955182365,-4.99125331846231
-7.18674056182234,5.20274421747716,-5.3447139058982
-7.35246220809867,5.33509159672983,-5.71583015233842
-7.51840365121172,5.44413085504624,-6.10425581014986
-7.68041178042778,5.52580566002876,-6.50909134324808
-7.83365651028474,5.57565402977912,-6.92874869853027
-7.97263998727043,5.58888972606933,-7.36081236868612
-8.09125419253587,5.56053553529746,-7.80190940337178
-8.18290170340246,5.48561688792679,-8.24760608751862
-8.24069258709619,5.35941972626114,-8.6923536500942
-8.25772518824417,5.17780876148935,-9.12950822410411
-8.22744917045765,4.93759126586516,-9.55144958109983
-8.14409561880721,4.63689833688619,-9.9498171114544
-8.00314268390205,4.27554247544824,-10.3158689513197
-7.80176918077284,3.85530089925356,-10.6409513948003
-7.53923716748288,3.38007234062279,-10.9170433070921
-7.21714256059463,2.85586436482733,-11.1373189971591
-6.8394836022571,2.29058917684162,-11.2966590859393
-6.41252052480425,1.69367545404412,-11.392037844117
-5.94443193483909,1.07553541521234,-11.4227297931643
-5.44480671530208,0.446951885530595,-11.3903059876385
-4.9240360897271,-0.181537447132405,-11.298424840507
-4.39268248980781,-0.800185141850629,-11.1524548620573
-3.86089798986587,-1.40045305365534,-10.9589893917752
-3.33794806423816,-1.9752762754845,-10.7253219975742
-2.83187225857499,-2.51917028331459,-10.4589459172638
-2.34928874268997,-3.02820169889758,-10.1671255887168
-1.89532984467077,-3.49985651637677,-9.85656846435155
-1.47368317295036,-3.93284403230444,-9.53320604289756
-1.08670792329708,-4.32687192540129,-9.20207780756727
-0.735596873332149,-4.68242078023317,-8.86730195989933
-0.420559158370481,-5.00053757193144,-8.53211228597623
-0.141005096543971,-5.28265925286814,-8.19894004695028
0.104279468479513,-5.53047075779308,-7.86952200501507
0.316976528306682,-5.74579687536539,-7.54501926199114
0.499100150497034,-5.93052442601472,-7.22613551358743
0.652882006484345,-6.08654968809309,-6.91322698561311
0.780676912473666,-6.21574560160443,-6.60639940216397
0.884886252566627,-6.31994355985778,-6.30558973856091
0.96789686312412,-6.40092526326962,-6.01063226143982
1.03203301566414,-6.46042093477831,-5.72130954650188
1.07951937810288,-6.50011103970574,-5.43738990338126
1.11245314771022,-6.52162943105726,-5.15865303566775
1.13278386306338,-6.52656651250603,-4.88490591637862
1.14229967796521,-6.51647156075987,-4.61599084115435
1.14261910167419,-6.49285377773831,-4.35178749209685
1.13518737536021,-6.45718196084784,-4.09221064888373
1.12127677139063,-6.41088290075734,-3.83720495333932
1.10199018081444,-6.35533875615605,-3.5867378927029
1.07826740715626,-6.29188372977397,-3.34079193205633
1.05089362228763,-6.22180039435132,-3.09935650893628
1.02050947158111,-6.1463160047651,-2.86242040995985
0.98762234713694,-6.06659909496719,-2.62996488389325
0.952618383472255,-5.98375660571299,-2.40195770897767
0.915774771353932,-5.89883172931362,-2.17834832358434
0.877272032382974,-5.81280259703006,-1.959064046177
0.837205948237639,-5.72658187773268,-1.7440073500829
0.795598892185312,-5.64101730604722,-1.53305411729305
0.752410364336512,-5.55689311609117,-1.32605276995341
0.707546583959693,-5.4749323237392,-1.12282416507739
0.66086904011994,-5.39579977602774,-0.923162134354116
0.612201944497894,-5.32010587015054,-0.726834554217969
0.56133856652169,-5.24841083548546,-0.533584839507686
0.508046460414456,-5.18122946900737,-0.343133765442593
0.452071616355512,-5.11903621598945,-0.155181536046327
0.393141583953047,-5.06227049279868,0.0305899683273897
0.330967626166952,-5.01134215564519,0.214514816652099
0.265245966414996,-4.96663702725162,0.396940563097779
0.19565819165757,-4.92852240158462,0.578225714825444
0.121870870642667,-4.89735245416321,0.758737138017171
0.0435344400635827,-4.8734734912498,0.938847392786076
-0.0397185970223606,-4.85722897472293,1.11893197138225
-0.128276125725871,-4.84896425994175,1.29936639689663
-0.222549501924111,-4.84903098074437,1.4805231209217
-0.32297724744876,-4.85779100812109,1.66276813768461
-0.430029350378629,-4.87561989620866,1.8464572082181
-0.544212168452984,-4.90290971004003,2.03193156022239
-0.666073935306145,-4.94007110271584,2.21951289628767
-0.796210865385868,-4.98753447382221,2.40949750382626
-0.93527384181252,-5.04574999416347,2.6021492130025
-1.08397564907627,-5.1151862219943,2.79769089265419
-1.24309867537942,-5.19632696033482,2.99629410719103
-1.41350295234644,-5.28966591070619,3.19806647845572
-1.59613431585122,-5.39569856261008,3.40303620479552
-1.79203235195502,-5.51491061728169,3.61113308544056
-2.00233762517201,-5.64776207635498,3.82216528397593
-2.22829745867421,-5.79466593047716,4.03579094573953
-2.47126923131681,-5.95596016237061,4.25148367112473
-2.73271975641947,-6.1318715421853,4.46849075887249
-3.01421879403254,-6.32246945915072,4.68578310148098
-3.31742410772574,-6.52760783754781,4.90199568728971
-3.64405470527302,-6.74685308633779,5.11535791319402
-3.99584801888675,-6.97939612527819,5.3236134424753
-4.37449584457953,-7.22394695943873,5.52393029624912
-4.78155299926094,-7.47861124387944,5.71280342738203
-5.21831209976773,-7.74075006605947,5.88595440709908
-5.68563799834212,-8.00682711363875,6.03823627287864
-6.18375678785267,-8.27225185170145,6.16355619034689
-6.71199767792741,-8.53123359358026,6.25483432734097
-7.26849233778033,-8.7766694381436,6.30402378896256
-7.84984634038948,-9.00009842331058,6.30222252535407
-8.45081149244404,-9.19176340328951,6.23991177707247
-9.06400532256296,-9.3408282236538,6.10735378849825
-9.67974206736025,-9.43579636887648,5.89517035489654
-10.2860526935664,-9.46516305639462,5.59509971817558
-10.8689717926126,-9.41830114831558,5.20089115325074
-11.4131477377965,-9.28653137115322,4.70924808719185
-11.9027836169508,-9.06426556925497,4.12068276924611
-12.3228430403914,-8.7500537786522,3.44011607141492
-12.6603725896051,-8.34733454556499,2.67706421046056
-12.9057285283028,-7.8647046918309,1.84531131249533
-13.0534788509468,-7.31559803578559,0.962066336481513
-13.1027997444921,-6.71737857475505,0.0467178600941689
-13.0572904826174,-6.08997776059226,-0.880608270486999
-12.9242602094999,-5.45429649832585,-1.80044829611557
-12.713650589005,-4.83062184963223,-2.69514842812142
-12.4368158044646,-4.23727312582437,-3.54963475705993
-12.1053753428861,-3.68961317071889,-4.35177773307286
-11.7302989669701,-3.19947009767635,-5.09240692740621
-11.3213041851995,-2.7749399812357,-5.76507966149037
-10.8865709231868,-2.42049591092089,-6.36571734447274
-10.4327230942106,-2.13731347918502,-6.89220585171859
-9.96499799577868,-1.92372877961248,-7.34402518515377
-9.48751897227864,-1.77576169363566,-7.72194127185533
-9.00359749043029,-1.68765604175543,-8.02776670065129
-8.51601003050787,-1.65240409409053,-8.26418044394043
-8.02721675963951,-1.66223430252734,-8.43458886729893
-7.53950858721249,-1.70904839824266,-8.54300957140412
-7.05508453710264,-1.78479858070829,-8.59396326652821
-6.57607150550153,-1.8817988264326,-8.59236453827184
-6.10450355508311,-1.99296734445132,-8.54340813598048
-5.64227875782878,-2.11200031124664,-8.45245206980142
-5.19110943642986,-2.23348017836111,-8.32490174888234
-4.75247775397118,-2.35292475438352,-8.16610057525633
-4.32760411996789,-2.46678556591873,-7.98123213525145
-3.9174316996292,-2.57240544835082,-7.77523789602404
-3.52262697949804,-2.66794582350469,-7.55275263566846
-3.14359408454582,-2.75229376714637,-7.31805814020904
-2.78049933710534,-2.82495794730692,-7.07505427687955
-2.43330221511033,-2.88596106712612,-6.82724554130132
-2.10178915304534,-2.93573481015437,-6.57774059829408
-1.78560727792083,-2.97502165675325,-6.32926213576695
-1.48429596844979,-3.00478645447703,-6.0841644340416
-1.1973149112824,-3.02613936242625,-5.84445631763472
-0.924068006817633,-3.04027078080691,-5.61182751395796
-0.663923003072509,-3.04839811898114,-5.3876768259677
-0.416227101235025,-3.05172372344471,-5.17314088872841
-0.180318996515231,-3.05140294608875,-4.96912259819354
0.0444620794526217,-3.04852114454256,-4.77631856427496
0.258769731703051,-3.04407833395565,-4.59524514941931
0.463245647281896,-3.03898022126096,-4.42626281404586
0.658516241008494,-3.03403442213211,-4.26959860941778
0.845190314156873,-3.02995076625804,-4.12536674530185
1.02385742278657,-3.02734472185316,-3.99358722181456
1.19508672855974,-3.02674310334361,-3.8742025585243
1.35942616874417,-3.02859135821836,-3.76709268411795
1.51740183241423,-3.03326185417303,-3.67208807038319
1.66951746715339,-3.04106270213212,-3.58898120748262
1.81625406641228,-3.05224675239003,-3.51753652527949
1.95806950413579,-3.06702048906992,-3.45749886902843
2.09539819246436,-3.08555262235185,-3.40860063790591
2.22865074219112,-3.10798223906183,-3.37056769222303
2.35821360587663,-3.13442642122166,-3.34312413019748
2.48444868140243,-3.16498728022597,-3.32599602823443
2.60769285027204,-3.19975838271136,-3.31891423010185
2.72825742083957,-3.23883056417268,-3.32161626047164
2.84642744232372,-3.28229713913971,-3.33384742729166
2.96246085123631,-3.33025852330825,-3.35536116558996
3.07658740788687,-3.38282628432484,-3.38591866279893
3.18900737702355,-3.44012663469675,-3.42528779271748
3.29988990352036,-3.50230337312365,-3.47324137198574
3.40937103143235,-3.56952026985955,-3.52955473961915
3.51755131288835,-3.64196287782289,-3.59400264695348
3.62449295245125,-3.71983973428396,-3.66635543255963
3.73021643316689,-3.80338289821494,-3.74637444465895
3.83469657314277,-3.89284774590993,-3.83380666280295
3.93785796697212,-3.98851192243558,-3.92837846176332
4.0395697757418,-4.0906733191424,-4.02978845465395
4.13963984414331,-4.19964691835974,-4.13769935055168
4.23780814510489,-4.31576031637596,-4.25172876598966
4.33373958350957,-4.4393477062464,-4.37143894185669
4.42701623344621,-4.5707420749749,-4.49632534021511
4.51712914082714,-4.71026534823064,-4.62580413273341
4.60346989799126,-4.85821620426346,-4.75919864781317
4.6853222918101,-5.01485528282116,-4.89572492155858
4.7618544438891,-5.18038754211181,-5.03447660319298
4.83211200138384,-5.35494157646535,-5.17440960277267
4.89501309800777,-5.53854581029264,-5.3143270413383
4.94934598153322,-5.73110164235077,-5.45286527182659
4.99377038565451,-5.93235384040384,-5.58848197983083
5.02682389253343,-6.14185879045877,-5.71944763696058
5.04693466096237,-6.35895159237306,-5.84384184747683
5.05244194741705,-6.58271346136788,-5.95955637094265
5.04162577763593,-6.81194142539864,-6.06430677633814
5.01274688270031,-7.04512286440921,-6.15565472940003
4.96409754386744,-7.28041795774896,-6.23104276713299
4.89406325330283,-7.51565350225492,-6.2878430004534
4.80119407775905,-7.74833172356294,-6.32342044640285
4.68428333715782,-7.97565750169498,-6.33521059234128
4.54244976878823,-8.19458675063242,-6.32080935393845
4.37521790086595,-8.40189744955581,-6.27807189717115
4.18259013542919,-8.59428301339671,-6.20521502848369
3.96510331364779,-8.76846541244519,-6.10091627555595
3.72386257760614,-8.9213229318846,-5.96440169587421
3.46054635329399,-9.05002504741953,-5.79551417089481
3.17737832082914,-9.15216500069651,-5.59475470052242
2.87706517522763,-9.22587969828455,-5.36329107940337
2.56270247037787,-9.26994683250278,-5.10293117527112
2.23765436987089,-9.28385073242727,-4.81606148490521
1.90541612209228,-9.26781124702735,-4.50555519713542
1.56947001639357,-9.22277354620601,-4.17465707178733
1.23314613147429,-9.15036054342963,-3.82685455247235
0.89949829103692,-9.05279310171687,-3.46574536593923
0.57120350406346,-8.93278578453266,-3.09491137273597
0.250490207934546,-8.7934273527231,-2.71780682258179
-0.0609026262497093,-8.63805542490524,-2.33766681090731
-0.361736523119452,-8.4701338657689,-1.95743908211065
-0.651258131991581,-8.29313984688947,-1.57973980089837
-0.929162581135983,-8.11046549991674,-1.20683182884665
-1.19554149069155,-7.9253369932428,-0.840622570010443
-1.45082162252463,-7.74075197497227,-0.482677620865206
-1.69569960423072,-7.55943480161554,-0.134246205125417
-1.93107724613568,-7.38380788087405,0.203705439132522
-2.15800087306644,-7.21597678907175,0.530456076271193
-2.37760697846976,-7.05772652058941,0.8454896256213
-2.59107549082033,-6.91052620575555,1.14845552193638
-2.79959108755655,-6.77553980903243,1.43913073947926
-3.00431232693882,-6.65364061417421,1.71738440782876
-3.20634789148522,-6.5454276560503,1.98314552845335
-3.40673892834018,-6.45124262587913,2.23637399216549
-3.60644630358312,-6.37118612931391,2.47703488941748
-3.80634152852703,-6.30513249967042,2.70507598358579
-4.00720013831054,-6.25274265575981,2.92040816629198
-4.20969638326409,-6.21347474609121,3.12288871888967
-4.41439821431434,-6.18659254352302,3.31230725304333
-4.62176169380285,-6.17117175368439,3.4883742854819
-4.83212413673892,-6.16610458398381,3.65071250873681
-5.04569548338303,-6.17010309417003,3.79885094281903
-5.26254762409351,-6.18170201848878,3.93222228373323
-5.48260164517577,-6.19926191450729,4.05016389321533
-5.70561324350891,-6.22097365126861,4.15192298713775
-5.93115686912932,-6.24486539071206,4.23666666112741
-6.15860949506137,-6.26881332600221,4.30349742067468
-6.38713527134203,-6.29055749655456,4.35147483558002
-6.61567267414359,-6.30772397395147,4.37964378950719
-6.84292607786375,-6.31785457325889,4.38706952080651
-7.06736391217005,-6.31844495794758,4.37287923343263
-7.28722566075094,-6.30699154724188,4.33630949292671
-7.50053985214542,-6.28104699033122,4.27675792939042
-7.70515482786595,-6.23828315475203,4.19383699274099
-7.89878340900381,-6.17655963192352,4.08742672347496
-8.07906161283225,-6.09399477571931,3.95772282412106
-8.24362033714748,-5.98903538213022,3.80527587368579
-8.39016753171114,-5.86052043814271,3.63101745348967
-8.51657696976824,-5.70773406906231,3.43626935695822
-8.62097851655686,-5.53044302226673,3.22273299155109
-8.70184397563628,-5.32891480771448,2.9924575188573
-8.75806235717893,-5.10391394852087,2.74778709356493
-8.78899886098,-4.85667555443912,2.4912895394607
-8.79453300003641,-4.58885740267678,2.22567066923146
-8.775072989077,-4.30247362421823,1.95367993567376
-8.73154556509507,-3.99981467653724,1.67801396612036
-8.66536251162209,-3.68335931501004,1.40122464995258
-8.57836703862214,-3.3556846327418,1.12563781779474
-8.47276459051439,-3.0193799174716,0.853287290793924
-8.35104347350686,-2.67696918094012,0.585867402637454
-8.21589087675318,-2.33084593556927,0.32470526334575
-8.07010947642136,-1.98322234414065,0.0707522920355785
-7.91653899575058,-1.63609345750468,-0.175406905507551
-7.75798601989019,-1.29121604461585,-0.413531276603094
-7.59716420241066,-0.950100606449005,-0.643689223539759
-7.43664589309383,-0.614014584365464,-0.866217366878793
-7.27882526343876,-0.283994505151839,-1.08167567193034
-7.12589226130752,0.0391352048945793,-1.29080199059712
-6.9798162037356,0.354738826394658,-1.49446847307633
-6.84233750239369,0.662343169050509,-1.69364165006657
-6.71496587700344,0.961610056519392,-1.88934734786053
-6.59898340799425,1.25230856677255,-2.08264102469129
-6.49545087052722,1.53428779307026,-2.27458363403437
-6.40521594204248,1.8074506084379,-2.46622273866111
-6.32892205610176,2.07172868794853,-2.65857831466794
-6.2670168656166,2.32705886935068,-2.85263248596791
-6.21975946500148,2.57336081074876,-3.04932230131805
-6.18722569615933,2.81051582970186,-3.24953459152516
-6.16931102554266,3.0383467769647,-3.45410190911285
-6.16573063110968,3.25659880707905,-3.663798544499
-6.17601648444775,3.46492095579188,-3.87933562362451
-6.19951136295805,3.66284852127016,-4.10135431856759
-6.23535989012867,3.84978637420592,-4.33041624655539
-6.28249689030032,4.02499349379095,-4.56699020083563
-6.33963357019566,4.18756924436812,-4.81143446146109
-6.40524231425856,4.33644217130451,-5.06397409291753
-6.47754121307632,4.47036239959727,-5.3246728712103
-6.55447983648637,4.58789905238582,-5.59339982127856
-6.63372820799212,4.68744444466341,-5.86979081244178
-6.71267141210576,4.76722710995169,-6.15320627620457
-6.78841272722914,4.82533592496244,-6.44268688588346
-6.85778855298682,4.85975762874523,-6.7369099569901
-6.91739859209995,4.86842978959867,-7.03415034143572
-6.96365462518542,4.84931064749393,-7.33225059952178
-6.9928506388322,4.80046615483577,-7.62860608621756
-7.00125589815036,4.72017289763468,-7.92017107056242
-6.98523070719831,4.60703342598461,-8.20349186784661
-6.9413620841007,4.46009800157518,-8.47477195288826
-6.86661355099624,4.27898417614968,-8.72997195416251
-6.75848004508327,4.06398339463573,-8.96494426551211
-6.61513611879862,3.81614251917909,-9.17559794521737
-6.43556375297706,3.53730834173824,-9.35808506610984
-6.21964587969024,3.230125184324,-9.50899545260672
-5.96821353108184,2.89797965107502,-9.62554364891562
-5.68303845803784,2.54489213746498,-9.70573080973469
-5.36676868553217,2.1753610241903,-9.74846550451332
-5.02281092869596,1.79417148948129,-9.75363121111191
-4.65516994822299,1.40618541994715,-9.72209402279964
-4.26825964438831,1.01613109812183,-9.65565082125299
-3.8667031477996,0.628410804955414,-9.55692467465454
-3.45513904686827,0.246941403474451,-9.42921939043221
-3.03804844426462,-0.124961914715164,-9.27634823295388
-2.61961345071294,-0.484654224475204,-9.10245255860846
-2.20361291740589,-0.830182768868351,-8.91182476613787
-1.79335656285463,-1.16026756033438,-8.70874709929822
-1.39165483294814,-1.47424901128485,-8.49735420836724
-1.00081920358297,-1.77201227819543,-8.2815236695483
-0.622686253999523,-2.05389796994564,-8.06479539890374
-0.258658543542449,-2.32060781495329,-7.85031838117348
0.0902441692651021,-2.57311221747845,-7.64082145862849
0.423328832277287,-2.81256473748341,-7.43860403254578
0.740172392724534,-3.04022668824571,-7.24554227239598
1.04056753552569,-3.25740344602859,-7.0631066253661
1.32447285209365,-3.46539279751298,-6.89238689898508
1.59196855080559,-3.66544473277021,-6.73412180991366
1.84321816178458,-3.85873149683666,-6.58873054782806
2.07843623073538,-4.04632638899784,-6.45634452657063
2.29786170790859,-4.22918968474079,-6.33683804714512
2.50173658186281,-4.40816009223661,-6.22985706251793
2.6902892478017,-4.58395029248162,-6.13484561091416
2.86372210584364,-4.75714530953588,-6.05106977916881
3.02220293051198,-4.92820268469392,-5.9776392814654
3.16585961961536,-5.09745366501942,-5.91352690315872
3.29477800398467,-5.26510484880162,-5.85758617510897
3.40900246849339,-5.43123994970961,-5.80856771991334
3.50853919144285,-5.59582154270259,-5.76513475413725
3.59336184778335,-5.75869283491371,-5.72587824430221
3.66341963733094,-5.91957966119383,-5.68933220107047
3.71864748904188,-6.07809303394033,-5.6539895562293
3.75897825487551,-6.23373267661499,-5.6183190001734
3.78435664193997,-6.38589203540315,-5.58078306283925
3.79475454184268,-6.5338652885061,-5.53985759836997
3.7901873065862,-6.67685685223164,-5.49405268473742
3.7707303992376,-6.81399381289474,-5.44193477825125
3.73653572651271,-6.94434159126257,-5.38214977681397
3.68784685384487,-7.06692297312523,-5.31344645614498
3.6250122279443,-7.18074042163152,-5.2346995648034
3.54849550418858,-7.284801336121,-5.14493171424766
3.45888211149562,-7.37814565606867,-5.04333309806271
3.35688129630759,-7.45987495036555,-4.92927803734553
3.24332307368462,-7.52918190771486,-4.80233739057182
3.11914977201148,-7.58537898005168,-4.66228599281277
2.98540217325744,-7.62792485099706,-4.50910449867112
2.84320059852835,-7.65644742186324,-4.34297528338757
2.69372163712993,-7.67076213489912,-4.16427238518427
2.53817153153625,-7.67088468151063,-3.97354581950184
2.37775747700796,-7.65703745416877,-3.77150092892975
2.21365824600542,-7.62964946645544,-3.55897371861622
2.04699558737928,-7.58934985143841,-3.33690333841864
1.87880777499596,-7.53695541773276,-3.10630299183179
1.71002649975488,-7.47345306176116,-2.86823057105735
1.54145803428951,-7.39997807783374,-2.62376024244183
1.37376928053451,-7.31778955892282,-2.37395605206998
1.20747896993328,-7.22824413583491,-2.11984840985605
1.04295395652683,-7.13276926677734,-1.86241406770075
0.880410251811171,-7.03283717725758,-1.60255995848213
0.719918216857337,-6.92994038130165,-1.34111102967674
0.561411162837286,-6.82556951068614,-1.07880200465108
0.404696518387684,-6.72119396005295,-0.81627284621763
0.249468696584303,-6.61824564033885,-0.554067584945118
0.095322825876454,-6.51810593466456,-0.292636107913076
-0.0582314147213335,-6.42209577881804,-0.0323384774187501
-0.21175650942625,-6.33146864742881,0.226548643253025
-0.365874897932294,-6.24740611775421,0.483823846126344
-0.521258245746358,-6.17101560363919,0.739351453482725
-0.678618465125773,-6.10332979859429,0.993050883146659
-0.838700640532806,-6.04530733379922,1.2448851036604
-1.00227790550508,-5.9978341384149,1.49484830327857
-1.1701482228913,-5.96172498013011,1.74295282008966
-1.34313293582386,-5.93772465802229,1.98921530443445
-1.52207687911007,-5.92650831285259,2.23364200996963
-1.70784976502118,-5.92868030793382,2.47621303677919
-1.90134847774508,-5.94477111377261,2.7168652796005
-2.1034998202367,-5.97523160004942,2.95547376791528
-2.3152631484993,-6.02042409893175,3.19183102504454
-2.5376321939237,-6.0806095560279,3.42562402519421
-2.77163520698582,-6.15593003413172,3.65640829830266
-3.01833234932637,-6.24638578894977,3.88357873437388
-3.2788090125712,-6.35180610956776,4.10633668915049
-3.55416345259419,-6.47181313164271,4.32365311610616
-3.84548680694554,-6.60577792081771,4.53422767924658
-4.15383323378368,-6.75276833366745,4.73644418051062
-4.48017761583813,-6.91148855568523,4.92832321791581
-4.825358084352,-7.08021086979865,5.10747383628689
-5.19000064565343,-7.25670121909457,5.27104710109746
-5.57442359414719,-7.43814159436985,5.41569606115849
-5.97852037786721,-7.62105428706598,5.53754846813902
-6.40162139545461,-7.80123563579255,5.63220080657047
-6.84233810405155,-7.9737099838902,5.69474443349417
-7.29839700127571,-8.1327178876291,5.71983650503495
-7.76647652320582,-8.27175561414055,5.70182919458689
-8.24206633143634,-8.38368472563623,5.6349695407731
-8.71937495209319,-8.46092977572719,5.51367800123825
-9.19131668579108,-8.495777345503,5.33290544020779
-9.64960986747329,-8.48077950330006,5.0885554364767
-10.0850133532747,-8.40924880683807,4.77794225986362
-10.4877144970298,-8.27581135693435,4.4002371856312
-10.8478595126326,-8.07696261826935,3.95684144167496
-11.1561885582442,-7.81155342540312,3.45161861346329
-11.404709051387,-7.48112748077173,2.89092775859124
-11.587319958104,-7.09004204970671,2.28342277313964
-11.7002952079095,-6.64533165328459,1.63962065209102
-11.742550390482,-6.15631566411356,0.971282892865564
-11.7156515605491,-5.63399489452465,0.290689135590641
-11.6235698847689,-5.09031762188923,-0.390099862507476
-11.4722289333453,-4.53741267094421,-1.05989647293995
-11.2689215253486,-3.98688291026398,-1.70888723978583
-11.0216840207298,-3.44923040454869,-2.32894464394096
-10.7387081493249,-2.93345274811469,-2.91374896552842
-10.4278494056846,-2.44681804786064,-3.45874768605979
-10.0962644626194,-1.99480068329101,-3.96099610480652
-9.75018496232481,-1.58114467235919,-4.41892710559432
-9.39481590423084,-1.20801604697087,-4.83209313755763
-9.03433527525068,-0.876207717941694,-5.20091344918274
-8.67196697689963,-0.585366773203391,-5.52644808741271
-8.31009973674067,-0.334222222495267,-5.8102096846937
-7.95042851127785,-0.120798933166792,-6.05401591411907
-7.59410013523755,0.0573901517303387,-6.25988002280241
-7.24185039609099,0.203176799902716,-6.4299337783165
-6.89412456906558,0.319595564419176,-6.56637593479719
-6.55117739383445,0.409765724064431,-6.67143935461163
-6.21315143344223,0.47679488124362,-6.74737069822768
-5.88013480398195,0.523701801922825,-6.79641773196597
-5.55220054429156,0.553356186357971,-6.82082053504324
-5.22943057126562,0.568433290293043,-6.82280404832184
-4.91192739287105,0.571381561353515,-6.80457040649775
-4.59981666234114,0.564401658064834,-6.76829029362236
-4.29324336474756,0.549435361734125,-6.7160931531058
-3.99236401986294,0.52816298050104,-6.65005648278117
-3.69733683073409,0.502007898023917,-6.57219468010514
-3.40831125506494,0.472146957390189,-6.48444800448232
-3.12541805980612,0.439525412322654,-6.38867222639354
-2.84876055834355,0.404875235631017,-6.28662946780551
-2.5784074336916,0.368735655918018,-6.17998063255403
-2.31438732128748,0.331474898812475,-6.07027970126939
-2.05668515683357,0.293312234997389,-5.95897003979873
-1.80524018015906,0.254339577656779,-5.84738275467155
-1.55994541567191,0.214542018960572,-5.73673703111652
-1.32064841382837,0.173816841079656,-5.6281423119362
-1.08715302708892,0.131990675113932,-5.52260211985022
-0.859222000279285,0.0888346058422103,-5.42101929044178
-0.63658017288285,0.0440771277003632,-5.32420236509073
-0.418918114821055,-0.00258505409872373,-5.23287289012369
-0.205896044357005,-0.0514783143262175,-5.14767337654519
0.00285209536106179,-0.102945377018555,-5.06917569092612
0.207714497277037,-0.157340416562682,-4.99788966940446
0.409097359030194,-0.215025825320682,-4.93427177076534
0.6074208047473,-0.276370476273502,-4.87873360909592
0.803114882485827,-0.341749312615807,-4.83165022983008
0.996615637846863,-0.411544106898124,-4.79336801373484
1.1883612430574,-0.486145247880843,-4.76421211045527
1.37878813978512,-0.565954431664522,-4.74449331575609
1.56832713245937,-0.651388153055102,-4.73451431384264
1.75739934620431,-0.742881911871752,-4.73457520744542
1.94641193882706,-0.84089506550017,-4.74497825303588
2.13575342872824,-0.94591627196146,-4.76603170585528
2.32578846910124,-1.0584694755502,-4.79805265848791
2.5168518622565,-1.17912038791512,-4.84136872640129
2.70924156518831,-1.30848340914303,-4.8963183928698
2.90321038744145,-1.44722891321163,-4.96324977238821
3.09895602390599,-1.59609078654941,-5.04251748420655
3.29660899767567,-1.75587405278777,-5.13447724393688
3.49621801151518,-1.92746233521425,-5.23947767925061
3.69773212195011,-2.111824793491,-5.35784875379361
3.90097906066824,-2.31002201371091,-5.48988604081283
4.1056389401365,-2.5232101199,-5.63582992574142
4.31121250534363,-2.75264209827873,-5.79583863972017
4.51698304996216,-2.9996649701141,-5.96995384416968
4.7219711321615,-3.26571100346893,-6.15805731982715
4.92488134670911,-3.55228061242704,-6.35981719614019
5.12404069936928,-3.86091395981855,-6.57462214345695
5.31732867492969,-4.19314758311597,-6.80150212507005
5.50210000726691,-4.5504516668689,-7.03903479111378
5.67510259104573,-4.93414301062223,-7.28523755998944
5.83239507743175,-5.34526849528037,-7.53744709210229
5.96927161339307,-5.78445425350432,-7.79219046828078
6.08020498422554,-6.25171725617402,-8.04505619135324
6.15882399426797,-6.74623922207925,-8.29057829593242
6.19794583742788,-7.26610829122942,-8.5221533018095
6.1896885200318,-7.80804231699599,-8.73201693887577
6.12569047255979,-8.36711904377115,-8.91131421930062
5.9974619706834,-8.93655204225732,-9.05030025691163
5.7968830881635,-9.50756477582897,-9.13870693795215
5.51684321938413,-10.0694243571561,-9.16629829958777
5.15198718768393,-10.6096954959011,-9.12361218065167
4.69949575750689,-11.1147575524951,-9.00284712930894
4.15979224596255,-11.5705896721724,-8.7988066654867
3.53704473655374,-11.9637729969209,-8.50976927502411
2.83933898825314,-12.2825961549716,-8.13812826631301
2.0784388636833,-12.5180998978119,-7.69065640594646
1.26912514312527,-12.6648801765739,-7.17830275305819
0.428191563739857,-12.7214994831373,-6.61551474209493
-0.426748814965897,-12.69043072422,-6.01917374828469
-1.27845844084109,-12.577555165162,-5.40730729285676
-2.11109715329786,-12.3913253375055,-4.79777283970846
-2.91095278480927,-12.1417584739996,-4.20709086151253
-3.66683721489017,-11.8394342315023,-3.64955047608925
-4.37017402511452,-11.4946379532232,-3.13664165762483
-5.01485028307344,-11.1167349830175,-2.67680544073099
-5.59692288260551,-10.7138024097937,-2.2754510158696
-6.11426390263381,-10.2924968505401,-1.93516932608808
-6.5662092038913,-9.85810726698393,-1.65607237415683
-6.95324963353908,-9.41473022512492,-1.43619842397398
-7.27678168712717,-8.96550728032627,-1.27193850673471
-7.53891781926358,-8.51287489865783,-1.15845420034534
-7.74234659202742,-8.05879167584463,-1.09006810864109
-7.89022863932177,-7.60492208476859,-1.06061631464743
-7.98611443219569,-7.1527684469564,-1.06375691725979
-8.03387239398172,-6.70375227115536,-1.0932315890818
-8.03761961243558,-6.25925230237339,-1.14307886809552
-8.00165117112022,-5.82060984540363,-1.2077992926026
-7.93036729670743,-5.38911272105574,-1.28247385438107
-7.82819975520896,-4.96596826214847,-1.36283865382481
-7.69954016156537,-4.55227374986243,-1.44531999780786
-7.54867321494092,-4.148990240762,-1.52703532641054
-7.37971756289365,-3.75692331702547,-1.60576614513991
-7.19657628965706,-3.37671222401054,-1.67990949401307
-7.00289815306655,-3.00882730240316,-1.74841439824666
-6.80204984281577,-2.65357461100635,-1.81070927580874
-6.59709881590815,-2.3111061150996,-1.86662552386694
-6.39080573868222,-1.98143367866531,-1.91632158339584
-6.18562523673319,-1.66444522509825,-1.96021079714796
-5.98371350195697,-1.35992170701066,-1.9988954197172
-5.78694129205003,-1.06755386021616,-2.03310827305714
-5.59691094070595,-0.786958045766653,-2.06366280465379
-5.41497613880084,-0.517690768675497,-2.09141171481327
-5.24226341780602,-0.259261685384641,-2.11721387378356
-5.07969444459505,-0.0111450718351903,-2.14190893702168
-4.92800840741354,0.227210172897124,-2.16629886970702
-4.78778392782476,0.45637185464914,-2.19113548869027
-4.65946006909695,0.676916986214098,-2.21711310043534
-4.54335612680095,0.889425302211474,-2.24486533769741
-4.43968998307399,1.09447363427698,-2.27496535870796
-4.34859488367012,1.29263100800369,-2.30792865640331
-4.27013455847539,1.48445433766485,-2.34421782051735
-4.20431665354913,1.67048460727477,-2.38424869361974
-4.15110447775853,1.85124343565863,-2.42839745721329
-4.11042709130487,2.02722992851303,-2.47700827155564
-4.08218777829458,2.19891772212291,-2.53040117024398
-4.06627095219501,2.36675212191912,-2.58887997628289
-4.06254754257232,2.53114723497041,-2.6527400596832
-4.0708789048271,2.69248298934575,-2.72227579751755
-4.0911192824881,2.85110192554095,-2.79778762602207
-4.12311683466014,3.00730563626279,-2.87958859116195
-4.16671322004796,3.16135072121949,-2.96801030945305
-4.22174170417103,3.3134441136482,-3.06340824503617
-4.28802372856831,3.46373762574302,-3.16616619216098
-4.3653638507304,3.61232155183172,-3.27669982430816
-4.45354293221941,3.75921716241245,-3.3954591319666
-4.55230942142137,3.90436792093736,-3.52292952033772
-4.66136854877652,4.04762926127901,-3.65963127580516
-4.78036922928478,4.18875678097391,-3.80611703608323
-4.9088884540816,4.32739273879708,-3.962966814474
-5.0464129562232,4.46305080180377,-4.13078003584265
-5.19231796412594,4.59509907536173,-4.31016394503607
-5.34584292079953,4.72274158052006,-4.50171765486728
-5.50606416274029,4.84499852870278,-4.70601102216752
-5.67186473706651,4.96068599761463,-4.92355749434948
-5.84190180996381,5.06839594738012,-5.15478008051156
-6.01457250583528,5.16647794208694,-5.39996970435245
-6.18797953490587,5.25302446126817,-5.65923543466661
-6.35989863017352,5.3258622865675,-5.93244651515577
-6.52775061927618,5.38255309628248,-6.21916678552994
-6.68858187174328,5.42040702689842,-6.51858305310241
-6.83905781287233,5.43651345462359,-6.82943027174676
-6.97547504888056,5.42779344880598,-7.14991800439438
-7.09379819988352,5.39107804095243,-7.4776645050345
-7.18972751224247,5.32321539444037,-7.80964666952368
-7.25880239537317,5.22120791894161,-8.14217575169909
-7.29654388254125,5.08237720277149,-8.4709096649646
-7.29863543603105,4.90455037335375,-8.79091233292243
-7.26113652332321,4.68625647104858,-9.09676836032302
-7.18071737024669,4.42691633422927,-9.38275688258776
-7.05489709206623,4.12700540183086,-9.64308181823779
-6.88226227833321,3.78816700944734,-9.87214747509581
-6.66264053768609,3.41325535028792,-10.0648597929925
-6.39720479219043,3.00629293793222,-10.2169262203902
-6.08848988646601,2.57233688046337,-10.3251232436472
-5.74031293096862,2.11726020506699,-10.3875014119683
-5.35760115786541,1.64746660366314,-10.4035038254635
-4.94614350180541,1.16956670218949,-10.3739846540183
-4.51229200158865,0.690049109768952,-10.3011272983417
-4.06264442031715,0.214979006974118,-10.1882746043439
-3.60373936129431,-0.250248764692633,-10.0396935501818
-3.14179014086485,-0.701084650360979,-9.86030235362148
-2.6824753681446,-1.13392083636358,-9.65538854218132
-2.23079465673351,-1.54611280643448,-9.43034290447292
-1.79098908498801,-1.93593727838988,-9.1904278717942
-1.36651926144163,-2.30250228400376,-8.94059145837281
-0.960089714244558,-2.64562650612379,-8.6853308727762
-0.573706715047442,-2.96570384755403,-8.42860426129492
-0.208757042999341,-3.2635664721201,-8.17378517191926
0.133903106010422,-3.54035610980104,-7.92365220812345
0.453857526511334,-3.79740995179225,-7.68040567258187
0.751043746519353,-4.0361644296831,-7.44570336565171
1.02567491666528,-4.25807779688677,-7.22070869051642
1.27817185324803,-4.46457075529941,-7.00614548728035
1.50910589617555,-4.65698332958421,-6.80235532952864
1.71915231989153,-4.83654566397014,-6.60935421871679
1.90905346488924,-5.00436026605616,-6.42688662813136
2.07959045531987,-5.16139332314934,-6.25447565511352
2.2315622552141,-5.30847296571838,-6.09146864610207
2.36577082563182,-5.44629267168487,-5.93707808915438
2.48301122679397,-5.57541834031166,-5.79041785477354
2.58406562675768,-5.69629788084162,-5.65053504007018
2.66970030758615,-5.80927243925755,-5.51643776225756
2.74066488684275,-5.91458861774487,-5.38711927937741
2.7976930890636,-6.01241122399282,-5.26157880838285
2.84150450573546,-6.10283622421294,-5.13883937834982
2.87280687325202,-6.18590367010966,-5.01796301108569
2.89229847800402,-6.26161043271076,-4.89806347124908
2.90067036856459,-6.32992261208166,-4.77831677944938
2.89860811933249,-6.39078750852113,-4.6579696389771
2.88679295012504,-6.44414504442201,-4.5363458926639
2.86590206360376,-6.48993852245279,-4.41285110249404
2.83660811787082,-6.5281246001098,-4.2869753315511
2.79957780513612,-6.5586823570892,-4.15829420534364
2.75546955837389,-6.58162133338175,-4.02646833639221
2.70493045515896,-6.59698842447571,-3.89124121041888
2.64859242983127,-6.60487353646238,-3.75243565232459
2.58706794009305,-6.60541392805627,-3.60994901284855
2.52094526051683,-6.59879719755179,-3.4637472397745
2.45078359199789,-6.5852629087963,-3.3138580183141
2.37710818220191,-6.56510288912016,-3.16036318172033
2.30040564746181,-6.53866027132246,-3.00339060361606
2.22111967196836,-6.5063273887601,-2.84310578692285
2.1396472367299,-6.46854266504741,-2.67970336024564
2.05633550043538,-6.42578666598495,-2.51339868134665
1.97147941921016,-6.37857749979311,-2.34441972971648
1.88532015465864,-6.32746576184022,-2.17299944744409
1.79804428187563,-6.27302922175874,-1.99936866110508
1.70978377341696,-6.21586744462904,-1.82374968885927
1.62061670333167,-6.15659652472736,-1.64635070798169
1.53056858860593,-6.09584409145985,-1.46736093010864
1.4396142645826,-6.03424472399712,-1.28694660579161
1.34768017642827,-5.97243588529157,-1.10524785746092
1.25464696039318,-5.91105445903782,-0.922376321252298
1.16035218593984,-5.8507339459921,-0.738413563702306
1.06459313200898,-5.7921023499345,-0.553410229185359
0.967129476771705,-5.73578075919958,-0.36738586806657
0.867685789128636,-5.68238260759273,-0.1803293936665
0.765953720914518,-5.63251357884686,0.00779988200868328
0.661593810290461,-5.58677210149103,0.197070678527395
0.554236818339261,-5.54575036579817,0.387577679583117
0.443484531794646,-5.51003578084563,0.579438992708149
0.328909974723474,-5.48021277696908,0.772793146710957
0.210056980673685,-5.45686484616522,0.967795620149748
0.0864390843957868,-5.44057669929407,1.16461487376688
-0.0424623008751477,-5.43193640308671,1.36342783590214
-0.177200447720572,-5.43153734065216,1.56441476191514
-0.318366639624269,-5.4399798148825,1.76775335582405
-0.466594265493596,-5.45787208314564,1.97361200376509
-0.622563677005561,-5.48583057194963,2.18214192338065
-0.78700777937889,-5.52447896959854,2.39346797960692
-0.960718292130198,-5.57444583069292,2.60767785427277
-1.1445525661898,-5.63636024585398,2.82480918327161
-1.33944077109691,-5.71084503032315,3.04483419005685
-1.5463931627592,-5.7985067632595,3.26764124790646
-1.76650699825387,-5.89992186334396,3.49301269742629
-2.00097246685353,-6.01561771480743,3.72059813438881
-2.25107674105035,-6.14604766308606,3.94988227479984
-2.51820490116188,-6.29155848775865,4.18014641430077
-2.80383603502586,-6.45234874728842,4.41042245293206
-3.10953224571994,-6.62841620361051,4.63943849373947
-3.4369176085439,-6.81949242313786,4.86555520479023
-3.78764331436674,-7.02496269202454,5.08669254581037
-4.16333436279202,-7.24376969594115,5.30024722293749
-4.56551232278104,-7.47430016930987,5.50300250470698
-4.99548804267025,-7.71425514884966,5.69103399830575
-5.45421807051689,-7.96050686470862,5.85961784775262
-5.94211940374351,-8.20894899773075,6.00315173675079
-6.45883966863381,-8.45435231665841,6.11510408545605
-7.00298473047253,-8.69024470031266,6.18801265665269
-7.57181386744187,-8.90884294720737,6.21355965254754
-8.16092453531908,-9.10107252606541,6.18275474173633
-8.7639641249739,-9.25671834602579,6.08625781655659
-9.37242315266447,-9.36475118480597,5.91486631444408
-9.97557894344096,-9.4138659386465,5.6601741536184
-10.5606644847982,-9.39324467724354,5.31537859917501
-11.1133256243539,-9.29351721826921,4.87616920497438
-11.618394359244,-9.10783763439745,4.34158684601152
-12.0609456997751,-8.83293787491324,3.71470489452787
-12.4275300117266,-8.4699783806918,3.00297667011292
-12.7074030148704,-8.02501148121886,2.21812773450253
-12.8935391665804,-7.50892024756101,1.37554983503384
-12.9832328082636,-6.93678949417627,0.493258020884359
-12.9781684671747,-6.32678216237809,-0.409428958508509
-12.8839563451509,-5.69869621355753,-1.31326691965152
-12.7092439119634,-5.07243132558869,-2.20030754183124
-12.4645926728809,-4.46658745605595,-3.0548052692762
-12.1613304597495,-3.89735909211018,-3.8637411917588
-11.8105570202177,-3.37780622496771,-4.61698256484487
-11.4224146573152,-2.91750423687627,-5.30715794857136
-11.0056618826639,-2.52251902136188,-5.9293539302461
-10.5675267726698,-2.19562655705784,-6.48073449801769
-10.1137780290815,-1.93669320816754,-6.96016018406998
-9.64893632428818,-1.74314489554202,-7.36785365097764
-9.17655131481021,-1.61047083327745,-7.70513065773597
-8.69948375173133,-1.53272442193545,-7.97419507764321
-8.22015099524669,-1.50299707271116,-8.1779849540716
-7.74071321054099,-1.51384967484434,-8.32005233021382
-7.26319364851283,-1.55769199143985,-8.40446064726201
-6.78953827009734,-1.62710380633197,-8.43568760466238
-6.32162723823187,-1.71509430617651,-8.41852657211742
-5.86125390472276,-1.81529867908341,-8.35798451707208
-5.41008673516269,-1.92211348546883,-8.25917811255025
-4.96962721552729,-2.03077490696048,-8.12723188060973
-4.54117323293435,-2.13738623913777,-7.96718296668334
-4.12579362290706,-2.23890269298451,-7.78389674329976
-3.72431617768079,-2.33308253595782,-7.58199633079141
-3.33732878951143,-2.41841380091804,-7.36580771149464
-2.96519168693747,-2.4940253072875,-7.1393207316798
-2.608057853123,-2.55958974175891,-6.90616514397145
-2.26589852579695,-2.61522523485853,-6.66960004021847
-1.93853095679122,-2.66140043387847,-6.43251456900897
-1.62564615166128,-2.6988466653368,-6.19743767459871
-1.3268349490815,-2.72847950777347,-5.96655465955788
-1.04161141715248,-2.75133101930408,-5.74172858280374
-0.769433068768584,-2.76849300715336,-5.52452478903104
-0.509717799608453,-2.78107108435658,-5.31623717263096
-0.261857727303758,-2.79014881088309,-5.11791507415552
-0.0252302735147705,-2.79676093286691,-4.93038997041617
0.200793094967682,-2.80187458206454,-4.75430134190969
0.416840039365139,-2.80637724700242,-4.59012128250813
0.623532039828189,-2.81107034984217,-4.43817755966361
0.821480260021547,-2.81666733544383,-4.29867494420243
1.01128230179138,-2.82379528260451,-4.17171471300213
1.19351962560043,-2.83299916735483,-4.05731229091254
1.36875546486496,-2.84474803355971,-3.95541304480449
1.53753310529948,-2.85944244905347,-3.86590627627801
1.70037443325648,-2.87742274082679,-3.78863748314329
1.857778680501,-2.89897760705566,-3.72341897540202
2.01022130822937,-2.92435279522953,-3.67003894066391
2.15815298202872,-2.95375961363423,-3.62826905790384
2.30199859345858,-2.98738310811205,-3.59787075809908
2.44215628441511,-3.02538978801974,-3.57860022630061
2.57899642855886,-3.06793482561621,-3.57021223267581
2.71286052072957,-3.11516868286219,-3.57246287051245
2.84405992108038,-3.16724313996159,-3.58511126752495
2.97287439609336,-3.22431671201256,-3.6079203234323
3.09955039400799,-3.28655944483969,-3.64065651201798
3.22429898775237,-3.35415707927143,-3.683088770049
3.34729341444921,-3.42731456546065,-3.73498647882808
3.46866613725889,-3.50625889581507,-3.79611652711073
3.58850535311314,-3.59124120705407,-3.86623942702574
3.70685086935234,-3.68253807907986,-3.94510443799525
3.82368927421183,-3.78045193093307,-4.03244363813577
3.9389483316288,-3.88531038230812,-4.12796486916933
4.05249054146995,-3.99746441328267,-4.23134347077857
4.1641058239915,-4.11728511569312,-4.34221271537125
4.27350331465658,-4.24515878806486,-4.4601528567641
4.38030229546268,-4.38148008400115,-4.58467871949158
4.48402234537929,-4.52664288430189,-4.71522578332693
4.58407286958149,-4.68102853009284,-4.85113476519244
4.67974226940033,-4.8449910340099,-4.99163477396499
4.77018714666603,-5.01883888741975,-5.13582521964454
4.85442210088616,-5.20281311488242,-5.28265680430793
4.93131087694624,-5.39706130662409,-5.43091211524949
4.99955985253571,-5.60160750253026,-5.57918658607123
5.05771511019348,-5.81631802593784,-5.72587089084326
5.10416460203084,-6.0408636913518,-5.86913618477096
5.13714715751424,-6.2746792531674,-6.00692398662651
5.15477026352359,-6.51692153049642,-6.13694288331615
5.15503860273897,-6.76642832911728,-6.25667457611115
5.13589519803546,-7.021681054366,-6.36339201004371
5.09527659470913,-7.28077470422377,-6.45419233988492
5.03118273975226,-7.54139964487137,-6.52604717959795
4.94176103156249,-7.80084005344534,-6.57587184787279
4.82540240771357,-8.05599398141305,-6.60061407478567
4.68084538644333,-8.30341945146111,-6.59736084626935
4.50728185988869,-8.5394096840545,-6.56345980308694
4.30445645164308,-8.76009837424831,-6.49664907799129
4.07274979384445,-8.96159296796902,-6.39518698856008
3.81323558485433,-9.14013037648729,-6.25797105941511
3.52770213383933,-9.29224597893205,-6.08463492457609
3.2186314800446,-9.41494371204841,-5.87561218361
2.88913300162871,-9.5058531926175,-5.63215847063745
2.54283327152371,-9.56335970012271,-5.35632673991848
2.18372904635598,-9.58669471942574,-5.05089561243457
1.8160148004732,-9.57597846328637,-4.71925580441999
1.44389930317734,-9.53221081664126,-4.36526427713833
1.07142681297362,-9.45721263085668,-3.99307899848784
0.702317372817217,-9.35352431874368,-3.60698857133242
0.339837724316995,-9.22427246798991,-3.21125034933132
-0.0132898454851241,-9.07301722201182,-2.8099483239049
-0.354938049171602,-8.90359338010778,-2.40687861520652
-0.683586162373993,-8.71995680008554,-2.00546654311048
-0.998297622642827,-8.52604523395232,-1.60871564126403
-1.29867085740519,-8.32565975914677,-1.21918607587934
-1.58477146460294,-8.12237000074045,-0.83899797553453
-1.85705372673082,-7.9194437543628,-0.469854186513347
-2.11627851384741,-7.71979962984644,-0.113076801033769
-2.36343324514017,-7.52598000507848,0.230347758563703
-2.5996580205671,-7.34014086018399,0.559719516251326
-2.82618052490447,-7.16405484113935,0.874575040304491
-3.04426098915227,-6.99912404255671,1.17463937016908
-3.25514744077338,-6.84639937025922,1.45978142870868
-3.4600407019282,-6.70660383562266,1.72997387954033
-3.66006808445345,-6.58015766361507,1.98525786055471
-3.85626444247692,-6.4672036103662,2.2257126544883
-4.04955913145978,-6.36763135215069,2.45143012296535
-4.24076744033634,-6.28110021129168,2.66249360445551
-4.43058517137612,-6.2070598227958,2.85896093221183
-4.61958520850314,-6.144768622681,3.04085124163942
-4.80821511537878,-6.09331026261528,3.20813528784325
-4.99679502324857,-6.0516082342558,3.36072906725542
-5.18551529492456,-6.01843912840343,3.4984906192482
-5.37443367907966,-5.99244506472464,3.62121996362988
-5.56347189450085,-5.97214591075601,3.72866219828632
-5.75241180415614,-5.95595196473073,3.82051382895279
-5.94089155030171,-5.94217780306257,3.89643242141578
-6.12840221891368,-5.92905798503221,3.95604964690152
-6.31428577613749,-5.91476525723143,3.99898772639002
-6.4977351595098,-5.89743180052089,4.0248791633253
-6.67779749746264,-5.87517390508031,4.03338948419746
-6.85338145474527,-5.84612023960049,4.02424248536135
-7.02326964105658,-5.8084435988058,3.99724722178233
-7.18613685984209,-5.76039567682903,3.95232568717777
-7.34057470432547,-5.70034403963517,3.88953985238901
-7.48512262890956,-5.62681008559388,3.80911648522937
-7.61830515037245,-5.53850642748178,3.71146801153962
-7.73867429528098,-5.43437184702284,3.59720763542971
-7.84485585447645,-5.31360181190822,3.46715705223348
-7.93559749214715,-5.17567254696821,3.32234538213705
-8.00981635202253,-5.02035684370893,3.16399842611545
-8.06664356938948,-4.84773018183837,2.99351797296574
-8.10546308322634,-4.65816630174603,2.81245161429841
-8.12594237124947,-4.45232205957213,2.62245427861059
-8.12805319381805,-4.23111214513684,2.42524338897202
-8.11208108901821,-3.99567496349693,2.22255009564654
-8.07862314118313,-3.74733158987003,2.01606936527592
-8.02857436132697,-3.48754013641326,1.80741178044575
-7.96310377971929,-3.21784807518397,1.59805971138266
-7.88362197836944,-2.93984503402098,1.38933009495883
-7.79174222755011,-2.6551183424499,1.1823454544845
-7.68923760812017,-2.36521320015093,0.978014094669458
-7.57799650292361,-2.07159883366896,0.777019692158173
-7.45997865415479,-1.77564146443284,0.579819847788375
-7.33717365494498,-1.4785843927833,0.386652629283885
-7.21156332616369,-1.18153505464227,0.19754974697073
-7.08508897633976,-0.885458558252081,0.0123547816821865
-6.95962409901386,-0.591176969222157,-0.169255185282655
-6.83695266168361,-0.299373479507048,-0.347746128552967
-6.71875280512846,-0.0106005561670858,-0.523703248453426
-6.60658551088669,0.274708800580752,-0.697807953971469
-6.50188760800782,0.556227474473697,-0.870816597476796
-6.40596837108918,0.833718991175052,-1.04354163094085
-6.32000889907341,1.10702114782773,-1.21683559689653
-6.24506344558127,1.37602890625454,-1.3915781359634
-6.18206188388715,1.64067680821028,-1.56866599277265
-6.13181252137373,1.9009210478061,-1.74900583450457
-6.09500451964702,2.15672122625737,-1.93350955784325
-6.0722092198971,2.4080217188905,-2.12309164497989
-6.06387971336717,2.65473250473197,-2.31866802970752
-6.07034803120543,2.8967092461015,-2.52115584230973
-6.09181935633188,3.13373236157916,-2.73147330866962
-6.12836268484166,3.36548481442135,-2.95053897755399
-6.17989739165897,3.59152834635343,-3.1792693348364
-6.2461751942346,3.81127793325908,-3.41857373171584
-6.32675707329542,4.02397433807398,-3.66934540702371
-6.42098482093752,4.22865480500184,-3.93244722863672
-6.52794707031849,4.42412220030251,-4.20869063132045
-6.64643995181387,4.60891328440279,-4.49880611500648
-6.77492295879045,4.78126732555126,-4.80340363073793
-6.9114712380526,4.93909696123373,-5.12292128243413
-7.05372639092681,5.07996409344098,-5.45756109403778
-7.19884901516975,5.20106465684187,-5.80721123775885
-7.34347764104178,5.29922727148033,-6.17135520934121
-7.48370036782193,5.37093196393943,-6.54897008818552
-7.61504725162962,5.41235610119552,-6.93841831758381
-7.73251306683251,5.41945510609358,-7.33734038176106
-7.83062104003085,5.38808497732167,-7.74255918457792
-7.90353795757791,5.31417161319296,-8.15001045683176
-7.94524899153946,5.1939279617786,-8.55471644312572
-7.9497960310188,5.02411382462793,-8.95082145018675
-7.911575886158,4.80232491584339,-9.33170639086131
-7.82568469532844,4.52728841224303,-9.69019413374372
-7.68828336179284,4.19913344843025,-10.0188476999499
-7.49694804774555,3.81959923954441,-10.3103496133619
-7.25096260672262,3.39214336481353,-10.5579349078605
-6.95150933487264,2.92192013158853,-10.7558357081328
-6.60172252780775,2.41561409239994,-10.8996859398112
-6.20658590540348,1.881134605748,-10.9868340940962
-5.77267727776896,1.32719953699892,-11.0165216603944
-5.30778702274764,0.762854455335388,-10.9899035804051
-4.82045551108398,0.196983363101622,-10.9099108328837
-4.31948422351818,-0.362134190899767,-10.7809784482609
-3.81347426272489,-0.907175984390417,-10.6086796178313
-3.31043559728148,-1.43201412256028,-10.399314848592
-2.81749425782727,-1.93182988129153,-10.1595038532324
-2.34070720759131,-2.40311711070743,-9.8958190503229
-1.88497946924509,-2.84359654446333,-9.61448654812587
-1.45406754539586,-3.25206875164529,-9.32116676487012
-1.05064780557406,-3.62823338130322,-9.02081503362493
-0.676427646215491,-3.97249845511785,-8.71761406392967
-0.332279519313694,-4.28579763062328,-8.41496526683723
-0.0183819183710014,-4.56942715580195,-8.11552420266266
0.265644098338227,-4.82490871449701,-7.82126592312658
0.520610091431505,-5.05388004544886,-7.53356785028421
0.747650946738814,-5.2580122244582,-7.25330030979907
0.948132375856578,-5.43895069523608,-6.98091738210777
1.12357477306815,-5.59827626818995,-6.71654303238218
1.27559197267975,-5.7374821028658,-6.46004937912148
1.40584295260853,-5.857962904989,-6.21112542723376
1.51599439062461,-5.96101301238826,-5.96933565738013
1.60769206612227,-6.04783058096821,-5.73416859343623
1.6825393125539,-6.11952562616668,-5.50507593674542
1.74208099366132,-6.177130177935,-5.28150312719468
1.78779175477109,-6.22160924500739,-5.0629123240921
1.82106756135098,-6.25387165034215,-4.84879883910486
1.84321976625186,-6.27478009682857,-4.63870203236829
1.85547113860999,-6.28516005800047,-4.43221162491274
1.8589534406495,-6.28580727153121,-4.22897030190313
1.8547062561657,-6.2774937525552,-4.02867339247514
1.84367686055065,-6.26097234728585,-3.83106631996749
1.82672098186386,-6.23697992169267,-3.63594042531121
1.80460434082948,-6.20623933069447,-3.44312767882136
1.77800487971721,-6.1694603449492,-3.25249471320918
1.74751560034764,-6.12733972860623,-3.06393653425296
1.71364793388694,-6.08056066546395,-2.87737019582193
1.67683556293727,-6.02979172552838,-2.69272866319048
1.63743861229772,-5.97568555133343,-2.50995503298038
1.59574812061381,-5.9188774256155,-2.32899722964427
1.55199070229562,-5.85998386083548,-2.14980325702918
1.50633330836644,-5.79960132816481,-1.97231704897314
1.45888799665298,-5.73830522021376,-1.79647493471048
1.40971662593353,-5.67664911904453,-1.62220271260872
1.35883539504272,-5.61516441970673,-1.44941330887474
1.30621915603654,-5.55436034025098,-1.27800498574433
1.25180543979928,-5.49472433229665,-1.10786005568728
1.19549814234419,-5.43672289193846,-0.938844053706007
1.13717082996463,-5.38080275909592,-0.770805318302435
1.07666963083409,-5.32739248422385,-0.60357493260819
1.01381568921568,-5.27690433439115,-0.436966980056235
0.948407165804102,-5.22973650579452,-0.27077907343116
0.880220773658995,-5.18627560644586,-0.104793121863415
0.809012843565951,-5.14689937065478,0.0612236928952576
0.734519915428115,-5.11197956559705,0.227517751903994
0.656458853469741,-5.08188504927012,0.394347658643982
0.574526482707542,-5.05698493802602,0.561982725892886
0.488398742456827,-5.03765184015774,0.730701282576773
0.39772934978173,-5.02426510918312,0.900788781755925
0.302147962024133,-5.01721406595991,1.07253567785145
0.201257823176428,-5.01690113194947,1.24623502626549
0.0946328743137857,-5.02374480609947,1.42217974115346
-0.0181856958839797,-5.03818240408298,1.60065942659791
-0.137693487587043,-5.06067245998595,1.7819566719781
-0.264427541338246,-5.09169666572801,1.96634267292145
-0.398971630351791,-5.13176119100973,2.15407200366356
-0.541962211672999,-5.18139718454401,2.3453763235399
-0.694095038921833,-5.24116020350112,2.54045674810842
-0.856132412842408,-5.31162824978836,2.73947455234884
-1.02891100365551,-5.39339800585766,2.94253979777301
-1.21335011513265,-5.48707875563973,3.14969738557535
-1.41046016629254,-5.59328334414476,3.36090993318744
-1.62135103216407,-5.71261536855771,3.57603675201514
-1.84723969681444,-5.84565160138625,3.79480807218451
-2.08945641329926,-5.9929184214818,4.01679352205984
-2.34944821674687,-6.15486077464979,4.24136373856575
-2.62877817653501,-6.33180191243566,4.4676438810654
-2.92911817944742,-6.52389188808417,4.69445778342973
-3.25223229032716,-6.73104256475708,4.92026156387741
-3.59994683566292,-6.95284678491812,5.14306580750784
-3.9741023219957,-7.18847947697517,5.36034606819723
-4.37648120900704,-7.43657901129879,5.56894257748016
-4.8087045654055,-7.69510831419696,5.76495192022665
-5.27209003344182,-7.96119744236617,5.943616299667
-5.76746378788364,-8.23097292324719,6.09922012343668
-6.29492100051688,-8.49938460981786,6.22500915947454
-6.85353365191693,-8.7600483999178,6.31315433796563
-7.44101245433962,-9.00513288459457,6.354789797894
-8.05334211719287,-9.22532901191974,6.34016152583234
-8.6844264619627,-9.40995210795136,6.25892626546431
-9.32580066634915,-9.54723127944191,6.10063637619622
-9.96648824932068,-9.62483674762961,5.85543032018958
-10.5930930009908,-9.63067459834433,5.51491658644789
-11.1902107697463,-9.55393598367349,5.07319080865331
-11.7412127000538,-9.3863248203315,4.52786822435129
-12.2293855812254,-9.12331517971029,3.88096209957061
-12.639324078445,-8.76522873991238,3.13941591644501
-12.9583773319275,-8.31790202943875,2.31512438529838
-13.1778937176399,-7.79275500412488,1.42436326500388
-13.2940145657094,-7.20617845842201,0.486674129764627
-13.3078511092018,-6.57830145215557,-0.476621705994366
-13.2250176334829,-5.93133446607016,-1.44402230145601
-13.054640987689,-5.28776338784126,-2.39529077824149
-12.8080720092903,-4.66867096810918,-3.31254627939164
-12.4975578698082,-4.0923957501306,-4.18090746550029
-12.1350968281048,-3.57363680297894,-4.9887057546293
-11.7316140462995,-3.12301348522674,-5.72736354177877
-11.296503017391,-2.74701872614792,-6.39106544806236
-10.8374991095961,-2.44826998760184,-6.97634373794168
-10.360803385567,-2.22595817219804,-7.48166801646735
-9.87135711284127,-2.07640902726553,-7.90709072763758
-9.37317342618556,-1.99369229790502,-8.25396578205256
-8.86965302910575,-1.9702331902796,-8.52473381031279
-8.36383700325474,-1.99739522996236,-8.72275515816525
-7.85857532715875,-2.06601320137465,-8.85216894751144
-7.35661061764687,-2.16686103110365,-8.91776019797731
-6.86059101990842,-2.2910440306676,-8.92482389280904
-6.37303381908796,-2.43030915315346,-8.87902227659875
-5.89626309355874,-2.57727139241792,-8.78623773689614
-5.43234211586558,-2.72555905479779,-8.65242740720578
-4.98301601438302,-2.86988488477849,-8.48348699370462
-4.54967410148049,-3.00605339352064,-8.28513069643692
-4.1333355473855,-3.13091685438046,-8.06279218026167
-3.73465754325878,-3.24229318655845,-7.82154910137408
-3.35396208951865,-3.33885848653057,-7.56607132434264
-2.99127603046113,-3.42002558919004,-7.30059106527862
-2.64637866341364,-3.48581811014145,-7.02889193984504
-2.3188518086948,-3.5367472780963,-6.75431327673061
-2.00812826527574,-3.57369677894883,-6.47976596663706
-1.71353578889184,-3.59781897642024,-6.20775639710592
-1.4343348954851,-3.61044433822922,-5.9404155184977
-1.16974978226012,-3.61300470508794,-5.67953066694777
-0.918992413138093,-3.60697017182741,-5.42657834404929
-0.681280329085041,-3.59379876098495,-5.18275666443679
-0.455849043017271,-3.57489770568606,-4.94901660495178
-0.241960005991534,-3.55159496791255,-4.72609151719002
-0.0389051325922304,-3.52511955369153,-4.51452460637202
0.153991207934168,-3.49658920999454,-4.31469424753158
0.337371956008551,-3.46700416915187,-4.12683712085019
0.511848249164374,-3.43724572270815,-3.95106921665489
0.678000945903913,-3.40807854130943,-3.78740479999145
0.836382431788268,-3.38015579863741,-3.63577344489004
0.987518466380125,-3.35402629743657,-3.4960352568803
1.1319099203136,-3.33014292886424,-3.36799440408831
1.27003432072248,-3.30887191927372,-3.25141107561745
1.40234717269622,-3.29050242912532,-3.14601198278059
1.52928305741194,-3.27525616608915,-3.05149951508378
1.65125652744036,-3.26329675841836,-2.96755965904669
1.76866282964491,-3.25473870574844,-2.89386878404032
1.88187848892197,-3.24965578341852,-2.8300993952294
1.99126178413001,-3.24808882426171,-2.77592494929025
2.09715314279162,-3.25005283975833,-2.73102382371722
2.1998754749209,-3.25554347172838,-2.69508252516721
2.29973445961824,-3.26454278758339,-2.66779821641087
2.39701879153411,-3.27702444773132,-2.64888063509779
2.49200038832174,-3.2929582841035,-2.63805347077358
2.58493455496436,-3.31231433491165,-2.63505525950077
2.67606009643009,-3.3350663834799,-2.63963984813151
2.76559936643693,-3.36119504904071,-2.65157647285432
2.85375823711109,-3.3906904753194,-2.67064948917172
2.94072597187686,-3.42355465902684,-2.69665778303107
3.02667498190335,-3.45980345539543,-2.72941388547739
3.11176044474111,-3.49946829189481,-2.76874280596175
3.19611976231886,-3.54259761443106,-2.81448059234454
3.27987183417254,-3.58925808277694,-2.86647261869532
3.36311612061845,-3.63953552374765,-2.9245715952238
3.44593146956953,-3.6935356417265,-2.98863528809928
3.52837467988814,-3.75138447651954,-3.05852393056481
3.61047877368339,-3.81322858811357,-3.13409730068991
3.69225094997371,-3.8792349366547,-3.21521143543562
3.77367019290172,-3.94959041378496,-3.3017149455911
3.85468450955136,-4.02450096833176,-3.39344489182009
3.93520777583057,-4.10419025524848,-3.49022217887225
4.01511617441852,-4.1888977217523,-3.59184642343761
4.0942442171515,-4.27887602902498,-3.69809025178597
4.17238035630026,-4.37438769204484,-3.80869298706021
4.24926220600182,-4.47570080477123,-3.92335369393744
4.32457141782199,-4.58308370400596,-4.0417235616392
4.39792828433448,-4.69679841424343,-4.16339762654281
4.46888618305008,-4.81709270966309,-4.2879058647613
4.53692602128948,-4.94419063072653,-4.41470372508521
4.60145090168957,-5.07828130496727,-4.54316222579626
4.66178129845826,-5.21950594864018,-4.67255780717881
4.71715111583129,-5.36794297283148,-4.80206221680209
4.76670509060571,-5.52359118992845,-4.93073280772117
4.80949809626771,-5.6863512197816,-5.05750375008141
4.84449700050212,-5.85600533486077,-5.18117879136159
4.87058581073031,-6.03219616426019,-5.30042634354358
4.88657489971738,-6.21440489883685,-5.41377781641638
4.89121511692665,-6.40192990077754,-5.51963023927252
4.88321753908281,-6.59386691042708,-5.61625429678148
4.86127947090181,-6.78909234220624,-5.70180892140114
4.82411705023958,-6.98625143993027,-5.77436350250935
4.77050442213306,-7.18375327813854,-5.83192855849217
4.69931891568378,-7.37977469798039,-5.87249534341574
4.6095909972683,-7.57227519524773,-5.89408430735769
4.50055701958242,-7.75902447731671,-5.89480160237292
4.37171200565819,-7.93764383130932,-5.8729019575616
4.22285899841736,-8.10566158166317,-5.82685530632918
4.05415099188859,-8.2605817878354,-5.75541364363864
3.86612127059017,-8.39996402167226,-5.6576738576267
3.65969823343715,-8.52151070420288,-5.53313186695283
3.43620153720613,-8.62315725344689,-5.38172343551738
3.19731765838889,-8.70315939841912,-5.20384761434795
2.94505464703222,-8.76017163298529,-5.0003698832824
2.6816777481417,-8.79331104094062,-4.77260364423784
2.40962944540532,-8.80220165085129,-4.5222705729906
2.13143906561361,-8.78699599398802,-4.25144222156889
1.849628129066,-8.74837245450295,-3.96246691269084
1.56661798298789,-8.6875090593306,-3.65788714911765
1.28464586922247,-8.60603627635281,-3.34035332352642
1.00569453454604,-8.5059729271733,-3.01253941687493
0.731438973275095,-8.38965030792979,-2.67706568414912
0.463212137445094,-8.25962998255463,-2.33643220172333
0.201989707995963,-8.11862050332756,-1.99296579311167
-0.0516074975952622,-7.96939763784311,-1.64878146522198
-0.297296055607761,-7.81473169886354,-1.30575824687789
-0.53510069394643,-7.65732445233485,-0.965528340549984
-0.765316853405706,-7.49975696768167,-0.629477829744569
-0.988468544620947,-7.34444878430578,-0.298756826134315
-1.20526463059989,-7.19362796613651,0.025703149502361
-1.41655612413963,-7.04931102861466,0.343166643625636
-1.62329646450543,-6.91329134428622,0.653068444218958
-1.82650610504018,-6.78713443793941,0.954985971115677
-2.02724215770184,-6.67217853297981,1.24861105691075
-2.22657333510522,-6.56953876806983,1.53372196497009
-2.42556002016782,-6.48011363059844,1.81015620135737
-2.62523897857479,-6.40459232112739,2.07778443784107
-2.8266120012957,-6.34346194783688,2.3364856773459
-3.03063760951477,-6.29701363682328,2.5861236603381
-3.23822485711921,-6.2653468242228,2.82652442756981
-3.45022821176766,-6.24837116658543,3.05745491795776
-3.66744247268293,-6.24580566843388,3.27860248768144
-3.89059668377227,-6.25717478605966,3.48955528697785
-4.12034602134657,-6.28180143292899,3.68978352540438
-4.35726067883186,-6.31879699555081,3.87862179672798
-4.60181084447958,-6.36704868181033,4.05525282381657
-4.854346986234,-6.42520477959186,4.2186932238819
-5.11507484052211,-6.4916587138391,4.36778218421247
-5.38402477376838,-6.56453316322701,4.50117427149963
-5.66101557498233,-6.64166593430094,4.61733795796614
-5.94561327227516,-6.72059978010785,4.71456180495471
-6.23708626628929,-6.79857886266588,4.79097055130577
-6.53435894396607,-6.87255504002106,4.84455353968309
-6.83596695338414,-6.93920752466435,4.87320788610729
-7.14001841879118,-6.99497959365928,4.87479844513268
-7.44416643280061,-7.03613578709306,4.84723582884829
-7.7455989946214,-7.05884225384702,4.78857240461656
-8.04105292461024,-7.05927145492269,4.69711428175189
-8.32685789804728,-7.03373024332838,4.57154485874094
-8.59901534472335,-6.97880745754869,4.4110527413475
-8.85331439217123,-6.8915338217139,4.21545412865096
-9.08548331505823,-6.76954357448117,3.98529762507509
-9.29137038764341,-6.61122446826219,3.72193848198241
-9.4671432187274,-6.41584129784571,3.42757006179016
-9.60949142585086,-6.18361856418826,3.10520318234641
-9.71581481615297,-5.91577060864375,2.75858887410978
-9.78437887850736,-5.61447246446603,2.39208641265539
-9.81442175079389,-5.28277113804961,2.01048527432898
-9.80620172966151,-4.92444398136994,1.61879565884969
-9.76098106908947,-4.54381697747432,1.22202625131793
-9.68094907621928,-4.14555998931935,0.824969168570351
-9.56909404866276,-3.73447760899281,0.432010368751719
-9.42903831851875,-3.31531308400562,0.0469796549527671
-9.26485296156983,-2.89257937053825,-0.326951288561594
-9.08086854913188,-2.47042655125838,-0.687320487340997
-8.88149610624454,-2.05254966804859,-1.03238001680041
-8.67106892847769,-1.64213634161019,-1.3610603103335
-8.45371190326327,-1.2418499711534,-1.67290406206303
-8.23324116582412,-0.853842074808493,-1.96798011618351
-8.01309375883594,-0.479786393789535,-2.24678716663877
-7.79628468115701,-0.120927492613353,-2.5101556226614
-7.58538732316816,0.221862590244741,-2.7591540673923
-7.38253267725912,0.548024882112328,-2.99500471586793
-7.18942269750996,0.857255130253957,-3.21901042436467
-7.00735356607595,1.14944925387724,-3.43249426457621
-6.83724523108209,1.42465422200021,-3.63675151096078
-6.67967427670795,1.68302515846449,-3.83301309052728
-6.53490787712674,1.92478887663126,-4.02241906537769
-6.40293721544925,2.15021364857493,-4.20600049612018
-6.28350928873659,2.35958477836896,-4.38466800286431
-6.17615646219455,2.55318543596169,-4.55920544022072
-6.08022348377435,2.73128218049436,-4.7302672843362
-5.99489193493679,2.89411462921343,-4.89837855576762
-5.91920228703908,3.04188878650295,-5.06393634481805
-5.85207386827839,3.17477361913457,-5.22721224751435
-5.79232313438545,3.29290053563008,-5.38835524908373
-5.73868068607748,3.39636549044076,-5.547394800638
-5.68980749404505,3.4852334810342,-5.70424401975341
-5.6443107821737,3.55954523358758,-5.8587031041952
-5.60075998424136,3.61932587812664,-6.01046317810889
-5.55770312975151,3.66459539546348,-6.15911088934166
-5.51368393162001,3.69538057662991,-6.30413414246861
-5.46725974313691,3.71172817297724,-6.44492938149438
-5.41702042600423,3.71371883614282,-6.58081082600178
-5.36160802907994,3.70148135843558,-6.71102201233454
-5.29973702483151,3.67520663499674,-6.83474989641844
-5.23021469613188,3.63516069055911,-6.95114163879309
-5.15196112115405,3.58169605833721,-7.05932402057323
-5.06402808189981,3.51526077932748,-7.15842524072022
-4.96561613628426,3.43640431851674,-7.24759863378436
-4.85608905779122,3.34577977843244,-7.32604764051626
-4.73498487082112,3.24414193334531,-7.39305118123487
-4.60202279949506,3.1323408059879,-7.44798844380863
-4.45710560196653,3.01131075237079,-7.49036202268631
-4.30031697302005,2.88205529168371,-7.51981834595067
-4.13191394953374,2.74562819436839,-7.53616441006575
-3.95231452504175,2.60311159628255,-7.53938000437109
-3.76208094652271,2.4555921148273,-7.52962483795304
-3.56189940375091,2.30413608226019,-7.50724026084357
-3.35255700722528,2.14976506746371,-7.47274557447728
-3.13491706896617,1.99343282463991,-7.42682922549551
-2.90989374341396,1.83600469008824,-7.37033544601241
-2.67842705397191,1.6782402598109,-7.30424712048016
-2.44145923304588,1.5207799415321,-7.22966580930164
-2.19991315451471,1.36413570909632,-7.14778993541847
-1.95467345579953,1.20868611999971,-7.05989214337139
-1.7065707513622,1.05467541042568,-6.967296778786
-1.45636914828997,0.902216274236241,-6.87135832283074
-1.2047571020131,0.751295774433364,-6.77344146657117
-0.95234150621517,0.601783732736246,-6.67490334045163
-0.699644801147,0.453442894346778,-6.5770782392067
-0.447104810245106,0.305940165250744,-6.48126501459764
-0.195076974334412,0.158858259924622,-6.38871715648977
0.0561613582984841,0.0117071678867555,-6.30063545254872
0.306404914272873,-0.13606506225984,-6.21816301071227
0.55551304595721,-0.28506262231614,-6.14238234644478
0.803401100824312,-0.435933625962269,-6.07431417646301
1.05003080400071,-0.589363371699525,-6.0149175186342
1.29539978737029,-0.746069295003524,-5.96509066979634
1.53953033369286,-0.906797634459458,-5.92567261470801
1.78245733722716,-1.07232176203421,-5.89744440558671
2.02421541412874,-1.24344205929054,-5.88113003838306
2.26482502682711,-1.42098715573911,-5.87739633514118
2.50427741696921,-1.60581627791226,-5.88685131816196
2.7425180719075,-1.79882238234656,-5.91004052859256
2.97942838139737,-2.0009356558132,-5.94744069783697
3.21480507674477,-2.2131268544425,-5.99945012444634
3.44833698878308,-2.43640981197774,-6.06637504340196
3.6795786215108,-2.671842268345,-6.1484112031898
3.90792002713623,-2.92052394586594,-6.24561979706428
4.13255250383072,-3.18359052673457,-6.35789684255848
4.35242974584443,-3.46220186122936,-6.48493509009686
4.56622429298885,-3.7575223690156,-6.62617760143662
4.77227950085515,-4.07069120677817,-6.78076232060533
4.96855784496028,-4.40277940641586,-6.947457331688
5.1525872521107,-4.75473091238459,-7.1245871480111
5.3214083946736,-5.12728438076878,-7.30995141489135
5.4715275496375,-5.52087291730903,-7.50073895427899
5.59888173451905,-5.93549985982891,-7.69344224723871
5.69882531919022,-6.37059054138671,-7.8837803041406
5.76614995701298,-6.82482301774525,-8.06664136324813
5.79515202980411,-7.29594527004018,-8.23606072672974
5.77976310571144,-7.78059247938795,-8.3852527033492
5.71375808762625,-8.27412530665739,-8.50671806161603
5.59105147063428,-8.77051775994926,-8.59244812690729
5.40608317907629,-9.26232942198104,-8.63424188804646
5.15428117348129,-9.74079891887508,-8.62414154282246
4.83256912421114,-10.1960904549316,-8.55497403923663
4.4398667519697,-10.617710407226,-8.42096249669359
3.97751307986172,-10.995085692324,-8.21834580130772
3.44953552096474,-11.3182626478096,-7.94592382728184
2.86269658353306,-11.5786514088855,-7.60543770926221
2.22627762593057,-11.7697161580819,-7.20170596980815
1.55160207623795,-11.8875060253966,-6.74246974596467
0.851348945747348,-11.9309402269516,-6.23794834027758
0.13874775969447,-11.9018018951995,-5.70015788783683
-0.57323383654272,-11.8044476730688,-5.14208673777185
-1.27260406368538,-11.6452898889184,-4.57684010609729
-1.94888486253994,-11.4321417868751,-4.01686014006229
-2.59343636380731,-11.1735269476894,-3.47330051975029
-3.19957139290107,-10.8780427491212,-2.95559730362705
-3.7624944937875,-10.5538416249718,-2.47124092695073
-4.27911673451294,-10.208262424817,-2.025726114722
-4.74780050147228,-9.84761550285815,-1.62264037524272
-5.1680813754443,-9.477104163174,-1.2638469951471
-5.54040184478414,-9.10085319697583,-0.949721952594073
-5.86587823753256,-8.72201140394701,-0.679412159197576
-6.14611059254183,-8.34289691584595,-0.451091763811165
-6.38303651475713,-7.96515938567895,-0.262201812429973
-6.57882454651783,-7.58993965113328,-0.109665332523017
-6.73579977932941,-7.21801394802214,0.00992533736736791
-6.85639362776256,-6.84991535915763,0.100149189340245
-6.9431101870773,-6.4860296086296,0.164623772721152
-6.99850281549537,-6.12666551279919,0.206896922057694
-7.02515609055434,-5.77210249799675,0.230360728342619
-7.0256697993015,-5.42261878127132,0.238185563224915
-7.00264296201483,-5.07850429170775,0.233272100217607
-6.95865697177763,-4.7400623818031,0.218219386217747
-6.8962577302557,-4.4076040130136,0.195307070838521
-6.81793718537782,-4.08143753943912,0.166489907587521
-6.72611496504572,-3.7618565709408,0.133402625457943
-6.62312090034456,-3.44912775469853,0.0973732615979932
-6.51117919323804,-3.14347972833568,0.0594430698780452
-6.39239485588618,-2.84509400097396,0.02039119138024
-6.26874287325579,-2.55409812468332,-0.0192376043209204
-6.14206035056058,-2.27056122733166,-0.0591036281502569
-6.01404172597542,-1.99449177890656,-0.09904274536498
-5.88623697212741,-1.72583734178982,-0.13903770011388
-5.76005258495938,-1.46448599414634,-0.179191140741937
-5.63675506801695,-1.21026909804072,-0.219700966551387
-5.51747656247841,-0.962965095707721,-0.260838405135839
-5.40322224438151,-0.722304046984644,-0.302929043476313
-5.29487910534723,-0.487972659619185,-0.346336880408996
-5.19322574615684,-0.259619606036032,-0.391451344574221
-5.09894283853416,-0.0368609614360982,-0.438677129855865
-5.01262394471156,0.180714363241987,-0.488426637163558
-4.93478642282517,0.393539284816642,-0.541114773582766
-4.86588218565116,0.602063367582275,-0.597155843193851
-4.806308118126,0.806747830710119,-0.656962263840827
-4.75641599356787,1.00806074911508,-0.720944856559878
-4.71652175812432,1.20647242982084,-0.789514475357263
-4.68691407669237,1.40245092326826,-0.863084771118855
-4.66786205065504,1.59645760681794,-0.942075911693192
-4.65962202769335,1.78894275510899,-1.02691910812666
-4.66244342618504,1.98034098814221,-1.11806182252802
-4.67657349080985,2.17106646210439,-1.21597355424469
-4.70226088138626,2.36150763914739,-1.32115211620971
-4.73975797296993,2.55202143964583,-1.43413032069283
-4.78932171097322,2.74292654293836,-1.55548299127762
-4.85121281944497,2.93449555932037,-1.68583420330448
-4.92569310243,3.12694574637989,-1.82586462528637
-5.01302050616082,3.32042788628756,-1.97631878513159
-5.11344152244892,3.51501287765766,-2.13801201260353
-5.22718041015398,3.71067552749502,-2.31183670733496
-5.35442459205261,3.90727495873817,-2.49876744264561
-5.49530545060245,4.10453098300606,-2.69986423092877
-5.64987360288093,4.30199573656432,-2.91627303718351
-5.8180675922727,4.49901985659474,-3.1492223241526
-5.99967481001903,4.69471250959116,-3.4000140381146
-6.1942833829515,4.88789471092097,-3.67000699631555
-6.40122378077536,5.07704564639894,-3.96059012316994
-6.61949907614184,5.26024219386576,-4.27314242885459
-6.84770323174727,5.4350926364388,-4.60897608694868
-7.08392762348964,5.5986667688505,-4.96925854951548
-7.32565740454958,5.74742634193048,-5.35490950620385
-7.56966146310279,5.87716216980886,-5.76646890207573
-7.81188280942315,5.98294727990957,-6.20393352981703
-8.04734035704794,6.05911911937798,-6.66656235076651
-8.27005816428607,6.09930769761456,-7.15265516162634
-8.47304385603923,6.09652991605713,-7.65931590971106
-8.64834318388419,6.04337198472853,-8.18222094972759
-8.78720081462559,5.93227999408254,-8.71542324152647
-8.8803560285805,5.75597131285563,-9.25123424300868
-8.91849319890345,5.50796466714696,-9.78023299728786
-8.89284829154958,5.18320392642771,-10.2914522940223
-8.79594364363369,4.77872175472098,-10.7727800255225
-8.62238702253546,4.29426000722497,-11.2115866444652
-8.36963522278515,3.73274325992945,-11.5955477129502
-8.0385989738155,3.10050075686093,-11.9135809426984
-7.63396697883315,2.40715802411276,-12.1567732426832
-7.16415966728331,1.66517215890421,-12.3191513513764
-6.64088457912995,0.889053353999682,-12.3981620719747
-6.07834038120726,0.094380041872434,-12.3947766938478
-5.49218341497379,-0.703244525716739,-12.3132070638951
-4.89840933676219,-1.48914310363302,-12.1602963959794
-4.31230322784047,-2.25030435309707,-11.9447039228781
-3.74757866567463,-2.9758490833047,-11.6760249950219
-3.21577414690013,-3.65721947123563,-11.3639762096193
-2.7259213597112,-4.28813467629845,-11.0177385578949
-2.28445754914621,-4.86438201161039,-10.6455052023313
-1.89532968725803,-5.38351760444086,-10.2542376653723
-1.56023062830154,-5.84454000548337,-9.84960307211729
-1.27891213457046,-6.24758206320938,-9.43604808087483
-1.04953080101724,-6.5936470773592,-9.01696055408834
-0.868995671334349,-6.88439892991363,-8.59487419006232
-0.733297696251637,-7.12200434219612,-8.17168034362828
-0.637809809907014,-7.30901869839734,-7.74882193977367
-0.577552170825756,-7.44830415704926,-7.32745459691734
-0.547420558920017,-7.54296886955091,-6.90856864227338
-0.542377782547641,-7.59631790823792,-6.49307214086781
-0.557608918808768,-7.61180905550767,-6.08183934844324
-0.58864179327372,-7.59300925583004,-5.6757313756009
-0.631434601004071,-7.54354986020022,-5.27559668552159
-0.682433099579809,-7.46708057468719,-4.88225875453774
-0.738600364689412,-7.36722319270838,-4.49649720630998
-0.797422623427817,-7.24752678453342,-4.11902734055702
-0.856895088067425,-7.11142614323056,-3.75048149917497
-0.915491939069542,-6.96220507898498,-3.39139434778975
-0.97212461878241,-6.80296574916809,-3.04219302082384
-1.02609240009849,-6.63660472667345,-2.70319223481339
-1.07702881923601,-6.46579603194089,-2.37459391630818
-1.12484705823163,-6.2929809416933,-2.05649058045769
-1.16968678645051,-6.12036406870863,-1.7488715796802
-1.21186437434956,-5.9499149892573,-1.45163135990864
-1.25182782087802,-5.78337457088528,-1.16457896146717
-1.29011722045352,-5.62226510764933,-0.887448139857019
-1.32733115637486,-5.46790338429361,-0.619907628027879
-1.36409905385638,-5.32141584714415,-0.361571196941998
-1.40105925788939,-5.18375514193651,-0.112007285617045
-1.43884241288384,-5.05571737473886,0.129251937647773
-1.47805960261208,-4.93795955211124,0.362702153197855
-1.51929464848288,-4.83101675398473,0.588859128449019
-1.56309994926271,-4.73531868306465,0.808251603745603
-1.60999526425011,-4.65120531520297,1.02141478846791
-1.66046888404512,-4.57894144473504,1.22888441273863
-1.71498068944579,-4.5187299766767,1.43119126641149
-1.77396666231172,-4.47072386392647,1.62885614509575
-1.83784447670702,-4.43503662254812,1.8223851113699
-1.9070198599282,-4.41175138233819,2.01226496714942
-1.9818934679633,-4.40092844379731,2.19895881981185
-2.06286806625979,-4.40261131690645,2.38290160976541
-2.15035584279537,-4.41683121228336,2.56449545040753
-2.24478570515195,-4.44360994179695,2.74410461266245
-2.34661042558209,-4.48296116389178,2.92204996539329
-2.45631349691459,-4.53488987898611,3.0986026599525
-2.57441554639451,-4.59939004259887,3.27397682218216
-2.70148012272888,-4.67644011865206,3.44832098888022
-2.83811862188901,-4.7659963432434,3.62170799926751
-2.98499404741806,-4.86798341113714,3.79412302736044
-3.14282320864841,-4.98228223519007,3.96544942169206
-3.31237684285565,-5.10871436621822,4.13545200966672
-3.49447700290306,-5.24702260285688,4.3037575326071
-3.68999087950979,-5.39684727633957,4.46983191520997
-3.89982002852804,-5.55769767679781,4.63295415488567
-4.12488375450961,-5.72891811461879,4.79218676275596
-4.36609517543468,-5.9096482092841,4.94634292534864
-4.6243282836031,-6.09877720507866,5.09395091680024
-4.90037416372151,-6.2948924747916,5.23321681319244
-5.19488449157258,-6.49622294586256,5.36198728253122
-5.50830060224939,-6.70057903186826,5.47771517905657
-5.8407669028226,-6.90529183720563,5.57743187351965
-6.19202835615108,-7.10715596665133,5.65773167707889
-6.56131334293877,-7.30238220924392,5.71477527276402
-6.94720556876236,-7.48656858417816,5.74432055829735
-7.3475119069257,-7.65470050055496,5.74179039032473
-7.75913709351331,-7.80119266279009,5.70238690280773
-8.17798069789046,-7.91998618876983,5.62126070473549
-8.59887609121206,-8.00471332872412,5.49373963904693
-9.01559410272504,-8.04893822473108,5.31561533393863
-9.42093418410384,-8.04647456360571,5.08347636695815
-9.80692157550702,-7.99176957900282,4.79506517003109
-10.1651189706171,-7.8803295578717,4.44962362566774
-10.4870454260315,-7.70914712465955,4.04818257920805
-10.7646754769946,-7.47707877224886,3.59374681887606
-10.9909713927612,-7.18511663160734,3.09133264549945
-11.1603865087635,-6.83650476332246,2.54783131525514
-11.2692728693748,-6.43666830473436,1.97169668809352
-11.3161352028936,-5.9929510526999,1.37248435546616
-11.3016949826573,-5.51418758033408,0.760295250813665
-11.2287583522219,-5.01016221491043,0.14519241619895
-11.1019126199067,-4.49102258354822,-0.463338844882039
-10.9271003214643,-3.96671674753169,-1.05682952551069
-10.7111324188758,-3.44651125366868,-1.62812826980028
-10.4612018247777,-2.93862723988416,-2.17155488204812
-10.1844475245131,-2.45000899773651,-2.68291776074334
-9.88760266090691,-1.9862193977496,-3.15942250107912
-9.57674188390088,-1.55144256827901,-3.599506105372
-9.25712775203884,-1.14856709382452,-4.00263113537909
-8.93314497797773,-0.779321865522714,-4.36906901690318
-8.60830519997602,-0.444439740267509,-4.69969411839504
-8.28530301488677,-0.143829368813058,-4.99580228244146
-7.96610501362793,0.123258678744426,-5.2589605588662
-7.65205627424226,0.358080091916825,-5.49088960985724
-7.34399217679173,0.562263668635033,-5.69337672649438
-7.04234681291228,0.737698137661818,-5.86821538673962
-6.74725227276342,0.886438272804055,-6.01716643758496
-6.4586255323007,1.01062849714153,-6.14193592882191
-6.17624151134232,1.11244168484324,-6.24416504832121
-5.8997921864832,1.19403079311526,-6.32542827236846
-5.62893251568216,1.25749112654549,-6.38723658872506
-5.36331446194689,1.30483132588223,-6.43104337567276
-5.10261068099397,1.3379514993192,-6.45825117339476
-4.84652953555173,1.35862722536404,-6.47021814068746
-4.59482307439635,1.36849842494975,-6.46826344458684
-4.34728951028269,1.36906231570452,-6.45367118767504
-4.1037715791586,1.36166982295245,-6.42769274730891
-3.86415198616372,1.34752493605683,-6.39154759449104
-3.62834695813134,1.32768657424272,-6.3464227896517
-3.39629873907341,1.30307257310623,-6.29347142982729
-3.16796769231969,1.27446543123081,-6.23381035736631
-2.94332451579207,1.24251947396034,-6.16851744411505
-2.72234293841402,1.20776910493878,-6.09862874568564
-2.50499314732183,1.17063783015028,-6.02513578539763
-2.2912360974981,1.13144775673022,-5.94898318315483
-2.08101877684741,1.09042929107427,-5.87106679604563
-1.87427043902971,1.0477307878392,-5.79223248888311
-1.670899771561,1.00342793252656,-5.71327560721672
-1.47079293555193,0.957532674150986,-5.63494118457991
-1.27381239370463,0.910001559460246,-5.55792488109367
-1.07979643263908,0.860743354718946,-5.48287462254607
-0.88855928227487,0.809625873774596,-5.41039288769784
-0.699891737106623,0.756481960835666,-5.34103957641122
-0.513562190313137,0.701114602261264,-5.27533538157708
-0.329318000546587,0.643301163167166,-5.21376558287086
-0.146887122040759,0.582796761567859,-5.15678417916434
0.0340200593160501,0.519336805130073,-5.10481827800355
0.213708728533908,0.452638723646086,-5.05827266400185
0.392497514037076,0.382402934432792,-5.01753447241308
0.570716247841508,0.308313078517036,-4.98297789872319
0.74870361702925,0.230035563235413,-4.95496887907116
0.926804695496039,0.147218442351117,-4.9338696789681
1.10536832940089,0.0594896585884633,-4.92004332843903
1.28474433289575,-0.0335453337523479,-4.91385783967133
1.46528043201917,-0.132306556031442,-4.91569013778624
1.64731887342737,-0.237243099484678,-4.92592962564012
1.83119259008871,-0.348837329470176,-4.94498128866993
2.01722078720902,-0.467609706375082,-4.97326822460088
2.20570377734041,-0.594124229673928,-5.01123345397707
2.39691685254764,-0.728994505984082,-5.05934082930837
2.59110293220415,-0.872890428425352,-5.11807481115523
2.78846366591399,-1.0265454299721,-5.18793881631568
2.98914860066683,-1.19076423353453,-5.26945176366143
3.19324193831742,-1.36643096058676,-5.3631423439719
3.4007463131004,-1.55451737089122,-5.46954041802664
3.61156290957445,-1.75609087873305,-5.58916479907963
3.82546712166447,-1.97232181405175,-5.72250649928113
4.04207882940345,-2.20448915518961,-5.87000631415981
4.26082625332844,-2.45398363629659,-6.03202538819197
4.48090225783244,-2.72230670755144,-6.20880715767706
4.70121194786264,-3.01106328133272,-6.40042882561988
4.92031049089129,-3.32194551781387,-6.60674032571218
5.13633037691018,-3.65670408681554,-6.82728864413583
5.34689791620037,-4.01710241183402,-7.06122549268179
5.54903982155133,-4.40484842501523,-7.30719682115019
5.73908242474262,-4.82149748141326,-7.56321374418808
5.9125486644402,-5.26831955443233,-7.82650643484152
6.06406167812394,-5.74612407911349,-8.09336576560574
6.18726877579039,-6.25503744268143,-8.35898233609713
6.27480568537396,-6.79423196507302,-8.61729929664999
6.31832771223637,-7.36161221760928,-8.86090403140062
6.30864058946126,-7.95347554325593,-9.08099362919579
6.2359670417995,-8.56417894102513,-9.26745839172335
6.09038206671084,-9.18586301696275,-9.40913316602112
5.86243656433935,-9.80830221907324,-9.49426324067382
5.54396168471457,-10.4189629019025,-9.5112142682204
5.1290044104192,-11.0033481629686,-9.44941969006857
4.61479350837476,-11.5456817455317,-9.30050447109114
4.00258689067784,-12.0299276806147,-9.05945881975515
3.2982260118709,-12.4410627816534,-8.72567802918028
2.51223980913316,-12.7664343631422,-8.30365910398012
1.65940911239593,-12.9969754697492,-7.80317264423646
0.757811698061148,-13.1280442488537,-7.2388146979651
-0.172513515823054,-13.1597166859231,-6.62896895613118
-1.11105844882959,-13.0964794308187,-5.99433568735513
-2.03824638276116,-12.9464040546545,-5.35626784999142
-2.9365389764571,-12.7199903944003,-4.73517147231916
-3.79113975198252,-12.428912957406,-4.14917913038292
-4.59028618598288,-12.0848851765648,-3.61321796995679
-5.32520230210278,-11.6987900226064,-3.13850097435863
-5.98982452496273,-11.2801414758308,-2.7323983331901
-6.58041650251062,-10.8368660037521,-2.39860602129839
-7.09516572653257,-10.3753418103536,-2.13751857872112
-7.53382100514415,-9.90060976203756,-1.94672268991475
-7.89739710551794,-9.41666905267999,-1.82154652634666
-8.18794799079606,-8.92678495250903,-1.75561876426318
-8.40839517778893,-8.43375753086574,-1.74140644150252
-8.562391932904,-7.94012291170204,-1.77071133178921
-8.65420490316414,-7.44827840401726,-1.83511116687737
-8.68859958368911,-6.96053763453431,-1.92633637922086
-8.67072228726603,-6.4791309499679,-2.03657646347994
-8.6059771621654,-6.00617024294043,-2.15871340193606
-8.49990118282548,-5.54359703782593,-2.286483104451
-8.35804247668501,-5.09312951669143,-2.41456928115483
-8.18584794802577,-4.65621956067279,-2.53863720552663
-7.98856535398124,-4.23402601610103,-2.65531706854886
-7.77116335397863,-3.82740611816073,-2.76214785751717
-7.53827114017464,-3.43692379315673,-2.85749289782585
-7.29413748216597,-3.06287155493751,-2.94043752012991
-7.04260763618084,-2.70530180879369,-3.01067800530401
-6.7871156728713,-2.36406333437344,-3.06840929030339
-6.53068934831854,-2.03883924741333,-3.11421713733156
-6.27596459129721,-1.729183566623,-3.14897876666015
-6.02520689155025,-1.43455442095982,-3.17377445290286
-5.78033723792939,-1.15434277628418,-3.18981134730601
-5.54296068128039,-0.887896255806636,-3.19835982924818
-5.31439602069185,-0.634538143941862,-3.20070199174476
-5.0957054940718,-0.393582001835625,-3.19809139392368
-4.88772367613007,-0.164342509484412,-3.19172292682877
-4.69108504423321,0.0538567821479613,-3.18271149620009
-4.50624986961053,0.261678120290743,-3.17207818974316
-4.33352823684825,0.459766038610928,-3.16074263524685
-4.17310209877047,0.648745155485585,-3.14952034426109
-4.0250453464807,0.82921887438465,-3.13912395410938
-3.88934192393141,1.00176867516194,-3.13016741391222
-3.76590204956048,1.16695377005111,-3.12317229722135
-3.65457662924633,1.32531096807209,-3.11857555724354
-3.5551699585957,1.47735464574054,-3.11673816543396
-3.46745082076128,1.62357676154028,-3.11795418738134
-3.39116209013226,1.76444687861391,-3.12245994976792
-3.32602895332975,1.90041217696529,-3.1304430382266
-3.27176585759432,2.03189744555265,-3.14205093835782
-3.22808229328874,2.15930504814496,-3.15739919175366
-3.19468751215687,2.28301485652676,-3.17657898667479
-3.17129427642613,2.40338414199154,-3.19966414027823
-3.15762172603664,2.52074741212101,-3.22671745730322
-3.15339744243403,2.63541617534581,-3.25779647016346
-3.15835877767016,2.7476786112056,-3.29295857866124
-3.17225350720215,2.85779911985577,-3.33226561510157
-3.19483985393022,2.9660177203531,-3.37578786337113
-3.22588591982077,3.07254926365036,-3.42360755933029
-3.265168550056,3.17758242305804,-3.47582189527012
-3.31247164316156,3.28127842219915,-3.53254554368631
-3.36758390911439,3.38376945822503,-3.59391270556681
-3.43029606616703,3.48515677636741,-3.66007867601313
-3.50039745621904,3.5855083509426,-3.73122090546354
-3.57767204826121,3.68485612797626,-3.80753951814327
-3.66189379004719,3.78319278609546,-3.88925723069145
-3.75282126017749,3.88046797581833,-3.97661859328132
-3.85019156686049,3.97658400364091,-4.06988845310878
-3.9537134366279,4.0713909373889,-4.16934951616418
-4.06305943740842,4.16468112444368,-4.27529885824936
-4.17785728714598,4.25618313622896,-4.38804321112788
-4.29768021355357,4.34555518260341,-4.50789282585987
-4.42203635505716,4.43237808064982,-4.63515369478959
-4.55035723043252,4.51614791605632,-4.77011789918537
-4.68198535844108,4.5962686041269,-4.91305184509207
-4.81616118260977,4.67204464342943,-5.0641821607048
-4.95200955388011,4.74267445945646,-5.22367906105249
-5.0885261484172,4.80724485833338,-5.39163704794056
-5.22456435143916,4.86472724921247,-5.56805291410178
-5.35882332019664,4.91397644283889,-5.75280117016856
-5.48983814610707,4.95373298251139,-5.94560722085359
-5.61597325783997,4.98263009592935,-6.14601888994884
-5.73542042657777,4.99920644872012,-6.35337723512677
-5.84620292500364,5.00192590165035,-6.56678799772851
-5.94618751542064,4.98920538566657,-6.78509548233811
-6.03310595210799,4.95945176996079,-7.0068611222381
-6.10458752345621,4.91110816775076,-7.23034940633691
-6.15820377451208,4.84270947238516,-7.45352414650556
-6.191525894049,4.75294603521244,-7.6740581593523
-6.20219430067654,4.64073331522316,-7.88935922275012
-6.1879987405276,4.50528412678208,-8.09661455275091
-6.14696579379384,4.34617892017417,-8.29285497104912
-6.07744922550491,4.16342853710762,-8.47503839736724
-5.97821731738993,3.95752330943032,-8.64015039125678
-5.84853043213066,3.72946242905416,-8.78531736961369
-5.6882018344728,3.48075836903979,-8.90792611737264
-5.49763540854045,3.21341282730401,-9.00574162350956
-5.27783542791972,2.92986308967564,-9.07701444123915
-5.03038585075645,2.63290059796995,-9.12056893605218
-4.75739945171466,2.32556645845579,-9.13586503954653
-4.46144006049425,2.01103117411395,-9.12302836562181
-4.14542379610546,1.69246760776548,-9.08284647128344
-3.81250706025402,1.37292679718481,-9.01673222357584
-3.46596991601457,1.05522566591387,-8.92665819041943
-3.10910325902624,0.741854040673634,-8.81506828985617
-2.74510701550309,0.434906011336362,-8.68477433621815
-2.3770047539862,0.136037962705646,-8.53884552425404
-2.00757793026362,-0.153547017544342,-8.38049838148127
-1.63932084395655,-0.433090856963004,-8.21299351358802
-1.27441554513111,-0.702252422040013,-8.0395438503077
-0.914724556926762,-0.961064601923483,-7.86323735158631
-0.561798431878785,-1.20988172327494,-7.68697548834738
-0.216894801040906,-1.44932215123643,-7.51342742627576
0.118994386711111,-1.68021024599083,-7.34499879412782
0.445110421135224,-1.90352095531327,-7.18381322324653
0.760892691021354,-2.12032937368721,-7.03170446871153
1.06594281699422,-2.33176669508431,-6.89021680534403
1.35998949668513,-2.53898319803781,-6.76061146529647
1.64285503171997,-2.74311826255277,-6.64387708322141
1.91442411768086,-2.94527693647261,-6.54074238537856
2.17461517970649,-3.14651223391654,-6.45168965894751
2.423354324528,-3.34781213986579,-6.37696783877304
2.66055184559908,-3.550090188479,-6.31660433370633
2.88608115062133,-3.75417845431059,-6.27041497567528
3.09975996952082,-3.96082182465368,-6.23801171045003
3.30133373659338,-4.17067249196616,-6.21880786325904
3.49046111566875,-4.38428370748955,-6.21202101134307
3.66670174573898,-4.6021019659345,-6.21667368700979
3.82950642118196,-4.82445694670873,-6.23159232669169
3.97821007960271,-5.0515487240601,-6.25540508069253
4.11202814362334,-5.28343198425217,-6.28653930900205
4.23005693940544,-5.5199972615566,-6.32321981095119
4.33127907791974,-5.76094953488307,-6.36346906484821
4.41457481210923,-6.00578491822369,-6.40511097447906
4.47874044391899,-6.25376662855826,-6.44577980912036
4.52251481250938,-6.50390191075735,-6.48293614813984
4.5446147069487,-6.7549221105828,-6.5138916550948
4.54377967169306,-7.00526856440451,-6.53584435584127
4.51882607815894,-7.25308734622553,-6.54592572445753
4.46870950778248,-7.49623608792642,-6.54126024148642
4.39259345223784,-7.73230596483577,-6.51903715516977
4.28992115351906,-7.95866141781169,-6.47659296180163
4.16048620522224,-8.17249919489299,-6.41150169656404
4.00449649638471,-8.37092682645137,-6.32166862934039
3.82262541862898,-8.55105876743346,-6.20542159500108
3.61604419750573,-8.71012631923332,-6.06159320393419
3.38642992433088,-8.84559535005798,-5.88958682967928
3.13594542691323,-8.95528410105175,-5.68941975626362
2.86718944860075,-9.03747233817535,-5.4617382726349
2.58311846012549,-9.09099305925488,-5.20780174731342
2.2869444196888,-9.11529901821156,-4.92943554930558
1.98201546004295,-9.11049841470397,-4.62895570475107
1.67168837589603,-9.07735694741876,-4.30907092921141
1.35920259362248,-9.01726662134433,-3.97276972366506
1.0475649089827,-8.93218475004812,-3.62320126982218
0.739452780435119,-8.82454906357603,-3.26355880294888
0.437141658303194,-8.69717641529692,-2.89697307893051
0.142459119248159,-8.55315315475644,-2.52642175259964
-0.143234114855775,-8.39572486031972,-2.15465830161256
-0.41903850746356,-8.22819200894592,-1.78416192410076
-0.684489321758399,-8.05381658101813,-1.41710790302383
-0.939514446428277,-7.87574284461864,-1.05535645345668
-1.18438167480406,-7.69693388095904,-0.7004571245203
-1.41964043215811,-7.52012397247684,-0.353665392202196
-1.64606229938624,-7.34778586910587,-0.0159680647883956
-1.86458380469107,-7.18211119850925,0.311885589883407
-2.07625399742783,-7.0250018643346,0.629349617836265
-2.28218839414466,-6.87807012521147,0.936046130869866
-2.48353007117425,-6.74264509753742,1.23173057237488
-2.6814180103881,-6.61978361033527,1.51625854341563
-2.87696229616471,-6.51028360356141,1.78955482724748
-3.0712254039419,-6.41469855819151,2.05158493247262
-3.26520859412664,-6.33335174648339,2.30232924490806
-3.45984230487544,-6.26634937506794,2.54175972702449
-3.65597939836816,-6.21359195248075,2.76981902007716
-3.85439013555351,-6.17478344404707,2.98640177643155
-4.05575781637482,-6.1494379832373,3.19133806822375
-4.26067411390613,-6.13688409544761,3.38437877551468
-4.46963324472156,-6.13626656509206,3.56518294645837
-4.68302425228211,-6.14654624793312,3.73330723888798
-4.90112083764259,-6.1664983052319,3.88819769259871
-5.12406835835335,-6.19470952047207,4.0291842390544
-5.3518678403938,-6.2295755561645,4.1554785225912
-5.5843571184182,-6.26929921632136,4.26617577303343
-5.82118954422822,-6.31189099233915,4.36026161737614
-6.06181108571893,-6.35517337116443,4.43662482485113
-6.30543707434624,-6.39679055021444,4.49407701540364
-6.55103033238007,-6.43422529871577,4.53138029031587
-6.79728288981799,-6.46482468525729,4.54728352586487
-7.04260393358155,-6.48583620499212,4.540567668746
-7.28511694704862,-6.49445543523283,4.51009975800211
-7.5226691075931,-6.48788568333589,4.45489456640118
-7.75285581718683,-6.46340914814562,4.37418173316975
-7.97306265815849,-6.41846791878186,4.26747512472386
-8.18052603604746,-6.35075176060345,4.13464003857218
-8.3724122951153,-6.25828822982901,3.97595293510826
-8.545913252381,-6.13952941657956,3.79214785017576
-8.69835407074161,-5.99342877839964,3.58444371075155
-8.82730744597595,-5.8195013247364,3.35454759615709
-8.93070653521595,-5.61786101913538,3.10463060235804
-9.00694822010026,-5.38923073535159,2.8372752775482
-9.0549784130392,-5.13492233577666,2.55539634906731
-9.07435227114817,-4.8567871738788,2.26213927494948
-9.06526428471827,-4.55714017095607,1.96076359101225
-9.02854597832261,-4.23866314682108,1.65451968504911
-8.96563199445544,-3.9042949052706,1.34652823963005
-8.87849816948429,-3.55711643178548,1.03967106115412
-8.76957746038811,-3.20023938087348,0.736500477685718
-8.64166097165914,-2.83670493023019,0.43917223351871
-8.49779177152176,-2.46939832077196,0.149404221047737
-8.34115875024466,-2.10098232176526,-0.131539135993766
-8.17499666182785,-1.73385079088679,-0.40283917547871
-8.00249696908558,-1.37010170589049,-0.664095843217401
-7.82673244914483,-1.01152769272992,-0.915285850344458
-7.65059693555326,-0.659621224124871,-1.15671114665471
-7.47676022909811,-0.315591284774387,-1.38894244339882
-7.30763718270028,0.0196116909007258,-1.61276188282598
-7.14536927340872,0.345265517370141,-1.8291081088471
-6.99181658809044,0.660843053524762,-2.03902608164865
-6.84855801424611,0.965978040410845,-2.24362310386441
-6.71689747922883,1.26043141605556,-2.44403175556255
-6.59787425797096,1.54405908334839,-2.64137980540423
-6.49227561827399,1.81678172427146,-2.836766685454
-6.40065035307111,2.07855695575449,-3.03124577889054
-6.32332203244521,2.32935390676434,-3.22581155439818
-6.2604010771235,2.56913015479459,-3.4213904649716
-6.21179500107259,2.79781088238102,-3.61883448882002
-6.17721639175361,3.01527009050629,-3.81891620536665
-6.1561883953513,3.22131372710944,-4.02232435376207
-6.14804765673915,3.41566464862863,-4.22965890374692
-6.15194483772742,3.59794942554935,-4.44142477325153
-6.16684301056325,3.76768712538375,-4.65802345294577
-6.19151440462188,3.92428035460414,-4.87974194865507
-6.22453617914535,4.0670090099482,-5.10673863542231
-6.2642861073016,4.19502737181765,-5.33902584186616
-6.30893928582452,4.30736535661853,-5.57644926119801
-6.35646722268651,4.40293491337585,-5.81866462539564
-6.40464088669859,4.48054267797601,-6.06511248687715
-6.45103950105716,4.53891005298231,-6.31499242461217
-6.49306698914392,4.57670182154415,-6.56723851303802
-6.52797798511934,4.59256418497206,-6.82049842862295
-6.55291514508581,4.5851726903877,-7.07311906461731
-6.56495907603596,4.55328985302619,-7.32314189992244
-6.56119148845941,4.49583136608121,-7.56831152274243
-6.5387711495353,4.41193865684743,-7.80610053241083
-6.49502088792829,4.30105427185091,-8.03375342940459
-6.42752236262336,4.16299529806728,-8.24835098373297
-6.33421371570731,3.99801895331212,-8.4468949404416
-6.21348381154117,3.8068738454802,-8.62641086701001
-6.0642557962505,3.59083044373145,-8.78406467081319
-5.88605246228539,3.35168520149633,-8.91728611883197
-5.67903657472122,3.09173457687381,-9.02389094443463
-5.44402097527551,2.81371779805324,-9.10219219111779
-5.18244581045786,2.52073032600406,-9.15109159384865
-4.89632332643637,2.2161131333748,-9.17014313733519
-4.58815388533732,1.90332564180274,-9.15958334089217
-4.26081968211926,1.58581197963254,-9.12032597265254
-3.91746463297237,1.26687083200843,-9.0539223134567
-3.56136978056981,0.949538474899236,-8.96249125004296
-3.19583325253853,0.636492772735902,-8.84862592599306
-2.82406247021141,0.329983326790068,-8.71528512703573
-2.44908425229322,0.0317900400562388,-8.56567793960246
-2.07367608632095,-0.256790436995452,-8.40314960640041
-1.70031952851896,-0.534933238471089,-8.23107515795449
-1.33117473322742,-0.802253279137039,-8.05276563690361
-0.968073678750542,-1.05875806636439,-7.87138985764956
-0.612528797445752,-1.30479084352025,-7.68991290428912
-0.265753386910669,-1.54096918609876,-7.51105112691986
0.0713097318734723,-1.76812340049131,-7.33724232702862
0.397954466987781,-1.98723810590091,-7.17062913262493
0.713675239909485,-2.19939936372725,-7.0130532106296
1.01813033292287,-2.40574876661307,-6.8660578796983
1.31110626309663,-2.60744508007812,-6.73089679593062
1.59248414813666,-2.80563337555244,-6.60854661697227
1.86220862361263,-3.00142110921527,-6.49972184929514
2.12025956289003,-3.19586027262144,-6.40489040600944
2.36662663484029,-3.38993454497722,-6.32428871959747
2.60128659870175,-3.58455028596347,-6.25793554863798
2.82418316723279,-3.78053019606006,-6.2056438824382
3.03520925609295,-3.97860851602472,-6.16703058177264
3.23419146859627,-4.17942672129624,-6.14152360139127
3.42087673210617,-4.38352877899335,-6.12836682701096
3.59492109866888,-4.59135516864586,-6.12662273375407
3.75588084234205,-4.80323502144524,-6.13517324207202
3.90320612342705,-5.01937590925069,-6.15271931764885
4.03623763866319,-5.23985101935703,-6.1777800380228
4.15420682714351,-5.46458369116647,-6.20869203172843
4.25624034127825,-5.69332957320783,-6.24361038196088
4.34136960270946,-5.92565698770003,-6.280512266222
4.40854632128136,-6.16092646402877,-6.31720475868468
4.45666483225614,-6.39827081244787,-6.351338327143
4.48459197041441,-6.63657753330225,-6.38042757693846
4.49120491670756,-6.87447575824227,-6.40188068888869
4.47543699660417,-7.11033024465316,-6.413038723061
4.4363307661058,-7.3422451236336,-6.41122547586288
4.37309690277664,-7.56808005586271,-6.39380786001305
4.28517647085534,-7.7854810997334,-6.3582658290017
4.17230313968885,-7.99192788050414,-6.3022697340455
4.03456103476679,-8.18479754421961,-6.22376177723451
3.87243325581477,-8.3614445213664,-6.12103705652661
3.68683588327179,-8.51929342327568,-5.99281877420655
3.47913266586429,-8.65594063758845,-5.83832170229663
3.25112662500402,-8.76925862749876,-5.65729814197337
3.00502650899979,-8.85749584639174,-5.45006148220021
2.74338823728097,-8.91936479712822,-5.21748404456569
2.46903392630269,-8.95411124493995,-4.96096805108442
2.18495343610781,-8.96155894748784,-4.6823909997353
1.89419525483353,-8.9421263503217,-4.38402912959922
1.59975464476964,-8.89681422760441,-4.06846464511603
1.30446713484074,-8.82716586013526,-3.73848365645097
1.0109146552137,-8.73520366250151,-3.39697221901729
0.721350028866509,-8.62334789562073,-3.04681741685676
0.437643442893315,-8.49432405206941,-2.69081927599896
0.161252254546413,-8.35106564726143,-2.33161766179559
-0.106786636863446,-8.19661858857429,-1.97163649552585
-0.365844353686525,-8.03405221596249,-1.61304588655279
-0.615671237563431,-7.86638073903564,-1.25774131789981
-0.856356001861974,-7.69649735540157,-0.907337959916898
-1.08827725758003,-7.52712199864661,-0.563177548736077
-1.31205151136552,-7.36076254769403,-0.226345016743947
-1.52848112929825,-7.19968848858782,0.102307876953614
-1.73850500163877,-7.04591546134286,0.422134392082694
-1.94315384402566,-6.90119882008457,0.732662205566911
-2.14351131321331,-6.76703423679571,1.03356199406712
-2.34068145382176,-6.64466343379639,1.32461639694875
-2.53576245333498,-6.53508328650711,1.60569016728574
-2.72982627145541,-6.43905675289853,1.87670199519085
-2.92390341833641,-6.35712432620474,2.13759823589289
-3.11897196737074,-6.28961494999613,2.38832859252601
-3.31594978197366,-6.23665556562167,2.62882368423885
-3.51568889226474,-6.19817867477913,2.85897436624899
-3.71897095943796,-6.17392749371864,3.07861265260814
-3.92650279966057,-6.16345845370485,3.28749411891341
-4.13891099706617,-6.16614097120023,3.48528172700361
-4.35673471334496,-6.18115457905689,3.67153111440361
-4.58041590113667,-6.20748368609482,3.84567752649379
-4.81028625621416,-6.24391042612771,4.00702473764611
-5.04655040989635,-6.28900627699862,4.15473650609016
-5.28926508223124,-6.34112338110438,4.28783133016521
-5.53831420416738,-6.3983867821548,4.40518150978545
-5.79338038869037,-6.4586891021823,4.50551774771993
-6.05391359828296,-6.51968950131963,4.58744072203344
-6.31909842166931,-6.57881906009304,4.64944118334713
-6.58782202386746,-6.63329495288583,4.68993012589319
-6.85864553463513,-6.6801458771025,4.70728038720193
-7.12978232622046,-6.71625108526008,4.69988058168151
-7.39908720233557,-6.73839494870287,4.66620151056547
-7.66406084359244,-6.74333818051557,4.60487408282336
-7.92187377459291,-6.72790560912446,4.51477634504036
-8.16941347898673,-6.68908872796944,4.39512554090193
-8.40335697237366,-6.62415924194919,4.24556937940671
-8.6202691132783,-6.53078768691634,4.06626915207775
-8.81672428339696,-6.4071592211832,3.85796633620903
-8.98944605393277,-6.25207726184605,3.62202419756322
-9.13545648612194,-6.06504515780464,3.36043693433334
-9.25222430807485,-5.84631686336582,3.07580119184085
-9.33779989035871,-5.59690971950013,2.7712481903591
-9.39092510949911,-5.31857581670323,2.4503388453393
-9.41110799478801,-5.01373257587789,2.1169284990691
-9.39865533140038,-4.68535749835402,1.77501150604551
-9.354660662121,-4.3368557819701,1.42855827083288
-9.2809496986971,-3.971912049868,1.0813580084174
-9.17998927908686,-3.5943384106378,0.736879400609417
-9.05476906879787,-3.20793040857245,0.398158722762219
-8.90866683686402,-2.81634039340721,0.0677214428228896
-8.74530827879667,-2.42297492541775,-0.252460599518941
-8.56843122175315,-2.0309196047284,-0.560977925631091
-8.38176202225497,-1.6428916937213,-0.856962399497765
-8.18890950858112,-1.26121846377916,-1.14004264014568
-7.99327934413962,-0.887837533078409,-1.41028286217544
-7.79800950532437,-0.524314589712671,-1.66811206130059
-7.6059258586352,-0.171873706948507,-1.91424971696295
-7.41951564803032,0.168564220706245,-2.14963303469974
-7.24091603475824,0.496338752818425,-2.37534943489099
-7.07191458358945,0.811005937354569,-2.59257669812126
-6.91395865414658,1.11229535358568,-2.80253202534172
-6.76817092771444,1.40006968875547,-3.0064303303638
-6.63536868750333,1.67428776992482,-3.20545137403347
-6.51608490408873,1.93497150532736,-3.40071486301408
-6.41058960954224,2.18217685470765,-3.59326234219632
-6.31891044431005,2.41596872947253,-3.7840445711552
-6.24085161556572,2.63639960036374,-3.97391305406502
-6.17601081035462,2.8434915417611,-4.1636144553766
-6.12379386383481,3.0372214487903,-4.35378675297024
-6.08342719849533,3.21750921032995,-4.54495613600058
-6.05396823208991,3.38420869498095,-4.73753383241062
-6.03431410774505,3.5371014976461,-4.9318122429006
-6.02320923559518,3.67589349261615,-5.12795996011837
-6.01925225552942,3.80021433654183,-5.3260154630318
-6.02090313653893,3.90962015259678,-5.52587949729443
-6.026491217689,4.00359969565069,-5.72730638321779
-6.0342250631063,4.08158433606812,-5.92989473227156
-6.04220503888476,4.14296219410283,-6.13307829607102
-6.04843951018618,4.18709669425543,-6.33611790901221
-6.0508654860692,4.21334967645759,-6.53809570156248
-6.04737439080405,4.22110898834805,-6.73791293372163
-6.0358433985147,4.20982018577675,-6.93429289938696
-6.014172423401,4.17902159189797,-7.12579035033536
-5.98032641108929,4.12838152661246,-7.31080875110471
-5.93238204311537,4.05773605124928,-7.48762637648519
-5.86857737986106,3.96712512837981,-7.65443178750766
-5.7873623809765,3.85682473793422,-7.80936857594075
-5.68744772746104,3.72737229059744,-7.95058848440834
-5.56784900758932,3.57958270719544,-8.07631115237666
-5.42792319963191,3.41455284101272,-8.18488789828566
-5.26739455063045,3.23365252961838,-8.27486623454087
-5.08636744190763,3.03850145098943,-8.34505133732199
-4.88532463210545,2.83093205358609,-8.39456055204987
-4.66511030984782,2.61294001504988,-8.42286726443969
-4.42689855747694,2.38662481359184,-8.42983110874087
-4.17214898233929,2.15412391891089,-8.41571246113597
-3.90255226565857,1.9175446971555,-8.38117036557917
-3.61996908626791,1.67889829587453,-8.32724431428195
-3.32636621768023,1.44003951181207,-8.25532149893442
-3.02375355065434,1.20261599367074,-8.16709212332315
-2.7141253965631,0.968029194487368,-8.06449602602085
-2.39940876330044,0.737408397687446,-7.94966415961812
-2.08142047603744,0.51159803808197,-7.82485842116847
-1.76183415548701,0.291157548479237,-7.69241298235211
-1.44215726741842,0.0763721752633527,-7.5546797108994
-1.12371779230984,-0.132727327989984,-7.41397960083657
-0.807659573808684,-0.336338491685876,-7.27256142622851
-0.494945098739891,-0.534856802134117,-7.13256817264319
-0.18636432511967,-0.728843490183917,-6.99601123169143
0.117451822169668,-0.918993375425823,-6.86475189320403
0.41601456276674,-1.10610432713028,-6.74048934385966
0.708958082937434,-1.29104949464905,-6.62475417277103
0.996018967803621,-1.47475305985258,-6.51890627689834
1.27701493085691,-1.6581698991798,-6.42413603104037
1.55182332538432,-1.84226922831567,-6.34146761676076
1.82035974058204,-2.02802204389083,-6.27176347200222
2.08255682971506,-2.21639197201142,-6.21572891168949
2.33834339090141,-2.40832897598145,-6.17391606661062
2.58762362323911,-2.60476525557771,-6.1467263846112
2.83025641178148,-2.80661257699782,-6.13441102980403
3.06603445458694,-3.01476019590323,-6.13706860085878
3.2946630354018,-3.23007246721292,-6.15463967067003
3.51573827017658,-3.45338516844535,-6.18689773233228
3.7287247207008,-3.68549949596418,-6.23343622933037
3.93293238293899,-3.92717262753228,-6.29365146376505
4.12749323245414,-4.17910368801336,-6.36672133169581
4.311337757819,-4.44191392307618,-6.45158004957616
4.48317224884846,-4.71611990251573,-6.54688933395579
4.64145804143267,-5.00209867502055,-6.65100690375852
4.78439445984636,-5.30004402612045,-6.76195371505988
4.90990783276517,-5.60991340784385,-6.87738203037775
5.01564966080481,-5.93136577696852,-6.99454727079004
5.09900771765966,-6.26369156248569,-7.11028757462988
5.15713446451264,-6.60573732970125,-7.22101602200709
5.18699748328415,-6.95582942582259,-7.32273144890928
5.18545646596823,-7.31170291449768,-7.41105445985131
5.1493703694487,-7.67044425795304,-7.48129536405151
5.07573639061124,-8.02845816298047,-7.5285599536599
4.96185924107813,-8.38147028988289,-7.54789695138244
4.80554479132305,-8.72457752211107,-7.53448730755431
4.6053068018856,-9.05235556977387,-7.48387028473601
4.36056986017943,-9.35902934276968,-7.39219478201184
4.07184690628838,-9.63870467801955,-7.25647747519517
3.74086724857524,-9.88565116409028,-7.07484343107282
3.37063208325444,-10.094616249009,-6.84672153177993
2.96538007795586,-10.2611424622536,-6.57296783196246
2.53045542781302,-10.3818545959157,-6.2558957111186
2.07208359848527,-10.4546838515628,-5.89920207622844
1.597073320921,-10.4790019910983,-5.50779229662868
1.11247440507327,-10.4556496828721,-5.08752036567857
0.625227083082623,-10.3868573559743,-4.64487202385837
0.141838549631024,-10.2760709967617,-4.1866248769637
-0.331883598746748,-10.1277065501291,-3.71951983810466
-0.791021515757477,-9.94686294952096,-3.24997299844369
-1.2316532516819,-9.73902470001432,-2.7838480241049
-1.65087841911833,-9.50978111839372,-2.32629870703672
-2.04677538303973,-9.26458241652889,-1.88168154768112
-2.41830694247956,-9.00854469360912,-1.45353073766252
-2.76519297687951,-8.74630821515158,-1.04458330591924
-3.08776728961952,-8.4819471801135,-0.656840398725375
-3.38683289216889,-8.21892497490375,-0.291651097503197
-3.66352621214099,-7.96008664883059,0.0501929446023301
-3.91919694631039,-7.70767967517798,0.368361194902074
-4.15530700809511,-7.46339451675222,0.662892727427897
-4.37334947347211,-7.2284176353009,0.934113552783981
-4.57478665093342,-7.00349099619262,1.18256488095951
-4.76100531014441,-6.78897355869775,1.4089429514511
-4.9332865628317,-6.58490154741709,1.6140500770336
-5.09278774747694,-6.39104539334928,1.79875594509491
-5.24053378960158,-6.20696209223297,1.96396790986882
-5.37741578069345,-6.03204236618624,2.11060890259405
-5.50419485876958,-5.86555246289689,2.23960161201181
-5.62150982599987,-5.70667072140101,2.35185768950471
-5.72988726886243,-5.55451921080411,2.44827087260102
-5.82975323508754,-5.40819083991054,2.52971307195348
-5.92144576147947,-5.26677236786417,2.59703261488078
-6.0052277371869,-5.12936373921191,2.65105397500876
-6.08129973209943,-4.99509413692756,2.69257843915546
-6.14981252606519,-4.86313510533558,2.72238526900501
-6.21087914876319,-4.73271104965726,2.74123300755302
-6.26458628957042,-4.60310737555226,2.74986066070322
-6.31100496838669,-4.47367649401443,2.74898855476108
-6.35020037806325,-4.34384188623219,2.73931873264113
-6.38224082180909,-4.21310040029034,2.72153480666593
-6.40720567868286,-4.08102293673171,2.69630123466164
-6.4251923399598,-3.94725367220799,2.66426202895237
-6.43632207075593,-3.8115079684549,2.62603894474415
-6.44074476586343,-3.67356911605568,2.58222922494535
-6.43864258658317,-3.53328406720129,2.53340300226224
-6.43023248606166,-3.39055831721765,2.48010047605056
-6.41576765338653,-3.24535009945301,2.42282899067663
-6.39553793027147,-3.09766406089348,2.36206014408825
-6.36986927721673,-2.94754458562158,2.29822705028179
-6.3391223872062,-2.79506892934457,2.2317218680737
-6.30369056307747,-2.64034032047424,2.16289369204442
-6.26399698869449,-2.48348117177506,2.09204688096257
-6.22049153329677,-2.32462653186252,2.01943987581254
-6.17364723256957,-2.16391788851139,1.94528453518205
-6.12395658909614,-2.00149741666281,1.86974599160815
-6.07192782924027,-1.83750274410545,1.79294300977218
-6.01808124374448,-1.67206228794281,1.71494880719921
-5.96294572617075,-1.50529119596616,1.63579228110696
-5.90705560761789,-1.33728790962404,1.55545957172427
-5.85094786880758,-1.16813134996021,1.47389588293467
-5.79515979249066,-0.997878715063359,1.39100747540654
-5.7402271009415,-0.826563867462275,1.30666374514162
-5.6866826057087,-0.654196282601406,1.22069930113213
-5.63505538024447,-0.48076052502499,1.13291595897814
-5.58587045084546,-0.306216217090211,1.04308457223963
-5.53964898764036,-0.130498465781406,0.950946629337781
-5.49690896512532,0.0464812836414008,0.856215550369334
-5.45816625080092,0.224833992987524,0.758577624725942
-5.4239360704863,0.404691393672342,0.657692536484773
-5.39473478943345,0.58620397484137,0.55319342984835
-5.37108193887326,0.769538593430049,0.444686471289451
-5.35350240741017,0.954875688034533,0.331749868483874
-5.34252870493686,1.14240606126143,0.213932308746011
-5.33870319251637,1.33232717482973,0.090750781874176
-5.34258015387053,1.52483887750147,-0.0383122453438808
-5.35472756141947,1.72013845712852,-0.173812332336541
-5.37572836070964,1.9184148737435,-0.316347269368811
-5.40618105974318,2.11984198953069,-0.466561997591035
-5.44669936206086,2.32457056235213,-0.625154242454422
-5.49791052196351,2.532718710826,-0.792880832792475
-5.56045202415761,2.74436048929056,-0.970564638417477
-5.63496609524364,2.95951212905813,-1.15910200020931
-5.72209143753306,3.17811540740718,-1.35947044105021
-5.82245143354391,3.4000174980977,-1.57273632415303
-5.93663789980516,3.62494653911341,-1.80006195544798
-6.0651892707317,3.85248203046073,-2.04271139413852
-6.20856187030188,4.0820190582084,-2.30205392309032
-6.36709269039277,4.31272524992138,-2.57956371925553
-6.54095185976824,4.5434893331539,-2.87681373474865
-6.73008279350331,4.77286024274214,-3.19546113633988
-6.93412792113538,4.99897597932456,-3.53722085109311
-7.15233800198417,5.21948196862785,-3.90382284818967
-7.3834634972545,5.43143965601388,-4.29694781394668
-7.62562749418654,5.63122768291205,-4.71813498203676
-7.87618155341958,5.8144404530275,-5.1686553063854
-8.13154892710747,5.9757924288628,-5.64934330628122
-8.38706424436375,6.10904125326229,-6.1603823618575
-8.63682527203135,6.20694871177011,-6.70104178752862
-8.873580740458,6.26130517155174,-7.2693705939498
-9.08868788369043,6.26304929309768,-7.86186332517256
-9.27218266912077,6.20251838258507,-8.47312807588413
-9.41301164384614,6.0698625151726,-9.095604886527
-9.49947231630804,5.85564353020134,-9.71940121360502
-9.51989349901429,5.55161457141433,-10.3323243023992
-9.46355343269592,5.15163594499597,-10.9201896391321
-9.32178122898545,4.65263298281095,-11.4674611421947
-9.08912336410654,4.05545313946219,-11.9582268513567
-8.7643984445093,3.36545129760012,-12.3774372998797
-8.35143398790484,2.5926438743546,-12.7122495201967
-7.8593002650909,1.75133447441687,-12.9532562884897
-7.30193557987772,0.859218328741739,-13.0953677407487
-6.69717863989596,-0.0639096958096683,-13.1381668567395
-6.0653500236719,-0.997628473005341,-13.085671513462
-5.42761390274104,-1.92229995468709,-12.9455687703649
-4.80437551510553,-2.82020694438093,-12.7280969378596
-4.21392867738718,-3.67629892117747,-12.4448042554158
-3.67148423392911,-4.47852690273001,-12.1074011415892
-3.18861791190317,-5.21783077568538,-11.7268618255983
-2.77310183701708,-5.88788767330998,-11.312849075917
-2.4290408281299,-6.48473697309861,-10.8734595071419
-2.15722145856807,-7.00637731952633,-10.4152330900866
-1.95558955191633,-7.45239843988572,-9.94334375745673
-1.81978935886399,-7.82367768403321,-9.46188468475007
-1.74371664585472,-8.12214550306131,-8.97417438152957
-1.72005362386022,-8.35060810536041,-8.48303031132736
-1.74076467458887,-8.51260869432518,-7.9909790968664
-1.7975388644738,-8.61230876810009,-7.50039227825676
-1.88216975679511,-8.65437524798779,-7.01355179843018
-1.98686645640911,-8.64386522899454,-6.53265910413937
-2.1044930605758,-8.58610602398468,-6.05980624597683
-2.22873706299739,-8.48657271381391,-5.5969275928451
-2.35421063339674,-8.35076810388354,-5.14574804786313
-2.47649171463957,-8.18411085015065,-4.7077393232513
-2.59211417752119,-7.99183693907803,-4.28409109036624
-2.69851761697455,-7.77891823140764,-3.8756995442733
-2.79396771567435,-7.54999994988661,-3.48317262449881
-2.87745756135184,-7.30935723479052,-3.106848997438
-2.94859910874483,-7.06086947859771,-2.7468268633239
-3.00751239004127,-6.80801019889948,-2.40299848309475
-3.05471834498367,-6.55384971401595,-2.07508675052905
-3.09103945770142,-6.3010677728506,-1.76268089460072
-3.11751088200762,-6.05197345177302,-1.46526926762326
-3.13530348009296,-5.80852995854761,-1.18226800300693
-3.14565921291518,-5.57238238561169,-0.913045022311332
-3.14983859265762,-5.34488686601024,-0.65693939656467
-3.14907940767508,-5.12713996315456,-0.41327642020406
-3.14456561911843,-4.92000744877056,-0.181378958509831
-3.13740516553325,-4.72415188520367,0.0394242872858479
-3.12861535994082,-4.54005863130635,0.249792955053559
-3.11911459127064,-4.3680600431167,0.450371051242935
-3.10971912242855,-4.20835775097593,0.641784334539366
-3.10114389026912,-4.06104297304578,0.824638649126444
-3.09400634275447,-3.92611487960659,0.999518895976816
-3.08883248422021,-3.80349705967367,1.16698841322011
-3.08606443287336,-3.69305216637599,1.32758860515193
-3.08606891999576,-3.59459483379355,1.48183871292088
-3.0891462744391,-3.5079029680213,1.63023565923267
-3.09553953703467,-3.43272752075873,1.77325392641638
-3.105443436807,-3.36880085578673,1.91134544420388
-3.11901303449472,-3.31584381798764,2.04493947289915
-3.13637189952117,-3.27357161157061,2.17444247136837
-3.15761973525181,-3.24169858923678,2.30023793924035
-3.18283940534485,-3.21994204744732,2.42268622027284
-3.21210334254111,-3.20802511499606,2.54212425006425
-3.24547934162105,-3.20567881297257,2.65886522690438
-3.28303575167716,-3.2126433541479,2.77319818004723
-3.32484609037993,-3.22866873902376,2.88538740533926
-3.37099310548268,-3.25351469443669,2.99567173410372
-3.42157230718689,-3.286949988865,3.10426359753624
-3.4766949897909,-3.32875114659392,3.21134784564128
-3.53649075274244,-3.37870057079497,3.31708027696814
-3.6011095201449,-3.43658407351694,3.42158583315681
-3.67072304415646,-3.50218779873819,3.52495641071276
-3.74552586170804,-3.57529451321522,3.62724824172645
-3.82573565563777,-3.65567922918027,3.72847879579488
-3.91159295076982,-3.74310411340921,3.82862315770741
-4.00336005276616,-3.83731262938429,3.92760984023862
-4.10131911297216,-3.93802285401771,4.02531599959415
-4.20576917637092,-4.04491990877066,4.12156203389581
-4.31702204287212,-4.15764744844048,4.21610556408701
-4.43539674564035,-4.27579816126697,4.30863482362085
-4.56121242577824,-4.39890325368488,4.39876152040409
-4.69477936298583,-4.52642092491758,4.48601328410118
-4.83638791041648,-4.65772388408251,4.56982587656929
-4.9862950836847,-4.79208602942311,4.64953542529471
-5.1447085751513,-4.92866849977677,4.7243710411264
-5.31176801306307,-5.06650542633476,4.79344830315738
-5.48752337019462,-5.20448986119362,4.85576423417207
-5.67191055876975,-5.3413605393171,4.91019454553202
-5.86472443833759,-5.47569034022244,4.95549409223201
-6.06558972041808,-5.60587754778106,4.99030163279462
-6.27393058401528,-5.73014124655003,5.01315011307627
-6.48894021857299,-5.84652241716287,5.02248375806831
-6.70955197363011,-5.95289246642799,5.01668322334613
-6.93441428960634,-6.0469710030389,4.99409988362249
-7.161872063968,-6.12635459021877,4.95309997392035
-7.38995750083282,-6.18855791028461,4.89211870967581
-7.61639370740261,-6.2310682058648,4.80972367437723
-7.83861423013796,-6.25141298053763,4.70468568892289
-8.05380125997326,-6.24723974799732,4.57605412576021
-8.25894429507433,-6.21640517053486,4.42323232275573
-8.45091960064075,-6.15706935312921,4.24604756779112
-8.62658890052154,-6.06778956113096,4.044809293987
-8.78291353288276,-5.94760646689645,3.82034888996562
-8.91707806758642,-5.79611548079367,3.57403509468869
-9.02661546327774,-5.61351601950476,3.30776041817831
-9.10952460755748,-5.40063283397529,3.02389636045688
-9.16437084606456,-5.1589057181116,2.7252181630385
-9.19036103499358,-4.89034681397951,2.41480302735686
-9.18738671109787,-4.59746792039289,2.0959086803506
-9.15603190862887,-4.28318320840654,1.77184136998537
-9.09754553216414,-3.95069507369548,1.44582345950654
-9.0137815010302,-3.60337216046552,1.12087058974821
-8.90711262754482,-3.24462872378583,0.799686965832218
-8.78032602230822,-2.87781353008913,0.484584985130761
-8.63650857434298,-2.5061146902908,0.177432582108173
-8.47893077362811,-2.13248454837009,-0.120371217559215
-8.3109360322411,-1.75958640028984,-0.407894567505788
-8.13584101426058,-1.38976272206056,-0.684648826861202
-7.95685061805459,-1.02502295912997,-0.950547419688845
-7.77698943963927,-0.66704786574399,-1.20585301807547
-7.59904997706515,-0.317206868449014,-1.45111833561179
-7.42555662077194,0.0234151259932008,-1.68712516923025
-7.25874364367052,0.353984776937857,-1.91482541628047
-7.10054493056471,0.673884023895811,-2.13528678351213
-6.95259300884123,0.982672706752762,-2.34964492152163
-6.81622498708948,1.28005175281034,-2.55906284618337
-6.69249320274829,1.56582806795717,-2.76469779260531
-6.58217866151165,1.83988183168588,-2.96767510110925
-6.485805671679,2.10213655514792,-3.16906835087798
-6.40365640207725,2.35253201607124,-3.36988471469837
-6.33578440171122,2.59100002482993,-3.57105438157178
-6.28202640243018,2.81744288989326,-3.77342285644383
-6.24201197987497,3.03171442576233,-3.9777449745473
-6.21517087534177,3.23360337116458,-4.18467954338093
-6.2007379877701,3.42281915044443,-4.39478363533743
-6.19775623823289,3.59898000916277,-4.60850569127097
-6.20507769666517,3.76160367926288,-4.82617675781528
-6.22136354862606,3.91010087305608,-5.04799937125829
-6.24508367280103,4.04377206065091,-5.27403382355083
-6.27451679812998,4.16180814147769,-5.50418180840702
-6.30775240803754,4.26329576231053,-5.73816775378674
-6.34269574653712,4.3472281414617,-5.97551850463901
-6.37707743698216,4.41252230556842,-6.21554242373642
-6.40846931979929,4.4580436001398,-6.45730941605743
-6.43430811268632,4.48263816294354,-6.69963382728455
-6.45192835099582,4.48517371642857,-6.94106257686005
-6.45860573143578,4.46458851550953,-7.17987120018328
-6.45161141995575,4.41994757121705,-7.41407061676447
-6.42827707480709,4.35050437832296,-7.64142732657068
-6.38606929121739,4.2557653644828,-7.85949928479479
-6.32267095418167,4.135553253959,-8.06568885845887
-6.23606570477288,3.99006464946581,-8.25731301524113
-6.12462055088365,3.81991656117626,-8.43168929218377
-5.98716079070515,3.62617653609559,-8.58623427784543
-5.82303107681908,3.41037161111556,-8.71856953440249
-5.63213680011531,3.17447259501754,-8.82662836110012
-5.41496109514981,2.92085212503173,-8.90875584283
-5.17255461181515,2.65221735270045,-8.96379447230986
-4.90649756883472,2.37152068158825,-8.9911484036303
-4.61883618760419,2.08185432563787,-8.99082105483579
-4.31199802058861,1.78633620779719,-8.96342312841432
-3.98869257162331,1.48799558889046,-8.91015082896242
-3.65180468498043,1.18966667515296,-8.83273672955643
-3.30428833571743,0.893897349075452,-8.73337799413232
-2.94906773394983,0.602878315623332,-8.61464821956356
-2.58895125296599,0.318395676426357,-8.4793998788615
-2.22656188698833,0.0418075938461594,-8.33066423996367
-1.86428604115209,-0.22595639791779,-8.17155484394448
-1.50424071629321,-0.484376509491105,-8.00517937118574
-1.1482577572414,-0.733308360931745,-7.8345632458819
-0.797882874992795,-0.972937767159777,-7.66258684611058
-0.45438663514785,-1.20372915386221,-7.49193686279157
-0.11878447010827,-1.42637166017484,-7.32507128563462
0.208137070978016,-1.6417262830391,-7.16419672638535
0.525790273885484,-1.85077660147385,-7.01125631073268
0.833754407763746,-2.05458479483461,-6.86792614096744
1.13174359755964,-2.25425391362999,-6.7356182978568
1.41957550734341,-2.45089671976513,-6.61548845559715
1.69714153973671,-2.64561090415407,-6.50844637692456
1.96437894755296,-2.83946011305543,-6.41516779490522
2.22124501978542,-3.03345995729137,-6.33610644291199
2.46769334065542,-3.22856802123539,-6.27150524448977
2.70365201971277,-3.4256768097186,-6.22140590874149
2.92900374445246,-3.62560855075868,-6.18565639007537
3.14356750700223,-3.82911079358365,-6.16391586445498
3.34708189726157,-4.03685179262666,-6.15565705224691
3.53918993234804,-4.24941474182203,-6.16016588743057
3.71942550366951,-4.46729001751956,-6.17653870284347
3.88720166638689,-4.69086470541196,-6.20367728031609
4.04180116901431,-4.92040883424189,-6.24028231151932
4.18236981908665,-5.15605792766732,-6.28484603686337
4.30791349620815,-5.39779172906881,-6.33564507922462
4.41729984266059,-5.64540926665669,-6.39073476452913
4.50926586248565,-5.89850082048452,-6.44794651210732
4.58243281114902,-6.15641783565717,-6.50489016310171
4.63532981726939,-6.41824239302162,-6.55896336015491
4.66642759307053,-6.68275847872597,-6.60737024564946
4.67418330242159,-6.94842794235267,-6.64715174321952
4.65709710735523,-7.21337462591033,-6.67522945135687
4.61378006315817,-7.47538057782556,-6.68846463052423
4.54303186836256,-7.73189840584698,-6.68373284295941
4.44392554230638,-7.98008352706679,-6.65801348147369
4.31589451460376,-8.21684921278706,-6.60849173781601
4.15881606506438,-8.4389458225267,-6.53266863755346
3.97308382044455,-8.643063490423,-6.42847283067076
3.75966140765746,-8.82595491427813,-6.29436618692614
3.52010967372705,-8.98457209447612,-6.12943426080704
3.25658130344801,-9.11620829531469,-5.93345269586185
2.9717792099023,-9.21863463594848,-5.70692184946009
2.66887852260577,-9.29022000383185,-5.45106435271042
2.35141590492174,-9.33002370554706,-5.16778374245806
2.02315368710641,-9.3378524603468,-4.85958624294882
1.68792926066379,-9.31427673988445,-4.5294716121948
1.34950181869234,-9.26060554847769,-4.18080206670416
1.01140856922793,-9.1788228644881,-3.81716015948105
0.676841031587486,-9.07149247772426,-3.44220686466842
0.348549280372772,-8.94164036829629,-3.05955007045386
0.0287785572701014,-8.79262483692974,-2.6726315135398
-0.280760881300629,-8.62800434358549,-2.28463737847951
-0.578892950128515,-8.45141169007989,-1.89843484424145
-0.864948586688972,-8.26644117234105,-1.51653422384386
-1.13871832510647,-8.07655303574761,-1.14107430099442
-1.40039115656048,-7.88499734465915,-0.77382714537728
-1.65048598043961,-7.69475747385354,-0.41621806669846
-1.8897811449448,-7.50851197868189,-0.0693563292951864
-2.11924645764134,-7.32861263443236,0.265927371421199
-2.33998082108987,-7.15707591269443,0.589040042604541
-2.55315747191972,-6.99558500082729,0.899584782167452
-2.75997777410916,-6.84549957261978,1.19732034715919
-2.96163368962107,-6.70787079079783,1.4821231874498
-3.15927843411863,-6.58345938715346,1.75395270327507
-3.3540044084462,-6.47275506492533,2.01282008272009
-3.54682724948695,-6.37599586075874,2.25876079052851
-3.73867473278211,-6.29318646638381,2.49181059758786
-3.93037925027075,-6.22411483182329,2.71198494268074
-4.12267265022669,-6.16836665002971,2.91926138652101
-4.3161823394682,-6.12533756054722,3.11356493675803
-4.51142769320623,-6.09424311340362,3.29475607830487
-4.70881598456725,-6.07412671147635,3.46262142532277
-4.90863722816335,-6.06386590733568,3.61686701059137
-5.11105752838806,-6.06217757501197,3.75711433682778
-5.31611073436865,-6.06762261198127,3.88289942469357
-5.52368843186849,-6.07861095257341,3.99367519458377
-5.73352854962632,-6.09340778782923,4.08881760279307
-5.94520312313902,-6.11014198097662,4.16763600389197
-6.15810603810341,-6.12681772973873,4.22938821429886
-6.37144185796727,-6.1413305394621,4.2733006895286
-6.58421710695525,-6.15148851348072,4.29859408168688
-6.7952356045299,-6.15503981616847,4.3045141992503
-7.00309959409612,-6.14970689808536,4.29036803921315
-7.20621843612614,-6.1332276759511,4.25556410470574
-7.40282650027315,-6.10340332953476,4.19965567795669
-7.59101155444586,-6.05815172826934,4.1223851284171
-7.76875438829707,-5.99556477208403,4.02372676101401
-7.9339796269511,-5.91396719016802,3.90392523223191
-8.0846167261055,-5.81197367942579,3.76352627684875
-8.21866907043311,-5.68854078833714,3.60339648885866
-8.33428804034486,-5.5430097687263,3.42472925892495
-8.42984801105885,-5.37513681304953,3.22903471881349
-8.50401765103449,-5.18510770963565,3.01811265330664
-8.55582271959339,-4.97353496214737,2.79400871828958
-8.58469589947996,-4.74143674222014,2.55895579579954
-8.59051003899013,-4.49019852394268,2.31530372954356
-8.57359243834927,-4.22151969536485,2.06544181901758
-8.53471934301473,-3.93734866153539,1.8117191412764
-8.47509140456448,-3.63981078538505,1.55636791766179
-8.39629233227475,-3.33113386121193,1.3014347357782
-8.30023411032126,-3.01357566507639,1.04872354899026
-8.18909288158426,-2.68935753946367,0.799753149751103
-8.06523985830649,-2.36060706756348,0.555730429809004
-7.93117144299171,-2.02931182699027,0.317539382584299
-7.78944221590242,-1.69728513460995,0.0857446247147493
-7.64260368560428,-1.36614372841188,-0.139392680243662
-7.49315082998516,-1.03729656325766,-0.357889174280772
-7.34347758707511,-0.711943364206313,-0.570006844004366
-7.19584167140708,-0.391081283647349,-0.776216602745352
-7.05233844500677,-0.0755179174262504,-0.977160498668927
-6.91488308532863,0.234110995140929,-1.17361471401014
-6.78519996480864,0.53732068273112,-1.36645502943853
-6.6648179711858,0.833754517940031,-1.55662592248587
-6.5550704283973,1.12316024462051,-1.74511399362556
-6.45709829575844,1.40536598256907,-1.93292599561229
-6.37185540067502,1.68025649815885,-2.12107139449451
-6.30011457356064,1.94775002618065,-2.31054911650216
-6.24247368429673,2.20777576306122,-2.50233792811649
-6.19936071420104,2.46025202522509,-2.69738974664698
-6.17103712787377,2.70506497728448,-2.89662507308556
-6.15759893184805,2.94204778136503,-3.10092966538352
-6.15897492208849,3.17096000045624,-3.31115151764618
-6.17492173403393,3.39146710608225,-3.52809717080578
-6.20501542431235,3.60311999670438,-3.75252634847445
-6.248639442783,3.80533453309926,-3.98514388769581
-6.30496901040664,3.99737124740711,-4.22658792328914
-6.37295211844808,4.17831559174573,-4.47741329768651
-6.45128762545425,4.34705936831664,-4.7380692239846
-6.53840126866922,4.50228433165426,-5.00887035460424
-6.63242084241456,4.64244937539155,-5.28996063573659
-6.73115233769403,4.76578320057879,-5.58126969989468
-6.83205948260703,4.87028488343609,-5.88246211039397
-6.93224984863503,4.95373526641571,-6.19288056466365
-7.02847143814598,5.01372250462802,-6.51148521615106
-7.11712434495525,5.04768528962565,-6.83679258472908
-7.19429253185646,5.05297708680779,-7.16681903781223
-7.25580079302545,5.02695397847503,-7.49903540649778
-7.2973013224871,4.96708722223251,-7.83034072247599
-7.31439274793109,4.87109928747181,-8.15706398676883
-7.30277183102443,4.73711891754872,-8.47500289185454
-7.25841425424391,4.56384688052192,-8.77950707673696
-7.17777623740175,4.35071998096442,-9.06561045701265
-7.05800371027994,4.09805735016794,-9.32821234277471
-6.8971312975302,3.80717094925426,-9.56230074043846
-6.69425055011083,3.48042254942684,-9.76320422692107
-6.44962675372628,3.12121285190764,-9.92685233404876
-6.16474695732117,2.73389494492133,-10.0500199661832
-5.84228859498138,2.32361324651342,-10.1305303222753
-5.4860073567654,1.89607896775447,-10.1673938423489
-5.10055316499783,1.4573020101985,-10.1608676654735
-4.69123221939071,1.01330520285059,-10.1124298064664
-4.26373925503572,0.569848620633725,-10.0246728520878
-3.82388628907816,0.132189133968005,-9.90113137125103
-3.37735209258841,-0.295105914479468,-9.74606374186972
-2.92947124597879,-0.708280399646269,-9.56421184255079
-2.48507436845921,-1.1044446977094,-9.36056109864854
-2.0483835505241,-1.48157030228617,-9.1401195308849
-1.62296048604873,-1.83843479814286,-8.90772896000337
-1.21170010104918,-2.17453093884329,-8.66791562603704
-0.816859853167831,-2.48995395714853,-8.42478217761831
-0.44011412708995,-2.78527985815187,-8.18193887279979
-0.0826238136468219,-3.06144500677397,-7.94246911721494
0.254887307557632,-3.31963447105813,-7.70892306228369
0.572055850246692,-3.56118381376769,-7.48333263802536
0.868806313485575,-3.78749664579394,-7.26724178330898
1.14528562603663,-3.99997840882925,-7.06174645903508
1.40180621449452,-4.1999855611339,-6.86754004300678
1.63879805101957,-4.38878854150142,-6.68496073656351
1.8567694454443,-4.56754648775751,-6.51403855607057
2.05627592259548,-4.73729158327936,-6.35454028325459
2.23789630411889,-4.89892100218635,-6.20601139015737
2.40221503454749,-5.05319464159721,-6.0678144430222
2.54980980341351,-5.20073710701977,-5.93916384271448
2.68124358004714,-5.34204271144382,-5.81915700002978
2.79706026740571,-5.47748253161244,-5.70680219536972
2.89778327708871,-5.60731281912057,-5.60104345446076
2.98391641804584,-5.73168428046121,-5.50078280253445
3.05594657012553,-5.85065191549212,-5.40490025282569
3.11434767807826,-5.96418523817903,-5.31227185254173
3.15958565205935,-6.07217879919666,-5.22178605933532
3.19212379893533,-6.17446299059282,-5.13235866066176
3.21242843773585,-6.27081514249904,-5.04294638277737
3.22097437596324,-6.36097092547429,-4.9525592702157
3.2182499449447,-6.44463605446026,-4.8602718544247
3.20476131564132,-6.52149825671498,-4.76523307547507
3.18103584453592,-6.59123942189404,-4.66667487654496
3.14762423491175,-6.6535478032127,-4.56391935992587
3.1051013435308,-6.70813008988008,-4.45638437759105
3.05406551677025,-6.754723128039,-4.34358743007291
2.99513640273722,-6.79310503503029,-4.22514776461928
2.92895125453368,-6.82310543382279,-4.10078659628223
2.85615981133167,-6.84461453362433,-3.97032542148203
2.77741791404456,-6.85759080028325,-3.83368244932992
2.69338007650623,-6.86206699578156,-3.69086723736326
2.60469128661102,-6.85815441798764,-3.54197368060246
2.51197835079472,-6.84604523651985,-3.38717156114793
2.41584111654526,-6.82601289359365,-3.22669691543455
2.31684390968766,-6.79841061492371,-3.0608415140837
2.21550750592665,-6.76366814979813,-2.88994177250476
2.1123019210598,-6.72228692634399,-2.71436741779873
2.00764025430176,-6.6748338635666,-2.53451022927983
1.9018737582591,-6.62193412290746,-2.3507731474959
1.79528824187574,-6.56426310709005,-2.16356001245168
1.68810184389963,-6.50253802252857,-1.97326614896859
1.58046414858111,-6.43750931442783,-1.78026996922121
1.47245655621483,-6.36995226278745,-1.58492571291747
1.36409377166224,-6.30065899544494,-1.38755739745697
1.2553262359566,-6.23043113405214,-1.18845400629411
1.14604330023966,-6.16007324356114,-0.987865905579459
1.03607692737193,-6.09038720830193,-0.786002448199988
0.925205703557918,-6.02216761057773,-0.583030701196043
0.813158948614534,-5.95619814288025,-0.379075217271808
0.699620727118423,-5.89324904374502,-0.174218763404708
0.584233581510564,-5.83407551074213,0.031496081198072
0.466601830301052,-5.77941701238849,0.238064540073289
0.346294298023045,-5.72999739363629,0.445516538707397
0.222846367096607,-5.68652564638034,0.65391294344326
0.0957612642685809,-5.64969719613104,0.863341175351633
-0.0354894847473972,-5.62019553733927,1.07391021003279
-0.171466479437036,-5.59869403132723,1.28574494596629
-0.312763776200132,-5.58585766067897,1.49897989142959
-0.460011138163874,-5.58234451040769,1.71375208271717
-0.613877193890759,-5.5888067172085,1.93019310375015
-0.775073472156838,-5.60589059142196,2.1484200283352
-0.944359249402145,-5.63423556960465,2.36852505037189
-1.12254710490699,-5.67447159631529,2.590563503308
-1.31050902107902,-5.72721445929452,2.81453989741733
-1.50918278594973,-5.79305851014929,3.04039152189668
-1.7195783439971,-5.87256609085626,3.26796906927997
-1.94278358988587,-5.96625285373134,3.49701364501768
-2.17996889598494,-6.07456800971099,3.72712943102468
-2.43238939536021,-6.19786837093925,3.95775118897657
-2.70138369340888,-6.33638487846095,4.18810573456275
-2.98836724057744,-6.49018014298108,4.41716651541533
-3.29481805749194,-6.65909540862964,4.64360052496302
-3.62225186479768,-6.8426853291882,4.86570704313549
-3.97218295597749,-7.04013910442458,5.08134819807627
-4.34606642058107,-7.25018697984148,5.28787220434886
-4.74521669201763,-7.47099203112255,5.48203149390668
-5.17069705579568,-7.70002874906017,5.65989997592289
-5.62317502129317,-7.93395246565516,5.81679649114625
-6.10273978045051,-8.16846737538152,5.9472252517174
-6.60868093508778,-8.39820598975531,6.0448486021889
-7.13923293707508,-8.61663928102358,6.10251241643641
-7.6912978422887,-8.81604404333766,6.1123489753487
-8.26017023518402,-8.98756092443476,6.06598468864259
-8.83930187374522,-9.12138096585655,5.95487822065314
-9.42015761323743,-9.2070970857353,5.77080563170072
-9.99222443874535,-9.23424584984266,5.50649048097579
-10.5432360770211,-9.19304075913935,5.15634755646929
-11.059660156367,-9.07526041252664,4.71727166495404
-11.5274588216676,-8.87520764034863,4.18936549663587
-11.933078518793,-8.59061001509996,3.57647565379734
-12.2645606820504,-8.22330434203452,2.88640781044295
-12.5126112629351,-7.77955418969795,2.13073019257515
-12.6714454111741,-7.26989847834448,1.32414686698164
-12.7392492243131,-6.70851367612882,0.483511470144251
-12.7181721357256,-6.11216953451825,-0.37336967757096
-12.6138613925591,-5.49893811750699,-1.22895523267327
-12.4346432087813,-4.88685343871491,-2.0670269210054
-12.1905151682994,-4.29270624365856,-2.87346109776923
-11.8921274285599,-3.7311059749279,-3.63666238157369
-11.5499005030547,-3.21387185391763,-4.34768003102898
-11.1733719820509,-2.74974988429652,-5.00007750077099
-10.7708039122599,-2.34440706173671,-5.58964637933992
-10.3490324714572,-2.00063230773554,-6.11405163485961
-9.91350973655921,-1.71867172417335,-6.5724753366724
-9.46847415000194,-1.49663614176719,-6.96530080788397
-9.01718771236028,-1.33093420509377,-7.29385587823471
-8.56218845355611,-1.21669915977095,-7.56021644059982
-8.10552131383141,-1.14818941166029,-7.76706086693502
-7.64892547920365,-1.11915117091126,-7.91756121786456
-7.19396917267187,-1.12313662952482,-8.01529699492606
-6.74213278265589,-1.15377416408851,-8.06417971776958
-6.29484772886911,-1.2049889867231,-8.06838037086936
-5.85350187632705,-1.27117418886568,-8.03225563921269
-5.41942317608631,-1.3473135970389,-7.96027212082206
-4.99385224539468,-1.4290593662225,-7.85693000493751
-4.57791252368435,-1.5127686765319,-7.72668896402125
-4.17258409735718,-1.5955051071737,-7.573899351028
-3.77868477696921,-1.67501109052389,-7.40274145749068
-3.39685986822254,-1.74965821707503,-7.21717484338904
-3.02758047267609,-1.81838206628773,-7.02089884291741
-2.67114911975915,-1.88060774312267,-6.81732446978083
-2.3277110085828,-1.93617151095838,-6.60955721095
-1.9972690141581,-1.9852429491473,-6.40038966435077
-1.67970075973826,-2.02825104085627,-6.19230264997958
-1.37477635619886,-2.06581660625612,-5.98747328015452
-1.0821757654317,-2.09869260281444,-5.78778847241522
-0.80150509113769,-2.12771305694322,-5.59486248416902
-0.532311397852834,-2.15375078536268,-5.41005720218184
-0.274095890279239,-2.17768360893872,-5.23450410117546
-0.026325448404426,-2.20036844369628,-5.06912697178545
0.21155738264393,-2.22262245401104,-4.91466469464424
0.440125793152434,-2.24521034981552,-4.77169349640856
0.659961323223128,-2.26883688125218,-4.64064826168855
0.871647514820818,-2.29414361053111,-4.52184259149993
1.07576443787025,-2.32170910441093,-4.41548739515164
1.2728839444334,-2.35205177732463,-4.32170788029623
1.46356552284741,-2.38563471331148,-4.24055886735631
1.64835263896883,-2.42287189593172,-4.17203840179715
1.82776946301978,-2.46413537297122,-4.11609967265023
2.00231788763379,-2.50976297271536,-4.07266126997795
2.17247474581221,-2.56006626820038,-4.04161582904392
2.33868913718085,-2.61533855365631,-4.02283711604673
2.50137976782222,-2.6758626527308,-4.01618561043781
2.66093220366657,-2.74191842100061,-4.02151263297177
2.81769593048968,-2.81378983605588,-4.03866305749763
2.97198110544172,-2.89177158755617,-4.06747662875396
3.1240548761311,-2.97617508759476,-4.10778788866839
3.27413713404342,-3.06733381886795,-4.15942469043543
3.42239556002784,-3.16560792477684,-4.22220525353094
3.56893981149134,-3.2713879217635,-4.29593368449135
3.71381469491391,-3.385097379815,-4.38039385862707
3.85699216495559,-3.50719437198,-4.47534152809626
3.99836199509013,-3.63817143778906,-4.58049449374001
4.13772097761616,-3.77855373875193,-4.69552065439335
4.2747605374798,-3.92889500728162,-4.8200237317972
4.40905269043431,-4.08977080514278,-4.95352646703876
4.54003434915542,-4.26176851717676,-5.09545110291595
4.66699009029728,-4.44547341646417,-5.24509701547407
4.78903365207892,-4.64145005771117,-5.40161544976723
4.90508864802136,-4.85021820088566,-5.56398146526614
5.01386927020266,-5.07222245778952,-5.73096342368119
5.11386212517007,-5.30779491893435,-5.90109067646816
5.20331080230501,-5.55711019409009,-6.0726205505322
5.28020531216492,-5.82013263289841,-6.24350630341831
5.34227912741837,-6.09655603353104,-6.41136842672173
5.38701716081966,-6.38573694867398,-6.57347250024048
5.41167853589622,-6.6866237983287,-6.72671768692896
5.41333831443253,-6.99768540702105,-6.86764080868238
5.38895226107491,-7.31684425254722,-6.99244159249495
5.33544803286131,-7.64142151254906,-7.09703489581576
5.24984465595362,-7.96810267866624,-7.17713522337686
5.1293996170422,-8.29293370258904,-7.22837733177295
4.97177930697516,-8.61135785990617,-7.24647393387416
4.77524409225841,-8.91830223812839,-7.22740737657641
4.53883445494232,-9.20831953154414,-7.16764687452274
4.26254027740196,-9.47578548191955,-7.06437703384662
3.9474325671572,-9.71514512724327,-6.91571800445141
3.5957368762053,-9.92119289150461,-6.7209139663271
3.21083122680387,-10.0893639168466,-6.48046610612784
2.79715868336152,-10.2160086763335,-6.19618969227352
2.36005502458784,-10.2986214435443,-5.87118240689189
1.90550353583052,-10.3359965806019,-5.50970177881911
1.4398394275179,-10.3282946728162,-5.11696145898923
0.969433502370302,-10.277011909142,-4.69886676510716
0.500386890042082,-10.1848585177857,-4.26171717099934
0.0382656069276376,-10.0555630088197,-3.81190586230726
-0.412103676561026,-9.89362642721492,-3.35564398598478
-0.846765109400679,-9.70405376176467,-2.89873081400778
-1.26269094571926,-9.49208821820019,-2.44638248819543
-1.65777177860803,-9.26296929668098,-2.00312323087292
-2.03075271842881,-9.02172902730043,-1.572735450639
-2.38113133862312,-8.77303381409365,-1.15825994993352
-2.70903334199784,-8.52107326943727,-0.762034678309183
-3.01508006644619,-8.26949284304835,-0.385759876654052
-3.30025899812504,-8.02136415124921,-0.030578439816358
-3.5658051457651,-7.77918554019883,0.302837763627959
-3.81309800299961,-7.54490523319635,0.614202604308161
-4.0435762117514,-7.31996002580851,0.903536209174316
-4.25867007070834,-7.10532354765346,1.1710941359623
-4.45975070300835,-6.90155932923092,1.41730654760637
-4.64809392011067,-6.70887510793387,1.64272763616159
-4.82485647356838,-6.52717586953458,1.84799482263438
-4.99106234890918,-6.35611400010796,2.03379683263833
-5.14759691645644,-6.19513560895836,2.20084954068498
-5.29520702514048,-6.04352258985983,2.34987841886045
-5.43450544271139,-5.90043034159336,2.48160646256073
-5.56597836536862,-5.76492129871409,2.59674655498229
-5.68999501431932,-5.63599455792421,2.69599734409213
-5.8068185911984,-5.51261194915018,2.78004182214788
-5.91661807236714,-5.39372091399714,2.84954790771009
-6.01948048335723,-5.27827453412753,2.90517042832802
-6.11542341224,-5.16524901111356,2.94755398732368
-6.20440759963917,-5.05365884730682,2.97733627136179
-6.28634948969342,-4.94256992176237,2.99515141911439
-6.36113364715201,-4.83111060192826,3.00163312820212
-6.42862494760441,-4.71848098489189,2.99741723061583
-6.4886804370035,-4.60396032449253,2.98314351849063
-6.54116073909847,-4.48691267454931,2.9594566542492
-6.58594087049063,-4.36679076482787,2.9270060527412
-6.62292030733711,-4.24313812525987,2.88644467815423
-6.65203213890034,-4.11558948452805,2.8384267543409
-6.67325114376766,-3.98386948980807,2.78360444219525
-6.68660063608503,-3.84778982288302,2.72262358963387
-6.69215795182345,-3.70724482116004,2.65611870608313
-6.69005847805529,-3.56220574716159,2.58470735161208
-6.68049816959554,-3.41271388364313,2.50898415873592
-6.66373454451354,-3.25887266064589,2.42951472076841
-6.64008619980054,-3.10083904305422,2.34682958352549
-6.60993093755791,-2.93881442080229,2.26141856718316
-6.57370263725469,-2.77303524778228,2.17372562310424
-6.53188704811159,-2.60376366960474,2.08414439824321
-6.48501670535997,-2.43127836530507,1.99301463975551
-6.43366519363468,-2.25586580519541,1.90061952754279
-6.37844098955057,-2.07781209813043,1.80718397568027
-6.319981113835,-1.89739556856901,1.71287389790741
-6.2589448121738,-1.71488016911664,1.61779639018523
-6.1960074646284,-1.53050979975666,1.52200074677945
-6.13185489788298,-1.34450357248948,1.4254801968358
-6.06717824461704,-1.15705203101124,1.3281742267303
-6.00266946187615,-0.968314310390291,1.22997133972646
-5.93901758717229,-0.778416202062583,1.13071209822896
-5.87690577864938,-0.587449075128775,1.03019229433314
-5.81700915512934,-0.395469595874308,0.928166100278722
-5.75999342396939,-0.202500183413217,0.824349060514513
-5.70651425980777,-0.00853014001486249,0.718420800024994
-5.65721737550281,0.186482600403878,0.610027338095917
-5.6127392076203,0.382609153346364,0.498782911702529
-5.5737081221685,0.579946829751233,0.384271227317261
-5.54074603115998,0.778615766662288,0.266046073552257
-5.5144702960374,0.97875504329212,0.143631239377071
-5.49549577890337,1.18051826083765,0.0165196937109944
-5.48443688554059,1.38406853829813,-0.115828007638702
-5.48190942392798,1.58957284619521,-0.253986111674197
-5.48853207669679,1.79719556478318,-0.39856686740191
-5.50492725386652,2.00709111215635,-0.550224533485937
-5.53172105116435,2.21939543954079,-0.70966017431292
-5.56954198692482,2.43421613483216,-0.877627197208153
-5.61901812441352,2.65162080995473,-1.05493754406502
-5.6807721036643,2.8716233719271,-1.2424683936426
-5.75541350478135,3.09416769121709,-1.44116914949975
-5.84352784063602,3.31910808469752,-1.65206837443806
-5.94566132932846,3.54618592678272,-1.87628017484666
-6.06230042584089,3.7750015967277,-2.11500932473275
-6.19384490150498,4.00498087309207,-2.36955413473356
-6.34057305857452,4.2353348159623,-2.64130570005867
-6.5025974741462,4.46501216265084,-2.93174168772939
-6.67980951648999,4.69264334787226,-3.24241223650212
-6.87181082317503,4.916475510779,-3.57491484196777
-7.07783006128396,5.13429836211974,-3.93085430523736
-7.29662373493543,5.3433616811027,-4.31178299470916
-7.52636074657193,5.54028665268224,-4.71911592622591
-7.7644920966432,5.72097542570327,-5.15401471925626
-8.00760981201953,5.88052635040659,-5.61723467516916
-8.25130323021559,6.01316645498724,-6.10893054638966
-8.49002636348387,6.11221778572508,-6.62841968434757
-8.71699721629112,6.17011986105537,-7.17390693882921
-8.92415813129103,6.17853570992689,-7.74218463438564
-9.1022341660852,6.12857202578413,-8.32833345610603
-9.24093168022676,6.0111422347132,-8.92546544419995
-9.32931801182855,5.8174914859955,-9.52456615060531
-9.35641082598539,5.5398817103133,-10.1145047204416
-9.31197850659152,5.1724018632118,-10.6822814202716
-9.18750997992644,4.71182634898233,-11.2135643965111
-8.97725872953271,4.15840246977946,-11.6935261478865
-8.67921439239348,3.51642036408441,-12.1079272243284
-8.29582528425714,2.79442280887694,-12.4443224454318
-7.83430526147536,2.00495799974847,-12.6932058595653
-7.30641714747006,1.16386228571025,-12.8488900819034
-6.72772303511993,0.289160627188294,-12.9099498676091
-6.11640148847116,-0.600242282232136,-12.8791453772076
-5.4918177083805,-1.48586747602315,-12.7628526214936
-4.87306817858997,-2.3507690419649,-12.5701305432511
-4.27769968106882,-3.18031413811687,-12.3116146899743
-3.72073868916718,-3.96259288548946,-11.9984333713049
-3.21408751045989,-4.68849330326591,-11.6413014844714
-2.76627325242442,-5.35152648246851,-11.2498811926416
-2.38248947069928,-5.94750409897402,-10.8324307354859
-2.06485086975113,-6.47416056193879,-10.3957095598682
-1.8127828262021,-6.93078724569836,-9.94507674057315
-1.62348078946201,-7.31791755267551,-9.48470936420541
-1.49239169653203,-7.63707664850528,-9.01787280466535
-1.41368515802046,-7.89059219200203,-8.54718912541529
-1.38069401287255,-8.08145273305793,-8.07486757383904
-1.38631172479632,-8.21319735708548,-7.60287829548887
-1.42333893820525,-8.28982159540824,-7.13306463044198
-1.48477455899989,-8.31568856506303,-6.66719960304912
-1.56404900542563,-8.29543906309011,-6.20699834917975
-1.65519940406621,-8.23389872033357,-5.75410071397369
-1.75298869237454,-8.13598361823311,-5.31003791496653
-1.85297274571057,-8.00660772705911,-4.87619495284541
-1.95152154900423,-7.8505962060193,-4.45377728654445
-2.04580185281283,-7.67260829293121,-4.04378694046748
-2.13372954519133,-7.47707256913269,-3.64701022847721
-2.21390010340208,-7.26813616950059,-3.26401697484764
-2.28550503566351,-7.04962830124187,-2.89516959067339
-2.34824132428306,-6.8250374233872,-2.54063957426018
-2.40221970690162,-6.59750071040634,-2.20042880212455
-2.44787634477312,-6.36980399071056,-1.87439318349549
-2.48589115954958,-6.14439017720984,-1.56226669145467
-2.51711496766717,-5.92337423156291,-1.26368431476638
-2.54250656008822,-5.70856286045147,-0.978202993818012
-2.56308008802717,-5.50147737257711,-0.705320050223833
-2.57986252128139,-5.3033783836299,-0.444488964513599
-2.59386052808025,-5.11529131190124,-0.19513259623055
-2.60603585862943,-4.93803184074717,0.0433459129063365
-2.61728817032221,-4.77223072667106,0.271554240531757
-2.6284441829622,-4.61835750095324,0.490103660045271
-2.64025207195242,-4.47674275009259,0.699603179445279
-2.6533800745561,-4.34759876945158,0.900654766706007
-2.6684183812771,-4.23103846970614,1.09384942993793
-2.68588349719788,-4.12709248117979,1.27976396435264
-2.70622437622996,-4.03572445056763,1.4589582168116
-2.72982974708437,-3.95684456097577,1.63197275022925
-2.75703615818429,-3.89032133204586,1.79932681376932
-2.78813636646845,-3.83599177410966,1.96151654111676
-2.8233877802995,-3.79366998031917,2.11901330917471
-2.86302073881586,-3.76315424470591,2.27226219457885
-2.90724646913366,-3.74423279309553,2.42168046666512
-2.95626460939828,-3.73668820852627,2.56765605404596
-3.01027022067257,-3.74030062395615,2.7105459186209
-3.06946023501871,-3.7548497431576,2.85067426634113
-3.1340393018757,-3.7801157362831,2.98833051887374
-3.20422500085931,-3.81587904007685,3.12376696485886
-3.28025238718607,-3.86191907451785,3.25719600406245
-3.36237782665282,-3.91801186821759,3.38878689275486
-3.4508820609255,-3.98392656462276,3.51866189454037
-3.54607242110099,-4.05942076054962,3.64689173824831
-3.64828407829777,-4.14423460854719,3.77349028425697
-3.75788018458222,-4.23808359607637,3.89840830400435
-3.87525071611756,-4.34064989893169,4.02152628615863
-4.00080978356242,-4.45157219571595,4.14264619927793
-4.13499112346157,-4.5704338272427,4.2614821677841
-4.27824143046769,-4.69674919317365,4.3776500595137
-4.4310111367022,-4.82994830284713,4.49065604365383
-4.59374219607842,-4.96935944431655,4.59988426301097
-4.76685239492641,-5.11419001274688,4.70458388042609
-4.9507156956667,-5.26350565556017,4.80385591205705
-5.1456381410699,-5.41620805715269,4.8966404558841
-5.35182892039116,-5.57101191088018,4.98170516583156
-5.56936634716437,-5.72642191918186,5.05763610994084
-5.79815874698703,-5.88071102908847,5.12283247770264
-6.03790062909885,-6.03190154709778,5.17550694887206
-6.28802504252008,-6.17775126881782,5.21369387069544
-6.54765371177288,-6.3157472701298,5.23526765993402
-6.81554740635185,-6.44311047757625,5.23797397541603
-7.09005998921717,-6.5568144751204,5.21947609895897
-7.3691006354031,-6.65362208933065,5.1774185043695
-7.65010967851142,-6.73014297721792,5.109508672335
-7.93005423450997,-6.78291456578749,5.0136167361831
-8.20544991959338,-6.80850713283297,4.88789049710782
-8.47241434957218,-6.80365152405907,4.730880814561
-8.72675644402547,-6.76538505533246,4.54166959525625
-8.96410273612413,-6.69120781737985,4.31998997808289
-9.18005799115111,-6.57923835344362,4.06632639041989
-9.37039282291915,-6.42835515509984,3.78198153952889
-9.53124631878795,-6.23830931305197,3.46909861894341
-9.65932780856505,-6.00979454855573,3.13063030680472
-9.75209975028252,-5.74446400298959,2.77025134273919
-9.8079239667082,-5.44488837174901,2.39221793779166
-9.82615642207788,-5.11445651399547,2.0011839357395
-9.80718106883868,-4.75722643569789,1.60198926047175
-9.75238015004218,-4.37774028034205,1.19943964733484
-9.66404548653921,-3.98082061484425,0.798097302657077
-9.54524143977644,-3.57136628644758,0.402099922605374
-9.39963443311753,-3.15416447291412,0.0150209988363331
-9.23130565075902,-2.73373182452346,-0.360221464361925
-9.04456288089095,-2.31419271481068,-0.721406672430436
-8.84376494293462,-1.89919756144271,-1.0670072235551
-8.63316849422897,-1.49187976694239,-1.3961474977766
-8.41680303003152,-1.09484657238779,-1.70853403598847
-8.19837620954143,-0.710197192509157,-2.00436815404064
-7.98120866935163,-0.339560909948276,-2.28425026147259
-7.76819539937737,0.0158519186590437,-2.54908377887068
-7.5617895416543,0.355192084507146,-2.79998459719442
-7.36400399608044,0.677911891120129,-3.0382000398852
-7.17642629164629,0.983707284300463,-3.26503950817366
-7.00024261535497,1.2724641801263,-3.48181753962526
-6.83626751865109,1.54421042791062,-3.6898089319995
-6.68497651706843,1.79907407686313,-3.89021486254206
-6.54653947790465,2.03724806751637,-4.08413851681199
-6.42085330284161,2.25896111227353,-4.27256856709987
-6.307572933809,2.46445432496118,-4.45636884397316
-6.20614013528994,2.653963067703,-4.63627266831502
-6.11580983979064,2.82770346963515,-4.81288050892679
-6.03567409590564,2.98586310696728,-4.98665986711286
-5.96468384263131,3.12859539499357,-5.15794653955415
-5.90166886110239,3.25601731281773,-5.32694665730154
-5.8453563357289,3.36821014824243,-5.49373913105636
-5.79438849843979,3.4652230044269,-5.65827834428954
-5.74733983766266,3.54707884510346,-5.82039712178591
-5.70273433098153,3.6137828670152,-5.9798101585204
-5.65906310877445,3.66533297428803,-6.13611821914032
-5.61480287637563,3.70173208906038,-6.28881350812686
-5.56843531528271,3.72300196736371,-6.43728666087162
-5.51846755141639,3.7291981029457,-6.58083581222913
-5.46345362403607,3.72042520120725,-6.71867815795437
-5.40201671881948,3.69685260036027,-6.84996433372048
-5.33287175211821,3.65872891970781,-6.97379579677857
-5.25484772295925,3.60639514005635,-7.08924521130005
-5.16690910007057,3.54029528396379,-7.19537961937077
-5.06817539961818,3.46098387811727,-7.29128594002259
-4.9579380516239,3.3691294577871,-7.37609809795712
-4.83567366266574,3.26551351975421,-7.44902486462306
-4.70105286776148,3.1510245436802,-7.50937732121546
-4.55394412629113,3.02664697229094,-7.55659474842981
-4.39441204771424,2.89344534905832,-7.59026772888285
-4.22271011613903,2.7525441321874,-7.61015732441705
-4.03926799443829,2.60510400520145,-7.61620936125593
-3.84467389972838,2.45229575640105,-7.60856310947001
-3.63965282273117,2.29527297500995,-7.5875539577986
-3.4250415869902,2.13514489187305,-7.55371003156915
-3.20176189006684,1.97295066885405,-7.50774304779049
-2.97079252705232,1.80963631721156,-7.45053401586109
-2.73314196678471,1.64603521598913,-7.38311464808212
-2.4898223426158,1.48285293032344,-7.30664552270565
-2.24182574963977,1.32065672512853,-7.22239213469041
-1.99010353077416,1.15986986144552,-7.13169997653136
-1.73554900801175,1.00077047769584,-7.03596972271126
-1.47898389379503,0.843494617329599,-6.93663346177983
-1.22114841802634,0.688042781777891,-6.83513274837076
-0.962695040663575,0.534289269319843,-6.73289905278912
-0.704185494579097,0.381993505532367,-6.63133698569064
-0.446090819808555,0.230812572882926,-6.53181048423384
-0.188794006006802,0.080314195488162,-6.43563197438158
0.0674051502363843,-0.0700104820199516,-6.34405437815123
0.322283349025828,-0.220734877493491,-6.25826571723254
0.575685589002106,-0.372486156020192,-6.17938597511358
0.827515751322518,-0.525935938400163,-6.10846581599636
1.07772618677667,-0.681792742302408,-6.04648671615879
1.32630645850669,-0.84079626108458,-5.99436203701225
1.57327132149557,-1.00371349203401,-5.9529385536198
1.81864794767111,-1.17133664282012,-5.92299794270294
2.06246233313882,-1.34448266988867,-5.90525772540043
2.30472475223313,-1.52399423149372,-5.90037114806705
2.54541405219349,-1.71074176592992,-5.90892546577248
2.7844605130899,-1.90562632617428,-5.93143806534779
3.02172693172551,-2.10958270867378,-5.96834982643511
3.25698752866944,-2.32358229897566,-6.02001507015556
3.48990422960393,-2.54863491262442,-6.08668738796575
3.71999984435926,-2.78578872889799,-6.16850058330334
3.9466276724795,-3.03612719143794,-6.26544390536526
4.16893712218048,-3.30076148037654,-6.37733072365732
4.38583506733364,-3.5808168472478,-6.50375980826523
4.59594292153851,-3.87741075804601,-6.64406848016362
4.79754982726248,-4.19162043729436,-6.79727712916953
4.98856299991291,-4.52443709533836,-6.96202503292653
5.16645719731073,-4.87670393271991,-7.13649813602292
5.32822656838633,-5.24903507255291,-7.3183505674324
5.47034381535911,-5.64171304947297,-7.50462329560511
5.58873367498466,-6.05456361209942,-7.69166553381893
5.67877008293004,-6.48680864798244,-7.8750673420534
5.73530876695251,-6.93690129146377,-8.04961522410922
5.75276892502864,-7.40235192081131,-8.20928606620454
5.72527830568135,-7.87955976590822,-8.34729785631466
5.64689436442018,-8.36367179111738,-8.45623720856897
5.51190902354396,-8.84849731996361,-8.52828235131436
5.31523489741369,-9.32651168598729,-8.55553429113994
5.0528563806878,-9.78898248837667,-8.53045699986849
4.72231087579328,-10.2262450434052,-8.44640940704301
4.32314679063845,-10.628137356692,-8.29822938406113
3.85729089436539,-10.9845795154201,-8.08280699475221
3.32925429203822,-11.2862512698144,-7.79956756008213
2.74611864276057,-11.5252918039496,-7.45078173138153
2.11727346300653,-11.6959265322676,-7.04163488209537
1.45391687166122,-11.7949254550511,-6.5800217620352
0.768375971063453,-11.8218196294697,-6.07607805245104
0.0733368939924417,-11.7788428890187,-5.54150660488463
-0.618911540872629,-11.6706146542953,-4.98879005001915
-1.29712606819526,-11.5036232179776,-4.43039430495045
-1.95158316320839,-11.2855962019686,-3.87805761766446
-2.57435117161017,-11.0248510491625,-3.34223262251686
-3.159368786185,-10.7297054883527,-2.83171403768638
-3.70236497471521,-10.4080028772012,-2.35345177906779
-4.20066899276433,-10.0667786425977,-1.91252501132235
-4.65296041744868,-9.71206864877703,-1.51223946158555
-5.05900184212996,-9.34884217282691,-1.15430715891136
-5.41938531536155,-8.98103220135732,-0.839071682059492
-5.7353114279154,-8.61163284734878,-0.565749648006965
-6.00840947527833,-8.24283573144972,-0.332667792266428
-6.24059938660442,-7.87618201028431,-0.137482794769885
-6.43399121024347,-7.51271261503353,0.0226228626500651
-6.59081544675885,-7.15310500932171,0.150771433837113
-6.71337679126798,-6.7977897331698,0.250246604463998
-6.8040242667775,-6.44704390558668,0.324374684449547
-6.86513178761582,-6.10106169468487,0.376428041824469
-6.89908451271376,-5.7600036454589,0.409548421101394
-6.90826768364515,-5.42402785096297,0.426687924050107
-6.8950558431766,-5.09330644179128,0.430565638013998
-6.86180132051875,-4.76803091758942,0.423638085804862
-6.81082162334993,-4.4484095960878,0.408081805213966
-6.74438590026067,-4.13466002758435,0.385786443671595
-6.66470095646093,-3.82699870853598,0.358356791787356
-6.57389745670918,-3.52562989624162,0.327122202296179
-6.47401697246764,-3.23073482589517,0.293151870773026
-6.36700046421332,-2.94246219186696,0.257274507838113
-6.25467866936879,-2.66092039235098,0.220101018239548
-6.1387647201377,-2.38617175437529,0.182048921559573
-6.0208491655414,-2.11822875030008,0.143367397832018
-5.90239743342623,-1.85705207788266,0.104162010695717
-5.78474965052014,-1.60255039180986,0.0644183406261652
-5.66912264630845,-1.35458143280607,0.0240239409801601
-5.55661390047201,-1.1129542894083,-0.0172117990692323
-5.44820715227258,-0.877432537318579,-0.0595401453105784
-5.34477937042708,-0.647738023970369,-0.103257989190457
-5.24710877976684,-0.423555095659389,-0.148695313808126
-5.15588365221405,-0.204535097160241,-0.196205083997077
-5.07171159038579,0.00969899347977216,-0.246155425994505
-4.99512905892128,0.219547900842168,-0.298923920129315
-4.9266109483912,0.425431435227078,-0.354893806286743
-4.86657998689688,0.627783972274626,-0.414451893446256
-4.81541584321,0.827050053361824,-0.477987968075857
-4.77346379099418,1.02368010757238,-0.545895508468425
-4.74104282510075,1.21812627371277,-0.618573530354317
-4.7184531372336,1.41083827902855,-0.696429410772969
-4.70598286870649,1.60225930927389,-0.779882560016921
-4.70391406194997,1.79282178185332,-0.869368833544199
-4.71252772926025,1.98294290906425,-0.965345595370156
-4.73210794636204,2.17301991112297,-1.06829735998445
-4.76294485890079,2.36342470767622,-1.17874194965787
-4.8053364610281,2.55449788084306,-1.29723710630094
-4.85958896561547,2.74654166142147,-1.42438748966348
-4.92601553390852,2.93981164169485,-1.56085197394222
-5.00493306698066,3.1345068624127,-1.70735111936448
-5.09665668039902,3.33075785749989,-1.86467463964155
-5.20149138537363,3.52861216808466,-2.03368860472488
-5.31972038303552,3.72801675898028,-2.21534200402576
-5.45158924311067,3.92879668929248,-2.41067213959853
-5.59728508585639,4.13062931103617,-2.62080811166368
-5.75690972196629,4.33301320707192,-2.84697138908489
-5.93044554033406,4.53523105102188,-3.09047211375728
-6.11771278838014,4.73630560600855,-3.35269936104626
-6.31831679822285,4.9349482190002,-3.63510306488115
-6.53158372841968,5.12949947450177,-3.93916472423483
-6.75648359686776,5.31786222902028,-4.26635336757655
-6.99153989269836,5.49742816468727,-4.61806262956525
-7.23472603231282,5.66500040748356,-4.99552431147115
-7.48335056767163,5.81671679342139,-5.39969365501795
-7.73393559225537,5.94798115531275,-5.83110206459184
-7.98209643851363,6.05341358582418,-6.28967459194092
-8.22243564235392,6.1268348779443,-6.7745126873398
-8.44847015148501,6.16130480869278,-7.28364810011071
-8.65261731858723,6.14923769573639,-7.81378183358707
-8.82627110043218,6.08262018075909,-8.36003275314717
-8.96000293980217,5.9533533112898,-8.91573296890777
-9.04391901775779,5.75373120209224,-9.47231925051025
-9.06819351049418,5.47704979933216,-10.0193775557525
-9.02377353771213,5.11831126453452,-10.5448958797475
-8.90321570022583,4.67495536673736,-11.035763497958
-8.70157126923019,4.14751669346569,-11.4785191006731
-8.41719774814673,3.54008711462964,-11.8602987323777
-8.05235334581011,2.86046907648786,-12.1698772200469
-7.61344163424439,2.11994417973399,-12.3986513055975
-7.11082202082774,1.33264939749201,-12.5413979658433
-6.55817976255464,0.514633619638189,-12.5966692250708
-5.97153597184509,-0.317264783724885,-12.5667522631192
-5.36804674375559,-1.14654560961161,-12.4572120781046
-4.76477054046253,-1.95801775913652,-12.2761159786782
-4.17756855857104,-2.73850139063653,-12.0330905877733
-3.62025421213486,-3.47721750215775,-11.7383717200207
-3.10404475043721,-4.16588544888466,-11.4019799227619
-2.63731001157838,-4.79859308819387,-11.0331048507233
-2.2255729433132,-5.37152272138569,-10.6397277486408
-1.87169727578496,-5.88261232812898,-10.2284667645802
-1.57619614541554,-6.33121412742625,-9.80460124281183
-1.33760493023665,-6.71779001560274,-9.37221890040233
-1.15287553557279,-7.04366243145917,-8.93443040715126
-1.01776317594451,-7.31082316927432,-8.4936045933675
-0.927187862073284,-7.52179256813144,-8.05158992513254
-0.875560632627916,-7.6795167380224,-7.60990077797438
-0.857069466418371,-7.78728971169642,-7.16985841118314
-0.865922626063751,-7.84868917934082,-6.73268541300056
-0.896548797920441,-7.86751749658105,-6.29955847897586
-0.9437544819445,-7.84774298605011,-5.87162787728597
-1.00284005159331,-7.7934395327572,-5.45001327493715
-1.06967690241739,-7.70872474705493,-5.03578529388585
-1.14074911991112,-7.59769841357884,-4.62994080265059
-1.21316401583344,-7.46438360729029,-4.23337804358722
-1.28463658550344,-7.31267289067738,-3.84687566901163
-1.35345333694276,-7.14628160733939,-3.47107791091553
-1.41842100069213,-6.96870965417676,-3.1064866165572
-1.47880536545629,-6.78321241330361,-2.75345981535409
-1.53426495922795,-6.59278087496033,-2.41221582903305
-1.58478359042222,-6.4001304547998,-2.08284163268422
-1.6306049656738,-6.2076976318043,-1.76530413071382
-1.67217178840964,-6.01764330505311,-1.45946313760904
-1.71007097660004,-5.83186166822325,-1.16508506940271
-1.74498596125951,-5.65199340118474,-0.881856596844984
-1.77765646278967,-5.47944204830517,-0.609397744694453
-1.80884569807513,-5.31539256636627,-0.347274120242434
-1.83931464371181,-5.1608311599384,-0.0950081090688507
-1.86980275854797,-5.01656566302331,0.147911012562888
-1.90101443625806,-4.88324586227671,0.382018025511736
-1.93361039871689,-4.76138328278911,0.607863708306502
-1.96820323650589,-4.65137006887958,0.826007679666322
-2.00535633840422,-4.55349668832266,1.03701204242106
-2.04558551373033,-4.46796826884174,1.24143572601979
-2.08936268878504,-4.39491944125007,1.43982942584588
-2.13712114261807,-4.33442761535736,1.63273103902896
-2.18926183124905,-4.286524653883,1.82066149669493
-2.24616042852311,-4.25120693733234,2.00412089080267
-2.30817478269464,-4.22844383024644,2.18358478959827
-2.3756525485163,-4.21818456747397,2.35950062930412
-2.44893880384277,-4.22036357906756,2.53228406112667
-2.52838349690058,-4.23490426488588,2.7023151222388
-2.61434859513553,-4.26172121568544,2.86993408730885
-2.7072148187769,-4.30072085701712,3.03543684366985
-2.80738784179252,-4.35180046615295,3.19906961868466
-2.9153038294607,-4.41484548111566,3.36102287276684
-3.03143415487022,-4.48972498532858,3.52142415665972
-3.15628909557968,-4.57628521235042,3.68032971821939
-3.29042025555461,-4.67434087396088,3.83771463404668
-3.4344213854508,-4.78366407359604,3.993461237796
-3.58892718562246,-4.9039705289837,4.14734562410753
-3.7546095708191,-5.03490279759046,4.29902203085249
-3.93217075454609,-5.1760101831973,4.44800495094315
-4.12233237782489,-5.32672501160568,4.59364890920432
-4.32581976839106,-5.48633501203854,4.73512597365351
-4.5433402842366,-5.65395164684514,4.87140127108956
-4.77555458932376,-5.82847441959031,5.00120706401115
-5.02303965885663,-6.00855148983182,5.12301634082604
-5.28624235911955,-6.19253736542276,5.23501739376568
-5.56542265006167,-6.37844906459178,5.33509152174692
-5.86058589056728,-6.56392296946005,5.42079679620522
-6.1714044722033,-6.74617564262191,5.48936173670157
-6.49713015572802,-6.92197312813278,5.53769368632833
-6.83650010835935,-7.08761463068297,5.56240751918494
-7.1876417636633,-7.23893780178857,5.55988083984866
-7.54798418174594,-7.37135389133682,5.52634174968847
-7.91418635850039,-7.47992135894377,5.45799419040615
-8.28209550090596,-7.55946569424051,5.35118344980495
-8.64675000550968,-7.60475065186794,5.20260033648032
-9.0024419135238,-7.61070146146711,5.00951675279739
-9.34285107991239,-7.57267374098778,4.77003830295677
-9.66125750288075,-7.48675329305863,4.4833521292335
-9.9508290906844,-7.35006289571822,4.14994193977168
-10.2049703768594,-7.16104451972087,3.77173913127283
-10.4177051922541,-6.91968142147673,3.35218087548834
-10.58405581177,-6.62762634101634,2.89615409222007
-10.7003756191131,-6.28821059578413,2.40981797895751
-10.7645941640524,-5.90632350175106,1.90031505486064
-10.7763432437092,-5.48816969221573,1.37539792269362
-10.73694877933,-5.04092964363475,0.843012125112421
-10.6492923631689,-4.57236200669515,0.310881392701981
-10.5175641504429,-4.09039229274674,-0.213860996970649
-10.3469415176035,-3.60273025460154,-0.724961051763839
-10.1432334753737,-3.11654926768861,-1.21723398069027
-9.9125291425122,-2.63824800577741,-1.6866516178728
-9.66088130927471,-2.17330099160057,-2.13033704513335
-9.39404581106871,-1.72619290553177,-2.54648509742893
-9.11728666757443,-1.30042344244618,-2.93423158727307
-8.83524766287947,-0.898565399755937,-3.29349399664971
-8.55188429673522,-0.522358025192946,-3.62480332267232
-8.27044605027167,-0.172819439250369,-3.92914214175343
-7.99349733435156,0.149634920825834,-4.20779898129358
-7.72296569750186,0.4450773305151,-4.46224458424998
-7.46020718902631,0.713962425542259,-4.69403205650307
-7.20608062446056,0.957034817810296,-4.90472032433543
-6.96102446441073,1.17525091589309,-5.09581872171414
-6.7251318315156,1.36971472850455,-5.26874969403915
-6.49822072075283,1.54162652687202,-5.42482633711388
-6.27989766392436,1.69224276633107,-5.56524159330669
-6.06961400433828,1.82284549432284,-5.6910662437685
-5.86671456560213,1.93471949629126,-5.80325325058051
-5.67047891235933,2.0291355719959,-5.90264643853018
-5.48015565309231,2.10733853487108,-5.98999191638
-5.29499037154187,2.17053874792563,-6.06595099815307
-5.11424783091203,2.2199062275692,-6.13111368754385
-4.937229102156,2.25656654829763,-6.18601203393632
-4.7632842448294,2.28159795985398,-6.23113286268013
-4.59182113043198,2.29602928203726,-6.26692953344912
-4.42231095306329,2.30083827093324,-6.29383249724195
-4.25429092613775,2.29695025543533,-6.31225851270626
-4.08736461978178,2.28523692651494,-6.32261845254162
-3.9212003525689,2.26651522598116,-6.32532368590019
-3.75552801355389,2.24154632863775,-6.32079106672637
-3.59013465567356,2.21103474394754,-6.30944659343716
-3.42485916878543,2.17562758264826,-6.2917278338789
-3.25958630921592,2.13591404228349,-6.26808523204987
-3.09424033213413,2.09242516534576,-6.23898243015045
-2.92877844302403,2.045633916656,-6.20489575136936
-2.76318425490075,1.99595561463655,-6.16631299561286
-2.59746140882098,1.94374873606954,-6.12373170234519
-2.43162748695547,1.88931609739735,-6.07765703214711
-2.2657083204069,1.83290639903561,-6.02859941196342
-2.09973276849794,1.77471610369387,-5.97707207887571
-1.93372802283719,1.71489160622146,-5.92358864428306
-1.76771546845168,1.65353164161608,-5.86866078534328
-1.60170711592614,1.59068986987577,-5.81279615417883
-1.43570260297726,1.52637757141468,-5.75649657841584
-1.26968675127919,1.46056638466161,-5.70025660976347
-1.10362765460822,1.39319101791204,-5.64456246111981
-0.937475267373562,1.32415187008243,-5.58989135755555
-0.771160458169359,1.25331749922524,-5.53671131279642
-0.604594490904462,1.18052688297719,-5.48548133068801
-0.437668896108855,1.10559142101764,-5.43665202064668
-0.270255696952646,1.02829663562975,-5.39066660722801
-0.102207958141821,0.948403532167054,-5.34796230652701
0.0666393689884518,0.86564958628881,-5.30897203592504
0.236468325287393,0.77974932897768,-5.27412641839719
0.407476558665192,0.690394503418933,-5.24385603781015
0.579875677835916,0.597253769715141,-5.21859389692405
0.753889336855239,0.49997193413947,-5.19877802465358
0.929751029769426,0.398168679294086,-5.1848541729628
1.10770156001746,0.291436770343679,-5.17727853590232
1.28798613204148,0.179339710766727,-5.17652041298341
1.47085099227149,0.0614088192914627,-5.18306472542767
1.65653952251057,-0.0628603014593388,-5.19741427577832
1.84528765983338,-0.194011933655615,-5.22009161764669
2.03731848231213,-0.332635076006849,-5.25164037147959
2.23283575789519,-0.479368956324153,-5.29262578234303
2.43201620309993,-0.634909227598135,-5.34363426463964
2.63500013722686,-0.80001482487052,-5.40527161381975
2.841880144915,-0.975515419972878,-5.4781594835013
3.05268727357068,-1.16231935033973,-5.56292962459609
3.26737419157873,-1.36142180883982,-5.66021525743637
3.48579461842835,-1.57391295388501,-5.77063879499622
3.70767821121253,-1.80098542024411,-5.89479495233416
3.93259995919047,-2.04394046528539,-6.03322806343563
4.15994301081156,-2.30419165411312,-6.18640218453102
4.38885375639009,-2.58326454933238,-6.3546623022715
4.61818794869744,-2.88279030583712,-6.53818470678738
4.84644671707147,-3.20449036095763,-6.73691437274779
5.07170159967762,-3.55014855031828,-6.95048708300483
5.29150830092158,-3.92156598996377,-7.17813413667136
5.50280993833717,-4.32049301248398,-7.41856796976682
5.70183228400492,-4.74853147391186,-7.66984811630652
5.88397617494977,-5.2070001246159,-7.92922896610477
6.04371611106788,-5.69675589752411,-8.19299412007144
6.17451924350723,-6.21796556301955,-8.45628721650808
6.26880541640058,-6.7698261112716,-8.71295622146749
6.31797612942476,-7.35023948066624,-8.95543734145836
6.31254692774274,-7.95545879475581,-9.17471524505904
6.24242139712251,-8.5797394460057,-9.36040633236594
6.09734202990049,-9.21504812027091,-9.50101791996809
5.86753931078746,-9.85090274463246,-9.58443325052461
5.54457156892423,-10.4744297619018,-9.59865406800533
5.12230361224922,-11.0707226369897,-9.53279420878171
4.59791728732841,-11.62355717937,-9.3782591986743
3.9727957533589,-12.1164597461554,-9.12997709895063
3.25309644549217,-12.5340391838295,-8.7874844320243
2.44984661828563,-12.8634029781171,-8.35564452608116
1.57846971050349,-13.0954150032367,-7.84480686712342
0.657768336114161,-13.2255485556843,-7.27031005538628
-0.291484501021098,-13.2541581628306,-6.65136628577714
-1.24810496811829,-13.1861212906253,-6.00949902242986
-2.19194737887825,-13.0299446148492,-5.36679220472869
-3.1050338827392,-12.7965399426616,-4.74422279784558
-3.97225647002695,-12.4979192568675,-4.16029326022127
-4.7816511357083,-12.1460327599697,-3.63008563389432
-5.52432599682592,-11.7518996629534,-3.1647609306021
-6.19416461472176,-11.3250909906792,-2.77145355365065
-6.78742526670505,-10.8735447219904,-2.45347129218752
-7.30233026552815,-10.4036415621954,-2.21070315666525
-7.73870275023832,-9.92044732717693,-2.04014885970398
-8.09767408321809,-9.42802978001484,-1.93650341344536
-8.38145982491,-8.92977503343232,-1.8927497910437
-8.5931880365136,-8.42865284699279,-1.90072783081238
-8.7367590521176,-7.92740481277585,-1.95165786096406
-8.81671807116803,-7.42865036974592,-2.03660407608882
-8.83812787201333,-6.93492069822621,-2.14686722562671
-8.80643596729933,-6.44863929708272,-2.27430008209059
-8.72733668723775,-5.97207104436132,-2.41154316827303
-8.6066329040701,-5.50726009669853,-2.5521824082879
-8.45010408456849,-5.05597270982083,-2.69083437467637
-8.2633873384861,-4.61965554199159,-2.82316814576726
-8.05187671301232,-4.19941452639245,-2.94587507307831
-7.82064385569211,-3.79601483608655,-3.05659881511123
-7.57438093703758,-3.4098992444346,-3.15383788126206
-7.31736481387646,-3.04122036323361,-3.23683188095623
-7.05344004605257,-2.6898816279721,-3.30544100678178
-6.78601759973713,-2.35558217525603,-3.36002631773737
-6.5180858101932,-2.03786157773891,-3.40133639835634
-6.25223030590903,-1.73614146536697,-3.43040414140082
-5.99065997217264,-1.44976214233513,-3.4484558458971
-5.7352365295921,-1.17801326238051,-3.45683358158612
-5.4875058264842,-0.920158377925865,-3.45693084096597
-5.24872943114545,-0.675453711983696,-3.45014084799802
-5.01991552716777,-0.443161831642441,-3.43781647189898
-4.80184845010677,-0.222561063357533,-3.42124045616367
-4.59511645905325,-0.0129515249998812,-3.40160457153726
-4.40013752198699,0.186341401630849,-3.37999629815095
-4.21718302244737,0.375965436290414,-3.35739170497675
-4.0463993805009,0.556541007832561,-3.3346532997377
-3.88782763520087,0.728661637140412,-3.3125317511261
-3.74142106845883,0.892894748872515,-3.29167052430137
-3.60706096886354,1.04978266914534,-3.27261261073706
-3.48457064373426,1.19984365055594,-3.25580866813016
-3.3737277920841,1.34357283070538,-3.24162601110644
-3.27427535237812,1.48144307730997,-3.23035800637573
-3.18593093825715,1.61390570472947,-3.22223352558263
-3.10839497341623,1.74139106628619,-3.21742619504898
-3.0413576338719,1.86430903701321,-3.21606325425146
-2.98450470203602,1.98304940506422,-3.21823389500232
-2.93752243237057,2.09798218912456,-3.22399700196913
-2.90010152295066,2.20945789551029,-3.23338825360237
-2.87194028105633,2.31780772352176,-3.2464265720171
-2.85274706401742,2.42334372194388,-3.26311993216402
-2.8422420690471,2.52635889395621,-3.28347055592149
-2.84015853783076,2.62712724248821,-3.30747952664147
-2.84624343330523,2.72590374340461,-3.33515086515493
-2.86025763748252,2.82292422988206,-3.36649511012367
-2.88197571044352,2.91840516791323,-3.40153244460991
-2.91118524183879,3.01254329997563,-3.44029540738773
-2.94768581745516,3.10551513144121,-3.48283122227962
-2.99128761469601,3.19747623219944,-3.52920377199233
-3.04180963222919,3.28856032416033,-3.57949523477498
-3.09907755062481,3.37887812377499,-3.63380739286614
-3.16292121259402,3.46851590748467,-3.69226261120558
-3.23317170352603,3.55753376717365,-3.75500447327132
-3.30965800552154,3.64596352241774,-3.82219804814225
-3.39220319120995,3.73380625683948,-3.89402974894016
-3.480620117572,3.82102944755863,-3.97070672764457
-3.57470657513375,3.90756366004483,-4.05245573491011
-3.6742398447626,3.99329878626548,-4.13952135604214
-3.77897061357093,4.07807981267181,-4.23216351592712
-3.88861620403258,4.16170211725999,-4.33065412688948
-4.00285307752,4.24390631286108,-4.4352727348554
-4.12130858655986,4.32437267832123,-4.54630100191882
-4.24355197099604,4.4027152518663,-4.6640158489907
-4.36908462409125,4.47847570332864,-4.78868107285684
-4.49732969783447,4.55111715564173,-4.92053725061509
-4.62762117498234,4.62001819243181,-5.05978975493707
-4.75919261125861,4.68446736844898,-5.20659473069045
-4.8911658469101,4.74365863277135,-5.36104293291986
-5.02254010381726,4.79668817936809,-5.52314140458001
-5.1521820222852,4.84255335154825,-5.69279308673659
-5.27881734756655,4.88015433865377,-5.86977461090179
-5.40102514332303,4.90829950355107,-6.05371272800863
-5.51723557568059,4.9257152516208,-6.24406008337942
-5.62573245890546,4.93106137437571,-6.44007134866891
-5.72466185638495,4.92295274707592,-6.6407810588669
-5.81204805568754,4.89998810016533,-6.84498485282571
-5.88581814556702,4.86078628976043,-7.05122614390273
-5.94383617568707,4.80403003941202,-7.25779050319416
-5.98394744124932,4.72851650412051,-7.46271015843785
-6.00403278351662,4.63321323098294,-7.66378092600692
-6.00207193795994,4.51731720344214,-7.85859353249363
-5.97621393597177,4.38031374044314,-8.04458059390065
-5.92485146053639,4.22203119866471,-8.21907948706542
-5.84669500374154,4.04268684524343,-8.37941000556018
-5.74084184301043,3.84291908834086,-8.52296414324732
-5.60683442375516,3.623801608979,-8.6473037632816
-5.44470286542989,3.38683590535745,-8.7502605119629
-5.25498708759568,3.13392032223658,-8.83003136820203
-5.03873547393354,2.86729566180547,-8.88526289467765
-4.7974789276067,2.58946971985261,-8.91511770964028
-4.53318138339933,2.30312524936757,-8.91931794018298
-4.2481700215032,2.01101759473954,-8.89816232100486
-3.94505025480717,1.71586928858191,-8.8525159166697
-3.62661177293137,1.42026909879162,-8.78377384406084
-3.29573237069543,1.12658234298634,-8.69380252033887
-2.95528595367913,0.836877885303757,-8.58486358405194
-2.60806011789315,0.552875342668231,-8.45952656538891
-2.25668725747207,0.275913953803464,-8.32057657701122
-1.90359151751252,0.00694259530004959,-8.1709228387581
-1.55095231918104,-0.253471204545619,-8.01351290112156
-1.20068382736652,-0.505116560890706,-7.85125619614832
-0.854428719001321,-0.748102779094203,-7.68695921907952
-0.513563978800187,-0.982815245171277,-7.52327339321433
-0.179216173285957,-1.20986750597475,-7.36265560637114
0.14771633155773,-1.43005286095215,-7.20734058838946
0.466536521827361,-1.64429810482218,-7.05932373783679
0.776719222955119,-1.85362132423067,-6.92035268177749
1.07788048955841,-2.05909494138189,-6.79192572501878
1.36974706554094,-2.26181456674238,-6.67529536696997
1.6521267189858,-2.46287369937104,-6.57147518844664
1.9248799493405,-2.66334390562917,-6.4812485970182
2.18789332150307,-2.86425980940168,-6.40517813617316
2.44105450290545,-3.06660802556438,-6.34361428821311
2.68422896148447,-3.27131904557771,-6.29670291941829
2.91723821888012,-3.47926102187705,-6.26439072188229
3.13983953889059,-3.69123438050505,-6.24642819848609
3.35170696198789,-3.90796620734616,-6.24236991920269
3.55241367001251,-4.13010339526534,-6.2515719550095
3.74141577989572,-4.35820360553687,-6.27318657912735
3.9180378210323,-4.59272319068913,-6.30615452440667
4.08146034699339,-4.83400135612404,-6.34919531095611
4.23071036586849,-5.0822400183415,-6.40079641887195
4.36465553772468,-5.33747906603224,-6.45920238333338
4.48200336866893,-5.59956706664853,-6.52240523371451
4.58130690504898,-5.86812790451704,-6.58813807576828
4.6609786616668,-6.14252440094137,-6.65387400393795
4.7193146524145,-6.42182065390276,-6.71683288918056
4.75453036275723,-6.70474562629308,-6.77399885460819
4.7648102310326,-6.98966135833246,-6.82215134238012
4.74837160653538,-7.27453999394572,-6.85791248715222
4.7035431571033,-7.55695445991009,-6.87781293252441
4.62885627543928,-7.8340879465837,-6.87837715859616
4.52314621756617,-8.10276711098111,-6.85622777601208
4.38565763217922,-8.35952296668342,-6.80820611182168
4.21614705667023,-8.60068161060767,-6.73150391134761
4.01497322649889,-8.82248425663997,-6.62379839603967
3.78316510160566,-9.02123267345345,-6.48338067092731
3.52245777522623,-9.19345244160382,-6.30926606668449
3.23528818578846,-9.33606302450664,-6.10127490748361
2.92474584117191,-9.44654115985993,-5.8600737371275
2.5944782950371,-9.52306314408144,-5.58717024737813
2.24855626352427,-9.56461260098372,-5.28485970813562
1.8913081832037,-9.57104332934309,-4.95612593241067
1.52713779321216,-9.54309142218179,-4.60450484024833
1.16034026664678,-9.48233629597745,-4.23392263009128
0.794932180609881,-9.39111562987296,-3.84852275648592
0.434508316728491,-9.27240360846227,-3.45249606326745
0.0821344459748291,-9.12966465609881,-3.04992667521172
-0.259719356091963,-8.96669579082376,-2.644663108632
-0.589204879793629,-8.7874699392317,-2.24022021769914
-0.905085295611454,-8.59599045670033,-1.83971375219724
-1.20669457243997,-8.39616425039108,-1.44582602414014
-1.49387478597277,-8.19169786178748,-1.06079879907652
-1.76689955663281,-7.98601807701995,-0.686448142594285
-2.02639119536933,-7.78221638021186,-0.324195475944107
-2.27323788211549,-7.58301496777311,0.0248906746522057
-2.50851566648987,-7.39075108971323,0.360047055321106
-2.73341851609818,-7.2073760835086,0.680766077837134
-2.94919821973575,-7.034465483713,0.986747133723697
-3.15711478005262,-6.87323688872266,1.2778508204558
-3.35839703958865,-6.72457272425121,1.55405729886545
-3.55421266817893,-6.58904556737306,1.81542939724678
-3.74564626484191,-6.46694422013296,2.06208064046527
-3.93368414764579,-6.35829920748566,2.29414809232708
-4.11920437310595,-6.26290680015485,2.51176972976144
-4.30297059917496,-6.18035102219721,2.71506599005799
-4.48562854710609,-6.11002339775436,2.90412512199202
-4.66770400004085,-6.05114042862589,3.07899200669153
-4.84960148063175,-6.00275898278684,3.23966017729669
-5.03160296357434,-5.96378992264353,3.38606684423899
-5.213866193898,-5.93301041819731,3.51809081449167
-5.3964223940216,-5.90907547979891,3.63555326940207
-5.57917334955915,-5.89052931073366,3.73822142869943
-5.76188806373021,-5.87581712169235,3.82581517039494
-5.94419936020322,-5.86329806482076,3.89801669013136
-6.1256009895794,-5.85125992973024,3.95448326193739
-6.30544594813265,-5.83793619108311,3.99486309891143
-6.48294683843053,-5.82152589987682,4.01881420241558
-6.65717917677313,-5.80021676171814,4.02602593022882
-6.82708856669691,-5.77221154103625,4.01624281069248
-6.99150259547987,-5.73575767072274,3.98928989026402
-7.14914815823962,-5.68917963921795,3.94509864261512
-7.29867466384827,-5.63091338720304,3.88373221296048
-7.438683229462,-5.55954159883291,3.80540855335394
-7.56776153909999,-5.47382845170876,3.71051985962315
-7.68452355373135,-5.37275213569222,3.59964668521216
-7.7876527572472,-5.25553330499789,3.47356521271662
-7.87594715740574,-5.12165762774006,3.33324642930339
-7.94836389181305,-4.97089076704207,3.17984637791071
-8.00406107191924,-4.80328447374102,3.01468721971523
-8.04243447611562,-4.61917297491948,2.83922949893996
-8.06314689814583,-4.4191594630416,2.65503668316134
-8.06614836346005,-4.20409316523499,2.46373368411926
-8.05168600900674,-3.97503812738525,2.2669615693254
-8.02030312124007,-3.73323540910113,2.06633099028562
-7.97282756647403,-3.48006079106403,1.86337693971674
-7.91035054653008,-3.21698030556929,1.65951729930187
-7.83419719868647,-2.94550590174218,1.45601727453394
-7.74589097894881,-2.66715336465829,1.25396128409713
-7.64711399361625,-2.38340426145977,1.05423324549195
-7.53966547460941,-2.09567324143766,0.857505549475533
-7.42542045087814,-1.8052815297177,0.664236411118993
-7.30629038978477,-1.51343697999212,0.474674778333141
-7.18418721543195,-1.22122063374044,0.288871603664896
-7.06099170283169,-0.929579399701207,0.106696055636748
-6.93852683937885,-0.639324230735862,-0.072144842710182
-6.81853637064407,-0.351133035083695,-0.248084626472572
-6.70266842741423,-0.0655575049639158,-0.421675201424342
-6.59246387597874,0.216966938647097,-0.593565209581196
-6.48934884576854,0.496108818795235,-0.764479868452271
-6.39463076286173,0.771626525305282,-0.935202960044172
-6.30949714560274,1.04335299999108,-1.10656140806971
-6.23501638854746,1.31117957014113,-1.27941266404129
-6.17213976159917,1.57503919123678,-1.45463493192473
-6.12170387171496,1.83488924227174,-1.63312009862889
-6.08443286557877,2.09069390989737,-1.81576910163253
-6.06093968566776,2.34240610258457,-2.0034893504362
-6.05172572377614,2.58994875406047,-2.19719371835505
-6.05717824209508,2.83319530755321,-2.39780052757051
-6.07756495149928,3.07194912083277,-2.60623385529825
-6.11302515145705,3.30592150024349,-2.82342338491139
-6.16355685065043,3.53470806580055,-3.05030290668048
-6.22899931030146,3.75776317801044,-3.28780643445872
-6.30901049624076,3.97437223332157,-3.53686074660634
-6.40303900950061,4.18362177658971,-3.79837298636157
-6.51029021417611,4.38436760827646,-4.07321178098958
-6.6296865289984,4.57520140875505,-4.36218018347034
-6.75982223745386,4.75441689290192,-4.66597864312262
-6.89891374959587,4.91997717565185,-4.98515622954667
-7.04474706940286,5.06948589659777,-5.32004854798863
-7.19462533151643,5.20016572299965,-5.67070129919621
-7.34532069582565,5.30884909241842,-6.03677938047594
-7.49303660639808,5.39198737343612,-6.41746293366993
-7.63338832960494,5.4456858293609,-6.81133393837177
-7.76141155736711,5.46577256074004,-7.2162598762894
-7.87161030222517,5.44790954173359,-7.6292845681547
-7.95805574257218,5.38775240745993,-8.04654019309631
-8.01454636449737,5.28116222311467,-8.46319811296937
-8.03483591881683,5.12446664203937,-8.87347845637648
-8.0129287905838,4.9147596063248,-9.27073819483801
-7.94343232280526,4.65021871907476,-9.64765334093762
-7.82194331589556,4.33040919865229,-9.99650197819592
-7.64543336312,3.95653539190775,-10.3095411281141
-7.41258794992039,3.53159813685776,-10.5794535024712
-7.12405082469454,3.06042138965805,-10.7998231733598
-6.78253080163921,2.54952549047769,-10.9655864858101
-6.39274362466221,2.00684578004577,-11.073400453017
-5.96118466910655,1.44131988053452,-11.1218780483626
-5.49575423416704,0.862388997411603,-11.111657860565
-5.0052797755025,0.279472414616351,-11.0453008006482
-4.49899316997062,-0.298523537956708,-10.9270329518576
-3.9860231463392,-0.863610420525255,-10.7623749890196
-3.47495396394773,-1.40900307190658,-10.5577104508476
-2.97348477939707,-1.92927353367871,-10.319846181162
-2.48820477178084,-2.42038131591185,-10.0556101238377
-2.02448150058456,-2.87960207742245,-9.7715179312093
-1.58644709922381,-3.30538415717086,-9.4735245301564
-1.1770598072731,-3.69716337870552,-9.16686312122932
-0.798216493359702,-4.05516289860435,-8.85596394754661
-0.450893801159715,-4.38019869550518,-8.54443910016018
-0.135299714595532,-4.67350445147704,-8.23511719125779
0.148977738495672,-4.93658334489025,-7.93011199481731
0.402833235108961,-5.17108932792756,-7.6309110940936
0.627523040990157,-5.37873699024771,-7.33847329905905
0.824561781754392,-5.56123698990932,-7.05332646364512
0.995636866242595,-5.72025298957473,-6.77565995089273
1.14253913124898,-5.85737576045539,-6.5054081741283
1.26710767972692,-5.97411032944221,-6.2423233332466
1.37118670225535,-6.07187252692044,-5.98603669839613
1.45659215046038,-6.15199188833167,-5.73610863937699
1.52508635494879,-6.21571847162287,-5.49206813968012
1.57835896757667,-6.26423171792522,-5.25344284654882
1.61801290551531,-6.29864997639308,-5.01978085809003
1.64555425106384,-6.32003972722333,-4.79066548681679
1.66238530017298,-6.32942387143812,-4.56572420460825
1.66980014803663,-6.32778871944839,-4.34463289464424
1.66898235213385,-6.31608951218808,-4.12711643072201
1.6610043257681,-6.29525445837371,-3.91294648663992
1.64682819438482,-6.26618737813349,-3.7019373568363
1.62730789939789,-6.22976911475001,-3.49394045002761
1.60319236649511,-6.18685791938943,-3.28883800402276
1.57512957343832,-6.13828903430954,-3.08653646467457
1.54367136139766,-6.08487370319976,-2.88695987660223
1.50927883805474,-6.02739782736496,-2.69004354874119
1.47232822326272,-5.96662046718222,-2.49572818429124
1.43311699118823,-5.90327236284735,-2.30395460216981
1.39187016795032,-5.83805461959117,-2.11465912523527
1.34874665146534,-5.77163767250077,-1.92776966866416
1.30384543058597,-5.70466061658291,-1.74320252909327
1.25721159336084,-5.63773096007269,-1.56085985049529
1.20884202874431,-5.57142483414152,-1.38062772520231
1.15869074162238,-5.50628767065947,-1.20237487697526
1.10667371682477,-5.44283534178136,-1.02595186652743
1.05267328314133,-5.38155574086728,-0.851190757509984
0.996541942627803,-5.32291077343467,-0.677905181818783
0.938105643172876,-5.26733871914333,-0.505890746463698
0.87716648304633,-5.21525692080876,-0.334925729553626
0.813504844736413,-5.16706475363128,-0.164772019716712
0.746880961717307,-5.1231468266928,0.0048237388611154
0.677035925877658,-5.08387636877109,0.174128824877649
0.603692145289813,-5.04961875111277,0.34342296149566
0.526553261977924,-5.02073510045665,0.512996690596836
0.445303537577976,-4.99758595577588,0.683149598359646
0.359606711546316,-4.98053492137069,0.854188379010139
0.269104332181165,-4.96995226653287,1.02642471060544
0.173413555540095,-4.96621841741393,1.20017290215936
0.0721244017991874,-4.96972727928523,1.37574725481692
-0.0352035467619114,-4.98088931630084,1.55345906050765
-0.149045026475792,-5.00013430023641,1.73361313878783
-0.269913574808061,-5.02791361836279,1.91650378548594
-0.398366637650373,-5.06470200225858,2.10240997418162
-0.535011319704784,-5.11099850230576,2.2915896121733
-0.680510784947523,-5.16732648482034,2.48427260493727
-0.835591293198014,-5.23423236780637,2.68065242551317
-1.0010498242407,-5.31228273430524,2.88087581605907
-1.17776218741298,-5.40205936593315,3.08503016639079
-1.36669143500404,-5.50415161982479,3.29312801743038
-1.56889628296015,-5.61914542612822,3.50508802580984
-1.7855390804034,-5.74760800717402,3.720711600797
-2.01789264550971,-5.8900672116091,3.93965429062945
-2.26734498142684,-6.04698411827619,4.16139086164929
-2.53540048154819,-6.21871730217622,4.38517289762635
-2.82367570682114,-6.40547688490219,4.60997767774202
-3.13388714930607,-6.60726624673613,4.83444711710374
-3.4678275751131,-6.82380911404177,5.0568157458247
-3.82732657556819,-7.05445974713787,5.27482716804108
-4.21418989640191,-7.2980942855242,5.48563932983155
-4.63011107670665,-7.55298217206703,5.68572043202073
-5.07654813533576,-7.81663826940221,5.87073969112329
-5.55455787206742,-8.08565917498697,6.03546063793632
-6.06458139134527,-8.35555175948616,6.17364946024578
-6.60617753073851,-8.62056847687195,6.2780170813666
-7.17770700417298,-8.87357267052079,6.34022087164562
-7.77598028728305,-9.1059675172739,6.35095908230427
-8.39589721451889,-9.30773298545415,6.30019621409639
-9.0301254354017,-9.46762329260815,6.17755728595586
-9.66888568739469,-9.57357809753219,5.97291899548892
-10.2999286316197,-9.61338793116314,5.67720167478136
-10.9087918962789,-9.57562236694315,5.28332550616376
-11.4794065516311,-9.45077599171662,4.78724075999682
-11.9950717939433,-9.23251810456717,4.18888615163766
-12.4397365344247,-8.91886388561075,3.49289145132614
-12.7994328690734,-8.51304337322556,2.70884302493627
-13.0636293764351,-8.02385612558826,1.85098911175998
-13.2262467104922,-7.46537626359378,0.937370646754386
-13.2861260971916,-6.8560014569581,-0.0115060077685665
-13.2468570087251,-6.21698170280964,-0.974230782913235
-13.1160173215715,-5.57067110084711,-1.93001805713216
-12.9040069884722,-4.93878341375448,-2.8599657866155
-12.6227237696604,-4.34089488098101,-3.74790178392486
-12.2843234672317,-3.79334924212158,-4.58078557309035
-11.9002428156452,-3.30861734603638,-5.34872850526671
-11.480572231438,-2.89507911861622,-6.04474834427281
-11.0337791829656,-2.55714511452738,-6.66438478673875
-10.5667209306083,-2.29561819520865,-7.20528114768511
-10.0848541196095,-2.10820303149403,-7.66680137900287
-9.59254443434211,-1.99008976694401,-8.04971490781926
-9.09339374601615,-1.93455858244582,-8.35595308479454
-8.59052586075298,-1.93356873048392,-8.58842345819146
-8.08679775295946,-1.97830735250363,-8.75086099090595
-7.58492607804347,-2.05968090921784,-8.84769610848267
-7.08753605245544,-2.16873707790316,-8.88392491594463
-6.5971505085392,-2.29700908595776,-8.86497412202596
-6.11614142758778,-2.43677858527651,-8.79655993883947
-5.64666573463363,-2.58125753900318,-8.68454513167299
-5.19060324205194,-2.72469389095722,-8.53480096367443
-4.74950904644571,-2.86240950887393,-8.35308116436399
-4.32458686027919,-2.9907815817588,-8.14491381428576
-3.91668472107208,-3.10718006869383,-7.91551490196568
-3.52631082197485,-3.20987395268831,-7.66972494364429
-3.1536649903496,-3.29791816202882,-7.41196795487279
-2.79868045206503,-3.37103140735967,-7.14623050319253
-2.46107064267523,-3.42947318953832,-6.87605763590399
-2.14037659921052,-3.47392615885059,-6.60456211159409
-1.83601155699103,-3.50538806786616,-6.33444343899789
-1.54730052820167,-3.52507588925057,-6.06801359017167
-1.27351368281483,-3.53434332318543,-5.80722676816141
-1.01389319617715,-3.53461189943002,-5.55371116455456
-0.76767384047406,-3.52731515565028,-5.30880116711588
-0.534097989687366,-3.51385489914962,-5.07356893155854
-0.312425913190719,-3.49556828194469,-4.84885459829382
-0.101942295018021,-3.47370429069971,-4.63529471509688
0.0980401223479448,-3.44940823158268,-4.43334862985115
0.288178970635665,-3.42371284176686,-4.24332275790308
0.469102096487549,-3.39753475780611,-4.06539272074871
0.641408280571495,-3.3716751967886,-3.89962341007217
0.805668437220116,-3.34682384470422,-3.74598706451315
0.962427012505992,-3.32356508771873,-3.60437946433491
1.11220339431428,-3.30238585909258,-3.47463435740375
1.25549322268807,-3.2836845027606,-3.35653623260431
1.39276954386468,-3.26778017132387,-3.24983155652106
1.5244837895773,-3.25492237992797,-3.15423858734828
1.65106658746387,-3.24530042770175,-3.06945587726894
1.77292842193757,-3.23905247528636,-2.99516957125449
1.89046017050135,-3.23627413115341,-2.93105960644044
2.00403354068623,-3.23702645187067,-2.87680491188871
2.1140014295388,-3.24134330338576,-2.83208770360622
2.22069822239001,-3.24923806301557,-2.79659696412141
2.32444004159882,-3.26070966641154,-2.77003118974289
2.42552494982389,-3.27574802153314,-2.75210048188846
2.52423310659345,-3.29433882373077,-2.74252805166345
2.62082687176796,-3.31646781342916,-2.74105119928462
2.71555084501644,-3.34212452149916,-2.7474218220956
2.80863182665084,-3.37130554796585,-2.76140649690437
2.9002786820143,-3.40401741784662,-2.78278617428128
2.99068208900093,-3.44027905414494,-2.811355514363
3.08001414608996,-3.48012390272968,-2.84692188567083
3.16842781640932,-3.52360173728755,-2.88930404051524
3.2560561817302,-3.57078016493989,-2.9383304727552
3.34301147889257,-3.62174584457899,-2.99383745604049
3.42938388997544,-3.67660542055247,-3.05566675322088
3.51524005660538,-3.73548616400811,-3.12366298040551
3.60062128825634,-3.79853630296751,-3.19767060227591
3.6855414344175,-3.86592500997129,-3.27753052881344
3.76998439136358,-3.93784200287516,-3.36307627777855
3.85390121632523,-4.01449670004355,-3.45412966233976
3.93720682561534,-4.09611685580927,-3.55049595956951
4.01977625934786,-4.18294658575884,-3.6519585136226
4.10144050457207,-4.27524367442087,-3.75827272798396
4.18198188189056,-4.3732760407406,-3.86915940512762
4.26112901906094,-4.47731722005801,-3.98429740042785
4.3385514599933,-4.58764070628521,-4.10331557165076
4.41385399036859,-4.70451298619665,-4.22578402757445
4.48657080328776,-4.82818509139767,-4.35120471127225
4.55615968130728,-4.9588824955347,-4.47900139762286
4.62199643601189,-5.09679319838465,-4.60850924307288
4.68336992339871,-5.24205386921325,-4.73896410086375
4.73947804222612,-5.39473397466016,-4.86949190868008
4.78942522092114,-5.55481789747813,-4.99909856883567
4.83222200212434,-5.72218516803804,-5.12666087284008
4.86678743485265,-5.89658908642036,-5.25091916899552
4.89195507105788,-6.07763421329602,-5.37047262633169
4.90648342002999,-6.26475345353059,-5.48377809853115
4.90907171995063,-6.45718574301616,-5.58915371938581
4.89838181620379,-6.65395566431189,-5.6847884420287
4.87306676385051,-6.8538566375975,-5.76875873673564
4.83180647127863,-7.05543962527535,-5.83905355110691
4.77335025436461,-7.25700950347314,-5.89360837604093
4.69656557019395,-7.45663133283849,-5.93034882109511
4.60049146308824,-7.6521486398208,-5.94724346821624
4.48439442965361,-7.84121543747606,-5.94236495292127
4.34782357456409,-8.02134302878208,-5.91395726102429
4.19066119903475,-8.18996163673407,-5.86050621223544
4.01316447734219,-8.34449563531144,-5.78080915510507
3.81599377503747,-8.48244971537952,-5.67403917595452
3.6002235623532,-8.60150187127795,-5.5397987893545
3.36733283638311,-8.69959784314529,-5.37815826514604
3.11917345764255,-8.77504081547914,-5.1896745304102
2.85791670052545,-8.82656994168976,-4.97538794489456
2.58598038847854,-8.85342174844993,-4.73679605927774
2.30594094723861,-8.85536967157777,-4.47580550529553
2.02043626848346,-8.83273876175701,-4.19466515339144
1.73206618953273,-8.78639474074908,-3.8958853206252
1.44329752509256,-8.71770879019394,-3.58214888722852
1.15637993099487,-8.62850141478683,-3.25622055477137
0.873277564750725,-8.52097019383195,-2.92086014713199
0.595619758876042,-8.3976070724056,-2.57874492849224
0.324672011974934,-8.26111101340076,-2.23240458423857
0.06132679174287,-8.114301407552,-1.88417100974781
-0.193887858957856,-7.960036767791,-1.53614359475657
-0.440784989902442,-7.80114209943769,-1.19016944499877
-0.679484353570218,-7.64034711824453,-0.84783704892783
-0.910370771631156,-7.4802363326624,-0.510481309088103
-1.13404885327757,-7.32321101766588,-0.179197593486103
-1.3512971835863,-7.1714623397841,0.145137535544669
-1.56302447307773,-7.0269543598485,0.461841063233628
-1.77022947851056,-6.89141532432324,0.770395571675536
-1.97396584362541,-6.76633552274208,1.07042006897965
-2.17531241660219,-6.65296999504317,1.36164070327362
-2.37534910547096,-6.55234447612804,1.64386212925104
-2.57513794239946,-6.46526312869478,1.91694000688777
-2.77570873839984,-6.392316809908,2.18075488146123
-2.97804850925085,-6.33389082165356,2.43518752218943
-3.1830937252687,-6.29017129464327,2.68009568076355
-3.39172436548029,-6.26114954687513,2.9152921663887
-3.6047587261672,-6.24662393583923,3.14052411651329
-3.82294793356014,-6.24619889471058,3.35545336929833
-4.04696913407334,-6.25928101232938,3.55963791377088
-4.2774163814014,-6.28507219433937,3.75251450675985
-4.51478831207744,-6.32256013946288,3.93338270330001
-4.75947180937281,-6.37050659230077,4.10139075024671
-5.01172101487638,-6.42743410341397,4.25552404063541
-5.27163127777138,-6.4916123473665,4.39459711407906
-5.5391079571876,-6.56104542312276,4.51725050446012
-5.81383043713384,-6.63346198275365,4.62195405801646
-6.09521229648695,-6.70631048387872,4.70701863590094
-6.38235930740201,-6.77676229928563,4.7706183208768
-6.67402780285047,-6.84172577982575,4.81082529405829
-6.96858691425867,-6.89787456257368,4.82565934331755
-7.26398914596205,-6.94169332823553,4.81315341000458
-7.55775458429575,-6.96954370699759,4.77143558282001
-7.84697454233117,-6.97775198311118,4.69882644979141
-8.12834038431826,-6.96271856820876,4.59394873448609
-8.39820242046723,-6.92104689967928,4.45584379258031
-8.65266192993236,-6.84968660469583,4.28408708928466
-8.88769650309004,-6.74608275226413,4.07889261821594
-9.09931514221375,-6.60832026412653,3.8411948625473
-9.28373532296274,-6.43525065732957,3.57269685626249
-9.43757013963955,-6.22658783792366,3.27587456963798
-9.55801052642848,-5.98296109208235,2.95393133616034
-9.64298613449462,-5.70591684241549,2.61070108567116
-9.69128928499492,-5.39786583709865,2.25050506597503
-9.70264962062612,-5.06197847300448,1.87797252985559
-9.67775224061303,-4.70203688748969,1.49784045743346
-9.61819837077489,-4.32225721143547,1.11474988721859
-9.52641388606945,-3.92709812010474,0.73305638664276
-9.40551619297193,-3.52107216007348,0.356669696276495
-9.2591533120167,-3.1085744065541,-0.0110667745264443
-9.09133014856081,-2.69373939623274,-0.367451228538271
-8.90623604237572,-2.28033281543536,-0.710453445628254
-8.7080852407995,-1.87167994897983,-1.0387037823374
-8.50097861861878,-1.47062908602186,-1.35144866157384
-8.28879143752172,-1.07954533461575,-1.64848161707706
-8.07508872792416,-0.70032873052264,-1.93005920127959
-7.86306731561534,-0.334450026179204,-2.19681025817378
-7.65552173631577,0.0170021339267034,-2.44964558992176
-7.45483025866667,0.353268097186929,-2.68967327331516
-7.26295684899054,0.673862487249043,-2.91812310194379
-7.08146499576076,0.978521081343908,-3.13628203942513
-6.91153970336836,1.26715142225066,-3.34544127498702
-6.75401452227706,1.53978843047083,-3.54685450927283
-6.6094010988038,1.7965556072531,-3.741706449879
-6.47791932992104,2.03763193818408,-3.93109011877483
-6.35952675365413,2.26322429416621,-4.11599141155524
-6.25394627338685,2.47354494816326,-4.29727934523063
-6.16069169965646,2.66879374818974,-4.47570053704018
-6.07909090017465,2.84914447938796,-4.65187663095905
-6.00830658701634,3.01473498565711,-4.82630360038154
-5.94735494995074,3.1656606845056,-4.99935208308166
-5.89512247708685,3.30197118257422,-5.17126813349075
-5.85038139707494,3.42366977225407,-5.3421739985683
-5.81180423752574,3.53071565328258,-5.5120687317165
-5.77797802615266,3.62302877026513,-5.68082865098175
-5.74741866618203,3.70049718216844,-5.84820782058001
-5.71858599562219,3.76298687846961,-6.01383888562018
-5.68989998942519,3.81035392549461,-6.1772347147752
-5.65975848212404,3.84245876374653,-6.33779139916392
-5.62655667415558,3.85918238304954,-6.49479321111563
-5.58870853711724,3.8604439803253,-6.64742013620933
-5.54467005353762,3.84621956157124,-6.79475854854275
-5.49296402093776,3.81656079602283,-6.93581549662783
-5.43220592815204,3.77161328164222,-7.06953690288047
-5.36113018912001,3.71163325568064,-7.19482975564788
-5.27861581522264,3.63700170300398,-7.31058809799075
-5.18371044441783,3.5482347989293,-7.41572230849431
-5.07565154735442,3.44598969010464,-7.5091908502313
-4.95388361817891,3.3310647774755,-7.59003336475128
-4.81807024548858,3.20439392078909,-7.65740374193406
-4.6681001516447,3.06703432345995,-7.7106016360604
-4.50408657897742,2.92014825631455,-7.74910084999815
-4.32635976879435,2.76497920394828,-7.77257308885275
-4.13545269148278,2.60282342599502,-7.78090579345697
-3.93208060343499,2.43499827358608,-7.77421308858958
-3.71711538665123,2.2628088494142,-7.75283929199824
-3.49155593105395,2.087514719675,-7.71735488822731
-3.2564960186054,1.91029836458264,-7.66854533045336
-3.01309124663857,1.7322368952432,-7.60739344952335
-2.76252648499344,1.55427828877968,-7.53505658479855
-2.50598521147207,1.37722303375862,-7.45283978060465
-2.24462183769887,1.20171167442866,-7.36216650357344
-1.97953785399476,1.02821833648416,-7.26454833247034
-1.71176231997357,0.857049946064088,-7.16155496760678
-1.44223693674547,0.688350546021891,-7.05478572421313
-1.17180568003426,0.522109886918643,-6.94584343980593
-0.901208766410609,0.358175331382705,-6.83631146633936
-0.631080574375832,0.196266056324145,-6.72773415749994
-0.361951048369415,0.0359885574104548,-6.62160101861415
-0.0942500718360075,-0.123147461048153,-6.51933447415487
0.171685703055345,-0.281713607270659,-6.42228103284061
0.435604046326982,-0.44034838547504,-6.33170549486156
0.69732677989511,-0.59974433755268,-6.24878774793782
0.95673818961726,-0.76063708504767,-6.17462163407968
1.21377248011559,-0.923796469360424,-6.11021533082179
1.46840044628137,-1.0900198581203,-6.05649267240905
1.72061544892243,-1.26012757129223,-6.0142948310137
1.97041869779479,-1.43496028048662,-5.9843817791764
2.21780376448651,-1.6153781456631,-5.96743295674683
2.46274017108226,-1.80226136985926,-5.96404656416848
2.70515582909094,-1.9965117684679,-5.97473689574961
2.94491803825913,-2.19905485790717,-5.99992910975798
3.18181269937137,-2.41084186187873,-6.03995080666903
3.41552135370805,-2.63285090445867,-6.09501975479496
3.64559564214125,-2.8660865013463,-6.16522706888959
3.87142879052723,-3.11157626861715,-6.25051512125497
4.09222379197046,-3.37036354021151,-6.35064946098976
4.30695809415887,-3.6434943242866,-6.46518405736883
4.51434484260972,-3.93199674612662,-6.59341929970215
4.71279111810922,-4.23685084634749,-6.73435242225733
4.90035418640265,-4.55894637177121,-6.88662043679183
5.07469760206805,-4.8990260835118,-7.04843631899219
5.2330501243429,-5.25761221823524,-7.21752019159278
5.37217183897637,-5.63491422102808,-7.39102866003571
5.48833362062156,-6.03071691016785,-7.56548735060593
5.57731801613599,-6.44425005298829,-7.73673408529995
5.6344515506822,-6.87404314034422,-7.89988290239841
5.65467994279155,-7.3177730837353,-8.04932201652789
5.63269812855873,-7.77211757884185,-8.17876126907574
5.56314549797225,-8.2326326036701,-8.28134579935504
5.44087239854792,-8.69367807700638,-8.34985142624234
5.26127597994503,-9.14841962551603,-8.37697229499067
5.02069163045262,-9.58893469646821,-8.35570167541592
4.71681147910308,-10.0064457391937,-8.27979216899217
4.34908611615776,-10.3916902574867,-8.14426324756285
3.91905377695336,-10.7354171806758,-7.94590520584035
3.43053753350386,-11.0289737056845,-7.68371425526121
2.88965962783902,-11.2649218219778,-7.35918928164704
2.30464432171075,-11.4376063099588,-6.97643103644177
1.68541359729829,-11.5435928763367,-6.54200990633991
1.04301644331068,-11.5819097663125,-6.064604627429
0.388962673457334,-11.554056799681,-5.55445279629005
-0.26545224977949,-11.4637850408281,-5.02268467270284
-0.909748101529083,-11.3166879686267,-4.4806266869119
-1.5347231769403,-11.1196716151124,-3.93915750526452
-2.13274661355792,-10.8803813771136,-3.40818046003136
-2.69787765422362,-10.6066571893195,-2.89624856660437
-3.22583494282976,-10.3060710112099,-2.41035013715335
-3.71385405777436,-9.9855776432287,-1.95584030832463
-4.16047615006351,-9.65128778044725,-1.53648968619783
-4.56530700982463,-9.30835492922431,-1.15461584160459
-4.92877748808076,-8.96095694439186,-0.811264666705303
-5.25192613301088,-8.61234816848452,-0.506413994348009
-5.53621546676658,-8.26495806731192,-0.239178945328281
-5.78338579149149,-7.92051513824147,-0.00800543752777599
-5.99534516614315,-7.58017918399685,0.189155840882061
-6.17409107319523,-7.24466966924898,0.354698304846456
-6.32165785891661,-6.91438211691475,0.491231565671028
-6.44008378059106,-6.5894880171131,0.6014753843873
-6.53139197906284,-6.27001641860036,0.68817328158431
-6.59758056573227,-5.95591729699435,0.754023344778519
-6.64061802483053,-5.64710806060966,0.801623862778653
-6.66244112874044,-5.34350529784222,0.833431669743884
-6.66495345749433,-5.04504421859861,0.851731382179301
-6.65002336079929,-4.75168830789081,0.858613991929368
-6.61948078932632,-4.46343158370089,0.855963505607477
-6.57511285705594,-4.18029560549436,0.845450488403831
-6.51865829401786,-3.9023230694015,0.828531484834664
-6.45180112980594,-3.62956949205173,0.806453364698004
-6.37616403566312,-3.36209415663791,0.780261695004364
-6.29330176927375,-3.09995119174462,0.750812282114198
-6.20469513249202,-2.84318138776832,0.718785073548739
-6.11174578625952,-2.59180513320007,0.684699662777988
-6.01577218398614,-2.34581667474459,0.64893170574742
-5.91800679647711,-2.10517976896218,0.61172963484753
-5.81959471671433,-1.86982469441661,0.57323114205646
-5.72159365721741,-1.63964652659503,0.533478994353684
-5.62497528966936,-1.41450453716082,0.49243583695526
-5.53062782740344,-1.19422255864024,0.449997729340025
-5.43935971616812,-0.978590150241836,0.406006241892234
-5.35190427626488,-0.767364405763749,0.3602590145982
-5.26892512800897,-0.560272256908905,0.31251874186175
-5.19102223049517,-0.357013142074777,0.262520598313977
-5.11873836876218,-0.157261929819322,0.209978159449437
-5.05256593461003,0.0393279936460295,0.154587898620234
-4.9929538596652,0.233121543297933,0.0960323594177782
-4.9403145741584,0.424498710899965,0.0339821111185828
-4.89503087985716,0.613851328381988,-0.0319034038361475
-4.85746263948233,0.801579831128667,-0.101976025882861
-4.82795319672378,0.988090014707244,-0.176599942308855
-4.80683544979964,1.17378975991219,-0.25615357534452
-4.79443750661605,1.35908568182494,-0.341032223970893
-4.79108785026874,1.54437963829164,-0.431651402869755
-4.79711993915901,1.73006501110464,-0.528450835044966
-4.81287615557881,1.9165226484066,-0.631899065855121
-4.83871099932296,2.10411632846201,-0.742498674266139
-4.87499339759212,2.29318757187153,-0.860792060605048
-4.92210796778755,2.48404959032654,-0.987367787184638
-4.98045502410478,2.67698011380526,-1.12286743658425
-5.05044906011745,2.87221278335125,-1.26799292912521
-5.13251536549607,3.06992673198971,-1.4235142022406
-5.22708434306585,3.27023390095911,-1.59027709486169
-5.33458297993222,3.47316355194513,-1.76921119295527
-5.45542279102061,3.67864333929556,-1.96133726944012
-5.58998339361801,3.88647620225736,-2.16777378228443
-5.73859068786368,4.09631223253245,-2.3897416658374
-5.90148841480229,4.3076145787083,-2.62856634763155
-6.07880165113756,4.51961838637486,-2.88567553022536
-6.27049059913025,4.73128177297433,-3.16259078043023
-6.47629287821487,4.94122794857338,-3.4609103568974
-6.69565248286881,5.14767788961588,-3.78227998420328
-6.92763373401834,5.34837355326496,-4.12834747383849
-7.17081905911747,5.54049262004211,-4.50069626816607
-7.4231904850868,5.72055734057044,-4.90075227779692
-7.68199657459598,5.88434242844963,-5.3296580310461
-7.94360948358567,6.02679026357596,-5.78810852743406
-8.20338117325129,6.14194604423555,-6.27614482176022
-8.45551378181825,6.22293084313381,-6.79290495975806
-8.69296667860617,6.26197628451317,-7.3363382271418
-8.90743115367628,6.25054964764878,-7.90289842981012
-9.08941149929496,6.17960065950976,-8.48724524840278
-9.22845565183829,6.03995821952335,-9.08199863554801
-9.31357556999712,5.82289342180135,-9.67760693259615
-9.33388248078719,5.52084163687605,-10.2623996982036
-9.27943138841112,5.1282405929658,-10.8228939170044
-9.14222286027225,4.64239755697583,-11.3443997760046
-8.91725475660168,4.06425737157286,-11.8119254051148
-8.60346691314686,3.39892017377791,-12.2113127046146
-8.20439789620113,2.65576948770377,-12.530463549004
-7.72839278967712,1.84812653002201,-12.7604615027656
-7.18827017975318,0.992437635673384,-12.8963837778156
-6.60046131958826,0.107103885445375,-12.9376447643145
-5.98374393844726,-0.788858688291803,-12.8878078441466
-5.35777168791504,-1.67711130756213,-12.753917257805
-4.7416239327719,-2.54105006741034,-12.5454989147603
-4.15256775217318,-3.36651565457087,-12.2734292255496
-3.60515331339433,-4.14213018872098,-11.9488656328787
-3.11068301063511,-4.85931061600297,-11.5823834252319
-2.67702779263711,-5.51205163118796,-11.1833938667323
-2.30872322051023,-6.09658150223138,-10.7598516553647
-2.00726337040314,-6.61097972304795,-10.3182102293177
-1.77151560260697,-7.05481835695531,-9.86355664526856
-1.59819418903776,-7.42886004947744,-9.39985135917846
-1.48234812698111,-7.73482184732706,-8.93020626129461
-1.41783352117819,-7.97519800789823,-8.45715018282823
-1.39775191839055,-8.15312688326171,-7.98284939025154
-1.41484310290846,-8.27228512250178,-7.5092676207565
-1.46182520776018,-8.33679473567634,-7.03826390062704
-1.53167781689917,-8.35113297549254,-6.57163588384739
-1.61786599188307,-8.32003989496439,-6.11112177910215
-1.71450537233946,-8.24842271889391,-5.65837568538072
-1.81647078882684,-8.14125921829118,-5.21493022143875
-1.91945304117198,-8.00350392521009,-4.78215770368044
-2.01997038312464,-7.84000141161438,-4.36123772745255
-2.11534258989691,-7.65541030472908,-3.95313558585721
-2.20363614517259,-7.4541406101814,-3.55859302743374
-2.28358906636561,-7.24030561940885,-3.17813067593424
-2.35452329035684,-7.01768845915405,-2.81206007251064
-2.41625152661289,-6.78972236287717,-2.46050266794057
-2.46898422884466,-6.55948307441635,-2.12341302448532
-2.51324100364386,-6.32969142843893,-1.80060379333166
-2.54976949361622,-6.10272404125476,-1.49177053880583
-2.57947363052829,-5.88063012164752,-1.19651504580264
-2.60335219864557,-5.66515260621473,-0.914366277151163
-2.62244789560193,-5.45775207919711,-0.64479858896834
-2.6378065209538,-5.25963220948874,-0.387247143211737
-2.65044554020788,-5.07176569879044,-0.141120679168613
-2.6613310368079,-4.89491996852345,0.0941880655447434
-2.67136194669501,-4.72968201225992,0.319293937844717
-2.681360441369,-4.57648200427736,0.534812604342299
-2.69206736080565,-4.4356153861441,0.741355114155789
-2.7041416760299,-4.30726325633554,0.939523508073131
-2.71816306559248,-4.1915109674838,1.12990724135864
-2.73463680746886,-4.08836489636462,1.31308023401427
-2.75400030818286,-3.99776739687396,1.48959840257034
-2.77663070729085,-3.91960997907923,1.65999755967429
-2.80285310309714,-3.85374478032694,1.82479159164088
-2.83294904178086,-3.79999440919286,1.98447084045048
-2.86716499555783,-3.75816025119983,2.13950062663983
-2.90572062564602,-3.72802932782333,2.29031985446591
-2.94881668291587,-3.70937979825723,2.43733964191794
-2.9966424438963,-3.70198518746251,2.58094191670456
-3.04938261322896,-3.70561741479415,2.72147791613579
-3.10722364676258,-3.72004868552867,2.8592665245255
-3.1703594632851,-3.74505229336284,2.99459237685961
-3.2389965183361,-3.78040236583863,3.12770365239054
-3.31335821141475,-3.82587256705986,3.25880947685399
-3.3936885888268,-3.88123375339666,3.3880768474998
-3.48025528885873,-3.94625055855934,3.5156269915029
-3.57335165425035,-4.02067686499758,3.64153106615588
-3.6732979092858,-4.10425009974359,3.76580510936002
-3.78044126544371,-4.19668427552724,3.8884041524805
-3.89515478073255,-4.29766168357697,4.0092154161916
-4.01783475411978,-4.40682313482437,4.12805052562203
-4.14889638882024,-4.52375664376923,4.24463670666296
-4.28876740833809,-4.64798445741053,4.35860696418991
-4.43787925983521,-4.77894835482652,4.46948929940792
-4.59665549492684,-4.91599318682215,4.57669510252693
-4.76549688473702,-5.05834869648176,4.67950696403721
-4.94476281297676,-5.20510976863168,4.77706628866554
-5.13474851014982,-5.35521540820432,4.86836127574576
-5.33565775961296,-5.5074269535205,4.95221605152137
-5.54757084173323,-5.66030629854398,5.02728200246458
-5.77040770856209,-5.8121952326846,5.09203265749879
-6.00388672249454,-5.961197405377,5.14476378501124
-6.24747977056777,-6.1051648717747,5.18360067837185
-6.50036519608045,-6.24169164502863,5.20651485480089
-6.76138076997432,-6.36811711676537,5.21135252039918
-7.02897982823514,-6.481542530279,5.19587707261302
-7.30119466198506,-6.5788637917811,5.1578275192539
-7.57561214764243,-6.65682365175194,5.09499388753391
-7.8493672738347,-6.71208554131508,5.00530939560656
-8.11916043884074,-6.7413299890759,4.88695733513859
-8.3813039119252,-6.74137251671305,4.73848833249801
-8.63180145211837,-6.70929927492063,4.55894111491283
-8.86646263001423,-6.64261365254717,4.34795745311534
-9.08104994659272,-6.53938406983372,4.10588006352998
-9.27145267324806,-6.39838070761991,3.83382147634985
-9.43387699759225,-6.21918765526101,3.53369270004381
-9.56503830893603,-6.00227743247976,3.20818321542293
-9.66233912408532,-5.74903735458872,2.8606883340512
-9.72401592874238,-5.46174166444649,2.49518574464233
-9.74924042728974,-5.14346918424257,2.11606924682511
-9.73816518436452,-4.79797249642275,1.72795312365096
-9.69190971858208,-4.42951022179722,1.33546428409804
-9.61248971460061,-4.04265781161664,0.943040509510253
-9.50269799167138,-3.64211377309047,0.554751691736842
-9.36595023120773,-3.23251729552341,0.174157248566557
-9.20611066132001,-2.81829024383213,-0.195792232644523
-9.02731285849885,-2.40351220378935,-0.552806627525642
-8.83378892646446,-1.99183259108765,-0.895263723392905
-8.62971719068458,-1.58641956781447,-1.22217886701908
-8.41909491876948,-1.18994218948393,-1.53314552581858
-8.20563906509414,-0.804580076762381,-1.82825631171952
-7.99271507739815,-0.432053945159483,-2.10801361205767
-7.78329161528586,-0.0736703279125394,-2.37323770681247
-7.57991765278746,0.269625498576917,-2.62497852277333
-7.38471777914062,0.597193326220126,-2.86443532220421
-7.19940141644083,0.908642322480698,-3.09288689270706
-7.02528196527084,1.20377845935951,-3.31163334438579
-6.86330241098027,1.48255671100999,-3.52194949394889
-6.71406454735795,1.74503888853605,-3.72504902536218
-6.57785961106616,1.99135740798337,-3.92205812715891
-6.45469871281701,2.22168490037954,-4.11399706298037
-6.34434196986121,2.43620933831675,-4.30176807528147
-6.24632567787886,2.63511423636289,-4.48614809759081
-6.15998720986425,2.81856344925212,-4.66778491221725
-6.08448760282652,2.98669011396958,-4.84719560197769
-6.0188320006114,3.13958933668531,-5.02476638021427
-5.96188827361149,3.27731429529929,-5.20075312509283
-5.91240424294322,3.39987549961582,-5.37528218021549
-5.86902400502479,3.50724301353733,-5.54835120654063
-5.83030388713576,3.59935148915093,-5.71983007562154
-5.79472856784942,3.67610788492048,-5.8894619774424
-5.76072786858488,3.73740173463156,-6.05686507375171
-5.72669466292975,3.78311779708045,-6.22153515503162
-5.69100425730509,3.81315084750491,-6.38284985018455
-5.65203546894707,3.82742227172039,-6.54007498570075
-5.60819346570774,3.82589799737333,-6.69237368808018
-5.55793424036327,3.80860715204373,-6.83881876284998
-5.49979037746576,3.7756606877211,-6.97840876101667
-5.4323975454834,3.72726907209134,-7.1100879584964
-5.35452092804006,3.66375803890487,-7.23277023091329
-5.26508061652165,3.58558133363023,-7.34536651713517
-5.16317484545847,3.49332940656945,-7.4468152496814
-5.04809988470589,3.38773310906016,-7.53611481543846
-4.9193654273134,3.26966164683223,-7.61235682780241
-4.77670444016408,3.14011433469048,-7.67475877494692
-4.62007667615254,3.00020606258568,-7.72269448904593
-4.44966536923825,2.85114679660367,-7.7557208808278
-4.26586702185468,2.6942158613328,-7.77359951348071
-4.0692746122338,2.53073213901849,-7.77631184527326
-3.86065495570616,2.36202163314826,-7.76406733126166
-3.64092130741287,2.18938404407599,-7.73730400751159
-3.41110255867103,2.01406006920408,-7.6966816436542
-3.1723105313049,1.83720106365071,-7.6430679955823
-2.92570690391198,1.65984248993918,-7.57751907740231
-2.67247121671342,1.48288227284702,-7.50125466724103
-2.41377121597657,1.30706479459168,-7.41563044494015
-2.15073654293406,1.13297085732264,-7.32210822516463
-1.88443647798461,0.961013544641915,-7.22222570447097
-1.6158621505417,0.791439565610055,-7.1175670034074
-1.34591334545162,0.62433538783222,-7.00973507931142
-1.07538979855272,0.459637274105512,-6.90032683912405
-0.804986688682446,0.297144232376519,-6.79091152003424
-0.535293905505553,0.136532865084718,-6.68301265098626
-0.266798599829218,-0.0226268513507959,-6.57809367647407
0.000109500981863075,-0.180855729373362,-6.47754712615363
0.265130514334458,-0.338750216307035,-6.38268705462947
0.528045017014003,-0.496968514045817,-6.29474435569309
0.788703243823303,-0.656218407419355,-6.21486447121944
1.0470131826992,-0.817247085886476,-6.14410696149624
1.30292779413386,-0.980833104697764,-6.08344637437805
1.55643149624429,-1.14778050830411,-6.03377383834916
1.80752597138674,-1.3189150308688,-5.99589880261282
2.05621526751321,-1.4950821940837,-5.97055034962187
2.30249008848414,-1.67714703697254,-5.95837750687366
2.5463110929949,-1.86599513042093,-5.95994798126861
2.78759095262138,-2.06253444423497,-5.97574472810859
3.0261748575556,-2.26769753940979,-6.00615974662043
3.26181910719244,-2.48244344556858,-6.05148446531548
3.49416738743056,-2.70775844602786,-6.1118960465282
3.72272432618199,-2.94465482438854,-6.18743890636483
3.94682594634083,-3.19416642264295,-6.27800072474647
4.16560672023057,-3.45733962084638,-6.38328222705991
4.3779630972635,-3.73521807789793,-6.50276007909674
4.58251366130864,-4.02881928723081,-6.63564238594667
4.77755651866145,-4.33910073053301,-6.78081657163591
4.96102517116173,-4.66691320895879,-6.93678990224786
5.13044504382585,-5.01293887607937,-7.10162367743901
5.28289405633235,-5.37761170874955,-7.27286323871803
5.41497217047471,-5.76101879211714,-7.44746750844285
5.52278667326102,-6.16278206374572,-7.62174383295334
5.60196193242189,-6.58192228118698,-7.79129643783713
5.64768420391799,-7.01671014630005,-7.95099966347202
5.65479329712178,-7.46451383273948,-8.09500997895596
5.61793280565771,-7.92165748586509,-8.21683293604514
5.53176829658311,-8.38331107521646,-8.30946176726497
5.39127738896773,-8.84343721783901,-8.36560203814538
5.19210639114614,-9.29482359294119,-8.37799037812351
4.93097519035318,-9.72922821643983,-8.33980398500804
4.60609674592563,-10.1376570452956,-8.24514150274055
4.21756277355315,-10.5107779175763,-8.08953686834114
3.76763738527345,-10.839452407637,-7.87044966146415
3.26090035523917,-11.115341214099,-7.58766377004734
2.70419475360964,-11.3315152933015,-7.24352630707158
2.10636002433428,-11.4829914678021,-6.84297404983669
1.47776673247804,-11.5671137300809,-6.39332436006634
0.829704789080612,-11.5837218525104,-5.90384570285897
0.173703265478994,-11.5350834475152,-5.38516001854765
-0.479130449016523,-11.4256056549769,-4.84855548181441
-1.11867355272015,-11.2613776967633,-4.30529714015298
-1.73619840614115,-11.0496172072969,-3.76601372733568
-2.32460780555602,-10.798097939619,-3.24021617856725
-2.87850202754546,-10.5146259255169,-2.73597466957123
-3.39410694123909,-10.2066109315784,-2.25975396703797
-3.86910410332439,-9.88075672659853,-1.8163867470092
-4.30240540269414,-9.54287275790183,-1.40915332628717
-4.69390929031758,-9.19779453465986,-1.03993324693419
-5.04426634035928,-8.84939122195563,-0.709397081494388
-5.35467179591625,-8.50063588575835,-0.41721302458906
-5.62669382394505,-8.15371490975075,-0.16225004630301
-5.86213938952761,-7.81015662367878,0.0572339144397566
-6.06295513554407,-7.47096372019566,0.243424824450612
-6.23115813526343,-7.13673860939496,0.398808703431024
-6.36879039357346,-6.80779490013438,0.52605073372316
-6.47789101182297,-6.48425145737781,0.627895614401294
-6.56048058057508,-6.1661079262255,0.707086820867081
-6.6185533085648,-5.85330231221503,0.766302312366367
-6.65407342087686,-5.54575228944283,0.808104388800779
-6.66897333311187,-5.24338250833868,0.834901676840963
-6.66515195935952,-4.94614041800214,0.848921523706654
-6.64447220889821,-4.65400310940314,0.852191340462772
-6.6087572641128,-4.36697751061213,0.846527642956684
-6.55978561989585,-4.08509599002146,0.833531686067596
-6.49928512093562,-3.80840909869038,0.814590685933422
-6.42892637991559,-3.53697684558132,0.790883690422551
-6.35031601992055,-3.27085957563062,0.763391205896802
-6.26499018055679,-3.01010922736967,0.732907731473517
-6.17440867962408,-2.7547614939521,0.700056400024063
-6.07995014792461,-2.50482920300913,0.665304983490096
-5.98290836801163,-2.26029706652965,0.628982590546217
-5.8844899591224,-2.02111782876179,0.591296466094394
-5.78581346785202,-1.78720975295236,0.552348391498966
-5.6879098522067,-1.55845533069668,0.512150277782368
-5.59172428814663,-1.33470106473881,0.470638636866033
-5.49811918342433,-1.11575816158113,0.427687704355939
-5.40787825297877,-0.901403969258738,0.383121068052005
-5.32171149202148,-0.691384003969117,0.336721726931599
-5.24026087539719,-0.485414423641271,0.28824056440169
-5.16410661273867,-0.283184824510783,0.237403266600672
-5.09377379624976,-0.0843612565668388,0.183915751678249
-5.02973928964507,0.111410625832606,0.127468200086716
-4.97243872103601,0.304502341547638,0.0677377901782667
-4.92227345780225,0.495299331948083,0.00439024925875227
-4.87961745637568,0.684197706112952,-0.0629196707583039
-4.84482389325798,0.87160098730273,-0.13454869027763
-4.81823149454052,1.05791684742866,-0.210866378870171
-4.80017048887672,1.24355379740059,-0.292257332006156
-4.79096811253753,1.42891778167297,-0.3791240814426
-4.79095359414955,1.61440860439461,-0.47189068683525
-4.80046254022937,1.80041609155057,-0.571006968784565
-4.81984062985194,1.987315867489,-0.676953353814221
-4.84944650673433,2.17546459424651,-0.790246308401526
-4.8896537284773,2.36519448698764,-0.911444340569511
-4.94085159421766,2.55680687740598,-1.04115454175666
-5.00344462172621,2.75056454776696,-1.18003962617983
-5.07785038093604,2.94668250007765,-1.32882539639298
-5.16449531059733,3.1453167564708,-1.48830851787687
-5.2638080456189,3.34655070751922,-1.65936441660492
-5.37620966209446,3.55037843491349,-1.84295501431162
-5.50210010291011,3.75668433530142,-2.04013587740108
-5.64183987831689,3.96521826719423,-2.25206216567957
-5.7957259445747,4.17556534086046,-2.47999251283669
-5.96396045593488,4.3871093865356,-2.72528963659936
-6.14661087470617,4.59898909301585,-2.98941604710152
-6.34355973709,4.81004584439435,-3.27392268392568
-6.55444225377558,5.0187624539773,-3.58042765952439
-6.77856994624376,5.22319238310165,-3.91058152934236
-7.01483879264762,5.42087975160775,-4.26601468665696
-7.26162104072294,5.60877164355801,-4.64826168280545
-7.51664115739807,5.78312606466858,-5.05865666923147
-7.77683860135363,5.93942160718449,-5.49819402779802
-8.03822353717433,6.07227858059387,-5.96734902940137
-8.29573654243741,6.1754061087546,-6.46585563613339
-8.54312992147138,6.24159524636154,-6.99244308215972
-8.77289618833089,6.26278383039486,-7.54454040546079
-8.97627769001741,6.23022314813826,-8.11796918851359
-9.14339824575497,6.13477728146067,-8.70665921591273
-9.263559838152,5.9673800699405,-9.30243799874981
-9.3257404529065,5.71965868083174,-9.89495949663179
-9.31930861966099,5.38470455311107,-10.4718438615407
-9.23493344955867,4.95793298450703,-11.0190910054781
-9.06561819905349,4.43792828912884,-11.521799507881
-8.8077302332596,3.82713504959083,-11.9651671274249
-8.46185789271656,3.13224435262687,-12.3356777221177
-8.03331551013602,2.36415149102374,-12.6223105883767
-7.53215617771578,1.53743173475217,-12.8175678745077
-6.97263670111111,0.669379318430963,-12.9181259057877
-6.37218957725148,-0.221247829695656,-12.9249829420028
-5.7500583791326,-1.11557236070814,-12.8430824173778
-5.12581268604053,-1.99581897155979,-12.6805030543439
-4.51796043744588,-2.84625004382077,-12.4473891885385
-3.94282594771774,-3.65373494186343,-12.1548240080071
-3.41378436660055,-4.40795825779523,-11.8138247280232
-2.94086568589101,-5.10133629176604,-11.4345793744367
-2.53068348135954,-5.72874187147772,-11.0259741201874
-2.18661300928018,-6.28713756190792,-10.5953985544915
-1.90913703274411,-6.77519687115296,-10.1487751284535
-1.69628738613438,-7.19296435401526,-9.69074032008699
-1.54412682827544,-7.5415780030838,-9.22490472766166
-1.44723256692367,-7.82305628355992,-8.75413086614688
-1.39915645694911,-8.0401392377768,-8.28078466002312
-1.39284634858556,-8.19616751128038,-7.80693471896501
-1.42101900827423,-8.29498306127669,-7.33448939421505
-1.47647867460565,-8.34083857213284,-6.86527376450446
-1.55237782247608,-8.33830732925724,-6.40105661010777
-1.64241889545353,-8.29219005726521,-5.9435413648271
-1.74099799142794,-8.20741909293043,-5.49433570743411
-1.8432937536033,-8.08896280191393,-5.05491280927688
-1.9453068269294,-7.94173431410445,-4.62657427074147
-2.04385693681177,-7.77050866544681,-4.21042132212304
-2.13654573935633,-7.57985165141617,-3.80733759494582
-2.2216940008236,-7.3740625007181,-3.41798410508936
-2.29826142548743,-7.15713119457478,-3.04280521490551
-2.36575669017964,-6.93271011824444,-2.68204325914417
-2.42414412989892,-6.70409886455019,-2.33575910922238
-2.47375222664753,-6.47424045305037,-2.00385603383175
-2.51518773461451,-6.24572695994889,-1.68610460414728
-2.5492580423856,-6.02081251551047,-1.38216692622716
-2.57690329916811,-5.80143174871577,-1.09161903910282
-2.59913895240328,-5.58922197823417,-0.813970815420016
-2.61700866543541,-5.38554771180575,-0.548683101317405
-2.63154709359197,-5.19152628501429,-0.295182121535833
-2.64375167135252,-5.00805372140595,-0.0528713616758126
-2.65456237356918,-4.83583011645297,0.178858760354819
-2.66484833071084,-4.67538403352725,0.400623085917481
-2.6754001747155,-4.52709555147424,0.613035430233733
-2.68692704464746,-4.39121772395245,0.816703513449521
-2.70005727040025,-4.26789630492438,1.01222484702565
-2.71534186259984,-4.15718766713187,1.20018336196603
-2.73326005574678,-4.05907489518987,1.38114660925915
-2.75422627077025,-3.97348207554377,1.55566339976197
-2.77859797647838,-3.90028683472385,1.72426177943358
-2.80668403293441,-3.83933119725873,1.88744725649777
-2.83875319128062,-3.79043084695304,2.04570121070963
-2.87504250292653,-3.75338288129943,2.19947942268855
-2.91576545616059,-3.7279721496184,2.34921066457928
-2.96111971057874,-3.71397626194249,2.49529529331982
-3.01129434006009,-3.71116934838368,2.63810378553883
-3.06647652435268,-3.71932463833616,2.77797514936983
-3.12685764870243,-3.73821591588147,2.91521514385291
-3.19263878135668,-3.76761789262839,3.0500942315443
-3.26403550107287,-3.80730552234289,3.18284518482536
-3.34128204168488,-3.85705226349813,3.31366026152313
-3.42463470887695,-3.91662727671139,3.44268786119584
-3.51437450598583,-3.98579152441175,3.57002857028582
-3.61080888116753,-4.06429272060204,3.69573050298365
-3.71427247783156,-4.15185906005185,3.81978384604718
-3.82512673409035,-4.24819163980378,3.94211452132173
-3.94375813546905,-4.3529554730486,4.06257689113814
-4.07057487897384,-4.46576898837104,4.18094545153448
-4.20600165708901,-4.58619190899788,4.29690548945454
-4.35047221951063,-4.7137114208616,4.41004272658353
-4.50441932185439,-4.84772657003737,4.51983203893259
-4.66826162940058,-4.98753088571399,4.62562543301778
-4.84238711771236,-5.13229331194142,4.72663958226231
-5.02713251118912,-5.28103765873688,4.82194338673173
-5.22275833930692,-5.43262096016506,4.91044622007331
-5.4294192862917,-5.58571136279883,4.9908877715848
-5.64712968477891,-5.73876646942733,5.06183067594684
-5.87572428177082,-5.89001343200855,5.12165743787168
-6.11481481025104,-6.03743251783276,5.16857348194746
-6.36374345230016,-6.17874634293857,5.20061845211679
-6.62153498852918,-6.31141743652207,5.21568809436398
-6.88685028244228,-6.43265720351517,5.21156910334273
-7.15794470270375,-6.53944959478212,5.18598910312465
-7.43263605198252,-6.62859275281632,5.13668335797627
-7.70828740441334,-6.69676143465648,5.06147877237062
-7.98181075554478,-6.74059198589904,4.95839417711036
-8.24969731827434,-6.75678995254529,4.8257538203389
-8.50807940918647,-6.74225806067914,4.66230851201869
-8.75282696930007,-6.69423939599832,4.46735627746775
-8.97967879112834,-6.61046748168267,4.24085208000107
-9.18440463166521,-6.48931207054885,3.98349470615469
-9.36298999385676,-6.32990745069971,3.69677881673147
-9.51183112717644,-6.13224953762072,3.38300187188477
-9.62792455976582,-5.89724945528377,3.04521926816145
-9.70903403720389,-5.62673482414163,2.68714629699174
-9.75381866546043,-5.32339525081728,2.3130117271763
-9.76190944944107,-4.99067477538162,1.92737388107535
-9.73392685422657,-4.63262019307304,1.53491487672762
-9.67143858788452,-4.25369909923443,1.14023131132614
-9.57686334658084,-3.85860433100456,0.747639589634696
-9.45333164680454,-3.45206179484116,0.361011459726739
-9.30451828401636,-3.03865662667337,-0.0163492570580577
-9.13446207188449,-2.62268884781308,-0.381783300234187
-8.94738749521652,-2.20806502792576,-0.733306015639857
-8.7475402881722,-1.79822783194805,-1.06959544771051
-8.53904544104437,-1.39612140959361,-1.38994628697867
-8.32579244377394,-1.00418779033282,-1.69419908765942
-8.11134924128424,-0.624387880729853,-1.98265435978324
-7.8989037404199,-0.25824019814756,-2.25598025077542
-7.69122989807347,0.0931291484627697,-2.51512096933044
-7.49067440084584,0.428930810652817,-2.76121125174483
-7.29915958515935,0.748655304991416,-2.99550032865647
-7.11819836873346,1.05201809612124,-3.21928721872932
-6.9489173966801,1.33890880169692,-3.43386786068746
-6.79208520144874,1.60934576648297,-3.64049362682892
-6.64814282518405,1.86343656784397,-3.84034011974599
-6.51723498191999,2.10134453101571,-4.03448479115868
-6.39924040241822,2.32326102140944,-4.22389177821129
-6.29380048653529,2.52938310704571,-4.40940236951456
-6.20034578258103,2.71989611141247,-4.59172963899489
-6.11812012536965,2.89496057400592,-4.77145597855721
-6.04620250433002,3.05470317650597,-4.94903248929176
-5.98352691125529,3.19921125649332,-5.12477943323996
-5.92890054445157,3.32853060218418,-5.29888718872948
-5.88102083076081,3.44266628899558,-5.47141738250647
-5.83849177538843,3.54158637285142,-5.64230408531088
-5.79984016543597,3.62522828908816,-5.81135514996161
-5.76353213812721,3.69350781437846,-5.97825393876052
-5.72799057886767,3.74633042858349,-6.14256182599107
-5.69161373651283,3.78360486196149,-6.30372196644324
-5.65279533256676,3.8052585310141,-6.46106488617293
-5.60994629760068,3.81125445658114,-6.61381647037601
-5.56151809431927,3.80160912717718,-6.76110888877383
-5.50602738808879,3.77641062945055,-6.90199490615438
-5.44208161221877,3.73583623041007,-7.03546587258497
-5.36840476121702,3.68016848043096,-7.16047347688256
-5.28386254912248,3.60980883176698,-7.27595508692666
-5.18748591323388,3.52528775397384,-7.38086220711412
-5.07849174810737,3.42727039192789,-7.47419127946867
-4.95629974021322,3.31655696446985,-7.55501576909849
-4.82054425389931,3.19407734341652,-7.62251823831098
-4.67108039899383,3.06087957377031,-7.6760209573579
-4.50798368273955,2.91811247453281,-7.7150135487096
-4.33154299485868,2.76700286320973,-7.73917623134008
-4.14224706458936,2.60882833646111,-7.74839742392458
-3.94076492519098,2.44488687310172,-7.7427847685471
-3.72792128484699,2.27646476661104,-7.72266902303607
-3.50466799648065,2.1048045151284,-7.68860070330454
-3.27205301469711,1.93107428436385,-7.64133979446376
-3.03118831031699,1.75634041580887,-7.58183924891519
-2.78321818041256,1.58154419728713,-7.5112233152994
-2.52928925649889,1.40748377558498,-7.4307619690062
-2.27052329827453,1.23480170917159,-7.34184283095064
-2.00799359409796,1.06397827194157,-7.24594196773593
-1.7427055029283,0.895330261878463,-7.14459487571462
-1.47558139387943,0.72901476924807,-7.03936878442286
-1.20744999129209,0.565037135138177,-6.93183719617642
-0.939039930452548,0.403262190199681,-6.82355733353068
-0.67097717934798,0.243427803288048,-6.71605091755721
-0.403785886032735,0.0851597810632886,-6.61078846571849
-0.137892165060384,-0.0720127714943499,-6.5091770913467
0.126369667474907,-0.228642409339491,-6.41255161471303
0.388748871453279,-0.385349268233991,-6.322168660933
0.649068480564199,-0.542808444965317,-6.23920332116267
0.90721425889319,-0.701739186638803,-6.16474788663738
1.16312267613469,-0.862896099985414,-6.09981212434889
1.41676807856141,-1.0270624658167,-6.0453245420334
1.66814914940739,-1.19504563261424,-6.0021340820493
1.91727467026818,-1.36767436581495,-5.9710116824625
2.16414851570766,-1.54579794256036,-5.95265114375992
2.40875373721931,-1.73028670077903,-5.94766873655029
2.65103552074265,-1.92203367050598,-5.95660097596651
2.89088273532059,-2.12195682750936,-5.97989997012624
3.1281077315427,-2.331001407289,-6.01792572237566
3.36242400130931,-2.55014159391976,-6.07093473158073
3.5934212819968,-2.78038074601947,-6.13906419557574
3.82053768886231,-3.02274913550861,-6.22231108787156
4.04302850504384,-3.27829795044485,-6.32050535983077
4.25993137074602,-3.548088052163,-6.43327653969629
4.47002782191753,-3.83317168780824,-6.56001308537892
4.6718014724885,-4.13456506252307,-6.69981404086975
4.863393660293,-4.45320940920884,-6.85143290179085
5.04255813863705,-4.78991802136223,-7.01321418438358
5.20661744620971,-5.14530673312307,-7.18302409793679
5.35242496713733,-5.51970567886672,-7.35817803275373
5.47633840328507,-5.91305102559537,-7.53536937216368
5.57421235334005,-6.32475696553958,-7.71060645247061
5.64141973882152,-6.75357081432958,-7.87916727011139
5.67291357166883,-7.19741776337949,-8.03558454797774
5.66334143432474,-7.653246714627,-8.17367655451121
5.60722422236387,-8.11689441541348,-8.286640835711
5.49920720774231,-8.5829910768393,-8.36722765974794
5.33438440532322,-9.04493545940724,-8.40800616179641
5.10868610685948,-9.49496909627025,-8.4017276908693
4.81930480942,-9.92437561338629,-8.34177712971952
4.46511863037264,-10.3238200356592,-8.22268476515048
4.04705737819229,-10.6838239081666,-8.04065136402828
3.56834964095351,-10.9953467864497,-7.79402222365228
3.0345942654729,-11.250417910726,-7.48363803821363
2.45361887008363,-11.4427408239061,-7.11299662461323
1.83511983044001,-11.5681858385034,-6.68818185526279
1.19011599670441,-11.6250955008512,-6.21755151865692
0.530282493529022,-11.6143562047058,-5.71121628066784
-0.132748284356589,-11.5392285851376,-5.18037689795102
-0.78802963554995,-11.4049699680156,-4.6366070982931
-1.42581549635852,-11.2183134422448,-4.0911706470955
-2.03790477471398,-10.9868831648081,-3.55444476339273
-2.61780543563468,-10.7186230290238,-3.03549476323905
-3.16073690306285,-10.4212996558453,-2.54181493552424
-3.66350765417595,-10.1021174098706,-2.07922528118441
-4.12431207753516,-9.76745944253609,-1.65189688285509
-4.54248860619606,-9.42274939123281,-1.26247104303863
-4.91827320863355,-9.07241553666544,-0.912237300424324
-5.25257198761118,-8.71993297859282,-0.60134031658437
-5.54676654845033,-8.36791842961561,-0.328992757189391
-5.80255750117078,-8.01825475647496,-0.0936786496761026
-6.02184553325233,-7.67222673477097,0.106661932466226
-6.20664584993807,-7.33065434444858,0.274471145513953
-6.35903000416543,-6.99401450180516,0.412435575090832
-6.48108870200388,-6.66254597605774,0.523371312179266
-6.57490958317935,-6.33633523150417,0.610129832948668
-6.64256485100497,-6.01538309614582,0.675522247268335
-6.68610468445734,-5.69965359512955,0.722259511888478
-6.70755342742807,-5.38910714283854,0.752906429888102
-6.708906511385,-5.08372069969007,0.769847545839513
-6.69212687546251,-4.78349759138339,0.775263319010991
-6.65914028466286,-4.48846956136804,0.771115178420112
-6.61182941620381,-4.19869336293428,0.759138224698346
-6.55202690243228,-3.91424385838304,0.740840451886925
-6.48150770901229,-3.63520522624343,0.717507432637386
-6.40198131470734,-3.36166151721102,0.690211459883756
-6.31508416931414,-3.09368746806119,0.659824182026334
-6.22237286256623,-2.83134019386807,0.627031818258244
-6.12531835949249,-2.57465213884138,0.592352102563074
-6.02530156354415,-2.32362547591894,0.556152181522764
-5.92361037074923,-2.07822800198978,0.518666781349304
-5.82143828552297,-1.83839047389611,0.480016060048517
-5.71988458760262,-1.60400526354944,0.440222666580319
-5.6199559732013,-1.37492617165864,0.39922763516242
-5.52256954306157,-1.1509692221189,0.356904844682338
-5.42855697523687,-0.931914257226969,0.313073866565268
-5.33866969969006,-0.717507162716524,0.26751110649275
-5.2535848831023,-0.507462567312205,0.219959214311771
-5.17391203327741,-0.30146688119874,0.170134791607562
-5.10020004081485,-0.0991815594437922,0.117734467925381
-5.03294448903984,0.0997535013660054,0.0624394454016128
-4.97259507947861,0.295716503043928,0.00391862897121173
-4.91956303767249,0.489100270740478,-0.058169532985068
-4.87422838133701,0.680308790842424,-0.124176372919317
-4.83694694854283,0.869753769934015,-0.194463375054606
-4.80805709669486,1.05785120347971,-0.269403485517725
-4.78788599274843,1.24501792343788,-0.349383267858314
-4.77675542057187,1.43166807402887,-0.434805825216478
-4.77498703193524,1.61820944372112,-0.526094425560268
-4.78290696255414,1.80503955841429,-0.623696780407142
-4.80084972314549,1.99254141492239,-0.728089939012261
-4.82916125662106,2.18107870420012,-0.83978576779642
-4.8682010252151,2.37099033920224,-0.959336987226451
-4.91834295412393,2.56258406159826,-1.08734373351759
-4.97997500944172,2.756128853496,-1.22446059792866
-5.05349712581085,2.95184582358217,-1.3714040688465
-5.13931712098398,3.14989717054861,-1.52896025709056
-5.23784413795139,3.35037274963318,-1.6979927174241
-5.34947903799692,3.55327368068324,-1.87945008207502
-5.47460102805832,3.75849233994005,-2.07437308623749
-5.61354964235946,3.96578797681657,-2.28390038008542
-5.7666010131987,4.17475709933685,-2.50927227379708
-5.93393716520377,4.38479769178849,-2.7518312369147
-6.11560686492776,4.59506628881664,-3.01301755619564
-6.31147637884809,4.80442696814714,-3.29435803445757
-6.52116838118616,5.01139149412447,-3.59744498151968
-6.74398727833553,5.21405022515377,-3.92390201745911
-6.97882948531306,5.40999409851701,-4.2753324169663
-7.2240778549219,5.59622916725817,-4.65324495871147
-7.47748073106924,5.76908695632759,-5.05895166739262
-7.73601823750459,5.92413651044011,-5.49343171843104
-7.99576171929939,6.05610757331607,-5.95715652709502
-8.25173699778548,6.15883890075926,-6.44987323646931
-8.49780840398356,6.22527104945555,-6.9703481611308
-8.72660819114927,6.24750843397516,-7.51607897287864
-8.92954401741038,6.21697967005921,-8.0829950425706
-9.096923876832,6.12472604757164,-8.66517921423795
-9.21824007147295,5.96184244632285,-9.25465991285061
-9.28264742073857,5.72007992650866,-9.84133643758936
-9.27965158282321,5.3925924154836,-10.4131068708485
-9.19998853567048,4.97477219307502,-10.9562599784252
-9.03662783068482,4.46507618822625,-11.4561632575824
-8.78577907483279,3.86570942745993,-11.8982270096728
-8.44773935342321,3.1830193273078,-12.269055924396
-8.02740839906238,2.42747899807591,-12.5576327220067
-7.53433260222674,1.61320320732558,-12.7563373758977
-6.9822183575491,0.757034625801006,-12.8616119495641
-6.3879608215194,-0.122667172543407,-12.8741420083054
-5.77033349821903,-1.00733796061937,-12.7985263625291
-5.14854512273614,-1.87941592545385,-12.6425158221503
-4.54087612836007,-2.72328059698998,-12.415983725821
-3.96356234016817,-3.52583861779527,-12.1298236803955
-3.4300200891794,-4.27675480731488,-11.794951112086
-2.95043120434355,-4.9683911778588,-11.4215303961267
-2.53164834902303,-5.59554935148959,-11.0184815267341
-2.17734924674341,-6.15511437974957,-10.593259722031
-1.88836038303112,-6.64567980872959,-10.1518596671785
-1.66307899002228,-7.06720660626366,-9.69897594839473
-1.49793783231852,-7.42074166342992,-9.23824916362926
-1.38787387209191,-7.70820046739131,-8.77253715822618
-1.32677560785145,-7.93220510202895,-8.30416679066192
-1.30789359842473,-8.09596245865209,-7.83513887882293
-1.32420484113472,-8.20316673965202,-7.36727444844086
-1.36872539176254,-8.25791300751014,-6.90230247608026
-1.43476804704495,-8.26461284821005,-6.4418974352899
-1.51614389872361,-8.2279077720341,-5.98767928832867
-1.60730853948782,-8.15257983398823,-5.54118973742696
-1.70345572932972,-8.04346164068947,-5.10385740769364
-1.80056326876439,-7.90534931325469,-4.67696208043338
-1.89539744772296,-7.74292225376318,-4.26160494985706
-1.98548355264491,-7.56067302137931,-3.8586887827912
-2.0690504195268,-7.36284961159044,-3.4689092480064
-2.14495692429912,-7.15341126184855,-3.09275676316306
-2.21260769755189,-6.93599781332732,-2.73052701985763
-2.27186438291623,-6.71391178250385,-2.38233780499396
-2.32295758612642,-6.49011169484486,-2.04814968813887
-2.36640342946262,-6.26721490057889,-1.72778842022783
-2.40292744746277,-6.04750798623111,-1.42096733489801
-2.43339751126916,-5.83296295611587,-1.12730853913668
-2.45876659281582,-5.62525752575639,-0.846362142975108
-2.48002549014494,-5.42579809342115,-0.577623162614702
-2.49816512514657,-5.23574419838215,-0.320546020001572
-2.51414767604918,-5.05603350953841,-0.0745567563851691
-2.52888559377666,-4.88740660089161,0.16093680886701
-2.54322744671225,-4.73043095424413,0.386536691686745
-2.55794951645223,-4.58552378302031,0.602847838925932
-2.57375210456823,-4.45297339605535,0.810472435764166
-2.59125958756845,-4.33295891983887,1.01000518805119
-2.61102335823793,-4.22556827578838,1.20202938074833
-2.63352690396856,-4.13081436925172,1.38711354992931
-2.65919238733852,-4.04864949224314,1.56580863690652
-2.68838820451872,-3.97897797502164,1.73864551748039
-2.72143709870847,-3.92166714463948,1.9061328169161
-2.75862449609455,-3.87655666321714,2.06875493266378
-2.80020680945116,-3.84346632629692,2.22697019306811
-2.84641951906288,-3.82220240329597,2.381209082467
-2.89748489241035,-3.81256259873023,2.53187246219781
-2.95361924365967,-3.81433970527751,2.67932971399765
-3.0150396622965,-3.8273240085402,2.82391672781014
-3.08197015815995,-3.85130448911691,2.96593365064694
-3.15464717852835,-3.88606885079643,3.10564230733528
-3.23332445254248,-3.93140238480849,3.24326319810039
-3.31827710972075,-3.98708565956781,3.37897197239024
-3.40980500305802,-4.05289100374209,3.51289527365876
-3.50823514348989,-4.12857772838714,3.64510584668073
-3.61392312153145,-4.21388601215077,3.77561679836648
-3.72725335382586,-4.30852935329259,3.90437490637142
-3.84863794743755,-4.41218547509818,4.03125287897235
-3.97851392355616,-4.52448555941839,4.15604048729582
-4.11733848595209,-4.64500167961747,4.27843452041436
-4.26558196004206,-4.77323231333348,4.3980275593773
-4.42371796913829,-4.90858584263888,4.5142956332056
-4.59221036064251,-5.05036200148779,4.62658491450264
-4.77149635450378,-5.1977313164803,4.73409774160454
-4.96196537046999,-5.34971271730167,4.83587842532713
-5.16393301496587,-5.5051496792251,4.93079951782873
-5.37760979299764,-5.66268551349411,5.01754949300982
-5.60306428032158,-5.82073875222212,5.09462311152638
-5.84018077523556,-5.97747998792274,5.16031610999215
-6.08861187839552,-6.13081201993165,5.2127262417407
-6.34772705058477,-6.27835571151691,5.24976306631955
-6.61655898908253,-6.4174445304801,5.26916917466929
-6.89375063769454,-6.54513126039914,5.26855565862328
-7.17750676130849,-6.65821072125968,5.24545447366247
-7.46555517773821,-6.75326238250175,5.19738977262544
-7.75512378567634,-6.8267163167751,5.12196917777187
-8.04294022455516,-6.87494485432058,5.01699421751646
-8.32526105881209,-6.89438042073602,4.88058677269962
-8.59793648647535,-6.88165733869022,4.71132548073683
-8.856514475254,-6.83377197633975,4.50838293902116
-9.09638482607469,-6.74825188092755,4.27165172914797
-9.31295910864609,-6.62332102652424,4.00184539920578
-9.50187719036295,-6.45804578456194,3.70056027676845
-9.65922599935183,-6.25244547733093,3.37028587931869
-9.78175224686722,-6.00755299374079,3.01435592768587
-9.86704908955093,-5.72541511344863,2.6368382218591
-9.91369783735459,-5.40902850732463,2.24236902377501
-9.92134994186796,-5.06221489175772,1.83594481063104
-9.89074108163833,-4.6894461586058,1.4226899065534
-9.82363704957294,-4.29563608369275,1.00762143103449
-9.72271888658056,-3.88591837140794,0.59543267225674
-9.5914209163816,-3.46543087407772,0.190312590874692
-9.43373906736698,-3.03912308429541,-0.204186475372825
-9.2540277888,-2.61159925474138,-0.585227484296654
-9.05680226416947,-2.1870038584314,-0.950714726430374
-8.8465592146929,-1.76895064211363,-1.29927339731625
-8.62762527272738,-1.36049205905291,-1.63019227942154
-8.40403753202381,-0.96412282668022,-1.94334062968499
-8.17945707633184,-0.581809803610572,-2.23907025693146
-7.95711340062941,-0.215040112246365,-2.51811247841749
-7.73977576737746,0.135119903352711,-2.78147766955924
-7.52974659647324,0.467961079742981,-3.0303629128848
-7.32887178185554,0.783067956811457,-3.26607114543188
-7.13856313694224,1.08025876979368,-3.4899434047649
-6.95982878720807,1.35953102207604,-3.70330437683023
-6.79330808350127,1.62101375744733,-3.90742046491479
-6.63930838434544,1.86492691477033,-4.10346898650682
-6.49784177407585,2.09154764626731,-4.29251679631795
-6.36866040633444,2.30118317194401,-4.47550655460943
-6.25128967461799,2.49414958142526,-4.65324894072568
-6.14505881475288,2.67075593772765,-4.82641929380946
-6.0491288487215,2.8312930488394,-4.99555740039155
-5.96251799927298,2.97602632361113,-5.16106940855342
-5.88412485474656,3.10519219677924,-5.32323110770448
-5.8127496566316,3.21899767844405,-5.48219205681094
-5.74711412942997,3.3176226453497,-5.63798026303513
-5.68588028176881,3.40122453792116,-5.79050730184292
-5.62766858561655,3.46994515412395,-5.93957392557654
-5.57107589135221,3.52391923704378,-6.0848763282559
-5.51469336371807,3.56328453786004,-6.22601331840854
-5.45712463037453,3.58819300173351,-6.36249469768962
-5.39700422423106,3.59882267507386,-6.49375114989889
-5.33301627727834,3.59538987462286,-6.61914591237659
-5.26391329307908,3.57816109949701,-6.73798843058269
-5.188534694881,3.54746411595533,-6.84955008978859
-5.10582472562623,3.50369761122964,-6.95308198065339
-5.01484917527174,3.44733880725819,-7.04783449640892
-4.91481034047543,3.37894845634437,-7.13307838985721
-4.80505959166954,3.29917271478602,-7.20812675240953
-4.68510694041177,3.20874150966567,-7.27235723060333
-4.55462706958878,3.10846317561188,-7.32523368369331
-4.41346140964468,2.99921533436808,-7.36632642308023
-4.26161600917752,2.88193220717024,-7.3953301709162
-4.09925514632812,2.7575887708499,-7.41207893624121
-3.92669084234061,2.62718237357122,-7.41655713100042
-3.7443686518204,2.49171259562708,-7.40890642702385
-3.55285029646795,2.35216025790767,-7.38942807419915
-3.3527938633722,2.20946653368829,-7.35858064085321
-3.14493239244601,2.06451310311123,-7.31697337884151
-2.93005172315614,1.91810420636176,-7.26535563752582
-2.70896845760141,1.77095131019998,-7.20460293509412
-2.48250883055403,1.62366091789069,-7.13570042974185
-2.25148916753817,1.47672584279076,-7.05972461019726
-2.01669847278815,1.33052005004872,-6.97782404413986
-1.7788835346302,1.1852969668949,-6.8911999888847
-1.53873678045387,1.04119098454451,-6.80108759012532
-1.29688696887946,0.898221734134382,-6.70873828296911
-1.05389268187262,0.756300620880509,-6.61540387732747
-0.810238479939444,0.615239045685643,-6.52232266880543
-0.566333511489807,0.474757728776586,-6.43070777684855
-0.322512322633692,0.334496569811641,-6.34173778206199
-0.0790375937567831,0.194024525796648,-6.25654961979756
0.163895469313752,0.0528490540251841,-6.17623359031112
0.406153342924804,-0.0895752556098471,-6.10183026783923
0.647657213170989,-0.233839152914115,-6.03432903087308
0.888375002562919,-0.380572517338977,-5.97466789145523
1.12831252589913,-0.530439602024555,-5.92373426935359
1.3675038515373,-0.68413579806575,-5.88236633384828
1.60600088682976,-0.84238592139265,-5.85135451777301
1.84386214628298,-1.00594396634253,-5.83144279158055
2.08114059830349,-1.17559421462698,-5.82332926592362
2.31787042123768,-1.35215353230662,-5.82766566622798
2.55405243185279,-1.53647462584578,-5.845055189054
2.78963787984616,-1.72944995559709,-5.87604820532119
3.02451023160533,-1.9320159144708,-5.92113521810864
3.2584644978486,-2.14515676350802,-5.98073641231305
3.49118359771333,-2.36990766631425,-6.05518705129446
3.72221120435969,-2.60735597219996,-6.14471788586175
3.95092049697575,-2.85863965522762,-6.24942965180847
4.17647827054326,-3.12494151683607,-6.36926065818253
4.39780395603424,-3.40747740123615,-6.5039464330416
4.61352331937945,-3.70747626146823,-6.65297043269332
4.82191699075454,-4.02614947016738,-6.81550498732343
5.02086459449294,-4.3646463357228,-6.9903420248181
5.20778618556045,-4.72399243892152,-7.17581378462959
5.37958403850178,-5.1050072728657,-7.36970482865114
5.53258965604996,-5.50819793825861,-7.56915831739843
5.66252320197617,-5.93362657832665,-7.77058188418317
5.76447535682294,-6.38075116337891,-7.96956159607758
5.83292461681102,-6.84824252200463,-8.16079640364915
5.8618058130141,-7.33378548666954,-8.33806988244328
5.84464727425616,-7.83387879943891,-8.49428031503557
5.77479335739582,-8.34365669754055,-8.62155310464222
5.64572449445036,-8.8567638308579,-8.71145944795393
5.45147697005182,-9.36532233508914,-8.75536002974307
5.18714854135603,-9.86003246001569,-8.74488024918127
4.8494545296971,-10.3304425192087,-8.67250319678828
4.43727540414858,-10.7654070145212,-8.53223956443303
3.95211717215872,-11.153722812062,-8.32030444574449
3.39839794650592,-11.4848955255908,-8.03570743384511
2.78348499836246,-11.7499500258835,-7.68065402126367
2.11743923255308,-11.9421719988726,-7.26067062502746
1.41247382328438,-12.0576630899194,-6.78440411326046
0.682188673241362,-12.0956161619833,-6.26310242140957
-0.0593135597412255,-12.0582659106823,-5.70984123505305
-0.798304430744286,-11.9505306504771,-5.13860604770535
-1.5221842284156,-11.779416174568,-4.5633569823767
-2.22003331231041,-11.5532873852789,-3.99719273471795
-2.88292647568905,-11.281121112702,-3.45169661109597
-3.50402149943478,-10.9718367943876,-2.93650433526908
-4.0784654658226,-10.6337696897065,-2.45909265236462
-4.60317799078929,-10.2743151547506,-2.02475823661274
-5.07657084631521,-9.89974115770994,-1.63674093553769
-5.49825339600106,-9.51514452765154,-1.29644235974479
-5.86875849185328,-9.12451530563028,-1.00369628623934
-6.18930852078849,-8.73087127592878,-0.757056973349539
-6.46162889562748,-8.33642845582593,-0.554081880254631
-6.68780754376878,-7.94278019960324,-0.391594364160967
-6.87019379151014,-7.55106542868587,-0.265918809056889
-7.01132780465722,-7.16211390594803,-0.173085264519865
-7.11389157000913,-6.77656266963895,-0.109003428340819
-7.1806734860098,-6.39494245397605,-0.0696072322245291
-7.21454033398158,-6.0177361701961,-0.0509718981648695
-7.21841226622556,-5.64541348346817,-0.0494055245878172
-7.19523817924643,-5.27844644473686,-0.0615173015999858
-7.14797027458104,-4.91731128304966,-0.0842644880398725
-7.0795376775091,-4.56248107791556,-0.114980362242799
-6.99281968361649,-4.2144133256677,-0.15138547778148
-6.89061957599622,-3.87353556206741,-0.19158468029034
-6.77564006655306,-3.54023133661556,-0.234052430683174
-6.6504613365514,-3.21482804207794,-0.277609000354691
-6.51752245464552,-2.89758743825107,-0.321390036882345
-6.37910669569701,-2.58869919386639,-0.364811841936549
-6.23733101767435,-2.28827740352388,-0.407534467676081
-6.09413970938617,-1.99635980120902,-0.449424444003975
-5.95130201807149,-1.71290926372906,-0.490518621062937
-5.81041341152869,-1.43781714936235,-0.530990273673704
-5.67290002516751,-1.17090802382155,-0.571118288484385
-5.54002578562673,-0.911945365928267,-0.611259957054448
-5.41290168210568,-0.660637902764854,-0.6518276401728
-5.29249666594591,-0.416646286992801,-0.693269356404372
-5.17964969002946,-0.179589890253725,-0.736053182677223
-5.07508244482378,0.05094645782275,-0.78065523467149
-4.97941240114891,0.275405907038324,-0.827550915429117
-4.89316582596107,0.494253281261134,-0.8772090760913
-4.81679049279954,0.707969076192374,-0.930088716474088
-4.75066786020751,0.917043776475201,-0.986637858782619
-4.69512453743184,1.1219724825282,-1.04729424902882
-4.65044289570167,1.32324981431298,-1.11248757221919
-4.61687071454321,1.52136503763843,-1.18264290447329
-4.5946297754046,1.71679733760537,-1.25818516407467
-4.58392332904817,1.91001114254818,-1.33954436092474
-4.58494236852748,2.10145137954361,-1.42716147745159
-4.5978706359221,2.29153851846801,-1.52149484164658
-4.62288827811662,2.48066323494497,-1.62302687275445
-4.66017404442905,2.66918049260065,-1.73227109049978
-4.70990588632705,2.85740281115144,-1.84977927775297
-4.77225977619041,3.04559244843069,-1.97614867207833
-4.84740650736672,3.23395218121385,-2.11202903103588
-4.93550617093052,3.4226143217833,-2.25812936613456
-5.03669992513447,3.61162755552064,-2.41522406686359
-5.15109858166053,3.80094113160078,-2.58415803427871
-5.27876742971808,3.99038588817662,-2.76585030734414
-5.41970660808403,4.17965155222169,-2.96129548815047
-5.57382622291304,4.36825973350261,-3.17156204768932
-5.74091530724856,4.55553204884448,-3.39778631655967
-5.92060364593528,4.7405528916628,-3.64116063231247
-6.1123154772719,4.92212653765652,-3.9029137308676
-6.31521417538975,5.09872859820453,-4.18428104858722
-6.52813727952618,5.26845236027951,-4.48646217781466
-6.74952175597737,5.42895136135794,-4.81056235435751
-6.97732026844998,5.57738072476402,-5.15751465434912
-7.20891062659182,5.71034140659853,-5.52797969960614
-7.4410026202363,5.82383363270498,-5.92222034202337
-7.66954923988756,5.9132284139982,-6.33995031582595
-7.88967285447695,5.97326896463542,-6.78015855939471
-8.0956211028539,5.99811673027045,-7.24091515450722
-8.28077158053706,5.981458867548,-7.71917081792197
-8.43770794261802,5.91669432833795,-8.21056948562017
-8.55839133356141,5.79721278006872,-8.70930203228514
-8.63444815638635,5.61677291376711,-9.20803697264182
-8.65758604521005,5.36997313231144,-9.69796849108828
-8.62013306744988,5.05278825495609,-10.169019951224
-8.51567094411971,4.66312292116926,-10.6102287989569
-8.33970459247794,4.20131072892706,-11.0103146818567
-8.09028408466165,3.67047500495181,-11.3583982235756
-7.76848012272756,3.0766700889403,-11.6447994391331
-7.37861892813964,2.4287458934152,-11.8618127158964
-6.92821122595555,1.73792183755538,-12.004341409835
-6.42755922997392,1.01710992523357,-12.0702877195077
-5.88908351715956,0.280076007717952,-12.0606328403155
-5.32646221308435,-0.459441793252666,-11.9791991136351
-4.7537036353,-1.18853677339185,-11.8321440187245
-4.18427376428289,-1.89576419840404,-11.6272791982581
-3.6303747462466,-2.57154636929424,-11.3733261217542
-3.1024306048212,-3.20834624144982,-11.0792124796705
-2.60879425958622,-3.80064128377938,-10.7534868517204
-2.15565601645742,-4.34475140448397,-10.4038942357433
-1.74711294745146,-4.83858080566481,-10.0371215905646
-1.38535103814996,-5.28132732775125,-9.65869708806828
-1.07089446509148,-5.67319968403222,-9.27301164203245
-0.802884611045747,-6.01516797840666,-8.8834256791396
-0.579361653041901,-6.30875947897425,-8.4924255658692
-0.397531187680132,-6.55590147970326,-8.10179975720033
-0.254006072379514,-6.75880656585871,-7.71281216337976
-0.145019108498607,-6.91989224821086,-7.32635773874209
-0.0666056050444443,-7.04172595513343,-6.94309189017525
-0.0147567296332386,-7.12698695138445,-6.56353053810371
0.014454595904684,-7.17843819382949,-6.18812145494062
0.0247732174471911,-7.19890291854861,-5.81728997376776
0.0196846189412454,-7.19124252965871,-5.45146351887899
0.00235909485675424,-7.15833391566998,-5.09107990608299
-0.0243848368342644,-7.10304554773829,-4.7365842351988
-0.0580999155816318,-7.02821258485839,-4.38841866639537
-0.09671475566709,-6.93661174381318,-4.04700861825983
-0.138525946723784,-6.83093693739,-3.71274809278603
-0.182180045155243,-6.71377670888261,-3.38598602600678
-0.226647854805709,-6.58759436302479,-3.06701485129362
-0.271193302598213,-6.45471147641156,-2.75606188202783
-0.3153390410889,-6.31729521643831,-2.4532836824673
-0.35883066844575,-6.17734964594274,-2.15876329284601
-0.401601167677822,-6.03671096703782,-1.87250998827482
-0.443736854047461,-5.89704647649294,-1.59446115671626
-0.485445804551715,-5.75985687174223,-1.32448585431431
-0.527029444809832,-5.6264814599745,-1.06238961418957
-0.568857700584154,-5.49810577753472,-0.807920129045228
-0.611347892392223,-5.37577111571806,-0.560773484762473
-0.654947366453051,-5.26038546402387,-0.320600682151819
-0.70011971385375,-5.15273541545566,-0.0870142413938368
-0.747334329675981,-5.05349862377954,0.140405264528889
-0.797059000254776,-4.96325645417841,0.362102855969593
-0.849755174010389,-4.88250652200084,0.578543042196407
-0.905875563243868,-4.8116748659006,0.790204003194928
-0.965863734882318,-4.75112754910553,0.997572065857722
-1.03015537183067,-4.70118152409653,1.2011364573932
-1.09918091842827,-4.66211463044534,1.40138429562543
-1.17336935935509,-4.63417462220051,1.59879575385209
-1.25315291773641,-4.6175871395518,1.79383931616431
-1.33897249234186,-4.61256254923524,1.98696701676522
-1.43128368334692,-4.61930157901727,2.17860953304669
-1.53056327914393,-4.6379996633491,2.3691709762067
-1.6373160913355,-4.66884989955975,2.55902319423145
-1.75208202946868,-4.71204448627865,2.74849936937476
-1.87544329920908,-4.76777447752146,2.9378866551715
-2.00803158503589,-4.83622763629158,3.12741755603397
-2.15053503809423,-4.91758410985138,3.31725970546144
-2.30370482774311,-5.01200957432207,3.5075036473156
-2.46836092686995,-5.11964540868961,3.69814816995307
-2.64539668055872,-5.24059535818437,3.88908268831133
-2.83578154872476,-5.37490803648831,4.08006611976282
-3.04056120893711,-5.52255450007449,4.27070166465843
-3.26085394927799,-5.68340001519356,4.46040689600164
-3.49784196807282,-5.85716904402841,4.64837860565439
-3.75275582750901,-6.04340242622696,4.83355197725277
-4.02684989009315,-6.24140576355457,5.01455390088984
-4.32136612415781,-6.45018818473007,5.18965066806159
-4.63748324487632,-6.66839105296439,5.35669095894885
-4.97624784418673,-6.89420688437075,5.51304604231883
-5.33848409078616,-7.12528990045928,5.65555054024352
-5.72467894887977,-7.35866138767433,5.78044904023613
-6.13484094445486,-7.59061551853145,5.88335629192134
-6.5683326405981,-7.81663458296543,5.95924162403015
-7.02368053768862,-8.03132662760425,6.00245129468557
-7.49837139573314,-8.22840299102368,6.00678519550241
-7.98865105944815,-8.40071744030494,5.96564574985989
-8.48935034640847,-8.54039131476716,5.87227566623569
-8.9937712507695,-8.63904846527857,5.72009585178222
-9.49367341788313,-8.68817768585562,5.50314380032197
-9.97940235781334,-8.67962683101794,5.21659550317149
-10.4401935266719,-8.6062111778628,4.85733151358894
-10.8646673365891,-8.46239056681838,4.42448396507011
-11.2414990988937,-8.24494058908429,3.91988261375546
-11.5602089883809,-7.95352096139207,3.34831242375905
-11.8119793988685,-7.59103882478342,2.71750965514686
-11.9903827222511,-7.16372302921866,2.03785969277134
-12.0919026068436,-6.68086780723671,1.32181211035883
-12.1161606395535,-6.15426206285162,0.583083485084189
-12.0658128004106,-5.59737833727561,-0.164240025883422
-11.9461417348496,-5.02443667539869,-0.906573112644832
-11.764424204803,-4.44947203672395,-1.631562270702
-11.5291840210205,-3.88551836315936,-2.32860296429701
-11.2494440464436,-3.34398608074314,-2.98911681545615
-10.9340705362556,-2.83426568744546,-3.60660662864683
-10.5912691630072,-2.36355044448649,-4.17653713658933
-10.2282557135089,-1.93684370697225,-4.69610228535432
-9.85109409789673,-1.55710316653054,-5.16393800300966
-9.4646741742382,-1.22547303684686,-5.57982800573907
-9.07279231475304,-0.941561778324239,-5.94443491711326
-8.67829656938829,-0.703733051135471,-6.25907412860266
-8.2832627743987,-0.509387975899707,-6.5255358850176
-7.88917523244989,-0.355225593233461,-6.74595289402126
-7.49709356134241,-0.237474931009991,-6.9227061228123
-7.10779465081473,-0.152096363080377,-7.05835962075459
-6.72188470984068,-0.0949524176640252,-7.15561532214916
-6.33988091215632,-0.0619494236382986,-7.21728004979413
-5.9622652106758,-0.0491518750075062,-7.24623874040645
-5.58951468882961,-0.0528715313610987,-7.24542981348522
-5.2221136027892,-0.069733301032612,-7.21782033132911
-4.86055230538904,-0.0967200001830925,-7.16638000058187
-4.50531777403287,-0.131198183460615,-7.09405408806241
-4.15687970165605,-0.170927384437023,-7.00373597282603
-3.81567522229915,-0.214055246132609,-6.89824037993508
-3.48209445857377,-0.259101120012711,-6.78027840828337
-3.15646828317365,-0.304930732682169,-6.65243535062303
-2.83905902923579,-0.350724446336208,-6.51715208010317
-2.53005438285299,-0.395941471847604,-6.37671050449591
-2.22956434085429,-0.440282145730095,-6.23322331280391
-1.93762089905887,-0.48365007633957,-6.08862799017823
-1.65418002420375,-0.526115626419104,-5.94468487374161
-1.37912542862307,-0.56788185373479,-5.80297887102301
-1.11227368472676,-0.609253700807666,-5.66492436359054
-0.853380265024859,-0.650610925150018,-5.53177276559046
-0.602146156738703,-0.692385003789612,-5.40462219221148
-0.358224766854346,-0.735040035669061,-5.2844287077532
-0.121228897031623,-0.779057503664177,-5.17201865848502
0.109262375389005,-0.824924641944995,-5.06810164432271
0.333697025110427,-0.873126079325997,-4.97328373927569
0.552543688866534,-0.924138388885102,-4.88808062868548
0.766285596505126,-0.97842716170602,-4.81293038774293
0.97541483253801,-1.03644623142467,-4.74820567792596
1.18042691192511,-1.09863870013711,-4.69422518396313
1.38181563082943,-1.16543944968363,-4.65126415246669
1.58006813150113,-1.23727886071876,-4.61956392372927
1.77566009934604,-1.3145875014857,-4.59934036989918
1.96905098874149,-1.39780158574363,-4.59079116559117
2.16067915148875,-1.48736903235024,-4.59410182078918
2.350956717181,-1.58375598551,-4.60945040049321
2.5402640474873,-1.68745367283321,-4.63701084072127
2.72894355571031,-1.79898548633716,-4.67695474585804
2.91729264834796,-1.91891416743835,-4.7294515174667
3.10555550632733,-2.04784895858524,-4.79466661895959
3.29391337994811,-2.18645254869931,-4.87275772331621
3.48247302379551,-2.33544758359072,-4.96386842179564
3.67125284728508,-2.49562243175846,-5.06811909010983
3.86016630583855,-2.66783578539419,-5.18559441535098
4.04900201186784,-2.8530195301496,-5.31632698404093
4.23740001184672,-3.05217912903939,-5.46027622329083
4.42482366838578,-3.26639052976781,-5.61730188128584
4.61052662328112,-3.49679231646437,-5.78713114393731
4.79351442623516,-3.74457148591268,-5.96931843377415
4.972500632282,-4.01094084210271,-6.16319695898427
5.14585754957099,-4.29710559177453,-6.36782122482159
5.3115624224905,-4.60421632914068,-6.58190005623706
5.46714073963182,-4.9333052935013,-6.80372030262926
5.609609643453,-5.28520268685906,-7.03106241921023
5.73542615966212,-5.66043012542789,-7.26111067677571
5.84044718987852,-6.05906921130182,-7.49036297070213
5.91991086279998,-6.48060505366344,-7.71454816404211
5.96845170006892,-6.92374768065759,-7.9285625777452
5.98016466172595,-7.38623895842604,-8.1264413856748
5.94873470395404,-7.86465898413396,-8.30138469080432
5.86764785925884,-8.35425365784988,-8.44586089267307
5.73049561445601,-8.84881331156728,-8.551810032867
5.5313751235072,-9.34063903038111,-8.61096518007546
5.26537277412045,-9.82063585041746,-8.61529872497983
4.92909849448025,-10.2785670171929,-8.55758175100103
4.52121586687513,-10.7034880420678,-8.43201950688098
4.04289411263763,-11.0843525390807,-8.23489849237049
3.4980996029233,-11.4107466074701,-7.96515793027126
2.89365350928013,-11.6736722265008,-7.62478922552379
2.2390115274535,-11.8662735440783,-7.21897869370275
1.54576764554073,-11.9843938244735,-6.75594333059534
0.82693594582983,-12.0268711181521,-6.24646078734369
0.0961076534373038,-11.9955248539933,-5.70315001778062
-0.633398028906284,-11.8948422401716,-5.13960265554789
-1.34927721452574,-11.7314266069382,-4.56948504910407
-2.04079724992485,-11.5133053168778,-4.00572336117864
-2.69912739345468,-11.2492053137387,-3.45985463029665
-3.31744974375838,-10.9478912303231,-2.94158640257143
-3.89088848269648,-10.6176322397445,-2.45856840517181
-4.41631251246767,-10.2658298399888,-2.01635025741288
-4.89206879838402,-9.8988082516219,-1.61848281268463
-5.31769544954781,-9.52174717083027,-1.26671639676713
-5.69365005300931,-9.13872458551584,-0.961253459379585
-6.02107447960502,-8.75283391503926,-0.701021924209678
-6.30160514521482,-8.36634232730926,-0.483945452314321
-6.53722879017862,-7.98086306127779,-0.307195772993819
-6.73017832616387,-7.5975217907836,-0.167419181382168
-6.88286064682806,-7.21710406643392,-0.0609340802826987
-6.99780772743493,-6.84017686886743,0.0161006445308907
-7.07764309063195,-6.46718197785941,0.0675450935438757
-7.12505717003023,-6.09850218653792,0.097163699236839
-7.14278680709003,-5.73450351080363,0.108534317907035
-7.13359577078491,-5.37555767456682,0.104978975335465
-7.10025461757991,-5.02204952252728,0.0895142443828896
-7.04551932712249,-4.67437384306406,0.0648192580870818
-6.97210893691903,-4.33292556738607,0.0332193284164575
-6.88268287997738,-3.9980866077418,-0.00331692961867362
-6.77981895109575,-3.67021183247664,-0.0431691402412606
-6.66599285020534,-3.3496159397143,-0.0850475847703049
-6.54356013666255,-3.03656234306229,-0.12796868266758
-6.41474123295475,-2.73125465302695,-0.171225630982242
-6.28160988651622,-2.43383093584018,-0.21435613542581
-6.14608526924129,-2.14436065044939,-0.257108945969255
-6.00992768929074,-1.86284398800714,-0.299410648627825
-5.87473772221559,-1.58921324518151,-0.341333882900932
-5.74195844348113,-1.32333583118263,-0.383067870395001
-5.61288036155594,-1.065018518744,-0.424891870864618
-5.48864860551009,-0.814012585038936,-0.467151939625859
-5.37027190724072,-0.57001953723018,-0.510241153019988
-5.25863292901965,-0.332697170391351,-0.554583300225325
-5.15449951522805,-0.101665757456933,-0.600619910657701
-5.05853648679312,0.123485781316805,-0.648800394250019
-4.97131764279212,0.343193839375865,-0.699575013041724
-4.89333768175902,0.557914288236297,-0.753390371683026
-4.82502380217529,0.768116885731497,-0.810687106199415
-4.76674678503059,0.974279940281962,-0.871899459263737
-4.71883139946347,1.17688521787951,-0.937456451262146
-4.68156600413075,1.37641305498854,-1.0077843851592
-4.65521124129368,1.57333761811034,-1.08331045574764
-4.6400077371019,1.76812222845825,-1.16446726711747
-4.63618272980544,1.96121464721267,-1.25169809345269
-4.64395554728855,2.1530421923401,-1.34546274534757
-4.66354184602888,2.34400653113852,-1.44624392479075
-4.69515650487641,2.5344779626762,-1.55455396496934
-4.73901503832051,2.72478897029789,-1.67094185420099
-4.79533335440779,2.9152267856251,-1.79600043445593
-4.86432563128937,3.10602466138605,-1.93037364147821
-4.94620002253962,3.29735150071992,-2.07476361220815
-5.04115182401098,3.48929943565011,-2.22993742197432
-5.14935364353859,3.6818688885506,-2.3967331237221
-5.2709420095734,3.87495059056016,-2.57606463829481
-5.40599973763985,4.06830397539162,-2.76892488143614
-5.55453324888568,4.26153132481788,-2.97638630206918
-5.71644391172198,4.45404702751029,-3.19959774003151
-5.89149237109152,4.6450413473991,-3.43977618401024
-6.07925476553403,4.83343821274622,-3.69819162049611
-6.27906974919156,5.0178467768335,-3.97614271942861
-6.4899753923897,5.1965069251316,-4.2749206244478
-6.71063541275953,5.36722958838983,-4.59575765286909
-6.93925489958192,5.52733375768727,-4.93975734810997
-7.17348687613223,5.67358358446619,-5.30780220447757
-7.41033285722472,5.80213097201378,-5.70043571022704
-7.64604315619898,5.90847166209134,-6.11771642034108
-7.87602617630984,5.98742591985141,-6.55904394320701
-8.0947802426875,6.03315825430262,-7.02296041162704
-8.29586637848189,6.03925360954517,-7.50693655722674
-8.47194505708099,5.99886914882861,-8.00715903037874
-8.61490304640819,5.90497971489383,-8.51834470791289
-8.71609605276654,5.75072956000109,-9.03361716898059
-8.76672660475505,5.5298913677402,-9.54448793705392
-8.75836232672235,5.23741516881272,-10.0409870045961
-8.6835765687705,4.87002562721183,-10.5119795483364
-8.53666310652644,4.42680036238323,-10.945685394014
-8.31434488769261,3.90964158473536,-11.3303843408827
-8.01637277443348,3.32354723163277,-11.6552483922881
-7.64590446274193,2.67660349784968,-11.911201215223
-7.20957393663276,1.97966014330471,-12.0916791757233
-6.71720813193327,1.24570666296593,-12.1931690801591
-6.18121034912622,0.489026656020874,-12.2154300169094
-5.61569220562643,-0.275748354094826,-12.1613641885054
-5.0354793083933,-1.03454952003682,-12.0365684009838
-4.45512862122675,-1.77462723170889,-11.8486544981235
-3.88807699380696,-2.48507756984787,-11.6064585277699
-3.3459999787627,-3.15711472021425,-11.3192597031184
-2.83841232839741,-3.7841119428271,-10.9961063821785
-2.37249963767961,-4.3614644478058,-10.6453086831018
-1.95314235637159,-4.88633962069829,-10.2741181500832
-1.58308055228509,-5.35737650882443,-9.88858299151048
-1.26316760204992,-5.77438331455215,-9.49354695701495
-0.992668685132027,-6.13806493488685,-9.09275089957781
-0.769570959190422,-6.4497968459482,-8.68899601345016
-0.590883250462596,-6.71144931059635,-8.28433336355842
-0.452912152415027,-6.92525772197834,-7.88025263458121
-0.351507969948102,-7.09373052675185,-7.47785182464145
-0.282278138298016,-7.21958473434546,-7.07797753591668
-0.240768120260924,-7.30569954585137,-6.68133190932803
-0.222610958544977,-7.35508027595987,-6.28854692300766
-0.22364716488846,-7.37082683859032,-5.9002298174584
-0.24001684646752,-7.35610316897402,-5.51698506325962
-0.268226129400052,-7.31410578408896,-5.13941884785601
-0.305190136617167,-7.24803109926955,-4.76813183147811
-0.348255022415385,-7.16104208250969,-4.40370519038204
-0.395201819666385,-7.05623536955828,-4.04668396914562
-0.444235063398494,-6.93661015414017,-3.69756069293709
-0.493959268583332,-6.8050400993507,-3.35676118197326
-0.543346331648249,-6.66424928093288,-3.02463364893264
-0.591696787892656,-6.51679285284667,-2.70144148646599
-0.638597603547875,-6.36504278522871,-2.38735967194748
-0.683878838228208,-6.2111787100507,-2.08247441216103
-0.727571114309337,-6.05718364772478,-1.78678549016384
-0.769865408375856,-5.90484419060625,-1.50021072372033
-0.811076266545627,-5.75575458768536,-1.22259196448872
-0.851609163986255,-5.6113241024308,-0.953702129829329
-0.891932395582937,-5.47278699263135,-0.693252841861605
-0.932553608525499,-5.34121447577304,-0.440902335414705
-0.97400087132903,-5.21752808496689,-0.196263378118595
-1.01680801540558,-5.10251387901025,0.0410889828132492
-1.06150387930729,-4.9968370378511,0.271609973073409
-1.10860502469051,-4.90105644532613,0.495778020746084
-1.15861146853946,-4.8156389299632,0.714088101844589
-1.21200497983293,-4.74097289863501,0.92704550978505
-1.26924951277722,-4.67738115475875,1.13516003095374
-1.33079338600277,-4.62513274121321,1.33894048643538
-1.39707286182521,-4.58445368744008,1.5388895800242
-1.46851682697468,-4.55553656996798,1.73549897364627
-1.54555232226368,-4.53854881576076,1.92924449232943
-1.6286107104959,-4.53363968839207,2.12058134108339
-1.71813430717697,-4.54094589817268,2.30993919482176
-1.81458332538021,-4.56059576905763,2.49771699916018
-1.91844300279727,-4.59271187740445,2.68427729400059
-2.03023078395157,-4.63741205030187,2.86993984277719
-2.15050342200205,-4.69480857399831,3.05497431774483
-2.27986384041454,-4.76500541563487,3.23959175563808
-2.41896755243809,-4.84809320378683,3.42393445875484
-2.56852837260519,-4.94414164524331,3.60806397506829
-2.72932306553475,-5.05318897756996,3.79194674949614
-2.90219445872167,-5.17522797091317,3.97543700077633
-3.08805239295364,-5.31018790159949,4.15825635077
-3.28787169189203,-5.45791183057169,4.33996972515268
-3.50268609774111,-5.61812844209449,4.51995707085295
-3.73357684221039,-5.79041764925535,4.69738051710045
-3.98165420608161,-5.97416917820029,4.87114677250332
-4.24803008113468,-6.16853344026104,5.03986483888903
-4.53377921483121,-6.37236424269693,5.20179958309867
-4.83988654397152,-6.58415334497093,5.35482239978803
-5.16717789412301,-6.80195762693376,5.49636118640537
-5.51623146537784,-7.02332080104351,5.6233531959496
-5.88726812124538,-7.24519327778675,5.73220606929962
-6.28001977694503,-7.46385606236012,5.81877445459002
-6.69357741200752,-7.67485743121557,5.87836196744382
-7.12622366531276,-7.8729744774954,5.90576053426851
-7.5752597628859,-8.0522150581051,5.89534085625484
-8.03684258772914,-8.20587852159038,5.84120801892015
-8.5058544934286,-8.32669474585802,5.73743408167342
-8.97583481417084,-8.40705901124633,5.578373651888
-9.43900600658392,-8.43937350301345,5.3590580825248
-9.88642643087037,-8.41649360277191,5.07564897033429
-10.3082933289014,-8.33225859557146,4.7259135153001
-10.6944019353516,-8.18206401762903,4.30966645703355
-11.0347405022934,-7.96341112667929,3.82911099149221
-11.3201703268412,-7.67635445581089,3.28901021287149
-11.5431120157998,-7.32376794268901,2.69663558933994
-11.6981432460783,-6.91136799813052,2.06147002709984
-11.7824166373251,-6.44746711888849,1.39468479170619
-11.795831319711,-5.94247700906381,0.708451597491925
-11.7409334987992,-5.4082239191839,0.0151816275641643
-11.622568923205,-4.85716904424522,-0.673206727559045
-11.4473507667949,-4.301635758142,-1.34590216919748
-11.2230300728624,-3.75313274816123,-1.99363753193863
-10.9578588658513,-3.22183388960856,-2.60892772957051
-10.6600212164708,-2.71624152301292,-3.18612132176864
-10.3371821414336,-2.24302873671275,-3.72130273830606
-9.99617636525923,-1.80703415579218,-4.21209360061624
-9.64283503824918,-1.41137141765466,-4.65740146652345
-9.28193187853822,-1.05761361836425,-5.05715641363774
-8.91722146691254,-0.746017547978042,-5.41206434920308
-8.55154028962798,-0.47576028237916,-5.72339416690354
-8.18694352381555,-0.245169101005231,-5.99280594766994
-7.82485543003826,-0.0519331487222362,-6.22222019053349
-7.46621693234651,0.106708974455201,-6.41372357005486
-7.11161945874629,0.233807538384602,-6.56950449148646
-6.76141880755199,0.332565339972208,-6.69181113615273
-6.41582647853343,0.406224850187708,-6.78292516663337
-6.07497856474744,0.457976525694627,-6.84514531555155
-5.7389840598203,0.4908859282942,-6.88077636671135
-5.4079554600986,0.507837476314137,-6.89212032507446
-5.08202500066894,0.511492890971898,-6.88146772737384
-4.76134991340767,0.504262612581603,-6.85108799949872
-4.4461098663298,0.488288612149155,-6.80321849693512
-4.13649934497116,0.465437112337938,-6.74005237657788
-3.83271725374925,0.437299774944973,-6.6637257659747
-3.53495551247761,0.405201933553676,-6.57630485285828
-3.24338794588109,0.370216472592405,-6.47977355058182
-2.95816034116155,0.333181994895827,-6.37602234003108
-2.67938219589164,0.294723989100968,-6.26683877840891
-2.40712040057788,0.255277808752617,-6.1539000273231
-2.14139489418169,0.215112403925313,-6.0387676081113
-1.88217618873894,0.174353896537788,-5.92288445647944
-1.6293845703379,0.133008253259267,-5.80757423096527
-1.38289073668628,0.0909824754500978,-5.69404273551019
-1.14251761545555,0.0481038852224057,-5.58338124701109
-0.908043113052219,0.00413723336018743,-5.47657149308002
-0.679203562708988,-0.0412005165635966,-5.37449200070321
-0.455697667925434,-0.0882277659825082,-5.27792552953277
-0.237190768103179,-0.137288173746845,-5.18756731033081
-0.0233192849150938,-0.188742752129408,-5.10403382585935
0.186304761171012,-0.242964011744436,-5.02787189483776
0.392089245599141,-0.300331974685391,-4.95956784647982
0.594457499839461,-0.361231863989131,-4.8995566010765
0.793843965785195,-0.426053278164325,-4.84823049907889
0.990689949583677,-0.49519066905754,-4.80594774555564
1.18543945742518,-0.569044957046967,-4.77304035750144
1.3785350736909,-0.648026136997261,-4.74982151727913
1.57041381957353,-0.732556749411412,-4.73659224570037
1.76150290708337,-0.823076111864591,-4.73364731220496
1.95221527841626,-0.920045224376747,-4.74128029662907
2.14294479307911,-1.02395227724405,-4.75978770645148
2.33406089395738,-1.135318699343,-4.78947203434954
2.52590254760519,-1.25470568721001,-4.83064361238202
2.71877121234566,-1.3827211481068,-4.88362107992569
2.91292253921723,-1.52002697109964,-4.94873023116324
3.10855645447243,-1.66734650545296,-5.02630094277074
3.30580520766745,-1.82547207093362,-5.11666180165771
3.50471889649987,-1.99527224428665,-5.22013195438736
3.70524789979226,-2.17769855308675,-5.33700958284904
3.90722156670601,-2.37379105371165,-5.46755627444506
4.11032242988059,-2.5846820640854,-5.6119764010079
4.31405514401889,-2.81159705266537,-5.77039045386223
4.51770931789146,-3.05585134124206,-5.94280111362098
4.7203154354122,-3.31884085062115,-6.12905068229133
4.9205931929944,-3.60202460074874,-6.32876840566824
5.11689187696309,-3.90689607751378,-6.54130621939054
5.30712295032657,-4.23493992582896,-6.76566164358268
5.48868592212025,-4.58756978686416,-7.00038704568928
5.65838996772925,-4.96604258618525,-7.2434854485019
5.8123757996632,-5.37134439883819,-7.49229468355695
5.94604508211895,-5.80404347289548,-7.7433642128329
6.05400829131774,-6.26410751428715,-7.99233258962709
6.13006622826948,-6.75068546790033,-8.23381843856196
6.16724496236988,-7.26185936817592,-8.4613439094622
6.15790791408064,-7.79437985894263,-8.66731626436011
6.0939705335848,-8.34340976409936,-8.84309936005029
5.96724040802712,-8.90231282966073,-8.97921014780016
5.76989606683398,-9.46253726811786,-9.06567286727851
5.49509908433693,-10.0136520824222,-9.09255184985391
5.13770587970118,-10.5435928516975,-9.05065998282986
4.69501089009874,-11.039156974382,-8.93240378979215
4.16741920112954,-11.4867528339695,-8.73268241706068
3.55892608939835,-11.8733551627257,-8.44971715888775
2.87728598791821,-12.1875603244536,-8.08566546939475
2.13379185802905,-12.4205879847672,-7.64688299478834
1.34265451532582,-12.5670592589159,-7.14374530372218
0.520053490231749,-12.6254084553246,-6.59002012468663
-0.316998777460203,-12.5978535521525,-6.00186968597883
-1.1518026419785,-12.4899407427943,-5.39663382122276
-1.96896107314448,-12.3097627132844,-4.79157634653503
-2.75509806026234,-12.0670037214891,-4.20276349922845
-3.4992596742322,-11.7719752537692,-3.6441941314936
-4.19301777088708,-11.4347783429518,-3.12723695480082
-4.83034181459956,-11.0646780387502,-2.66037064611114
-5.40732346832519,-10.6697203112718,-2.24918108452825
-5.92183499843437,-10.256575925278,-1.89655007060357
-6.37318474087876,-9.8305664501815,-1.60296809528391
-6.76180988649981,-9.39581498099199,-1.36691329400812
-7.08902536673272,-8.9554647910441,-1.18525293676457
-7.35683125090354,-8.51191811261108,-1.05363784999635
-7.56777079778175,-8.06706003474034,-0.966871508011441
-7.72482650334805,-7.62244578239694,-0.919243474026235
-7.83134078282436,-7.17944133497606,-0.904821833119904
-7.89094981303679,-6.73931643766486,-0.917702124119594
-7.90752222471085,-6.30329527372805,-0.952211946519807
-7.88509777331657,-5.87257358351099,-1.00307157882968
-7.82782416726562,-5.44831228671348,-1.06551199668165
-7.7398925313403,-5.0316172617869,-1.13535276706504
-7.62547341322061,-4.62351345448984,-1.20904338743901
-7.48865586033335,-4.22491946742387,-1.28367261742757
-7.33339206892969,-3.83662666120698,-1.35695108781516
-7.16344964851356,-3.45928488494571,-1.42717287622418
-6.98237285999671,-3.0933954278032,-1.49316177955094
-6.79345344703321,-2.73931071036997,-1.55420771552254
-6.59971100797033,-2.39723959489144,-1.6099981171098
-6.40388232008264,-2.06725691497545,-1.6605484332158
-6.20841865396365,-1.7493158124681,-1.70613500926332
-6.0154898986646,-1.44326162514118,-1.74723277349049
-5.8269942334646,-1.14884631063361,-1.784459361931
-5.64457209829645,-0.865742657110146,-1.81852661932544
-5.46962329982379,-0.59355777817023,-1.85019983718783
-5.30332621608125,-0.331845596274729,-1.88026464052221
-5.14665820759828,-0.0801181773291395,-1.90950110610435
-5.0004164913895,0.162144109363278,-1.93866447508933
-4.86523887590157,0.39548355981605,-1.96847169419216
-4.74162388400108,0.620457145698704,-1.99959296465641
-4.62994990445259,0.837629459661766,-2.03264747900619
-4.53049310916205,1.04756648292407,-2.0682025661601
-4.44344395405332,1.25083006359173,-2.10677553213034
-4.36892214676562,1.4479729982078,-2.14883756497881
-4.30699001567091,1.63953461303333,-2.19481916012401
-4.25766425335866,1.82603674390291,-2.24511660886167
-4.22092603503392,2.00798001342792,-2.30009917434472
-4.19672952944399,2.18584030164426,-2.36011665207581
-4.18500882808643,2.36006530103828,-2.42550707420823
-4.18568331852893,2.53107103949442,-2.49660436751711
-4.1986615205304,2.69923824538965,-2.5737458132705
-4.22384339002,2.86490841811107,-2.65727918322851
-4.26112107649799,3.0283794549952,-2.74756943960695
-4.3103780946407,3.18990067243712,-2.84500488803451
-4.37148684139506,3.34966704518992,-2.95000266117004
-4.44430435629568,3.50781247442247,-3.06301338640538
-4.52866618600419,3.66440188309928,-3.18452485343619
-4.62437817543447,3.81942192848204,-3.31506444575474
-4.73120596921347,3.97277011869993,-3.45520003357748
-4.84886197155872,4.12424212725635,-3.6055389438189
-4.97698948428925,4.27351712145633,-3.76672452545904
-5.11514372798987,4.42014096544957,-3.93942971712781
-5.26276945936393,4.56350723567959,-4.12434690098297
-5.41917494102106,4.70283610852894,-4.32217319911299
-5.58350211503227,4.83715136222426,-4.53359024651993
-5.75469299998753,4.96525599547182,-4.759237375614
-5.93145259927568,5.08570732300846,-4.99967709740662
-6.11220900601333,5.19679288121337,-5.25535180193265
-6.2950719487516,5.29650907729153,-5.52653077596515
-6.47779176867897,5.38254524238443,-5.81324701488172
-6.65772176652599,5.45227657765062,-6.11522396419227
-6.83178799040602,5.50277035054599,-6.43179334505318
-6.99647179085867,5.53081049001923,-6.76180666511069
-7.14781171106382,5.53294625915675,-7.10354492008133
-7.28143227868514,5.50557069120053,-7.45463330314866
-7.39260768424861,5.44503363447894,-7.8119702822594
-7.4763677383021,5.34779221636464,-8.1716828284608
-7.5276514268455,5.21059802290318,-8.52912132734162
-7.54150944039271,5.03071521335868,-8.87890804568056
-7.51335109926816,4.80615742114869,-9.21505114780173
-7.43922346140514,4.53592441109196,-9.53113149054747
-7.31610203645748,4.22021339234976,-9.82056154374071
-7.14216505719178,3.86057635532786,-10.076905316921
-6.91701872576361,3.45999555164867,-10.294236611627
-6.64184122909988,3.02285543283898,-10.4675026141739
-6.31941978835441,2.55480097174046,-10.5928535305814
-5.95406731963042,2.0624877161452,-10.6678989424192
-5.55142147916648,1.55324516667014,-10.6918588079743
-5.11814563011435,1.03468847523253,-10.6655906356422
-4.66156485892139,0.514320845686555,-10.5914915886772
-4.18927760461214,-0.000831264894917139,-10.4732913713332
-3.70878345713838,-0.50451559181564,-10.3157650620378
-3.22716093718642,-0.991462184910803,-10.1244021980925
-2.75081786359954,-1.45749465503767,-9.90506878068802
-2.28532419695922,-1.89955013108701,-9.66369355268945
-1.83532570496148,-2.31562317565543,-9.40600105647109
-1.40452820740696,-2.70465417424919,-9.13730400291338
-0.995737202368461,-3.06638382896151,-8.86235835621272
-0.610936098038665,-3.4011933530135,-8.58527748326536
-0.251387262535546,-3.70994605797464,-8.30949716855983
0.0822573418985994,-3.99384143622963,-8.03778109448026
0.389845959236717,-4.25428844849873,-7.77225603092428
0.671624089346521,-4.49280105227673,-7.51446685647844
0.928142814349761,-4.71091626237214,-7.26544308369337
1.16018023869375,-4.91013320955229,-7.02577034754994
1.36867630845413,-5.09187062235035,-6.7956620480967
1.5546802519331,-5.25743971506689,-6.57502785203124
1.71930929732275,-5.40802943642534,-6.36353698578498
1.86371705746376,-5.54470125937003,-6.16067518904428
1.98906992316326,-5.66839105094494,-5.96579487233315
2.09652989272533,-5.7799159662984,-5.77815848052204
2.18724242568038,-5.87998470787547,-5.59697535415924
2.26232810165946,-5.96920984890797,-5.4214325466757
2.32287706449588,-6.04812122544215,-5.25072013509014
2.36994542148393,-6.1171796504904,-5.08405158431946
2.4045529402958,-6.17679040119122,-4.92067971272464
2.42768153810984,-6.2273160822352,-4.75990877495822
2.44027418855596,-6.26908858462018,-4.60110313831617
2.4432339830898,-6.30241994627339,-4.44369298750461
2.43742317590991,-6.32761198756434,-4.28717745396296
2.42366211720018,-6.34496464629914,-4.13112553150279
2.40272803988178,-6.35478297812347,-3.97517511046228
2.37535371160204,-6.35738282272338,-3.81903043737289
2.34222599764454,-6.35309516598779,-3.66245828531539
2.3039844030219,-6.3422692546041,-3.50528310053832
2.26121967442325,-6.32527454289074,-3.34738137237458
2.21447254621006,-6.30250157201681,-3.18867545504549
2.16423271065815,-6.27436189882049,-3.02912705087532
2.110938082594,-6.24128720480342,-2.86873054434168
2.05497441399392,-6.2037277251752,-2.70750635514937
1.99667529653873,-6.16215014280552,-2.54549445629156
1.93632257102121,-6.11703509256618,-2.38274818021666
1.8741471432426,-6.06887441797552,-2.2193284132578
1.81033018777881,-6.0181683146684,-2.0552982559782
1.74500470468768,-5.96542248454779,-1.89071820562347
1.67825738054892,-5.91114541119935,-1.72564189698273
1.61013069459711,-5.8558458520018,-1.56011242009064
1.54062520328711,-5.8000306260939,-1.39415921768566
1.46970193235762,-5.74420276067191,-1.22779555238973
1.39728480407798,-5.68886004162443,-1.06101652328731
1.32326302847928,-5.63449399878702,-0.893797603950651
1.24749339049192,-5.58158934151578,-0.726093668893372
1.16980236949599,-5.53062384710009,-0.557838472788764
1.08998803329079,-5.48206869288897,-0.388944546379034
1.00782165438247,-5.43638921289348,-0.219303474637466
0.923049002307276,-5.3940460509357,-0.0487865262481486
0.835391271057104,-5.35549667492017,0.12275439130702
0.74454560524718,-5.32119721019434,0.295485469911948
0.650185192249809,-5.29160454384105,0.469589442637774
0.551958890002655,-5.26717864563037,0.645263729530333
0.449490361581319,-5.24838504469243,0.822718275781715
0.342376688016603,-5.23569739311236,1.00217305677355
0.23018643048033,-5.22960003784877,1.18385520813917
0.112457112258468,-5.23059050977344,1.36799571973481
-0.0113079095324398,-5.23918182220614,1.55482560957741
-0.141643211911083,-5.25590444987317,1.74457146656864
-0.279125740239779,-5.28130783131794,1.93745021816819
-0.424379928522852,-5.31596120172139,2.13366293990014
-0.578083512898842,-5.36045351680383,2.33338747628466
-0.740974023699875,-5.41539216955294,2.53676958594932
-0.913855906758429,-5.48140012713206,2.74391225568779
-1.09760817168651,-5.55911102226477,2.95486274760041
-1.29319238664746,-5.64916161819155,3.1695968490653
-1.50166072660235,-5.75218092546645,3.38799968693607
-1.72416362354661,-5.86877507942025,3.60984234652221
-1.96195634841932,-5.99950688750472,3.83475340701182
-2.21640355780049,-6.14486872738304,4.06218437734214
-2.48898044436901,-6.30524722650646,4.29136790709121
-2.78126861756209,-6.48087789844442,4.52126758443542
-3.09494419150321,-6.6717876822026,4.75051816343726
-3.43175476133309,-6.87772318373394,4.97735525593915
-3.79348101671863,-7.09806244452062,5.19953398161114
-4.18187772050699,-7.33170840044397,5.41423693625127
-4.59858778424833,-7.57696304966593,5.61797330168206
-5.04502241649521,-7.83138300190209,5.80647320966364
-5.52220016999027,-8.09161988979357,5.97458483193159
-6.03053873276189,-8.35325348704976,6.11618629699837
-6.56959628145071,-8.61063165474383,6.22413046246919
-7.13776511307356,-8.85673955906058,6.29024746239268
-7.73193007638717,-9.08313057318314,6.3054368159499
-8.34711863730427,-9.27996153448001,6.25988577345082
-8.97618777199378,-9.43618278774322,6.14345036027395
-9.60961283112889,-9.53993422484181,5.9462261349128
-10.2354597284356,-9.57918654183369,5.65931283628748
-10.8396259016512,-9.54263666494889,5.27573868960709
-11.4064175760671,-9.42081560174149,4.79145896866904
-11.9194834835134,-9.20730108149584,4.20628998644154
-12.3630493231709,-8.89986174283954,3.52460246480106
-12.723307549344,-8.50131860962937,2.75559889204915
-12.9897418846819,-8.01991818668142,1.91305282119968
-13.1561384749373,-7.46908223226298,1.01449060479444
-13.2210777422236,-6.86652080666439,0.0799210208998673
-13.1878085891315,-6.23283190192048,-0.869676583066049
-13.0635467605013,-5.58981688769537,-1.81384807450962
-12.8583640500918,-4.95878175772258,-2.73391320122095
-12.5839046058324,-4.35906285550181,-3.6138209181423
-12.2521640471836,-3.80693336212767,-4.44057261163015
-11.8745093164372,-3.31494828055085,-5.20426726157801
-11.4610313734905,-2.89170227154104,-5.89787764391857
-11.0202390427019,-2.54192317689652,-6.51688006580595
-10.559040513068,-2.26680541855142,-7.05884214187336
-10.0829262365737,-2.06449273686766,-7.52303945468309
-9.59626040405472,-1.93063715314487,-7.91013647377485
-9.10260000990391,-1.85898098579245,-8.22193855206307
-8.60498214263626,-1.84192565350285,-8.46120363732694
-8.10614443360679,-1.87106303236716,-8.63149424076418
-7.60866566708587,-1.93765287330247,-8.73704989906129
-7.11503063268122,-2.0330348101128,-8.78266489574643
-6.62763432634448,-2.14896735521877,-8.77356259223532
-6.14874577112419,-2.27788999544247,-8.71526419462833
-5.68045205261315,-2.41310840231798,-8.61345477093949
-5.2246001042039,-2.54890668308991,-8.4738522307904
-4.78274888390168,-2.68059409168986,-8.30208581467038
-4.35613922478498,-2.80449626506998,-8.10358985955253
-3.94568382483976,-2.91790258457889,-7.8835168451174
-3.55197615813823,-3.01898164147126,-7.6466716039282
-3.17531474144074,-3.10667616103792,-7.39746658716675
-2.81573809156275,-3.18058738218518,-7.13989651411588
-2.47306560056696,-3.24085710743704,-6.87752971738517
-2.14694011485747,-3.28805371406531,-6.61351300936414
-1.83686892179106,-3.323066567502,-6.35058683964545
-1.54226087450824,-3.34701164410503,-6.09110775735981
-1.2624583498109,-3.36114982259891,-5.83707560906939
-0.996763535751175,-3.36681825899263,-5.59016338786905
-0.744459144950542,-3.36537449963408,-5.35174812881895
-0.504824047793209,-3.35815247283565,-5.12294167509036
-0.277144542583575,-3.34642918526287,-4.9046204971201
-0.0607220650133814,-3.33140078952115,-4.69745402914589
0.145121873602417,-3.31416664341645,-4.50193119945556
0.341042805037889,-3.2957200151712,-4.31838498336012
0.527671873706278,-3.27694417530822,-4.14701491368744
0.705615370221747,-3.25861273412782,-3.98790755425595
0.87545485764425,-3.24139321818126,-3.84105498734859
1.0377476218005,-3.2258530186806,-3.70637139455347
1.1930272626068,-3.21246698155899,-3.58370782728849
1.34180431051955,-3.20162603768404,-3.47286527292432
1.48456680208712,-3.19364638928041,-3.37360612731464
1.62178078326263,-3.18877887316188,-3.2856641863684
1.75389073138267,-3.18721821222019,-3.20875326900543
1.88131989931005,-3.18911194386084,-3.14257458194041
2.00447059074978,-3.1945688783525,-3.08682293351392
2.12372437637091,-3.2036669923532,-3.04119189938715
2.23944225787142,-3.21646070438915,-3.00537803744659
2.35196478285384,-3.23298751107438,-2.97908424283216
2.46161210830118,-3.25327398666262,-2.96202232672179
2.5686840052058,-3.27734116534949,-2.95391489450687
2.67345979190658,-3.30520933672743,-2.95449659041246
2.77619817914195,-3.33690229094547,-2.96351476659001
2.8771370058112,-3.37245105230928,-2.98072962536574
2.97649284094956,-3.41189713899856,-3.00591387377927
3.07446042441803,-3.45529538286333,-3.03885191989305
3.17121191622625,-3.50271633734003,-3.07933863067739
3.26689592219582,-3.55424829373507,-3.12717766165106
3.36163626181267,-3.60999891668412,-3.1821793589552
3.45553044264055,-3.67009649864742,-3.2441582252361
3.54864780466587,-3.73469082091108,-3.31292993171249
3.64102729759319,-3.80395359474882,-3.38830785024671
3.73267485468474,-3.87807844114882,-3.47009907133273
3.82356032863296,-3.95728035082222,-3.55809986695301
3.91361395871013,-4.04179454812015,-3.6520905516617
4.00272234476175,-4.13187466312004,-3.75182969160606
4.0907239133985,-4.22779009577173,-3.85704761029063
4.1774038761092,-4.32982243511491,-3.96743914276411
4.26248869930083,-4.43826077600573,-4.08265559791575
4.34564013402799,-4.55339575676603,-4.20229590340266
4.42644889014254,-4.67551212550865,-4.32589693146844
4.50442808761052,-4.80487963312791,-4.4529230390098
4.57900667859156,-4.94174205048487,-4.58275490448462
4.6495231090293,-5.08630412058513,-4.71467781060696
4.71521957875078,-5.23871628907047,-4.84786960815846
4.77523736398556,-5.39905711473607,-4.98138870509361
4.82861378342231,-5.56731335353782,-5.11416255773771
4.87428151323047,-5.74335784255618,-5.24497729655483
4.91107107885341,-5.92692549202186,-5.37246929377834
4.93771745792834,-6.1175879292427,-5.49511966560078
4.95287179981415,-6.31472762958245,-5.61125288289871
4.95511927735251,-6.51751271135014,-5.71904081934549
4.94300400486138,-6.72487394855313,-5.81651366358824
4.91506174927508,-6.93548593986659,-5.9015791242928
4.86986079669045,-7.14775472016686,-5.97205121903115
4.80605079079608,-7.35981435247802,-6.02568961543565
4.72241862707745,-7.56953511923597,-6.06024994890138
4.61794959019029,-7.77454576177323,-6.07354475791795
4.49189092280122,-7.97227172150072,-6.06351367119243
4.34381401801833,-8.15999046558878,-6.02830031075318
4.17367058153432,-8.33490373024011,-5.96633215571099
3.98183758849524,-8.49422494814902,-5.87639850619933
3.76914583829829,-8.63527838352672,-5.75772089391436
3.53688752322258,-8.75560479233142,-5.61001000400407
3.28679952733084,-8.85306702099855,-5.43350355981216
3.02102109719852,-8.92594812259289,-5.22898074504415
2.74202688249159,-8.9730345196702,-4.99775054028288
2.45253882679173,-8.99367758168489,-4.74161363977589
2.15542263029207,-8.98782866473024,-4.46280008476496
1.85357615115792,-8.95604498030739,-4.16388703906748
