1.9656868951164,0.0,0.0
1.804357479031627,0.5235101221992269,0.004882709802785561
1.706059182240652,1.0057458045599765,0.01798544316487393
1.6616870893962705,1.4632346630572344,0.03799631974596327
1.6644561770327921,1.9101416529352904,0.0646378198653054
1.7094845162943928,2.3588461115350805,0.09842324589897858
1.7934659228056349,2.82041546055864,0.14053856316009924
1.9144144749738905,3.304991139678474,0.19281273987035535
2.0714663615816495,3.8220997220673856,0.2577551995529196
2.2647269652326107,4.380898525331388,0.3386491988316853
2.4951529257282825,4.990360821577951,0.43969672750712496
2.764460164442536,5.659401008533475,0.5662150284359742
3.0750494864185307,6.396934651483874,0.7248876443279184
3.4299413870004485,7.211861842197784,0.9240741748002922
3.8327110204935617,8.112954488695108,1.174182418529276
4.287412857309131,9.108618616685789,1.4881035791415138
4.798482263732344,10.206491363347991,1.881704476254581
5.370597996720552,11.412819334524633,2.37435828727082
6.008485397683979,12.731551515377852,2.9894745119186084
6.716635058266162,14.163068744360622,3.754956074467059
7.498906453859554,15.702468432654365,4.703462832040535
8.357981705983377,17.337337605220156,5.872293105586006
9.294633552939771,19.04499528924821,7.3026085309651965
10.306777706174774,20.78928938867641,9.037631419975998
11.38829901226132,22.51722063356737,11.119363463887213
12.527681102947039,24.15595954989524,13.583362631841124
13.706538742328636,25.61121811381336,16.451259356347457
14.898255269181963,26.76836865811417,19.721110563436845
16.067056966920475,27.497990984829304,23.35648594867194
17.167981641324893,27.667361281738692,27.27635063196028
18.14825837960467,27.158387284939874,31.349088864136956
18.95052167278193,25.89041079064539,35.39476517825287
19.517957067561277,23.843444884502386,39.19902400273055
19.80091487293044,21.074936895779558,42.53919235231737
19.763875323259896,17.722816068766434,45.21852032269106
19.39118937295257,13.990721556497318,47.09996345132687
18.690058460467476,10.117385117899966,48.12924614631409
17.689865805759087,6.338378678358408,48.33987780180497
16.438014070254166,2.8513349363635925,47.83930937602599
14.99340285090264,-0.20632750634259311,46.782090466493145
13.419176216233213,-2.7637254648349447,45.339291782578165
11.776252683605204,-4.809218004184558,43.67252292042367
10.118598277270424,-6.3751660429458,41.917125762122325
8.490538795557987,-7.520672074211614,40.1750492616189
6.9258897556436,-8.316484298314972,38.51523640077322
5.4484150907988536,-8.833995992432508,36.978459207452225
4.073079457497471,-9.138509345867977,35.58390023465003
2.8076462894461276,-9.28597515879777,34.33566334328306
1.6543096389625467,-9.322129836983484,33.22827445186122
0.6111774189523307,-9.28305038237632,32.25086930027774
-0.32647736423645357,-9.19639824113313,31.39013176028688
-1.1652162116516975,-9.082881093771833,30.632206809819614
-1.9126682131890784,-8.95766680525463,29.963847409263774
-2.5769628789390024,-8.831623787868772,29.37302773678076
-3.1663247170850477,-8.712346964092571,28.849206553406926
-3.688793748895724,-8.604974206830615,28.383374836813985
-4.152041180589449,-8.512818932522524,27.96798000967708
-4.56325522142872,-8.437851028820573,27.596787248467972
-4.929077478611325,-8.381057456776109,27.264715641792808
-5.255575023635036,-8.342709830299915,26.967671515468535
-5.548237003611918,-8.322561320130268,26.702391136387035
-5.811987622661883,-8.31999047895601,26.466298638254127
-6.051209567544147,-8.334105503383457,26.257381156874665
-6.26977363626865,-8.36381915428226,26.074080947366802
-6.4710715756868575,-8.407902001923366,25.915203081696657
-6.6580500507743015,-8.465019733929166,25.779836793956452
-6.833244339497047,-8.533758836785443,25.66728839445476
-6.998810838139872,-8.612643919963588,25.57702374803204
-7.15655782175411,-8.70014919853151,25.508618505506753
-7.307974169005451,-8.794706108044764,25.461714528608102
-7.4542559562796615,-8.894708634483994,25.435981222589916
-7.596330971066934,-8.998517656219391,25.43108076723153
-7.734881302444657,-9.104465379592344,25.446636505826206
-7.8703642458244385,-9.210860778083038,25.482204007931355
-8.003031815859787,-9.315996796644365,25.53724456238022
-8.132949199085758,-9.418159941684143,25.611101080124097
-8.260012498367656,-9.51564273110329,25.702976588999775
-8.38396612527176,-9.606759318732632,25.81191568022321
-8.504420183966133,-9.689864427659625,25.936789413345927
-8.620868160763237,-9.763375524962479,26.076284295046946
-8.732705186480933,-9.825797947780545,26.22889600885194
-8.839247074364335,-9.875752453166994,26.392928578833114
-8.939750255080952,-9.912004421914284,26.566499592697923
-9.033432634082248,-9.933493713868607,26.747551983039255
-9.119495288597118,-9.939363967064567,26.933872668565147
-9.197144806391014,-9.92898997548801,27.123118094069806
-9.265615952399283,-9.902001690929621,27.312846389633243
-9.324194239915762,-9.858303391638328,27.50055551406546
-9.372237888505978,-9.798086657892842,27.683726379660882
-9.409198579692898,-9.721835998240556,27.859869604809727
-9.434640381522636,-9.630326276399542,28.026574240452646
-9.44825621054396,-9.52461148323593,28.18155659746309
-9.4498812382285,-9.406004855710952,28.32270719176075
-9.439502728924941,-9.276050831206001,28.448133840717464
-9.417265914993223,-9.136489801434232,28.556199095031342
-9.383475665124879,-8.98921705412349,28.645550468215376
-9.338593874198896,-8.836237625210675,28.715142311391503
-9.283232685242677,-8.679618999985284,28.764248643039146
-9.21814383295793,-8.521443680839472,28.79246674273109
-9.144204560866704,-8.363763578274606,28.799711812549216
-9.062400699029514,-8.208557990831176,28.786203459532228
-8.973807587754715,-8.057696641127915,28.75244512337063
-8.87956958945677,-7.912908860606414,28.699197841791992
-8.78087894428397,-7.775759600933762,28.627449899684457
-8.67895469739932,-7.647632531579116,28.538383947014992
-8.575022362035623,-7.529720093332964,28.43334310564719
-8.47029489012151,-7.423020042187145,28.313797434931328
-8.365955410186668,-7.328337754250285,28.181311913962137
-8.263142069567444,-7.246293378537,28.03751684980832
-8.162935193325728,-7.177332820643956,27.884081359673267
-8.066346853289465,-7.121741509948239,27.722690321277074
-7.974312833162684,-7.079659934773537,27.555024955433993
-7.887686883897165,-7.051100010074252,27.382747008271718
-7.80723708985895,-7.0359614559367785,27.207486343190993
-7.733644111557458,-7.034047498692027,27.030831635540896
-7.667501034311958,-7.045079347583414,26.85432378376513
-7.609314532701381,-7.068709039064376,26.6794516048423
-7.559507055819985,-7.104530370860876,26.50764936330628
-7.518419745743616,-7.152087764416879,26.34029568568816
-7.486315818619469,-7.210882994975682,26.17871342982092
-7.463384161968349,-7.2803798129011135,26.0241701057571
-7.4497429309373056,-7.360006548856267,25.877878477717715
-7.445442958514996,-7.449156851024896,25.74099701126767
-7.450470828660395,-7.54718874712508,25.614629864652436
-7.464751495820264,-7.65342226018825,25.499826156817434
-7.48815036870012,-7.767135837567858,25.397578276863797
-7.520474809990675,-7.887561879740441,25.30881903114611
-7.561475036862438,-8.013881681065588,25.23441745609344
-7.6108444394212,-8.145220120098953,25.175173158821387
-7.668219366055128,-8.280640462926764,25.131809085718988
-7.733178455802393,-8.419139669140671,25.104962663631007
-7.805241628560642,-8.559644615451758,25.095175311197767
-7.883868874032908,-8.701009674569464,25.10288038132915
-7.968459009420627,-8.842016103900837,25.12838967118257
-8.058348603401907,-8.981373705979278,25.171878724141333
-8.152811288889975,-9.117725215604443,25.233371248826522
-8.251057708085053,-9.24965384214827,25.312723091373464
-8.352236348652607,-9.375694343777727,25.409606315546572
-8.455435537366235,-9.494347928133518,25.52349406518624
-8.559686854861363,-9.604101156882114,25.65364699719253
-8.663970219758848,-9.70344887687469,25.799102170780298
-8.767220859945567,-9.790921008427665,25.95866534824147
-8.868338341249581,-9.865112795125428,26.130907690866522
-8.966197757872443,-9.924717867596259,26.314167807814872
-9.059663104614549,-9.968563208914182,26.50656002372264
-9.147602749513828,-9.995644849558552,26.705989563966792
-9.228906810168104,-10.005162887420841,26.91017511112774
-9.302506112844426,-9.996554248192862,27.1166788656167
-9.367392287551343,-9.96952149912154,27.322943859343273
-9.422638433280774,-9.924056027599867,27.526337844371433
-9.467419685437685,-9.860454012510017,27.72420263790891
-9.50103294216268,-9.779323858521224,27.913907386469855
-9.522914967137845,-9.68158412758704,28.092903854801826
-9.532658090951386,-9.56845147016173,28.258781587376237
-9.530022785564622,-9.44141860045618,28.40932066421747
-9.514946487363446,-9.302222933719909,28.54253980023185
-9.48754818979316,-9.152807060573089,28.65673772517373
-9.44812850842315,-8.99527272402408,28.750526120627146
-9.397165127450819,-8.831830344037458,28.82285285527579
-9.335303752453923,-8.66474636801564,28.87301481098328
-9.26334490378572,-8.496290793990154,28.900660181476976
-9.182227073024132,-8.328687114662142,28.905780701333995
-9.09300691808852,-8.164066679781318,28.88869477737596
-8.996837281208835,-8.00442910134685,28.850022908235335
-8.89494387233885,-7.851609870499434,28.79065706443484
-8.788601467893512,-7.7072558611450175,28.711725849391907
-8.679110434219307,-7.572808906799761,28.61455727454642
-8.567774303912438,-7.449497191684945,28.50064087503961
-8.455879020438601,-7.338333823460051,28.371590690788015
-8.344674333254291,-7.240121671080283,28.22911037105278
-8.235357682704247,-7.155463364108848,28.074961359244185
-8.129060771440143,-7.084775256747113,27.910934806771525
-8.02683888544545,-7.02830415069187,27.738827573394943
-7.929662909399173,-6.9861456305583225,27.56042241368904
-7.838413882317171,-6.958262976485991,27.37747223530481
-7.753879862326839,-6.944505762948849,27.19168814912644
-7.676754814381563,-6.944627414498036,27.00473091360894
-7.607639200573245,-6.958301154556482,26.8182053013419
-7.5470419372837165,-6.985133941992269,26.633656878690562
-7.4953833839265265,-7.024678134796627,26.452570681594686
-7.452999041393889,-7.076440746557806,26.27637128451608
-7.42014366148223,-7.139890267880327,26.106423787974524
-7.396995498699554,-7.214461111782534,25.944035287013968
-7.383660470509363,-7.299555811194157,25.790456423504796
-7.380176029240932,-7.394545150680727,25.6468826659819
-7.3865145870712725,-7.498766456641214,25.514454999617094
-7.402586373594728,-7.611520303782188,25.39425974498378
-7.428241642888419,-7.732065923830246,25.287327257568492
-7.4632721833488676,-7.859615627990726,25.19462929144607
-7.50741211887921,-7.993328579833725,25.117074841773547
-7.560338024394204,-8.132304281642424,25.055504313907807
-7.621668412324561,-8.275576165545544,25.010681904515177
-7.690962680090895,-8.4221057108182,24.983286124720326
-7.767719641542431,-8.570777539410429,24.973898449854747
-7.8513757980999,-8.720395970799945,24.982990147220068
-7.9413035375218515,-8.8696835412778,25.010907414505336
-8.036809479194607,-9.017282007242988,25.057855058303925
-8.137133213572495,-9.16175635144369,25.123879054580225
-8.241446708340398,-9.301602288973573,25.208848459328177
-8.348854673020675,-9.435257719380397,25.312437274373703
-8.458396184629452,-9.5611184857707,25.434107014186267
-8.569047876766469,-9.677558675517734,25.573090855862812
-8.679728980165002,-9.782955526230552,25.728380374569962
-8.789308471259648,-9.875718784203048,25.898715956672735
-8.896614534176644,-9.954324104053889,26.08258202681907
-9.000446468960494,-10.017349786416883,26.278208207190826
-9.09958908435357,-10.063515840105811,26.48357743205666
-9.192829498323738,-10.091724047094653,26.696441857239144
-9.27897613721579,-10.10109742935087,26.914347126646977
-9.35687958070228,-10.091017296254197,27.13466518945842
-9.425454752842716,-10.061155921268133,27.354635414929596
-9.483703819835247,-10.011502885270334,27.57141325133409
-9.53073903420595,-9.942383253105147,27.782125156050522
-9.565804675400488,-9.854466029903586,27.983928028554693
-9.588297189337146,-9.748761770229287,28.17407095473908
-9.597782633481936,-9.626608765214643,28.34995676628904
-9.59401059479105,-9.489647873218704,28.50920077230862
-9.576923866055255,-9.33978673723515,28.649684058291502
-9.546663337034856,-9.179154787980654,28.76959897814484
-9.503567770231703,-9.01005100459631,28.867484876038212
-9.448168372573864,-8.834886840871803,28.94225263397766
-9.381178325885067,-8.656126983119833,28.993197299122016
-9.303477681675028,-8.476230664542191,29.01999874224448
-9.21609424120395,-8.297596120007508,29.022710972669216
-9.120181214395247,-8.122510445507306,29.001741327692507
-9.016992569796994,-7.953106666518915,28.957821219984186
-8.907857046554122,-7.791329269019276,28.891970435435812
-8.794151797969823,-7.638908860496586,28.80545711571453
-8.67727657958046,-7.49734605821628,28.69975554163143
-8.558629291772826,-7.367904192364717,28.5765036773602
-8.439583549651168,-7.251609994727535,28.437462173699558
-8.321468794215667,-7.149261137823501,28.284476198004224
-8.205553291911533,-7.061439300157953,28.11944109609593
-8.093030205911004,-6.988527354347193,27.944272530335837
-7.985006771633341,-6.930729291696188,27.76088140429826
-7.882496477951393,-6.888091589609935,27.571153596348033
-7.786414048571885,-6.860524875159089,27.37693429208753
-7.69757293702789,-6.847824917930333,27.180016532186063
-7.6166849933123,-6.849692179133718,26.9821334749747
-7.544361928536206,-6.865749336538019,26.784953805885795
-7.481118193159607,-6.895556384905197,26.59007969956014
-7.427374890760708,-6.938623071886298,26.399046745607563
-7.383464369247882,-6.994418566027326,26.213325276217706
-7.349635161278076,-7.06237836569948,26.034322574722903
-7.326056982195842,-7.141908546675599,25.863385491923957
-7.312825534322325,-7.232387514482124,25.701803046259915
-7.309966908747039,-7.333165479216704,25.55080863114076
-7.317441418326288,-7.4435619092882,25.411581495897856
-7.335146737329287,-7.562861250572346,25.285247205110334
-7.362920263529213,-7.690307222566913,25.1728768149343
-7.400540657336049,-7.825096026564014,25.075484535818298
-7.4477285499347285,-7.966368825264736,24.994023680692422
-7.504146448650392,-8.113203880483194,24.929380728996275
-7.5693979033387775,-8.264608766554987,24.88236737279877
-7.643026032919156,-8.419513111686106,24.853710455039614
-7.724511546551875,-8.576762356519634,24.844039764923867
-7.81327042952672,-8.735113056176441,24.85387372488531
-7.908651499475079,-8.893230285125707,24.88360308998504
-8.00993407344085,-9.049687728278222,24.933472885966058
-8.116326019534936,-9.202971050180249,25.003562936979176
-8.226962496681065,-9.351485119523101,25.093767476949374
-8.340905710059374,-9.493565620066061,25.203774496016106
-8.45714602540824,-9.627495493111178,25.33304563892225
-8.574604788999046,-9.751526523308367,25.48079763583274
-8.692139188184793,-9.863906193251106,25.645986394597106
-8.8085494562462,-9.962909690890507,25.82729500050269
-8.922588671494681,-10.046876659993075,26.02312693624122
-9.032975321789367,-10.114251946751203,26.23160583124421
-9.138408700779399,-10.16362923164525,26.450582956889036
-9.237587072320563,-10.193796068907334,26.677653487220248
-9.329228388218503,-10.203778517707056,26.910182235451135
-9.412093178206772,-10.192883275922783,27.145339156165818
-9.485009059339715,-10.160735057448303,27.38014438581095
-9.546896146894762,-10.10730692316405,27.611522007541218
-9.59679250446923,-10.032941411750254,27.83636111200678
-9.633878661955864,-9.938360633791767,28.051582135391204
-9.657500170345205,-9.824663987484108,28.25420594815187
-9.667187163034859,-9.693312802402101,28.44142280003201
-9.662669961343349,-9.546101974399898,28.610658048031556
-9.643889898261946,-9.38511945777342,28.75963163694532
-9.61100473358795,-9.212695257685368,28.886408577248986
-9.564388283376154,-9.031342242100395,28.989438157385692
-9.504624169410722,-8.843691601738254,29.067580296642287
-9.432493888563334,-8.65242607964343,29.120118229929503
-9.348959684380628,-8.460214143630566,29.1467575431416
-9.255142952042911,-8.26964808687619,29.1476123705058
-9.152299104509686,-8.083188642088883,29.123180253512796
-9.041789959244637,-7.9031181319641695,29.074307690235116
-8.925054765036995,-7.73150351548697,29.00214874092316
-8.803580977592636,-7.570169993110498,28.90811919093811
-8.678875817440284,-7.420685166856591,28.7938487175064
-8.552439515832816,-7.284353165824369,28.661133292242752
-8.425740988380166,-7.162217679823943,28.511889718144626
-8.30019648802508,-7.055072513076373,28.348113793866553
-8.177151594076353,-6.963478079094958,28.171843164289253
-8.057866705892923,-6.887782196497453,27.985125493427592
-7.943506039231203,-6.828143593557057,27.789992213305176
-7.835129977769368,-6.784556661380951,27.588437780133155
-7.73369051621067,-6.756876184768693,27.38240411671281
-7.640029446027463,-6.7448410006192105,27.173769738771565
-7.554878879332243,-6.748095764391332,26.964342947876446
-7.478863677786636,-6.766210228474826,26.755858415367456
-7.412505347998691,-6.798695640340573,26.549976468950742
-7.356226978084558,-6.8450180457151,26.348284414216014
-7.310358817485711,-6.904608429563311,26.152299266154508
-7.275144139526902,-6.976869745396447,25.963471321041546
-7.250745069886909,-7.061180973728932,25.78318805904277
-7.237248111104689,-7.156898417293009,25.612777926895106
-7.2346691411337405,-7.263354488621443,25.453513604262984
-7.242957711152767,-7.379854279847624,25.30661440490037
-7.262000513336749,-7.505670229945597,25.173247504084504
-7.291623932628072,-7.640035225618996,25.05452771768949
-7.331595637702817,-7.782134492503731,24.95151558749264
-7.381625205615273,-7.93109665635895,24.865213554397176
-7.441363812558711,-8.085984381674745,24.796560029367168
-7.510403060446129,-8.245785028804455,24.746421204618755
-7.588273046232524,-8.409401810380919,24.71558048891227
-7.674439818594405,-8.575645972174586,24.704725504681118
-7.768302405043233,-8.743230570054724,24.714432655141103
-7.869189631714405,-8.91076645913215,24.745149359947995
-7.9763569974082245,-9.076761147666465,24.79717417107336
-8.08898390184654,-9.23962118945816,24.87063511765034
-8.206171563755133,-9.39765878529377,24.965466788921372
-8.32694199475906,-9.549103226563041,25.08138684474781
-8.450238416919166,-9.692117731999788,25.2178728367086
-8.574927521114915,-9.824822091791155,25.374140418979383
-8.699803955985757,-9.94532133420416,25.549124212046156
-8.823597408209832,-10.051740364207422,25.741462734826072
-8.944982580244252,-10.142264192684529,25.949488919489696
-9.062592287876802,-10.215182987520416,26.171227743860726
-9.175033785226567,-10.268940751791533,26.40440243487239
-9.28090827968625,-10.30218599687226,26.64645049307553
-9.378833427238707,-10.3138223660731,26.894550450069122
-9.467468406640052,-10.303056821235005,27.14565979693651
-9.545540969875264,-10.269442777695577,27.39656392628204
-9.611875670209102,-10.212915507294896,27.643935244352782
-9.665422294798036,-10.133817260888144,27.88440088118781
-9.70528339407206,-10.032909911673764,28.114616718298244
-9.730739722045167,-9.911373487158551,28.331344836186876
-9.741272394494297,-9.770789713743483,28.53153102947623
-9.736580644499332,-9.613110590765865,28.71237880728474
-9.716594209096932,-9.440612965379854,28.87141633296069
-9.6814796106286,-9.255841006897356,29.006553074940506
-9.631639887499194,-9.061539287307665,29.116123521934433
-9.567707660235534,-8.860579781517542,29.19891611190088
-9.49053176383549,-8.655886445664029,29.254186460399392
-9.401158008421014,-8.450361083921925,29.281654958849256
-9.300804920521315,-8.246813976763963,29.281489752274535
-9.190835544725472,-8.047902252325304,29.25427691376844
-9.072726534604358,-7.856078299150691,29.200980243632838
-8.948035825565444,-7.673549721088458,29.12289349645116
-8.818370161938898,-7.502251506046937,29.021587970127513
-8.685353654886807,-7.343830296140373,28.898858295198306
-8.550598391239694,-7.199639969028905,28.756668979759333
-8.415677914193322,-7.070747210615059,28.59710384762679
-8.282104174235611,-6.957945397755546,28.422320012037783
-8.15130832109581,-6.861774916419953,28.23450750860041
-8.024625490747328,-6.782547999926792,28.035855215116786
-7.90328354780063,-6.7203762568070395,27.82852324629662
-7.788395581226577,-6.675199236231376,27.614621649376062
-7.680955824558758,-6.646812617672655,27.396194951346708
-7.581838581388269,-6.634894880166799,27.175211919005253
-7.491799681195342,-6.639031579831355,26.95355978119826
-7.41147996552915,-6.65873662300268,26.733042115795225
-7.341410305263219,-6.693470153546032,26.51537960738869
-7.2820176706613475,-6.742652869386591,26.302212920748072
-7.23363181190355,-6.805676742668849,26.095106996226622
-7.196492153624299,-6.881912241370146,25.895556145371724
-7.170754558699132,-6.970712241382433,25.704989399165942
-7.156497670608225,-7.071412882282531,25.524775631414954
-7.153728597696396,-7.183331663222944,25.35622804192061
-7.162387754846906,-7.3057631037182595,25.200607636379477
-7.182352727533057,-7.437972313412525,25.05912538224947
-7.213441069568989,-7.5791868304521905,24.932942753292373
-7.255411989308696,-7.728587104357507,24.823170402349998
-7.307966920070467,-7.885296019895116,24.730864725199933
-7.370749009969328,-8.048367886027131,24.657022101773524
-7.44334160502237,-8.216777350069286,24.602570628827568
-7.5252658382519675,-8.389408742024974,24.568359194943355
-7.615977477326539,-8.565046406573744,24.555143799299774
-7.714863224571402,-8.742366637704244,24.563571084842643
-7.821236706087904,-8.919931889043944,24.594159148739397
-7.934334430843545,-9.096187985170427,24.647275812090665
-8.05331204487851,-9.26946509720517,24.723114679139556
-8.177241248362703,-9.437983259483836,24.821669493963206
-8.305107781394547,-9.599863181173744,24.94270750720391
-8.435810914498653,-9.753143034561411,25.08574279032616
-8.568164897221648,-9.895801767731976,25.250010669048688
-8.700902817811077,-10.025789282618732,25.4344446746467
-8.8326833030844,-10.141063532776718,25.637657610062558
-8.962100434776131,-10.239634227686745,25.85792847078511
-9.087697172230133,-10.319612389414026,26.093197018671898
-9.207982448277543,-10.379264511190286,26.341067750212925
-9.321451945095019,-10.417069546131609,26.59882480239839
-9.426612362855732,-10.431776449982989,26.863458980606556
-9.522008773374107,-10.422459566626173,27.13170756815906
-9.606254415598544,-10.388568836978619,27.400106898627623
-9.678062056016065,-10.329971687949199,27.66505687295548
-9.736275824605704,-10.246983566324285,27.92289573914649
-9.779902267599992,-10.140384452772254,28.169982596947015
-9.808139253244699,-10.01141932725932,28.402784330372093
-9.820401344063317,-9.861781430983322,28.617963096220254
-9.816340320914154,-9.693578220414484,28.812460185821774
-9.79585971404872,-9.509281046383851,28.983572086080862
-9.759122458199952,-9.311660706482218,29.129014916527563
-9.70655112606821,-9.103711998303641,29.24697409368631
-9.638820582161655,-8.888571141186947,29.336137014623198
-9.556843305262312,-8.66943035806573,29.39570766667336
-9.461748018721597,-8.449453977264467,29.425403247705187
-9.354852610764183,-8.231700129745489,29.425434003439175
-9.237632594848174,-8.019051524604881,29.396468449312838
-9.111686534206022,-7.814157961541787,29.339586863499914
-8.978699926474897,-7.61939228060663,29.256226368566175
-8.84040901573072,-7.436820459063216,29.148121052587165
-8.698565881416199,-7.268185636359612,29.01724044100144
-8.554905964735044,-7.114905055317336,28.86572926875158
-8.411118955345334,-6.978078299413131,28.69585098472741
-8.268823698093593,-6.858504803974434,28.509936818252942
-8.129547513147557,-6.7567084201495415,28.310341616677963
-7.994710071896119,-6.672966792297399,28.09940707876372
-7.8656117495089815,-6.607343437079145,27.879432499828127
-7.7434261922106655,-6.559720645333211,27.65265273464592
-7.629196697466542,-6.529831625067283,27.42122278118976
-7.52383590863595,-6.517290629137188,27.18720818885464
-7.42812826927681,-6.521620134777012,26.952580386874722
-7.342734661084895,-6.542274442382582,26.71921599542292
-7.268198657117618,-6.578659323916485,26.48889920477933
-7.204953851803039,-6.630147569966206,26.263326368882232
-7.153331774832722,-6.696090457362336,26.04411204252007
-7.113569951624916,-6.775825288946678,25.832795783284123
-7.085819733801217,-6.868679248867635,25.630849130287
-7.070153585269057,-6.973969877499115,25.4396822547717
-7.066571570313092,-7.091002507169906,25.260649849065302
-7.075006847809543,-7.219065020747026,25.095055878163592
-7.095330029378132,-7.357420306645414,24.944156862720448
-7.127352308774555,-7.505296792186199,24.809163394958237
-7.170827315461701,-7.661877447631208,24.69123961272662
-7.225451687855064,-7.826287669910593,24.59150037519697
-7.290864402269176,-7.997582481180933,24.511005900760857
-7.366644933292932,-8.174733514879645,24.450753648446664
-7.452310361400774,-8.356616311553093,24.411667253887142
-7.547311585151173,-8.541998507620997,24.39458237521152
-7.651028839159481,-8.729529569871668,24.400229368997252
-7.7627667655720565,-8.917732802352338,24.42921280724632
-7.8817493358507,-9.1050004236785,24.48198796829377
-8.007114970395879,-9.28959257246066,24.558834591414914
-8.137912254082277,-9.469641134900154,24.65982837839713
-8.273096693293091,-9.643159287768603,24.784810954108178
-8.41152900052932,-9.80805759646853,24.933359256513903
-8.551975421016662,-9.962167385681514,25.104755603690183
-8.693110625822236,-10.103271894455085,25.297959963848303
-8.833523681037661,-10.229145427202491,25.511586210190906
-8.97172755565472,-10.337600312118044,25.743884345034456
-9.106172545557234,-10.426540983595906,25.99273079157509
-9.23526386290572,-10.494023932541364,26.255628839286352
-9.357383467205,-10.538321649864498,26.529721154764378
-9.470915998587543,-10.557988071247573,26.811815906313182
-9.574278422381571,-10.551922476605583,27.098427484523445
-9.665952719573115,-10.519428376001041,27.385832040159325
-9.744520678683072,-10.460263697457671,27.670137138183897
-9.808699584054008,-10.374678645181342,27.947363803873674
-9.857377379786538,-10.263437963345478,28.213538200459144
-9.889645744089519,-10.12782503416496,28.46478923275261
-9.904829459024223,-9.969626233766508,28.697447629278454
-9.902510522235255,-9.79109519767631,28.908141618662107
-9.882545627042257,-9.5948980038329,29.093884260531482
-9.84507592986553,-9.384041632274826,29.252147852278934
-9.790528411295124,-9.16178926482305,29.380921596096385
-9.719608589655325,-8.93156691387953,29.478749809783334
-9.633284825799398,-8.696866416489238,29.544749290145116
-9.532764923420324,-8.461149943943909,29.57860585101456
-9.41946614011079,-8.227760858288056,29.580551412491346
-9.294980046881319,-7.999845047418141,29.55132418048933
-9.16103388433563,-7.780285884653782,29.492115324112998
-9.019450151334569,-7.571654807265335,29.40450607404919
-8.872106128874236,-7.376178318943946,29.290399316483626
-8.72089490170498,-7.195721110042013,29.151949575507302
-8.567689215238016,-7.031784048188988,28.991494826889177
-8.414309222884693,-6.885515079443929,28.811492951028683
-8.262494867830235,-6.757730620895719,28.614464901618636
-8.113883330097536,-6.648944813152336,28.40294592090164
-7.969991676981569,-6.55940400540333,28.179445438810994
-7.832204599123671,-6.489124021741847,27.946415698281097
-7.701766906016933,-6.437928053980326,27.70622867855024
-7.57978029809463,-6.405483393036555,27.461160549944815
-7.467203827312397,-6.39133560397598,27.21338268059948
-7.364857400117497,-6.394939133935854,26.964958111236424
-7.273427659282247,-6.415683692516696,26.717842396609754
-7.193475596376816,-6.452916045593406,26.47388775809099
-7.125445286501904,-6.505957108993166,26.23484957893294
-7.069673193579696,-6.574114417752601,26.00239438279617
-7.026397561236356,-6.6566901839778865,25.778108551814526
-6.995767475530837,-6.752985248881311,25.5635071515327
-6.97785125721972,-6.862299291057585,25.360042328984044
-6.972643909886769,-6.983927682644123,25.169110832783833
-6.980073414247544,-7.117155396554246,24.99206026884614
-7.00000571739156,-7.261248369622611,24.830193752711754
-7.032248318586448,-7.415442725422641,24.68477265157247
-7.076552401115425,-7.578932262781575,24.55701712912291
-7.132613503494866,-7.750854626572648,24.448104218476747
-7.2000707646817785,-7.930276599986964,24.359163157373633
-7.278504818062712,-8.116178994741338,24.291267731218426
-7.367434449681699,-8.3074416687864,24.24542538913512
-7.466312178776089,-8.50282926973178,24.222562932672886
-7.574518964452813,-8.70097838428215,24.223508632912306
-7.691358292043135,-8.900386865206299,24.24897071642833
-7.81604994650957,-9.099406200943555,24.29951228048338
-7.947723837631902,-9.296237879227817,24.375522858572964
-8.085414300948766,-9.4889347623504,24.477187062742644
-8.22805535675104,-9.675408522140772,24.604450979564472
-8.374477462627922,-9.853444159113826,24.7569872884326
-8.52340633754272,-10.020722532690424,24.9341603940411
-8.673464460192326,-10.174851638370503,25.1349932022704
-8.823175843425066,-10.313407066481886,25.35813749457321
-8.970974651143317,-10.433981655098826,25.601850136095965
-9.115218146060956,-10.534243806514644,25.863977545504945
-9.254204328993284,-10.612003286047761,26.141950913416043
-9.386194448902586,-10.665282595392108,26.432794535096207
-9.50944032790375,-10.692391261181399,26.73314928205136
-9.622216162814482,-10.691999672787393,27.03931265139062
-9.722854147416292,-10.663208526152816,27.347295999956945
-9.80978292739778,-10.605609573648588,27.652898521366772
-9.881567579592595,-10.519333328939513,27.951796322554877
-9.936949529951457,-10.405079695873667,28.239643700721647
-9.974884623690981,-10.264128211664135,28.512182537442783
-9.994577466759308,-10.09832570012489,28.765354753193982
-9.995510193585945,-9.910050550180749,28.995412135852277
-9.977463994043159,-9.70215444721015,29.199017676401166
-9.940532049974163,-9.477884030273039,29.373332871824005
-9.885122969873864,-9.240786449357675,29.516086284908642
-9.811954335741122,-8.994603984182314,29.625619913238825
-9.722036543735092,-8.74316362537035,29.700911486214824
-9.616647679117433,-8.49026773182337,29.741572510343573
-9.49730066576,-8.239591554799802,29.74782353538595
-9.365704328120788,-7.994592617418359,29.720449546603014
-9.223720268367602,-7.7584357718952495,29.660739468449943
-9.073317578236862,-7.533936375024359,29.57041441407243
-8.916527375579012,-7.323522585181432,29.451549514546233
-8.755398995330044,-7.129216438565394,29.306493949240643
-8.591959400914435,-6.9526322243813645,29.1377932538831
-8.428177048368006,-6.794989822390407,28.948117210748624
-8.265931067035813,-6.657140121865037,28.740195737433726
-8.106986250372044,-6.539599399394711,28.516764289362825
-7.952974005449167,-6.442589555241615,28.280519458899935
-7.805379110290891,-6.366081336740552,28.034084747430622
-7.66553188630607,-6.30983804803882,27.779985936504914
-7.534605213876189,-6.273457695744659,27.520635097408004
-7.413615701439827,-6.256411995668947,27.25832204484338
-7.303428256639048,-6.258081124614048,26.995211937527998
-7.204763293804449,-6.277783513857956,26.733347728179076
-7.118205835437737,-6.314800330522455,26.474656238107933
-7.044215816404919,-6.368394572536313,26.220956750018605
-6.983138968975687,-6.437824913334132,25.97397115337485
-6.935217746582512,-6.52235458004514,25.735334821649964
-6.900601827707239,-6.6212556432010885,25.506607536849298
-6.879357823720437,-6.733809147891898,25.2892838955064
-6.8714778924169515,-6.859301537027641,25.084802727429267
-6.876887030393052,-6.997017817559901,24.894555132431226
-6.895448881435768,-7.146231909770771,24.719890792046773
-6.926969954818288,-7.306194606399293,24.562122245396637
-6.971202197615752,-7.4761195594853325,24.422526834702857
-7.027843910204364,-7.655167714134928,24.3023460311085
-7.0965390356763525,-7.842430624474359,24.20278185077439
-7.176874893896379,-8.036913121143712,24.1249900706912
-7.268378471312099,-8.237515853736804,24.07006995988139
-7.370511420309858,-8.443018306055857,24.039050261936836
-7.482663968548441,-8.652062975522561,24.032871207004995
-7.6041479905850835,-8.863141516935,24.052362403686452
-7.734189551908456,-9.074583768605798,24.09821657219388
-7.871921299067903,-9.284550696130074,24.17095923734278
-8.016375137713164,-9.491032392291473,24.2709147097879
-8.166475710470886,-9.691852343696182,24.398168949861255
-8.32103525454168,-9.884679194691063,24.552530229415655
-8.4787504788142,-10.067047183137626,24.733488875861227
-8.638202144486444,-10.236386265605747,24.940177783389586
-8.797858052373302,-10.390062667897654,25.17133578346217
-8.956080123832482,-10.525430172127457,25.425276343260556
-9.11113619981314,-10.639891875468237,25.699864359601246
-9.261217064098739,-10.730971435038477,25.99250398112816
-9.404459015095028,-10.79639197551839,26.30014036415657
-9.538972062659122,-10.834159932381821,26.619277991913666
-9.6628735160174,-10.842650210672966,26.94601762123994
-9.774326367380604,-10.82068825568868,27.27611304790122
-9.871581484075405,-10.767624070225768,27.60504771968644
-9.953022229393019,-10.6833929859573,27.928129836748223
-10.017209775646183,-10.568558199109395,28.24060306784802
-10.062927092763667,-10.424330770627495,28.537768525625633
-10.089219431849228,-10.25256397095035,28.815112355050548
-10.095429108489851,-10.055720455184963,29.06843237032943
-10.081222545651942,-9.836812653971794,29.293956774558513
-10.046607863831484,-9.599318770581544,29.48844820768458
-9.991941789825106,-9.347078665526334,29.649287211216695
-9.917925258557917,-9.084175466453992,29.774530607155672
-9.82558775236227,-8.814809779420235,29.862942118899433
-9.716261096970147,-8.543173780236723,29.913994609623767
-9.591544050028157,-8.27333219922746,29.927845347922553
-9.453259520211823,-8.00911633580494,29.90528750992571
-9.303406601573492,-7.75403588319278,29.84768251346771
-9.144109776401185,-7.511211691424051,29.756878642034696
-8.977567629088023,-7.283330850236745,29.635121720331288
-8.806003240767266,-7.072623821698795,29.48496338862566
-8.631618131866553,-6.880861946456709,29.30917188601983
-8.456551228229252,-6.709372585669889,29.110649324390536
-8.282843889691636,-6.559068484461214,28.89235835616838
-8.112411598891626,-6.430487642506927,28.65726004086787
-7.947022496721196,-6.323840004722326,28.40826370234155
-7.7882825941876135,-6.239057567506761,28.148188713068947
-7.637627203669534,-6.175844952100612,27.87973748147663
-7.496317921642295,-6.13372804750613,27.605478461638903
-7.365444358322811,-6.112098903480221,27.32783773735719
-7.2459297402118,-6.110255607218172,27.049097625515678
-7.138539498582714,-6.1274363700904635,26.771400760537674
-7.043891988376567,-6.162847463171246,26.496758225371636
-6.962470545403899,-6.215684965066664,26.22706045048706
-6.894636173892079,-6.285150525003482,25.964089782227617
-6.840640251538872,-6.370461506919558,25.709533803531283
-6.800636737573748,-6.470855978671312,25.464998658011343
-6.774693465111274,-6.585593058191222,25.232021773043773
-6.762802188398114,-6.713949139232156,25.01208349393677
-6.764887136137869,-6.855210506020874,24.80661722822236
-6.780811893024209,-7.008662820069999,24.617017757987313
-6.810384493109835,-7.17357793331795,24.444647412126603
-6.85336066170716,-7.349198457848103,24.29083980382986
-6.909445188784914,-7.534720510386754,24.156900836693143
-6.978291458339554,-7.729275054967309,24.044106671417843
-7.05949919728362,-7.931908293696308,23.953698330555557
-7.152610546419253,-8.141561606314154,23.88687260829453
-7.257104597442589,-8.357051615631722,23.844768953745945
-7.372390585869159,-8.577051057629895,23.828452018306784
-7.497799982154523,-8.800071259514706,23.838889609988414
-7.632577783432034,-9.024447170994248,23.87692589022267
-7.7758733767271035,-9.248326044634934,23.943249791771358
-7.926731420669319,-9.469661007291277,24.038358839326115
-8.084083274626837,-9.686210888425151,24.162518824380516
-8.246739588094545,-9.895547749774039,24.315720126173158
-8.413384743292418,-10.095073566819414,24.497631877847432
-8.582573912248247,-10.282047415069096,24.70755563950482
-8.752733535896242,-10.45362428173896,24.944380734187458
-8.922166044754334,-10.606906227600627,25.206543892213332
-9.089059605204634,-10.739006044724828,25.491996282642315
-9.251503579010704,-10.847122788922912,25.798181323866768
-9.407510215017682,-10.92862762839168,26.122026785318493
-9.555042843643301,-10.981157388372349,26.459954544534703
-9.692050516045327,-11.002712063753751,26.80791088339167
-9.81650862907887,-10.991751527299487,27.161419352654487
-9.926464623608465,-10.94728581514934,27.51565700171161
-10.020087368320933,-10.868952868763413,27.86555320804225
-10.095718385388103,-10.75707758876248,28.2059085544434
-10.15192268705937,-10.61270661096298,28.53152935359849
-10.187536724511451,-10.437614387205926,28.83737171447692
-10.201710848097187,-10.234277901493568,29.118687706262776
-10.19394377490421,-10.005819544666329,29.371165409215056
-10.164106868964407,-9.755920096448389,29.591054599835427
-10.112456550812288,-9.488706154284259,29.77527056446099
-10.039633830019183,-9.208618419561938,29.921470028319302
-9.946650737947223,-8.920268749063581,30.028095275828353
-9.834864254024732,-8.628294621856872,30.094384984657996
-9.705939087826323,-8.337219582942828,30.120352813323365
-9.561801327526721,-8.05132734419518,30.10673708021714
-9.40458543526744,-7.774555694884492,30.05492670586338
-9.236577327178924,-7.510414418296564,29.966869795052293
-9.0601563120119,-7.261929282237554,29.844971745425095
-8.877738494273649,-7.031612116280386,29.691989615585054
-8.69172391217985,-6.8214552106957,29.510928779880715
-8.504449227130703,-6.632946908275145,29.304946800118582
-8.318147264088665,-6.467104374116037,29.077268136418564
-8.13491417295688,-6.324519115395779,28.83111196957668
-7.9566844835663035,-6.205410826036009,28.569634153706605
-7.785213893549468,-6.109685459754419,28.295883256290914
-7.622069279127253,-6.036993985743646,28.012769824520042
-7.468625161855598,-5.98678895338267,27.723047454195484
-7.326065698115431,-5.958376699378105,27.429303912835337
-7.195391173877514,-5.950963706082136,27.133960444941465
-7.077427971882872,-5.963696218624246,26.83927741830982
-6.972841016671585,-5.995692726053996,26.547364608096604
-6.882147779591658,-6.0460692994107985,26.260194616634752
-6.805733027010544,-6.113958061055636,25.979618155692478
-6.743863608502009,-6.198519246126153,25.70738014658469
-6.69670269831192,-6.298947424316756,25.4451358033438
-6.664323015930604,-6.414472495617442,25.194466043478364
-6.6467186554354205,-6.544356074147457,24.956891714086872
-6.6438152457327355,-6.687883845346047,24.733886227069018
-6.655478243883681,-6.844354437120113,24.52688626777832
-6.681519231593861,-7.0130652965883,24.33730028056162
-6.7217001419065285,-7.193296020318005,24.166514447312498
-6.775735391088178,-7.3842895552074514,24.01589586723145
-6.8432919320453145,-7.585231675728981,23.886792623746516
-6.923987283080271,-7.7952291561631695,23.78053039480364
-7.017385622265012,-8.013287097576487,23.698405232907525
-7.122992076101244,-8.238285941235747,23.64167211962965
-7.240245374259437,-8.468958804002764,23.611528895093823
-7.368509092609526,-8.703869906116688,23.609095186679042
-7.507061766581003,-8.941395024082171,23.635386024479466
-7.655086227524853,-9.179705084033198,23.691279946416397
-7.8116585965788765,-9.416754202309324,23.77748157593398
-7.975737462544356,-9.650273662949246,23.894478911469122
-8.146153869619638,-9.877773473023174,24.042495907969318
-8.321602842392638,-10.096553226353423,24.22144135979101
-8.500637271511614,-10.303723998525024,24.430855605937055
-8.681665063304981,-10.496242851560314,24.66985715535117
-8.862950506871828,-10.670961205338418,24.93709193907135
-9.042620817069098,-10.824687800227393,25.230688486775897
-9.218678754399827,-10.954266209799872,25.548222828451898
-9.389022086619264,-11.05666586415187,25.886697252264277
-9.551470428506946,-11.129084344651336,26.24253711225036
-9.703799668386031,-11.169057380200071,26.61160958089658
-9.84378376472636,-11.17457162609336,26.989267506206676
-9.969243188158783,-11.144174091446512,27.37042032141842
-10.078098722607047,-11.07707117924902,27.749632284856613
-10.168428767913335,-10.973209898883331,28.121246285298422
-10.238527761615773,-10.833334063587047,28.47952919916797
-10.286962922915738,-10.659009294125605,28.818832562889646
-10.312626280021584,-10.452612422433694,29.133760403789612
-10.314778925060603,-10.217283320347972,29.41933473731324
-10.293084680167684,-9.956840049770689,29.671148723598705
-10.247630857148833,-9.675661229945094,29.88549792593172
-10.178934521509117,-9.378542284311267,30.05948154089559
-10.087933568350614,-9.070534412824665,30.191067744990974
-9.975962896853005,-8.756776456307927,30.27912016543161
-9.84471693307067,-8.442330119746357,30.32338558548921
-9.696200600419877,-8.132028292450133,30.324445959819016
-9.532671491889145,-7.830344581735279,30.283640300573968
-9.356576402804606,-7.54128991556945,30.20296374876489
-9.170485515859546,-7.268339485762185,30.084952038885344
-8.977027402112945,-7.0143907215299,29.932559600791365
-8.77882765189638,-6.781750684380395,29.749038836878363
-8.57845343649693,-6.572149460059699,29.53782685828515
-8.378365692525826,-6.386774896945614,29.302444389867325
-8.18087998250239,-6.226323415814631,29.04640988349284
-7.988136474995255,-6.091061532263396,28.773170300348614
-7.802078949423231,-5.980893080574166,28.48604866931979
-7.624442292221488,-5.8954277748670245,28.188207475644866
-7.4567476251218405,-5.834047559141398,27.882626204551087
-7.300303992444602,-5.795968068323026,27.572090939823305
-7.156215422610016,-5.780293359534626,27.2591937516134
-7.025392153535237,-5.78606281671683,26.946339642131083
-6.908564853313293,-5.812289749043308,26.63575899058686
-6.8063007574085965,-5.857991682584943,26.329523693540754
-6.719020763909512,-5.922212689583693,26.02956548696022
-6.647016664130303,-6.004038324984085,25.737695226473715
-6.5904678251382425,-6.102603865526792,25.455622168281423
-6.54945677483307,-6.217096594592643,25.18497252036196
-6.523983263162273,-6.346752867366124,24.927306715070834
-6.513976481545927,-6.490850645003555,24.684134988649973
-6.519305215262295,-6.648698119897073,24.45693094301401
-6.5397857806314965,-6.819618980587244,24.247142815202842
-6.5751876617132305,-7.002934795604867,24.0562021960899
-6.625236812117096,-7.197944939569246,23.885529928899423
-6.689616629186169,-7.403904449565557,23.73653888668143
-6.767966643397581,-7.620000191151811,23.61063328323803
-6.859878998685473,-7.8453257361940825,23.509204121633807
-6.96489283298574,-8.078855412961811,23.43362033663824
-7.082486706066989,-8.319418085227166,23.38521515163186
-7.212069266944051,-8.565671352626946,23.365267157512662
-7.35296840885614,-8.816077038139719,23.374975643512514
-7.504419228381188,-9.068879035882967,23.415429781816496
-7.665551188353819,-9.322084824825554,23.48757140502958
-7.835374982210079,-9.573452196966684,23.592151333816684
-8.01276970880638,-9.820482980483643,23.72967952619669
-8.19647108795349,-10.060425729574447,23.900369741057524
-8.385061571279527,-10.290289464974416,24.104079940475437
-8.576963320602227,-10.50687053647835,24.34025029111378
-8.770435123069309,-10.706794490265548,24.607841341163795
-8.963574371631452,-10.886574408344877,24.905275702376596
-9.15432524074419,-11.04268650159065,25.230387289460893
-9.340494108921234,-11.171662756204746,25.58038276997477
-9.519773101252758,-11.270199160826714,25.951820244767287
-9.689772330018611,-11.335276525341357,26.340610188930498
-9.848060992363271,-11.364289242497177,26.742043218101752
-9.992216945895011,-11.35517569549537,27.15084821421108
-10.119883748085115,-11.306542584074863,27.561282711290325
-10.228833454652117,-11.217774464065963,27.967255247404246
-10.317032785617801,-11.08911950452374,28.362476771499463
-10.382709660021524,-10.921743050760705,28.74063539252532
-10.42441665272432,-10.71774213746427,29.095586094279284
-10.441087716020968,-10.480116588876466,29.42154487842794
-10.432084593706398,-10.212695586008437,29.713275490551403
-10.397229764086168,-9.920022243249367,29.966256698090532
-10.336823469822754,-9.607202383967188,30.176819149436955
-10.251643372506411,-9.279726866744863,30.342243092362903
-10.142926516502841,-8.943279068122987,30.4608114234486
-10.012334482110523,-8.603540177612174,30.531816282963145
-9.861903725977648,-8.266004691108737,30.555521223805446
-9.693984031430952,-7.935816983846747,30.533084393470933
-9.511168635080164,-7.617637364165923,30.466450784975706
-9.316219910477042,-7.315542934725953,30.358223192908284
-9.11199446994656,-7.032965342749392,30.211521983863644
-8.90137122709389,-6.772664479213868,30.029843249186534
-8.687185410236854,-6.5367346933249655,29.816923569053582
-8.472170813478684,-6.326638306292836,29.57661776606529
-8.258911803118547,-6.143260194600944,29.31279396098495
-8.049805840249993,-5.986976917028498,29.029248225041083
-7.847036597231051,-5.857734155463522,28.72963934896773
-7.652557177689583,-5.7551269615206415,28.417442838347384
-7.468082518076308,-5.678478277097171,28.09592224428122
-7.295089757032609,-5.626912273006279,27.768115335251093
-7.134825197002201,-5.599420103644576,27.436832357224336
-6.988316431720295,-5.594916622631978,27.104663640021855
-6.856388250097924,-5.612287395605236,26.773994008394517
-6.739681027290033,-5.650425962806059,26.447021771327428
-6.638670454733796,-5.708261748869012,26.125780430209804
-6.553687623213459,-5.784779307774627,25.812161618019935
-6.484938641032718,-5.879029752535736,25.507938124792034
-6.4325231316805,-5.9901352797599925,25.21478615957695
-6.396451104221416,-6.117287685956118,24.93430623643558
-6.376657820488581,-6.259741709741562,24.66804224976774
-6.373016394046706,-6.416803942719709,24.417498425485142
-6.385347946847001,-6.58781794869216,24.184153905082308
-6.413429221974479,-6.772146129582657,23.96947474683924
-6.456997607359946,-6.969148787650057,23.77492311994807
-6.5157535689304105,-7.178160765743538,23.601963430996552
-6.589360525968112,-7.398466007407745,23.452065065523726
-6.677442230266443,-7.629270372381079,23.326701357881525
-6.779577737984543,-7.86967307543807,23.227344328405476
-6.895294092946008,-8.118637191841197,23.15545465686703
-7.024056876510314,-8.374959794141384,23.1124663057956
-7.165258825937115,-8.637242454424626,23.099765178990353
-7.318206783919796,-8.903863062641939,23.11866121426091
-7.482107319669021,-9.17295017098141,23.170353382502178
-7.656051458617609,-9.442361366638348,23.25588721708176
-7.838999074084158,-9.709667483945866,23.37610474868484
-8.029763628579095,-9.972144765728524,23.5315870907256
-8.226998100540081,-10.226777336399564,23.722590424579153
-8.42918308620697,-10.470272507857239,23.948976779074105
-8.634618213828212,-10.699091445251316,24.210141777684704
-8.841418131387798,-10.909497507485497,24.50494241202696
-9.047514407772898,-11.097624080295706,24.831628837333533
-9.250664695072539,-11.259562880567435,25.187785089043437
-9.448470408799908,-11.39147249505579,25.570284371642334
-9.63840396672806,-11.489705330411885,25.975265026006667
-9.817846264852047,-11.55094925655282,26.398133279528185
-9.984134551072414,-11.57237815393141,26.83359827122538
-10.134620190961446,-11.551803533546485,27.275743506644176
-10.266735035067128,-11.487817657893546,27.71813679273923
-10.378064248377907,-11.379917460303043,28.15397789657473
-10.466422628759467,-11.228598339637712,28.576279859358095
-10.52993071960473,-11.035407829321183,28.978076406856882
-10.56708651680357,-10.802951305216098,29.35264466118745
-10.576828376844997,-10.53484522519848,29.69372985598444
-10.558584920220943,-10.2356176000069,29.995757428763294
-10.512308318275977,-9.910560011868837,30.254018023752373
-10.438488324743691,-9.56553993707635,30.46481269131669
-10.338145682835004,-9.206785784389957,30.62554877261721
-10.21280497612907,-8.840659420952955,30.734781226439033
-10.064448440204401,-8.473431704379703,30.79219892790215
-9.895453552300367,-8.111075612518496,30.79856011066106
-9.708518230847593,-7.759089160748293,30.755585044279435
-9.506578110855312,-7.422356831375226,30.665816794791894
-9.292720575064683,-7.105054242779006,30.532462282309073
-9.07010003064448,-6.810596805254944,30.35922582916176
-8.841858390613977,-6.541629614806633,30.150146188600022
-8.611053943693088,-6.300053150561714,29.90944599357696
-8.380600885161947,-6.087077621572278,29.64140005777216
-8.153220840336648,-5.903298051107981,29.350226368108785
-7.931406830539758,-5.7487822651959215,29.040001229324435
-7.717399373627296,-5.623164667136591,28.71459805746025
-7.513173815097633,-5.525739804981997,28.377647868951613
-7.320437564653576,-5.455551060879326,28.032518585949564
-7.140635660009666,-5.411471133546779,27.68230982332003
-6.974962974122678,-5.392272220585127,27.329859747682395
-6.8243813955216845,-5.396684857836656,26.977760798932138
-6.689640413084174,-5.423445203308491,26.628381438412195
-6.571299696755225,-5.4713311605818955,26.283891548116685
-6.469752458350747,-5.539188140215244,25.94628958443312
-6.38524858068344,-5.625945488691143,25.61743004062926
-6.317916703018397,-5.730624708952626,25.29905016540502
-6.2677846354594955,-5.852340590076649,24.99279520581895
-6.234797637706367,-5.990296288187096,24.700241687923942
-6.218834235565514,-6.143773283400324,24.422918420739016
-6.219719361130284,-6.3121170002681275,24.16232501605805
-6.237234691035637,-6.49471873887148,23.919947767239435
-6.271126124307349,-6.6909944334622695,23.697272734126177
-6.321108390556523,-6.90036064533783,23.49579584779678
-6.386866814621668,-7.122208114319622,23.3170297864237
-6.468056289531101,-7.355873145302701,23.162507289999805
-6.564297530316797,-7.600607098603074,23.03378048476939
-6.675170701327455,-7.855544290608125,22.93241568595969
-6.8002065338923146,-8.119668699543398,22.85998304908698
-6.938875084117688,-8.391780014407463,22.81804035687777
-7.09057232681732,-8.670459766422233,22.80811017456568
-7.254604845406484,-8.954038542443598,22.831649598169548
-7.430172962830982,-9.240565595443542,22.890011879094487
-7.61635276811435,-9.527782529118719,22.984399358136557
-7.81207762819951,-9.813103124070766,23.11580740908277
-8.016119934402228,-10.09360176281127,23.28495950296107
-8.22707401264402,-10.36601325741907,23.492234081258168
-8.44334131798016,-10.626747129227939,23.737584683535285
-8.663119222672158,-10.871919461824904,24.02045570888476
-8.884394872893282,-11.097405262728854,24.339697273732014
-9.104945705465935,-11.298913737171098,24.693483799071366
-9.322348250607842,-11.472087919758719,25.07924211594186
-9.533996763914551,-11.612628673381256,25.493595872612534
-9.737132995645013,-11.716441145267432,25.932333675154265
-9.928887988976031,-11.779799435698454,26.39040848554434
-10.10633618596884,-11.79952264549753,26.861975133206784
-10.266561316793252,-11.773152884314795,27.34047120688377
-10.406732589228383,-11.69912359311129,27.818744017474405
-10.524188649579605,-11.57690506595193,28.289222833599236
-10.616525753196976,-11.407113746154524,28.744131439144645
-10.681685687754781,-11.19157302928824,29.175731673447903
-10.718038370054328,-10.933316064226346,29.57658455960267
-10.724453810495055,-10.636525291690083,29.939812535456703
-10.700358396051225,-10.30640881120098,30.259344752351982
-10.645771212710649,-9.949019491250965,30.530127795367978
-10.561317370805408,-9.571028251301813,30.74828661668109
-10.448216898122345,-9.179467354770775,30.911224733001887
-10.308249553950903,-8.781462212736793,31.01765827396047
-10.143697687637728,-8.383970741228588,31.06758451432
-9.957270814350743,-7.993547724809317,31.062191239519517
-9.752016740083487,-7.616148244518375,31.003717931900486
-9.531224729821817,-7.256979620007578,30.89528280062911
-9.298326343519374,-6.92040621469043,30.740690890700332
-9.056799202511264,-6.609906564422529,30.54423798087919
-8.810078190312844,-6.328078183203845,30.31052304912793
-8.561477567606902,-6.076682431356027,30.044279226406722
-8.314126333227586,-5.8567201309713,29.7502298932543
-8.070918021393316,-5.668528108198113,29.432973361076286
-7.834475093996052,-5.511887318667131,29.096896769175427
-7.607127234859844,-5.386134384824164,28.746117627436895
-7.390902215176032,-5.290269945132323,28.3844499188394
-7.18752758027984,-5.223058922697083,28.015390815775035
-6.998441189423472,-5.1831194627795645,27.64212376019331
-6.82480858987881,-5.16899873091943,27.26753377624202
-6.66754528567544,-5.179234935040605,26.89423128611788
-6.527342130164092,-5.212405815597339,26.524581259883924
-6.4046922946576075,-5.2671644527319135,26.160735147103495
-6.299918512888742,-5.342263605062186,25.804663639085966
-6.213199550036756,-5.436569967286866,25.458188848282763
-6.144595079406642,-5.549069760827293,25.123014940625247
-6.094068359199511,-5.678866996895552,24.80075660842148
-6.061506280728142,-5.825175611857279,24.49296502795667
-6.04673650614989,-5.987306500396071,24.201151115873046
-6.049541529218737,-6.164650285706015,23.926805993565715
-6.0696695794078295,-6.356656484765537,23.671418601796375
-6.106842351861912,-6.562809563116221,23.436490390380484
-6.1607595874942955,-6.782602236658233,23.22354695065802
-6.231100553971369,-7.015506274888504,23.034146370547674
-6.317522494313552,-7.260940996785495,22.86988398118124
-6.419656120448658,-7.518239632889694,22.732393037739143
-6.537098239410242,-7.7866137608727515,22.623340742754262
-6.669401615187895,-8.065116113124331,22.544418886655393
-6.816062194805845,-8.352602209733588,22.497328258817898
-6.9765038683817115,-8.647691494158899,22.483755887368815
-7.150060994980617,-8.948728945435182,22.505344116264737
-7.33595901398672,-9.253748509796916,22.56365054751918
-7.533293579652491,-9.560440129667704,22.6600979938167
-7.741008807204117,-9.866122633216692,22.795913835374037
-7.957875402753122,-10.167725254159937,22.972058590275992
-8.182469663089286,-10.461781033469778,23.189144123354897
-8.413154567023428,-10.744435746660175,23.447342760708384
-8.648064422658475,-11.011476215932326,23.746289654056675
-8.885094762371882,-11.258381800572852,24.084982032333503
-9.12189935846725,-11.480402395109554,24.461680427952295
-9.355896328322759,-11.672665289133658,24.87381846111065
-9.584285263239147,-11.830311666322235,25.317929137247148
-9.804077103047835,-11.948661307575984,25.789596632595654
-10.01213804688128,-12.02340126536625,26.28344294018745
-10.205248111639374,-12.050791061371777,26.79315824288417
-10.380174021023638,-12.02787363076532,27.311582231194684
-10.53375496257992,-11.952678228247335,27.830840658172367
-10.662998464114118,-11.824399349720156,28.342537263106873
-10.765182334645283,-11.64353495212216,28.837996070748055
-10.8379574459113,-11.411968322673884,29.308543501427078
-10.879445273960775,-11.132981093034015,29.745814437792298
-10.888323743025143,-10.811190028571206,30.142062223594635
-10.863895140251124,-10.452406889335546,30.49045031193909
-10.806130751742309,-10.063428052828279,30.78530350541708
-10.71568836573979,-9.651767678003008,31.022299632551118
-10.593900758162437,-9.225353908886119,31.19858781766929
-10.442735498711844,-8.79221108394253,31.312826518521458
-10.264728625981054,-8.360151627950861,31.365142210106548
-10.062896671178365,-7.9364992309155005,31.3570168616118
-9.840632942100042,-7.52786050920633,31.291118187034645
-9.60159477356348,-7.139956398353036,31.17109036327554
-9.349588568429557,-6.777518013151071,31.001324233527406
-9.088458951089336,-6.444245562312989,30.786725096660028
-8.82198736413338,-6.142823854105074,30.532493499716377
-8.553804133428065,-5.8749844122643085,30.243930658845862
-8.287316591181263,-5.641602361833827,29.926275923616956
-8.025654445942225,-5.442815903302999,29.584579667358323
-7.771632349795993,-5.278157055888432,29.223611559964823
-7.527728616633652,-5.1466840229015896,28.847801594762696
-7.296078326114243,-5.0471076231902625,28.461209557804214
-7.078478602663606,-4.977906411928013,28.06751777440635
-6.876403657442756,-4.937427139290825,27.67004179116765
-6.691027177873311,-4.923968917498983,27.271753966104363
-6.52324979245995,-4.9358508174571565,26.875315561926847
-6.373729578340564,-4.971463589810563,26.48311371065627
-6.242913871576097,-5.029306836289869,26.09730042111428
-6.13107095065475,-5.108013302192358,25.71983155168452
-6.038320466175974,-5.2063620835799,25.352504320261772
-5.964661766829973,-5.323282504831375,24.996992449230067
-5.90999951339604,-5.457850277388027,24.654878442318683
-5.874166173961877,-5.60927734266605,24.327682770858903
-5.856941154437351,-5.776896564812796,24.016889924168648
-5.8580664410184395,-5.960142196851494,23.723971369584454
-5.877258719621217,-6.158526814087455,23.450405488635766
-5.914217996503464,-6.371615203301613,23.197694521667096
-5.968632779832966,-6.598995523445733,22.967378475983796
-6.040181899500662,-6.840247919373676,22.761045841981087
-6.128533047658752,-7.094910679827079,22.580340825397418
-6.23333812089268,-7.362443989762147,22.426966648330342
-6.354225442219963,-7.642191341206281,22.302684303338783
-6.490788942947734,-7.9333387432581866,22.20930597124489
-6.642574396695532,-8.234872018647454,22.148682143914087
-6.809062826714932,-8.545532699925431,22.122681341862812
-6.989651259329398,-8.863773350626873,22.133161201707196
-7.1836310772226835,-9.187713540785008,22.18192965531298
-7.390164342422598,-9.515098201811748,22.27069496336574
-7.608258615164781,-9.843260663705344,22.401003540540945
-7.83674099440238,-10.169093314842046,22.574164863034348
-8.074232348227012,-10.489029479301635,22.791163329983757
-8.31912298246737,-10.799040712667088,23.052557802722955
-8.569551300706049,-11.094654180347368,23.358370701084393
-8.823387317193632,-11.370994979613739,23.7079699988321
-9.078223163046054,-11.622858050369043,24.099949192582127
-9.331372931476121,-11.844813531380266,24.53201222153742
-9.579884284857465,-12.031347911282246,25.00087221452054
-9.820564133523312,-12.17704099644379,25.50217457854714
-10.050020332016858,-12.27677556034474,26.030455986624087
-10.264720672812174,-12.32597267813384,26.579150893248567
-10.461069465194562,-12.32084148788076,27.140655937326795
-10.635500683299233,-12.258627949229181,27.7064597110202
-10.784585121278116,-12.137843746950379,28.267340798336743
-10.905147335015682,-11.958454551496317,28.813630921797472
-10.9943865654873,-11.722007091694588,29.335533021222684
-11.049994554236665,-11.431677387853854,29.823476994477605
-11.070262407940113,-11.092228121968137,30.26848974947692
-11.054168640449229,-10.709871070280816,30.66255227757074
-11.001441327795916,-10.292039866237227,30.998915576016543
-10.912588946161243,-9.84708778323731,31.272349883607387
-10.788896782698766,-9.383933263669752,31.47930769538451
-10.632388551965365,-8.911681272622447,31.617989598771896
-10.445755675319806,-8.439250375130193,31.688311834813604
-10.232259227951607,-7.975033522430868,31.69178411634344
-9.9956115170892,-7.526615356753237,31.631314210011013
-9.739845416429834,-7.100561415769161,31.51096107993115
-9.469179869059415,-6.702286233164829,31.335660530938792
-9.187889439836018,-6.335999281571597,31.110946402928843
-8.900184610997147,-6.004721024934698,30.84268705657491
-8.610107898570726,-5.710356671878609,30.536852036433313
-8.3214490662631,-5.4538127450441,30.199318342275276
-8.037680948638373,-5.235141126670452,29.83572050429261
-7.761915836383473,-5.053696381838995,29.45134423007766
-7.496881129944432,-4.908294360653077,29.051060089243627
-7.2449120787721,-4.797362809112671,28.6392915997348
-7.007958885795597,-4.71907753236039,28.220011071117465
-6.787605228816243,-4.671480235378507,27.796756429444276
-6.5850952705865975,-4.652576326386534,27.37266273981766
-6.401366429183544,-4.66041262919934,26.95050300988232
-6.237085494953241,-4.6931361165434975,26.532733892969183
-6.092686054121343,-4.749035502195981,26.121542958709487
-5.968405568432673,-4.826567896739917,25.71889515951294
-5.864320833508413,-4.92437282697533,25.326576936567186
-5.7803808756588335,-5.041275823851197,24.94623705686826
-5.716436636438213,-5.176283567039582,24.57942375485215
-5.672267031965586,-5.328572290168029,24.227618084225405
-5.647601160526446,-5.4974708393791,23.892263590056665
-5.642136570942,-5.682439467316339,23.574792512068765
-5.655553601200792,-5.883045153359317,23.27664874961058
-5.687525858329634,-6.09893398058738,22.999307775809196
-5.737726943134077,-6.329800877681553,22.7442935977187
-5.805833533867093,-6.575356854414926,22.513192731868365
-5.891524937450671,-6.83529372627657,22.30766500827036
-5.994479201699861,-7.109246241212479,22.129450836262055
-6.114365863065444,-7.396751494795002,21.980374367080486
-6.250835387727808,-7.697205556542386,21.862341775651213
-6.403505355662551,-8.009817338884586,21.777333664390927
-6.571943444166259,-8.333559932600775,21.72739037503301
-6.755647296388434,-8.667119920792128,21.714588796063076
-6.954021419270697,-9.008845579621186,21.74100909597761
-7.166351351862838,-9.356695387346349,21.808689727908597
-7.391775487023977,-9.708188896273814,21.919569081126408
-7.629255123781172,-10.060362766158462,22.07541235204912
-7.8775435785433165,-10.409735585176325,22.27772263320667
-8.135155491205685,-10.752285963037062,22.52763593939318
-8.400337820573485,-11.08344918393572,22.82580096862516
-8.671044416658985,-11.398138329302846,23.172245877173964
-8.944916456998245,-11.69079605499844,23.566236242721473
-9.219271396962814,-11.955482932974943,24.006130648041406
-9.491103350776376,-12.186007224829803,24.489242804884515
-9.757097916562882,-12.376098942088717,25.01172161192678
-10.013664301839434,-12.519627930728623,25.568462641990546
-10.256987112942562,-12.61086149204537,26.15306581724669
-10.483099277132327,-12.644751914616199,26.757853932565062
-10.687976240616257,-12.617238692100118,27.373964729827343
-10.867649859127074,-12.525544856401527,27.99152506452574
-11.018338376364296,-12.368442701487057,28.59990928989777
-11.136586760552342,-12.14646223419682,29.188075685268696
-11.219409706936556,-11.862016869043872,29.744965432877052
-11.26442812532576,-11.519425716903438,30.259939599895645
-11.269989221344455,-11.124820232754855,30.723222364202957
-11.235260581805035,-10.685934183691217,31.126314836631682
-11.160290089481828,-10.211788384865422,31.46234436292452
-11.046025945789731,-9.712293490149124,31.72631947697675
-10.89429431358013,-9.197803331654956,31.915270153222053
-10.707735700675816,-8.678656303406058,32.02826524933417
-10.489704706594647,-8.16474229093459,32.06631206154173
-10.244140685850091,-7.6651278357332995,32.03215464292091
-9.975418882370635,-7.187763655432339,31.92999622520474
-9.688192469138002,-6.739287974993164,31.765175708852418
-9.387235681361041,-6.324928198286486,31.543828565602336
-9.077297023815884,-5.948493876532299,31.272559221986942
-8.762969641801385,-5.612446814746503,30.95814617051596
-8.448583697594687,-5.31802998122134,30.607293997017063
-8.138123303495927,-5.0654355556793575,30.226439434807947
-7.835168481494076,-4.853993461583992,29.82161238226682
-7.542860916950956,-4.682364355993067,29.398348094177102
-7.263891030801448,-4.548724546023286,28.961643659452463
-7.000503117965753,-4.45093401714979,28.515950306211856
-6.754514941129005,-4.3866822199489715,28.065192751578586
-6.527348149324365,-4.35360917959679,27.61280738581906
-6.320066118662237,-4.349401740943834,27.161792200271275
-6.133416199875885,-4.371866337800923,26.714762740143296
-5.967873828031697,-4.418980651874108,26.274009764940786
-5.8236864440845455,-4.488927016570896,25.84155558504309
-5.700915653232002,-4.580110545142892,25.419207132357617
-5.599476473830409,-4.691164834032758,25.00860468562398
-5.519172898074144,-4.820947805340053,24.611265810299336
-5.4597292861881135,-4.968529880246244,24.228624512424695
-5.420817350519426,-5.133176271001605,23.862065877970867
-5.402078659699834,-5.314324778415517,23.51295660811074
-5.403142713288389,-5.511560107044042,23.182671898015233
-5.42364071223288,-5.724585374134003,22.872619068270904
-5.463215188442121,-5.953191197233744,22.584258264016935
-5.5215256656921845,-6.197222501980613,22.319120401756376
-5.598250511371097,-6.456542997218808,22.07882237687724
-5.693085110990505,-6.7309971207625,21.865079351713923
-5.805736461305682,-7.020369168705062,21.679713727403854
-5.935914239414727,-7.324339289463754,21.52466016461074
-6.083318370542874,-7.642436059043906,21.401965760569592
-6.247623092910583,-7.97398546798315,21.313784217206024
-6.428457511336815,-8.318056358080625,21.262362555819994
-6.625382650121627,-8.673402665974312,21.250018663008053
-6.837865069346996,-9.038403279697892,21.279107714161725
-7.06524720697185,-9.411000910754728,21.351975350718106
-7.306714762366729,-9.788642139324894,21.470895435062054
-7.561261655184165,-10.168221703109865,21.637990337727235
-7.827653384687967,-10.54603514947999,21.855132105346666
-8.10438998263551,-10.917745103341284,22.123823605677785
-8.389670193943148,-11.278367524106466,22.44505994096019
-8.681359018844155,-11.622285285632843,22.819172141896328
-8.97696127764314,-11.943297004634324,23.245657442622587
-9.273604364306747,-12.234709000969533,23.723003262711103
-9.568033765336196,-12.48947729452064,24.24851524791291
-9.856625140773126,-12.700404327881486,24.818163064746486
-10.135416683089417,-12.860391420424937,25.426460654479637
-10.40016497091891,-12.962742735125456,26.066399715628805
-10.646426517915522,-13.001509963365717,26.729455575462932
-10.869665626151232,-12.971859543904882,27.40568260539721
-11.065387007640576,-12.870436960237269,28.083911381117932
-11.229289060072295,-12.695696777073938,28.752051718905278
-11.357430916282395,-12.448164023388648,29.397494952778445
-11.446403784914647,-12.130593624664927,30.007596471640692
-11.49349508645825,-11.748000653947866,30.57020738724499
-11.496832888101771,-11.3075451849997,31.074214432182064
-11.455498483180477,-10.81827040949854,31.510041928319165
-11.36959679229716,-10.290709335506806,31.870070465502543
-11.240277481301364,-9.736391076727184,32.148934256424795
-11.069703935273846,-9.167289680412305,32.34367212879364
-10.860971930641245,-8.595264464885917,32.45372370106604
-10.617984344633193,-8.031539960467258,32.48077961967105
-10.345291904886693,-7.486266191930763,32.428509886375345
-10.047912347432833,-6.9681878767426495,32.30220495055898
-9.731141198839389,-6.484436579201172,32.10836914585779
-9.400366772749608,-6.040445531363788,31.854305214560547
-9.060900140645506,-5.639974842323103,31.547723140360358
-8.71782820997175,-5.285226494418736,31.1963979962011
-8.375895071551852,-4.977024285954119,30.807891865497837
-8.039413871768815,-4.715033366476266,30.389345723601256
-7.712208932645023,-4.497996358887663,29.94733959354004
-7.397585870368018,-4.323967205165374,29.487813877440622
-7.098326116982988,-4.190528788876257,29.01604158245307
-6.816701503530068,-4.094985263482521,28.536639930124164
-6.554504326434244,-4.034524306154236,28.05361009825903
-6.313088472642059,-4.006347938963551,27.570395084649622
-6.093417598058823,-4.007773038381905,27.0899474410098
-5.896116925646019,-4.036304256802118,26.614800539946284
-5.7215258627601004,-4.089682950891965,26.147138857485114
-5.5697492647372275,-4.16591602324018,25.688864331614873
-5.440705748866148,-4.263288502739847,25.241657128591335
-5.334171964300439,-4.380363358356119,24.807030105969428
-5.249822138242699,-4.515971572255286,24.3863769322097
-5.187262546164387,-4.6691949728258715,23.98101425238443
-5.146060799635953,-4.839343800273471,23.592218528040167
-5.125770018825967,-5.025930480511264,23.22125827380768
-5.125948068675407,-5.22864063491834,22.869422403944448
-5.146172099096557,-5.447301961775808,22.538045319987795
-5.186048650566228,-5.681851291119826,22.22852923871061
-5.2452195764333425,-5.9322998365250195,21.942364092422498
-5.323364000282578,-6.198696442284712,21.681145139712147
-5.420196477933485,-6.481088450826725,21.446588207399845
-5.535461475503816,-6.779479693453283,21.240542243770964
-5.668924213406965,-7.09378504132543,21.06499859723987
-5.820357867141335,-7.423780950806585,20.922096141361507
-5.989527065616601,-7.7690515103276025,20.814121046056588
-6.176167593728861,-8.128929662401685,20.743499649256197
-6.379962196356718,-8.502433556847837,20.71278252242349
-6.600512405872101,-8.888198416353935,20.724617466533864
-6.837306386325439,-9.284404891987318,20.78170885412037
-7.089682917937495,-9.688705681175431,20.886760496927288
-7.356791849658654,-10.098153193094163,21.042399137189726
-7.637551639299272,-10.509132278107263,21.251075826176265
-7.930604991554852,-10.917303460665684,21.514942981459086
-8.234274099745086,-11.317563654693133,21.83570593625523
-8.546517592316556,-11.704032859007448,22.214449445072177
-8.864891958763831,-12.070076609720475,22.651442003243158
-9.186520937225904,-12.408374699411556,23.14592402797698
-9.508077014040735,-12.711046468499257,23.695889879698534
-9.82577970736629,-12.969841390498505,24.297878150763292
-10.135415544130531,-13.176400283706522,24.946789166905035
-10.432384431239102,-13.32258698613576,25.635752533567285
-10.711776305767799,-13.40088269633367,26.35606987887525
-10.968480394271399,-13.404825804359247,27.097257627228654
-11.19732706370073,-13.329469859152384,27.84721067571117
-11.3932591745009,-13.171822863818553,28.592499585473174
-11.551526280790155,-12.931224327156368,29.31880137054743
-11.667891367801232,-12.609614507910608,30.011448155138027
-11.738836622288366,-12.2116547475747,30.656060921040265
-11.76175261111883,-11.74466939551684,31.239220181412417
-11.73509475094976,-11.218397832797706,31.749114921597865
-11.658492439503544,-10.644567145675286,32.17610830302857
-11.532799714505414,-10.036318453219968,32.513164898240184
-11.360081457451708,-9.407538616392339,32.75609920229315
-11.143535270530311,-8.772160437959228,32.90362647568065
-10.887355319195265,-8.143496386512734,32.957220785292016
-10.596549724979825,-7.533663276791677,32.920807091863196
-10.27672676947434,-6.953140151340518,32.800330649858644
-9.93386681648879,-6.41048216621587,32.60325557146219
-9.574096446765274,-5.912193366748814,32.33804474159557
-9.20347914513985,-5.462744141182166,32.0136666162939
-8.827833532395692,-5.0647070152483105,31.639163150719593
-8.452586228737268,-4.718978087976334,31.223299899034664
-8.082662562184128,-4.4250503909083605,30.774306618975757
-7.72241494431425,-4.181308559708213,30.299706199300804
-7.375586100093562,-3.9853198857629395,29.80622226580327
-7.045302557082661,-3.8341035741436453,29.299751522720555
-6.734092833481114,-3.7243666922090557,28.785385338959127
-6.443924486400839,-3.6527010775644864,28.26746560807909
-6.176254421566692,-3.6157400023833866,27.74966175270389
-5.932087448766708,-3.610276586143232,27.23505824561959
-5.712038839020275,-3.6333479332217395,26.726244672929774
-5.516397476856066,-3.682289970898114,26.225402830781395
-5.3451870165738375,-3.7547682319072364,25.734387438942328
-5.198223189223499,-3.8487896014324283,25.254798700417652
-5.0751660376403915,-3.9626995280498813,24.788046142902758
-4.975566369823368,-4.095168530281701,24.335403996690058
-4.898906118721375,-4.245171118329128,23.898058865985575
-4.844632589289053,-4.411959559773972,23.477150710665516
-4.812186775477049,-4.595034285450548,23.073808240467613
-4.801026055777895,-4.794112174107712,22.689179788779022
-4.810641640673388,-5.009093475717976,22.32446062066272
-4.840571162014647,-5.2400277296220095,21.980917469141474
-4.890406774391437,-5.4870786978001345,21.659910903768694
-4.959799091454757,-5.7504880572810935,21.362915926081083
-5.048457213843375,-6.030537371960636,21.09154096076921
-5.1561450264132915,-6.32750768830215,20.847545167471765
-5.282673856560628,-6.641635970472547,20.632853730822532
-5.427891497813904,-6.973067511877461,20.449570488784286
-5.591667518885574,-7.321803440670816,20.29998692419581
-5.773874703984337,-7.687642491805414,20.186586166229635
-5.974366412582496,-8.070116369825433,20.11204022536953
-6.192949614987411,-8.468418304663901,20.0791982226725
-6.4293533653012265,-8.881324844245805,20.091062887308098
-6.683192529731624,-9.307111575483223,20.150752117100918
-6.953926712675141,-9.743464364163158,20.261441977856226
-7.240814534975277,-10.187388894539666,20.426287239013575
-7.54286373903653,-10.635122795826772,20.648315519125607
-7.858778043810813,-11.082056458061132,20.930291494243022
-8.186902263847532,-11.522670702884101,21.274548588096167
-8.525167944494145,-11.950501643816047,21.682787317996503
-8.871042634892152,-12.358145094452034,22.155842210294225
-9.22148687784475,-12.737314378275405,22.693423064767956
-9.57292395806832,-13.078965838594664,23.293841354497744
-9.921228287342535,-13.373505107993664,23.95373849911738
-10.261738835843426,-13.611083606592464,24.66783913967702
-10.589304020315348,-13.781988240292156,25.428758487287784
-10.89836369037016,-13.877117626822875,26.22689704066998
-11.183072098741828,-13.88852572197661,27.050456910295257
-11.437462873801936,-13.8099995830472,27.885610064279764
-11.655653070629674,-13.637624230100572,28.71683883443143
-11.83207862833027,-13.37027696522644,29.52745271985995
-11.961748537330633,-13.009989229618412,30.3002640338134
-12.040500486676669,-12.56211882291718,31.018381031539377
-12.065237608979851,-12.035290411344626,31.666055031329133
-12.034125002291596,-11.441086868003834,32.2295025436337
-11.946726536280803,-10.793504787272472,32.697618816963065
-11.804067121505629,-10.108219113322903,33.062507828740195
-11.60861264012812,-9.401727998478208,33.31977503280456
-11.364168090150747,-8.690464356515301,33.46855951120306
-11.07570285559955,-7.9899620562188485,33.51131572503772
-10.749119043822851,-7.314152482695138,33.45338530892725
-10.390983486876646,-6.674844509604666,33.302420885457074
-10.008245759274557,-6.08141299389128,33.067733683049866
-9.607963472263645,-5.540693383915617,32.75963470937222
-9.197052712386759,-5.057057566701581,32.38882772388486
-8.782076647935517,-4.632631394163613,31.965895073448962
-8.369079954556883,-4.2676080296399785,31.500898659773792
-7.963471616528233,-3.960612237110638,31.003101239827384
-7.569954412319092,-3.7090768880572837,30.480800033088418
-7.192496288415192,-3.509601912049366,29.941256041366092
-6.834336916934334,-3.358275582101957,29.39069835764325
-6.498021896680693,-3.2509469028183773,28.83438218727309
-6.185457070574325,-3.183445100907165,28.276681209827807
-5.897976038883056,-3.151747497346689,27.72119819021937
-5.636414906703976,-3.1521004491638402,27.17088152411588
-5.401189417458098,-3.181099886626061,26.628139060557675
-5.192370745901133,-3.2357386220758677,26.094943722177778
-5.00975725898855,-3.3134274453594568,25.572927981216353
-4.852940447848975,-3.4119963663048445,25.063466129061577
-4.721363967863443,-3.529681460108779,24.567744563860508
-4.614375296691217,-3.6651017860651374,24.08682112007739
-4.531269945256086,-3.8172298907711317,23.621674890428174
-4.471328453946244,-3.985358533289976,23.173248150435818
-4.433846597396619,-4.16906550804326,22.74248197744637
-4.41815932733811,-4.368177796404565,22.330347027557014
-4.42365902303659,-4.582735742580428,21.937870744356665
-4.449808608875607,-4.8129575097231,21.566162054717264
-4.496150051774263,-5.059203712591425,21.21643437759818
-4.5623086777551025,-5.321941828276016,20.8900275400014
-4.64799365512631,-5.601709743505508,20.588428960149443
-4.7529948876022585,-5.899077596037296,20.31329421635301
-4.877176449106363,-6.2146069028209965,20.06646686165522
-5.02046657704493,-6.548805838045825,19.84999705734148
-5.182844126366932,-6.902079434644443,19.666158269531895
-5.3643212770031,-7.2746734450282275,19.51746088895169
-5.564922187673795,-7.666610630723318,19.406661182804832
-5.78465720678023,-8.077618385808204,19.336763461649667
-6.023492196016558,-8.50704687625213,19.311012742995185
-6.281312507820245,-8.953777348699086,19.332874529197277
-6.557881201420392,-9.416120991136136,19.405997621575825
-6.852791206402592,-9.891709785073147,19.53415522479144
-7.165411374445411,-10.37738224542076,19.721159052658177
-7.494826729941297,-10.869068857966493,19.970740874303253
-7.839773770425465,-11.361684417956226,20.28639614001351
-8.198572406134812,-11.849037302897507,20.671185259517262
-8.569057080927438,-12.323768826336257,21.1274900789448
-8.948510777356676,-12.77733890903181,21.65672643721882
-9.333606931966681,-13.200076860334681,22.25901864886871
-9.72036567279891,-13.581317349318534,22.932848476580133
-10.104132068619261,-13.909640719056359,23.67469944956035
-10.479584997522336,-14.173232606518035,24.47872662690156
-10.840785476796972,-14.360369421545371,25.336490878901316
-11.181272479430273,-14.460023083399996,26.236803597533626
-11.494212050511464,-14.462560825612627,27.165730061393308
-11.77260170440867,-14.360495419792215,28.10679494416956
-12.009526647007165,-14.149220872498177,29.04141967849965
-12.19845769691872,-13.827652866881941,29.94959799049544
-12.333573661539527,-13.398686900955028,30.81078457667542
-12.410084519219756,-12.869394483716887,31.604936956397978
-12.424527427147448,-12.250900894159601,32.31361866701882
-12.375006570271513,-11.557925286712912,32.92105081431357
-12.261350974695747,-10.808009681544283,33.414995032376595
-12.085171635658183,-10.020508790216116,33.78736722476057
-11.849809754602628,-9.215447924896482,34.034516247583
-11.560179866661077,-8.412373552066331,34.15714830834972
-11.222523099288079,-7.629316841808965,34.159926529080785
-10.84409478371622,-6.881966655767921,34.05081582106962
-10.432815786118013,-6.183111224066428,33.840268493922025
-9.996917753362132,-5.5423660892551,33.54035283824416
-9.544609387425982,-4.966168259146378,33.163916877876765
-9.0837849473224,-4.457988979901751,32.72385759479715
-8.621788813752664,-4.018702738233268,32.232538636171704
-8.16524248113651,-3.647047413078088,31.7013727941354
-7.719933803178962,-3.3401171043820046,31.14056364415624
-7.29076332976095,-3.0938413414693975,30.55898571139151
-6.881739340996791,-2.903418572792323,29.964174569350696
-6.49601159591532,-2.7636853679244564,29.36239623798719
-6.135933561182235,-2.6694139945595072,28.75876741754963
-5.803143585113201,-2.61553930655657,28.157402702576952
-5.498656759350563,-2.597321233602029,27.56157049172055
-5.222960751739829,-2.610452045860769,26.973844797713003
-4.9761104677345,-2.651118587382564,26.39624494731657
-4.757817853500154,-2.716029435716563,25.83035896770841
-4.567534409108148,-2.8024159643022184,25.277449246985643
-4.4045250027285645,-2.908014944707042,24.73854093698239
-4.267932368191183,-3.0310388905701746,24.214494706183896
-4.156832250041281,-3.170138974811581,23.70606603293702
-4.07027956299642,-3.3243641307497778,23.213953422385867
-4.007346189670263,-3.4931189090061316,22.73883787305072
-3.967151183010327,-3.6761218062561825,22.281415716095175
-3.9488841956765275,-3.8733650921989247,21.842426676693158
-3.9518229504713998,-4.085076612724903,21.422678711286295
-3.97534551214739,-4.311683613259771,21.02307088547541
-4.01893803543376,-4.553778280988671,20.644615288379597
-4.082198557281103,-4.812084425433971,20.2884587333834
-4.164837280483412,-5.087424484686872,19.955904767701806
-4.26667366606059,-5.380685844541249,19.648436294410992
-4.387630516424009,-5.692785279168166,19.36773888717129
-4.527725092644482,-6.0246301587518625,19.11572463374567
-4.687057168796375,-6.377074920927566,18.894556061389533
-4.865793786128733,-6.750871174544561,18.706669355394112
-5.064150332217384,-7.146609709818954,18.554795660668514
-5.282367439309047,-7.564652652019435,18.44197873466448
-5.520683078268507,-8.005054052802471,18.37158658009402
-5.779299129943233,-8.467467416064773,18.347313915931753
-6.058341659267111,-8.95103907375626,18.37317144551638
-6.35781412013324,-9.454287051227071,18.45345687259695
-6.677542809527949,-9.97496619970364,18.59270155465594
-7.017114104465969,-10.509922046370937,18.795585671725338
-7.3758033998237735,-11.054938139824362,19.066814000023548
-7.752496270193072,-11.604584742327361,19.410944071764433
-8.145603256257818,-12.152080562393795,19.832159034855483
-8.552970869185007,-12.689183722194226,20.333979358610254
-8.97179293428871,-13.206132993371899,20.91891119522182
-9.398528230774962,-13.69166489119403,21.588035229177787
-9.828832426466692,-14.133135494193956,22.34054861248916
-10.257514349205673,-14.516776460766629,23.173284119313937
-10.67852834501546,-14.828110943983217,24.08024435032272
-11.085015376994347,-15.052545219262393,25.052203140254118
-11.469405044244164,-15.176134547159611,26.076438616087444
-11.823588254598961,-15.186496961890837,27.13666890390601
-12.139165407732872,-15.073818108824941,28.213258016209583
-12.407767510030249,-14.831858267813294,29.28374218535919
-12.621438069723514,-14.45884609214586,30.323694073753366
-12.7730530207291,-13.958130622204854,31.307895745169095
-12.856746074832351,-13.338471380149084,32.21173752819114
-12.868299987441873,-12.613879870770075,33.01270972833817
-12.805462323021928,-11.802982541331156,33.691820398784685
-12.668148762297674,-10.927945983440923,34.234766175751055
-12.458507845513186,-10.013075057967216,34.63270975502853
-12.180836803715668,-9.08324725759718,34.88257355609795
-11.841356016320315,-8.162369196291522,34.98683270126058
-11.447866277586966,-7.272028778644292,34.952864812029034
-11.009325403930102,-6.430473933550599,34.79197277680325
-10.535386830552413,-5.6519878644600885,34.5182284146323
-10.03594231431876,-4.946666750578048,34.147286819235646
-9.520704699169563,-4.3205521772744175,33.69529787220402
-8.99885688209893,-3.7760355928455986,33.17800269510982
-8.478781916956702,-3.3124379204524077,32.61005962143514
-7.96787861161561,-2.926671148419461,32.004605640850855
-7.472458384705645,-2.6139044764482406,31.373030636927556
-6.997713198633068,-2.3681790512731293,30.72492481317664
-6.547741099480402,-2.182937202736157,30.06815336180399
-6.125614875953142,-2.0514509337404063,29.409014006699653
-5.733480002421979,-1.9671485998245253,28.752439479669718
-5.372669733430273,-1.9238480227684946,28.10221556759457
-5.04382743171203,-1.9159093655029587,27.461194125406244
-4.747028535865001,-1.938322974025895,26.831488187269837
-4.4818967436238974,-1.9867471202992555,26.21464247340446
-4.247710857338192,-2.057509056931811,25.611777082255752
-4.043500253529386,-2.1475806924847047,25.023705143616642
-3.868128100412312,-2.2545379651616764,24.451026976203636
-3.720362291474041,-2.376510898448211,23.894204157231698
-3.5989346401354543,-2.512129496860676,23.353617156908783
-3.5025892438483566,-2.6604691270735303,22.82961004961509
-3.430121125669226,-2.8209978209646183,22.322525459821666
-3.38040634036511,-2.993526997630321,21.8327324556844
-3.352424725405056,-3.1781663859813,21.360649644730564
-3.345276412006962,-3.3752833921059175,20.90676529949153
-3.3581931081732215,-3.585466754076584,20.471655968452048
-3.3905450391093135,-3.80949402496565,20.056004715777487
-3.4418442907639357,-4.048302192283796,19.660619878467912
-3.511745156070002,-4.30296055416507,19.286455022333737
-3.6000419346753323,-4.5746448095201595,18.934630605362237
-3.7066644873466132,-4.864611165310285,18.6064577032849
-3.831671696135008,-5.174169106985697,18.3034640003982
-3.9752428301244436,-5.504651309505666,18.02742208012832
-4.137666662906679,-5.857378981695911,17.78037984350521
-4.31932803051848,-6.233620736392293,17.564692615942775
-4.520691356576299,-6.634542869793805,17.383056146588082
-4.742280505047561,-7.061148731654963,17.2385392296647
-4.984654152862504,-7.514204701839784,17.134614050505117
-5.2483757100222235,-7.994150203845183,17.0751815462009
-5.533976664464893,-8.500989250310313,17.06458804094944
-5.841912110012182,-9.034161326186103,17.1076281486168
-6.172507154741935,-9.59239010366668,17.209527431558854
-6.525892942455786,-10.17350971876615,17.375896607775864
-6.9019312041430005,-10.774270327958254,17.612647316827353
-7.300126657893635,-11.390127632510255,17.92585779738159
-7.719527278075854,-12.015025226655426,18.321575643896306
-8.158613551385494,-12.64118414313869,18.805544622614423
-8.615179420451131,-13.258920819466354,19.382844065320878
-9.086209753066035,-13.856522568449504,20.057433537446027
-9.567761875960981,-14.420217704957656,20.831603307543812
-10.054861877576524,-14.93428429426594,21.705343533132467
-10.541429748712353,-15.381344804572207,22.675662461871987
-11.020250502924124,-15.742890803720321,23.735905780089844
-11.483010453125232,-16.000068930657925,24.875153380965354
-11.920417841621438,-16.134733881922312,26.077792024022198
-12.322423953443932,-16.130735090797778,27.323376175423828
-12.678553774545549,-15.975353586921893,28.58688687608824
-12.97834381807571,-15.660751435898796,29.83947238304497
-13.211869534295865,-15.185250384981916,31.049700670647464
-13.370327624325917,-14.554234222018998,32.18527563653262
-13.446622743411302,-13.780485075652427,33.21507810026369
-13.435897411571329,-12.883824592820751,34.111309843061115
-13.335942098897354,-11.890031485569471,34.851468049594224
-13.147431550434455,-10.82912825095766,35.419878167831705
-12.8739530360157,-9.73324287123654,35.808572178270175
-12.521819077570562,-8.63432608393516,36.017405933051705
-12.09968591139422,-7.562021371378573,36.05343770471166
-11.618023493375011,-6.541940497116477,35.92970786130548
-11.088498465290536,-5.594507394956754,35.6636388943719
-10.523335903908011,-4.734424021942233,35.27530177147402
-9.934719487864065,-3.9707112313947324,34.78577111491811
-9.334275831185682,-3.307206016498701,34.21573315658777
-8.732671121084552,-2.743361876723057,33.58443733690747
-8.139330679887575,-2.2751986395130634,32.90901345262042
-7.562277443217744,-1.8962718445549938,32.20412358984748
-7.008075050876139,-1.5985676707923964,31.481886320364545
-6.481855495387639,-1.373266934533505,30.751998358451893
-5.987409429423414,-1.211354020219461,30.021981218580866
-5.527318247763585,-1.1040705228160632,29.29749157140827
-5.103109823884093,-1.0432285229106921,28.582648861076994
-4.715423349057727,-1.0214061067620706,27.880348672091074
-4.364172401808151,-1.0320499786357007,27.19254320322966
-4.048698735501577,-1.0695087752110177,26.520480141720206
-3.767912093722284,-1.1290176031342534,25.864898183477365
-3.52041358136245,-1.206650534235344,25.226181817411383
-3.304601763054847,-1.2992540296923352,24.604480362529657
-3.1187618074775196,-1.4043709101950874,23.999797199320845
-2.961138741361072,-1.52016170024584,23.41205517247368
-2.8299963143906677,-1.6453279682606041,22.84114364761506
-2.723663188026813,-1.779040604138603,22.286951956168206
-2.640568215102487,-1.9208747365891359,21.749393141060143
-2.57926652545148,-2.070752103202803,21.228421130908966
-2.5384580150521314,-2.228891064550909,20.724043779013087
-2.516999680526627,-2.395764030067768,20.236333629191595
-2.513913066981219,-2.572061782379172,19.765437815374444
-2.5283879182016715,-2.7586640045760857,19.311588156039647
-2.559782942340751,-2.9566151981824533,18.87511225268639
-2.607624438080329,-3.1671051024286525,18.45644622618621
-2.671603367843471,-3.39145266781123,18.0561496089627
-2.7515713160970896,-3.631092582740693,17.674922838549364
-2.8475356308524873,-3.88756328808553,17.313627754463685
-2.959653912823346,-4.1624953292141464,16.973311471659105
-3.0882278862230055,-4.457598778586617,16.655233976285686
-3.233696554140699,-4.774648304908779,16.36089974832094
-3.396628405629322,-5.115464259245515,16.092093643762126
-3.577712296565543,-5.481887887803576,15.850921145669986
-3.777746467437662,-5.875748461588047,15.639852892164676
-3.9976249841969644,-6.298819735829916,15.461773077057456
-4.238320689753391,-6.752762725991134,15.320030852853233
-4.500863531944594,-7.2390513341573115,15.218493193959207
-4.786312890332921,-7.758876921468883,15.16159673735467
-5.095722265631934,-8.313027570135706,15.154394837627358
-5.430094436642236,-8.9017376257226,15.202594379508993
-5.7903249570020785,-9.524503327077563,15.312574719801233
-6.1771317016358855,-10.179861161189784,15.491378449476727
-6.590968147478453,-10.865127354394772,15.746660511260318
-7.031918281423175,-11.576100052377594,16.086578736492154
-7.499571601952828,-12.306730746414988,16.51960543547037
-7.992877787295582,-13.048778885645312,17.054236941798624
-8.50998243894307,-13.7914737803001,17.698577027257155
-9.048048077922623,-14.521220926961039,18.459772401303415
-9.603068434495793,-15.221405190035076,19.34328609062054
-10.169689071528197,-15.872359167028986,20.352009640168706
-10.741053322090256,-16.451578290246903,21.485239848579763
-11.308698825858658,-16.934269634811546,22.737581066818844
-11.862535518568881,-17.29431217306968,24.097878369702194
-12.390939077404063,-17.505674906577315,25.548334501849954
-12.880992382744292,-17.544280307836875,27.06400349634871
-13.31889926007936,-17.39021372662593,28.61287035652577
-13.690577996412479,-17.03007442343961,30.156701156708426
-13.982416913063854,-16.459162463467106,31.652767416095543
-14.182143264961168,-15.683130069547762,33.05641133580115
-14.2797255838889,-14.71873065519945,34.32424343492902
-14.268206242185112,-13.593396321669937,35.417592061653465
-14.144353650482396,-12.34356122592154,36.30570889700582
-13.909037508213977,-11.011886252080119,36.968223472703095
-13.567265796144438,-9.643765889780218,37.39645221016476
-13.127872148314584,-8.283643145810188,37.59338126523201
-12.60289538030105,-6.971678365878096,37.57239830946587
-12.00673664441577,-5.741211111932236,37.35507260852815
-11.35520442666272,-4.6172607228248035,36.96841644912097
-10.664559907466845,-3.6160938392457807,36.44208085989935
-9.950657950097165,-2.745705640172018,35.80586021822626
-9.228249407263867,-2.006952068645833,35.08774487014203
-8.51047711795499,-1.3950395564812514,34.31261498022425
-7.808568088859466,-0.9011102481900006,33.501548220538325
-7.13170224471769,-0.513727524692523,32.67163618095692
-6.4870251171681845,-0.220142844526301,31.836170411981353
-5.879767002344805,-0.0072923993207933135,31.005059201509695
-5.313432345303027,0.1374780729254142,30.185357274858603
-4.790028031229494,0.2259312157962911,29.381820512710824
-4.310305831101241,0.2686549905256846,28.597427901954397
-3.8740009922416667,0.2749317151547373,27.833838444958772
-3.480055000809814,0.25271602386737946,27.091769834256855
-3.126815467857189,0.20868558258329306,26.371298453571658
-2.81220982131244,0.1483362929388936,25.672087759770985
-2.533892127693512,0.07610109784170453,24.993555700736884
-2.2893641080738494,-0.00452227508281644,24.33499281855175
-2.076072459764898,-0.09084439991791532,23.695642116160357
-1.8914851377683597,-0.1808641794971545,23.07475038601241
-1.7331494450002045,-0.2731593055847495,22.471599015548758
-1.5987347486211625,-0.36678883994972405,21.885520603224066
-1.4860624702696177,-0.4612084062172302,21.31590620503344
-1.3931257529086984,-0.5561977210731428,20.762206756596743
-1.3181009284470582,-0.651799737147098,20.223931193885587
-1.2593526255443046,-0.7482704216303944,19.700643009121368
-1.2154340828990198,-0.846038084973092,19.191956394853804
-1.1850839795223578,-0.9456711542771973,18.697532711885305
-1.1672208649320703,-1.047853322760038,18.217077730053177
-1.1609360706564593,-1.1533650769789774,17.750339903735274
-1.1654858097324998,-1.2630706917316805,17.297109830519968
-1.1802830216162987,-1.377909877953731,16.857220981433528
-1.2048893939801246,-1.4988933641181479,16.430551769033823
-1.2390078877414115,-1.6271017813860023,16.017029024331862
-1.2824760046645782,-1.7636873032678135,15.616632977056636
-1.3352599652454127,-1.9098775588895742,15.229403871040157
-1.3974499055846281,-2.0669813925949745,14.855450394259291
-1.4692561528636738,-2.236396079099924,14.494960159542861
-1.5510065971484657,-2.4196156200295955,14.14821253629736
-1.6431451398352013,-2.6182397411177964,13.815594205510429
-1.7462311632919076,-2.8339831754346188,13.497617889572018
-1.8609399291262891,-3.068684751276166,13.194944794620309
-1.9880637707029072,-3.3243156967081946,12.908411394869384
-2.128513895264626,-3.6029864170714965,12.639061282919492
-2.2833225478835444,-3.906950785451564,12.388182902200468
-2.4536452082579516,-4.238606694806449,12.157354058591071
-2.6407623858497287,-4.600491236743247,11.94849416357607
-2.846080441582184,-4.995268375555701,11.763925168828239
-3.071130686517564,-5.425706354663754,11.606442078386776
-3.3175657794994167,-5.894641283333536,11.479393720590085
-3.587152155499695,-6.404922385260358,11.386774057368125
-3.8817568528321966,-6.959333238220133,11.33332360526661
-4.203326660125771,-7.560482008069022,11.324639407214347
-4.553856966561756,-8.210652233271375,11.367290250935271
-4.9353470735456995,-8.911604268010306,11.468931257556536
-5.349738030970393,-9.664316271367252,11.638408299437081
-5.798828342256531,-10.468653029845518,11.885837666267758
-6.284162228930684,-11.322951548224479,12.222639730921655
-6.806884712860232,-12.223515179958397,12.661496952051206
-7.367557810331773,-13.164014412077483,13.216196580340556
-7.9659330058432305,-14.13480397646321,13.901307692226382
-8.600677395242212,-15.122184692498626,14.731632430527513
-9.269055104435468,-16.107666183094832,15.721365834122981
-9.966572522861032,-17.067324218108507,16.88290257095998
-10.686606175489302,-17.971392436439483,18.225249512246503
-11.420045932764294,-18.784276725403174,19.752049069492646
-12.155003080631955,-19.465219126886872,21.459297430452185
-12.876650387677655,-19.96984628532536,23.3329569220128
-13.567275459313745,-20.25278795771912,25.346803432410574
-14.206632843861355,-20.27141682530103,27.46098963533489
-14.772666610933086,-19.990528591604306,29.621891258575772
-15.242636471224767,-19.387471189207588,31.763769254269043
-15.594614855822915,-18.456913479023097,33.81256494434704
-15.80923690435301,-17.214234685531302,35.69173294911376
-15.87149880396619,-15.696547665408469,37.329476207669934
-15.772340013220486,-13.960722721531592,38.66623894237055
-15.509738952598596,-12.078415909942704,39.661043440175234
-15.089113904334559,-10.128847160945774,40.29538194947306
-14.522942073943465,-8.190656455909958,40.57390611015791
-13.829657694732042,-6.334367523012588,40.52192612716885
-13.03202106329947,-4.616739938906412,40.1804658309211
-12.15522776598438,-3.0777116736054246,39.60006972851592
-11.225035737075695,-1.7399609032212406,38.83461611759386
-10.26613635699176,-0.6105776021167535,37.93611514242437
-9.300910203679328,0.31594118162339646,36.951026848506004
-8.348617418864546,1.0541719504608627,35.918196865077384
-7.42499883577333,1.624355099748187,34.868191668609796
-6.542217262674118,2.0494913835734194,33.82365736157175
-5.709048475047159,2.353116953542671,32.800301739926766
-4.931232203187921,2.557763948715497,31.808159116528728
-4.211906489687301,2.684016377194271,30.85289185887951
-3.5520670023604746,2.7500306983190965,29.93697730284129
-2.9510112116132574,2.7713882535529843,29.06070559328978
-2.4067430276901725,2.7611648007917147,28.2229677143495
-1.9163255219972228,2.730127969061668,27.421845484900295
-1.4761777780558223,2.686998730317607,26.655031607119625
-1.082317306429548,2.638734296665442,25.920113316427646
-0.7305525481400841,2.5908061138611282,25.214752238218782
-0.41663147416182406,2.5474581476859606,24.536788907463986
-0.1363527277661053,2.5119383348436815,23.884295105508713
0.11435443061351219,2.486700884850618,23.255591894796048
0.33937564146444726,2.473579946363472,22.649246573415347
0.5423773690003698,2.473936670360935,22.064057946277785
0.7267888841268895,2.4887824025662,21.499036330807062
0.8957966496478343,2.5188809495538216,20.953382492918642
1.0523480766471518,2.564832800239344,20.426468115357192
1.1991621744552092,2.6271439778690473,19.917819302483228
1.3387450940534389,2.7062819240024703,19.42710390343038
1.4734089693173507,2.802720517958912,18.95412298875838
1.60529279794786,2.9169760347189513,18.49880656437816
1.7363843809912793,3.0496355510960655,18.06121348941114
1.8685425631165578,3.2013790268543403,17.641535536284277
2.003519191336987,3.37299601298641,17.240105558738968
2.142980342831097,3.565397669703778,16.857409792877906
2.288526467180335,3.7796245062141907,16.494104390778134
2.441711147938608,4.016849976067596,16.15103636256807
2.604058215185527,4.278379767522833,15.82926917017664
2.777076935750218,4.565646308721337,15.530113263202374
2.962274971246771,4.880197652327389,15.255161861637948
3.161168725061181,5.223679503276737,15.006332254842892
3.375290596211405,5.597808696606115,14.785912778638394
3.6061925181412477,6.004335912625454,14.596615422014608
3.8554449813296827,6.4449948317276995,14.441633660406861
4.124630517889225,6.921434288291547,14.32470455947031
4.415330363516673,7.435129306105113,14.25017337232998
4.729102710151478,7.987266236285383,14.223057679129951
5.067450630651318,8.578596662287508,14.249106491278496
5.431777414153906,9.209254432648953,14.334847558531209
5.823326732866412,9.87853035823166,14.487613279314498
6.243104826308949,10.58460009965589,14.715532068499584
6.691781828149986,11.324203032355445,15.02746781996461
7.169569606085975,12.092274007297783,15.432885424944935
7.676074219077756,12.881536633641158,15.94161567067443
8.21012255344412,13.682076731313751,16.563489180755102
8.769565156513206,14.480928510928623,17.307807894754387
9.351061027948198,15.261723909901665,18.182626154954814
9.949855374218092,16.00447640130048,19.19382469390843
10.559568113245842,16.685591848886805,20.343982979103934
11.172018899912667,17.278215556682134,21.631091283859224
11.777122710874325,17.75302870430245,23.047194355277014
12.362896880028893,18.079588702576086,24.577120340661235
12.915623372494823,18.22825623122277,26.19751190946816
13.420205883073686,18.17266035063265,27.876423532654222
13.860747015003941,17.892525566756703,29.5737552952757
14.221344654028245,17.376540398576697,31.242734327815924
14.48706990176827,16.624823217133663,32.83251505160538
14.645046883392347,15.650487268051277,34.291757493997046
14.685516855619031,14.479867833811337,35.57279983791325
14.602747004089776,13.151167957558721,36.63583652499167
14.395648232542877,11.711576242727237,37.45242337282903
14.068000127018642,10.213234830303891,38.007707283241096
13.628240101311484,8.708688027024653,38.301016446658544
13.088843955349013,7.246539678190805,38.344782537159055
12.465389004055401,5.867961735762527,38.16209683306667
11.775433049841848,4.604464860055721,37.78343059660451
11.037354774644038,3.4770476886250465,37.243123823558804
10.269284992515335,2.496575540392619,36.5761719366666
9.488222400224142,1.6650650134493428,35.8156688319774
8.709383871660709,0.9774879197936562,34.99106464795192
7.94579866045879,0.42373836298666645,34.12722395292533
7.208124978076795,-0.00950693797966401,33.244155082562976
6.504648787917869,-0.3372011520531522,32.35722861603884
5.841417349311291,-0.5746852166615793,31.47769993671415
5.222461219488724,-0.736794426414557,30.61337847822751
4.650064757708617,-0.8372747644959703,29.769326925529747
4.125053786737751,-0.8884504496263952,28.948514719495133
3.647077893113239,-0.9010805639144419,28.152384732272203
3.214872677556106,-0.8843483723360077,27.381317421684194
2.8264935664965285,-0.845936927326219,26.634993410353275
2.4795174828020987,-0.7921554187009356,25.912664888186274
2.171211917603042,-0.7280906280334056,25.213350490834763
1.8986730198793766,-0.6577659892046103,24.535969176680013
1.6589355151867755,-0.5842970021437037,23.879427537645018
1.449057836291661,-0.5100362866273456,23.242672943667284
1.2661860031674808,-0.4367047175504717,22.624722587333313
1.1075996829898505,-0.3655071851985137,22.024676243003523
0.9707436029851705,-0.29723286476589694,21.44171857527876
0.8532471553933266,-0.2323406898386389,20.875115196781294
0.752934673298816,-0.17103117722524455,20.324205386807673
0.667828498979577,-0.11330596838041712,19.788393405863296
0.5961466303746984,-0.05901652060120804,19.267139626619667
0.5362964255954399,-0.007903356335860527,18.7599521969744
0.486865574082048,0.04037280087134968,18.266379607171334
0.44661130672534466,0.08620678538701579,17.786004308885776
0.4144486147468154,0.13003054946702022,17.31843739615114
0.3894380759817301,0.1722995587303039,16.86331427979796
0.37077374450004275,0.21348318373391145,16.420291248994893
0.35777144208232803,0.2540583679005239,15.989042801185677
0.34985769479851897,0.2945059629005565,15.569259625103443
0.3465594818040851,0.33530922341377,15.160647133742419
0.347494903668698,0.3769540435274249,14.762924460696098
0.3523648315334344,0.41993059693566104,14.375823851366322
0.3609455638689361,0.464736113011869,13.999090398646961
0.373082492563324,0.5118785813872704,13.632482090041776
0.3886847627510013,0.5618812296750293,13.275770149581383
0.40772089969336384,0.6152876632816376,12.928739673499441
0.4302153698566065,0.6726675937012615,12.591190573774625
0.4562460410188049,0.7346231131070036,12.262938858845809
0.48594250687346446,0.801795499168561,11.943818296663988
0.5194852444256365,0.8748725554593291,11.633682522435073
0.5571055768695747,0.954596510046053,11.332407672688944
0.5990864200611348,1.0417725081848848,11.039895649525771
0.6457637966908304,1.1372777445720859,10.75607814499128
0.6975291084026004,1.2420712861500682,10.480921586600926
0.7548321619763182,1.3572046375636426,10.21443320231099
0.8181849508604513,1.4838330971056477,9.95666844815254
0.8881661972994082,1.62322793997416,9.70774009594391
0.9654266624249097,1.7767894457985567,9.467829343847157
1.0506952311689597,1.9460607557075384,9.23719939112313
1.1447857746443304,2.1327424965731514,9.016212012539864
1.2486047833003566,2.338708040800555,8.805347779855378
1.3631597477734987,2.56601917145449,8.60523070987816
1.4895682383189264,2.8169417842873474,8.416658272608467
1.62906759454108,3.0939610665938346,8.240637869665218
1.783025080164885,3.3997953295881476,8.07843109144618
1.9529482765876942,3.7374073124381857,7.931607276691806
2.14049537571834,4.110011291587106,7.802108120118412
2.347484876419185,4.521073679752826,7.6923252833137985
2.5759039758833713,4.974303936995338,7.605193127858292
2.82791465995053,5.473631483975483,7.544298753035002
3.1058561129286746,6.023162839557848,7.514011397296404
3.4122415618288406,6.62711133289007,7.519632820876341
3.7497470121759746,7.2896894040834646,7.5675693301949964
4.1211884912533625,8.014950678103958,7.6655243490695195
4.529483361443049,8.806565713684689,7.822707489727978
4.97758998534458,9.667511768948861,8.050051393431566
5.468418528554228,10.599653504200717,8.360420514222149
6.004704044396801,11.603189072241678,8.768785708128162
6.588831364901006,12.675935950757054,9.292324147870834
7.222600050935841,13.81243544831211,9.95038512944608
7.90691729958539,15.00286750109709,10.764238918600867
8.641408170562437,16.231792867865686,11.756499621672113
9.423937090718002,17.476783786780903,12.95008873541907
10.250044058934916,18.707072015642517,14.366592640649076
11.112315273650895,19.882437392672422,16.023880107790582
11.999732723683314,20.95267514384189,17.932906716119366
12.897080950624822,21.858095520471892,20.093767482007955
13.784528998647586,22.53158169378734,22.491286939997604
14.637543694560438,22.9026924823445,25.090753859977887
15.427312379862537,22.904062738061747,27.834763421636247
16.121838736282516,22.479864934587262,30.64240070567272
16.687803665898645,21.59537215119169,33.41199957192631
17.0931442769439,20.24587288696225,36.028251641656254
17.31011272341723,18.462657891169584,38.37345302649124
17.318381486210416,16.313911484733843,40.34134847803657
17.107637137084502,13.899315005620357,41.85083977308854
16.6791214547934,11.338838336526587,42.85636418393296
16.045763144835956,8.757957045420357,43.35239705213198
15.230850764544254,6.272620405342025,43.371150137116594
14.265524388116228,3.97721688903665,42.97447186760896
13.185596558689241,1.9376231794464842,42.242396909808285
12.02828394116425,0.1897684787199201,41.26123365949339
10.829343447441337,-1.2572896609884772,40.11354523632919
9.620921172826215,-2.415546534068956,38.87130648786717
8.430217737669043,-3.3113015028518653,37.59242957100728
7.2789098148838445,-3.978856015226083,36.320092404796036
6.183171150751945,-4.455434779453674,35.08397268054122
5.154104117627952,-4.777577652032262,33.90249768154317
4.1984057731229845,-4.978898034950134,32.78541360018569
3.3191286501209025,-5.088931589803141,31.736223508561636
2.5164388447707893,-5.132758864590291,30.754259569027354
1.788312079852278,-5.131119904340672,29.836310643085117
1.1311378973227586,-5.10080314692917,28.977820731797124
0.5402224293323571,-5.055157365048885,28.173720243911006
0.01019269816738344,-5.004631072643455,27.418967242700642
-0.46468789344764844,-4.957284951319786,26.708873223513063
-0.890280394622778,-4.919250555477471,26.039277136763285
-1.2723945191992663,-4.895125724886163,25.40661807538843
-1.616664136868609,-4.888306864775618,24.80794434819892
-1.928463373504899,-4.901263138665791,24.240885886185897
-2.212854259055362,-4.935759570262029,23.70360842200566
-2.4745584137902803,-4.993036360145412,23.194761500175858
-2.717946652823022,-5.073951203970734,22.713427776665096
-2.9470415765624693,-5.179090529339756,22.259077869206784
-3.1655292008894587,-5.308854608351523,21.83153287207288
-3.376776482871796,-5.463520579249395,21.430935256977723
-3.583852239691531,-5.643286575368986,21.057728012389052
-3.7895494646230534,-5.848299425259871,20.712641348918286
-3.9964074367199305,-6.078667749273511,20.396685985853022
-4.206732319744431,-6.334461724591467,20.111151835506195
-4.422615167391299,-6.615700313493875,19.857610746282443
-4.645946410377463,-6.922326344560653,19.63792179966214
-4.878426009433543,-7.254169506611471,19.454237441957773
-5.121568529068211,-7.610897072547755,19.309008440429743
-5.376702433061984,-7.9919520372821555,19.204985265831308
-5.644962938335038,-8.39647836496581,19.14521300979592
-5.927277806008632,-8.823233243278697,19.133016347894873
-6.224345517604062,-9.270486697797882,19.171970377050894
-6.53660540534734,-9.735909700825285,19.265852433462054
-6.86419950845684,-10.216453097516146,19.41856931333527
-7.206926246907907,-10.708221346161611,19.634053799381586
-7.564186478661423,-11.206347287087599,19.9161242256287
-7.934923173689237,-11.70487692523132,20.268301243029534
-8.317556829652426,-12.196676455569703,20.6935772958253
-8.709919884222712,-12.67337725843081,21.194136947749428
-9.109194730827307,-13.125377926235547,21.77103047107235
-9.511861451382936,-13.541924890734693,22.423809304682685
-9.913662905030936,-13.911293972311073,23.150140151499762
-10.309596133101396,-14.221093026091442,23.945424273980795
-10.69393984218233,-14.458699606713882,24.802459026192718
-11.0603276172801,-14.61183623701806,25.711188170189484
-11.401875075944371,-14.66926912611346,26.65859367052764
-11.711366043992719,-14.621594880920306,27.628781566746348
-11.981497844752406,-14.46205632319442,28.60330540913662
-12.205179108406602,-14.187307104062896,29.561750829996566
-12.375865734911118,-13.798030824281287,30.48257439358069
-12.487912869100796,-13.29931939822116,31.344152116625494
-12.536914422910048,-12.700731462013355,32.125954245366735
-12.519998353120336,-12.015985349237722,32.80973143697545
-12.436046814640639,-11.262288566540892,33.38058195089978
-12.285815980220642,-10.459358365882165,33.82777575040835
-12.071940269246804,-9.628234867203352,34.145240538744176
-11.798818471001978,-8.79001863949879,34.331661781891206
-11.472392583636605,-7.964671855643884,34.39020390263985
-11.099841755224201,-7.170005158559616,34.32791121862552
-10.689221578995229,-6.420936311265209,34.15488447473758
-10.249082122477683,-5.729060791317582,33.88334597188111
-9.788096477267151,-5.102529062645107,33.52670282338409
-9.314726231253005,-4.546188786216049,33.098698064360505
-8.83694256479796,-4.061927493083279,32.612710213147956
-8.36201324949296,-3.649142986470821,32.08123078726526
-7.8963580329365355,-3.305272568079027,31.515522027875356
-7.445468626633051,-3.0263240373147213,30.92543706799963
-7.013885184520322,-2.8073670003919906,30.31937295330042
-6.6052187589313665,-2.642958822272048,29.704322449213674
-6.222208463011949,-2.5274932380221093,29.085991620313997
-5.866802533614097,-2.455470092486025,28.468954667197426
-5.540253737673949,-2.4216917144924124,27.85682360754386
-5.243221214596497,-2.4213954560791655,27.25241671696547
-4.975872603751579,-2.450333610949956,26.657915339129012
-4.737981971854354,-2.5048119863924043,26.075003307915168
-4.529020515322954,-2.5816974686691117,25.50498668773787
-4.348238217346258,-2.678403480271025,24.948893917528864
-4.194735581896461,-2.7928606171376384,24.407557922570334
-4.067525267307363,-2.923478186605156,23.88168254883018
-3.9655839336415735,-3.0691009573981276,23.37189597751907
-3.887894938544001,-3.2289642297588927,22.878793762131785
-3.8334827021032862,-3.402649343356993,22.402973926811935
-3.801439644793774,-3.590040946071313,21.945066267297964
-3.7909466109277123,-3.791286720220446,21.505757666476295
-3.801287644854457,-4.006759773144579,21.085814913525425
-3.831859905041094,-4.237023516040258,20.686106218294977
-3.8821793944841576,-4.482798551600094,20.307622347438894
-3.951883063408622,-4.744930844313478,19.951498073523105
-4.0407277078623824,-5.02436023847388,19.619034414481035
-4.14858594941795,-5.322088203469812,19.31172193594154
-4.275439439013703,-5.639143513544251,19.031265177694337
-4.421369283295543,-5.97654440420842,18.779608030095797
-4.586543545531497,-6.335255589486172,18.558959606646845
-4.771201526321656,-6.716138379219517,18.37181981348775
-4.975634383830051,-7.119892018128075,18.221003381906364
-5.20016151271826,-7.546984303234266,18.109660582533774
-5.445101971638155,-7.9975695624415195,18.04129215788866
-5.7107401412186105,-8.47139225050608,18.019755177170822
-5.997284723470489,-8.967674816040505,18.0492555295139
-6.304820181873022,-9.484989214287712,18.13432164669301
-6.633249800016361,-10.021112607915061,18.27975283623024
-6.9822297461433145,-10.572869552361954,18.490534417070425
-7.351093921667912,-11.135965447230491,18.771710864104346
-7.738770002174743,-11.704819370553917,19.12820766526681
-8.143688010812715,-12.272408647453386,19.564592974149633
-8.563684050360177,-12.830142547172503,20.084771922749216
-8.995903491201215,-13.367788027850237,20.691610259539747
-9.436709948295539,-13.873475791149211,21.38649043059951
-9.881608679215285,-14.333818965829373,22.168812820862954
-10.325195377205425,-14.7341779289551,23.035467729024745
-10.761143347759516,-15.05910112062202,23.980319159929568
-11.182243213222895,-15.292961137616919,24.99375800985287
-11.580508926257824,-15.420786294138852,26.062396692745843
-11.94736129370236,-15.429259903002752,27.1689854162336
-12.273894859783615,-15.307824696905525,28.2926271327999
-12.55122569225462,-15.04979299466143,29.409349119624515
-12.770906811525286,-14.653332336736131,30.493051946313024
-12.925385968570165,-14.122181096309438,31.51680331781501
-13.00846927385983,-13.465958005279289,32.45438252269157
-13.015746352596107,-12.699968414707886,33.28192370562735
-12.944930675374815,-11.844475898830746,33.9794680963661
-12.796074024677374,-10.923489427930972,34.53222967201128
-12.571626693239368,-9.963196074204411,34.93141132338115
-12.276333147048517,-8.990227738867183,35.17447487778487
-11.916973213706841,-8.029973085398135,35.26485380765506
-11.501977436135167,-7.105127897939424,35.21118203369348
-11.040958586555956,-6.234624868947683,35.02617676332461
-10.544207379910379,-5.4330123066398155,34.72534555148873
-10.02219888855749,-4.7102784251515635,34.32568537237577
-9.485148415107298,-4.072058988121792,33.844511119934744
-8.942644025159218,-3.520129855147709,33.298504625925155
-8.403370217609128,-3.053073820917204,32.703025801300186
-7.874925544007209,-2.6670187269448102,32.071684886728214
-7.3637278223858385,-2.356363970305405,31.416144590602343
-6.874994517645235,-2.114437842078199,30.74610431476815
-6.412782779474605,-1.9340527849445628,30.069413855097437
-5.980073003096685,-1.8079461080825168,29.3922675348678
-5.578880889119623,-1.729108492580429,28.719438091862063
-5.210385117847353,-1.6910118470637894,28.05451979902665
-4.875060334140519,-1.6877526785578572,27.40016017567241
-4.572807739626419,-1.714128387273302,26.758268065391242
-4.303077947820285,-1.7656629882417456,26.13019235180927
-4.064982742765715,-1.8385966921442238,25.516870158208228
-3.8573939541491677,-1.9298512477832048,24.91894629370652
-3.679028840636149,-2.0369804091209844,24.336867329890396
-3.5285222083513017,-2.1581125898578284,23.770954382967645
-3.4044860446598064,-2.2918908175078703,23.2214587543376
-3.305557780313907,-2.437413518528638,22.68860429552959
-3.2304384608090593,-2.5941784293699146,22.17261989213043
-3.17792215659769,-2.7620309861813297,21.67376492705944
-3.1469179083194914,-2.941117843002663,21.192350061503124
-3.136465415424032,-3.131845651684766,20.728755203236663
-3.1457455550782716,-3.334844860079447,20.283446134862018
-3.174086677641366,-3.550938009229213,19.856990951516604
-3.220967475082163,-3.7811118035695137,19.450077202536864
-3.286017065685578,-4.0264920648856215,19.063530432918423
-3.369012785642617,-4.288320540359999,18.69833466399527
-3.4698760269669284,-4.56793240099886,18.35565522290199
-3.5886663114212025,-4.866733125905845,18.03686421037992
-3.7255736404795377,-5.186173310168623,17.743568768404252
-3.880909009816008,-5.527719752542244,17.477642153186487
-4.0550928211089365,-5.892820970369406,17.241257412928764
-4.24864076193169,-6.282865054965141,17.036923187289194
-4.462146554697732,-6.699127529754188,16.867520756527203
-4.696260798006891,-7.142706624670247,16.736340937706395
-4.95166494072846,-7.614443167055735,16.647118713965398
-5.229039247048572,-8.11482216503305,16.604062549551806
-5.529023441543381,-8.643853204701086,16.611874149651467
-5.852168587315409,-9.200927113228445,16.6757529432216
-6.198878678642583,-9.78464711426283,16.80137779848124
-6.569340468096346,-10.392634125798864,16.994856472638695
-6.963440259831388,-11.021308174745231,17.262631179046156
-7.380666868376459,-11.665651407100802,17.611326678866853
-7.820000767137126,-12.318963127548509,18.047525896563542
-8.279790746953786,-12.97262389085649,18.577457867752603
-8.757621284079608,-13.615893862978744,19.20658475568704
-9.250176360118145,-14.235780056190364,19.93907985246817
-9.753108689923152,-14.817016590451143,20.777198160631574
-10.260927065696361,-15.342209971758958,21.720556419146423
-10.766918472452625,-15.79220465690313,22.765360751209467
-11.263125144309884,-16.1467191650049,23.903646614725716
-11.740398867478898,-16.38528563548142,25.122624486934008
-12.188554380018028,-16.488492770210186,26.40425007301766
-12.59663937165052,-16.439482872347337,27.72515147544215
-12.953329320385464,-16.22559219112017,29.057037883300016
-13.247440957113387,-15.839960172824293,30.367676360844566
-13.468539560155058,-15.282883671992861,31.622451933183633
-13.607595204371965,-14.562675818241168,32.78642752822082
-13.657625652174113,-13.695822051396274,33.82671216139243
-13.61425357118311,-12.70631306848774,34.714855181304344
-13.476107258644236,-11.624164746467542,35.42894057483614
-13.245008805223167,-10.483280413661731,35.955078561778855
-12.925920015576025,-9.318933576623618,36.2880837143301
-12.526649431902122,-8.165215256990596,36.4312694157349
-12.057356430344598,-7.0527817585914345,36.395441304479604
-11.529913616622101,-6.007161339552271,36.1972979394474
-10.957201881000717,-5.047757404105649,35.85751666705436
-10.352412162227054,-4.18755634542209,35.39880753451831
-9.728416263097536,-3.433441445513783,34.84416859384531
-9.09725022846671,-2.7869489333472375,34.21549492613302
-8.46973273611732,-2.2452818059177337,33.53260643653015
-7.8552217957230415,-1.8024127735197264,32.812685568017166
-7.261498396996163,-1.4501453558403878,32.07006589907827
-6.694756541328637,-1.1790474035159815,31.316287633109933
-6.159674981846102,-0.979213452754208,30.560331822251353
-5.659545879651876,-0.8408454063332227,29.80895482279653
-5.19643810410547,-0.754663284533967,29.067061084786904
-4.771376810470553,-0.7121701585659702,28.338070620541323
-4.384525251214653,-0.705800140855941,27.62425402913694
-4.035358877574499,-0.7289780004857709,26.92702116521223
-3.7228253150748025,-0.7761158001730402,26.247159056595944
-3.4454866159184374,-0.8425675436282466,25.58502084692362
-3.2016423075683584,-0.9245582341532029,24.940671040896365
-2.9894332517578763,-1.0190995654874628,24.313993897109324
-2.8069273142260656,-1.1239009538299136,23.704772102350923
-2.6521884385261885,-1.237281830613246,23.112742390810528
-2.5233310213741738,-1.3580889931986326,22.53763391710302
-2.41856158834463,-1.4856212514141183,21.979194203957018
-2.336209734630492,-1.619562497357691,21.437206516969535
-2.2747501764258296,-1.7599235583718988,20.91150165307266
-2.2328175905492684,-1.9069926794159406,20.40196640238458
-2.209215728418395,-2.0612941501215314,19.908550361806583
-2.2029220922794783,-2.223554388884868,19.431272333433505
-2.213089267419191,-2.3946746801314553,18.97022721391331
-2.2390438202391727,-2.57570970050413,18.52559405200033
-2.2802835017159606,-2.7678509419658006,18.097645800775677
-2.3364733398257016,-2.972414126949768,17.6867612003538
-2.4074410623310163,-3.190829698754324,17.29343918076807
-2.4931721611113944,-3.4246354478289778,16.91831615981659
-2.5938047883241815,-3.6754702913680877,16.562186615363053
-2.7096245598010036,-3.945068150401233,16.226027325256545
-2.8410592283496428,-4.235250756309759,15.911025679906281
-2.9886730746889563,-4.54791805838756,15.618612470606177
-3.1531607417961953,-4.885034686726773,15.350499526294888
-3.3353401043128876,-5.248610641817156,15.108722493653726
-3.5361436128968466,-5.640674026677632,14.895688905260608
-3.7566073785590017,-6.063233205152303,14.714231424654013
-3.9978570590339646,-6.518225263438055,14.567665751789518
-4.2610893742260245,-7.007447084089053,14.45985206089947
-4.547547809290523,-7.532464743759245,14.395257954224732
-4.858490764862683,-8.094496377073753,14.379019664103213
-5.1951500945191125,-8.694263210762259,14.416996525918808
-5.55867765139202,-9.33180332650143,14.515811476825071
-5.950077187746824,-10.00624310209332,14.682867428265284
-6.370118776552906,-10.715522558280716,14.926325783565995
-6.819232949021418,-11.456073475680434,15.255029201978296
-7.297382105124459,-12.222453740605028,15.678346215939753
-7.803907642118024,-13.0069486161601,16.205911065587955
-8.337352893917526,-13.799160186820409,16.84722915051372
-8.895264649387897,-14.585620534019142,17.611118432942927
-9.473979979537685,-15.34948212105156,18.504962254343333
-10.068410523589815,-16.070359130521457,19.53376223560246
-10.671843215641612,-16.724413059664773,20.699004283905335
-11.275784233250914,-17.28478929646625,21.997388537791405
-11.869880669938748,-17.72251062798346,23.419525322717003
-12.44196026201802,-18.007908795806586,24.948759380213808
-12.978230856595504,-18.112617009499154,26.560342727914634
-13.463675170832381,-18.012050420804886,28.221214034926007
-13.8826600903917,-17.68817437831867,29.89063559930569
-14.219752219084919,-17.132224064145685,31.521865512299094
-14.460694588772427,-16.346932465784572,33.06489243959517
-14.593459336322944,-15.347793702184903,34.4700481834262
-14.609257382887236,-14.162973956388283,35.692084082104465
-14.503369774753708,-12.83169077080065,36.694120306200965
-14.275675010768753,-11.401176030762612,37.450821939054805
-13.930784539653796,-9.92263988335274,37.9502613800784
-13.477758111102313,-8.4468683793519,38.19417746957522
-12.929437818213437,-7.02014702941835,38.19666723371189
-12.301497681903596,-5.681090921208622,37.98164771930501
-11.611340884552455,-4.458724892960962,37.579617529002135
-10.876983312338078,-3.371877003460125,37.024290881757935
-10.116042684852694,-2.429708000634549,36.34958634858398
-9.344916343170425,-1.6330514619699743,35.58728110469602
-8.57818901838991,-0.9761955651094983,34.76545296353099
-7.828274241235003,-0.44877697722528476,33.90767601738018
-7.105265304863547,-0.03754380326305867,33.03283580250471
-6.416955627641221,0.27215713607642356,32.155387710098886
-5.768982725441104,0.4952274648538648,31.28588465050244
-5.165051977765816,0.6459954529241514,30.431628731420417
-4.607202842211412,0.7376848225565199,29.597340855542306
-4.096088503494199,0.7821173785023974,28.7857805601806
-3.6312482973623577,0.7895905753764583,27.998280170966364
-3.2113595704384323,0.7688772124861968,27.2351804564871
-2.834461480093623,0.7273040952778014,26.49616991253121
-2.4981475604941203,0.6708767500752281,25.780538166046306
-2.1997268570661994,0.60442651019426,25.087357633214687
-1.9363553247161223,0.5317638413385325,24.41560816555048
-1.7051402661710597,0.4558275479415817,23.764258274302428
-1.5032210941330502,0.37882369445118635,23.13231455100438
-1.327829825398097,0.30235098893911544,22.518848686744825
-1.1763345997052594,0.22751131977194955,21.923009373870457
-1.0462692626050039,0.15500537749213858,21.344024520854628
-0.9353517292941467,0.0852140458410825,20.781197685446237
-0.8414935002500753,0.018266666293165396,20.23390143151116
-0.7628023576175599,-0.04590251739137528,19.701569407193563
-0.6975799500071074,-0.10750836601812806,19.18368827885895
-0.6443156812977722,-0.16687795974795674,18.67979018742479
-0.6016780598967431,-0.2244215544727283,18.18944607582442
-0.568504439311821,-0.2806102194223793,17.712260029839598
-0.5437898876160097,-0.3359591154473718,17.247864648091145
-0.5266757601575236,-0.3910154972660888,16.795917386283186
-0.5164384138944866,-0.44635064462219587,16.35609778761676
-0.5124783900060703,-0.5025550428684008,15.928105502389736
-0.5143103009420578,-0.5602362406630021,15.511659005902297
-0.5215535859330033,-0.6200189099897212,15.106494938632547
-0.533924242499609,-0.6825467210784895,14.71236801221765
-0.5512275982122475,-0.7484857219997998,14.329051446676756
-0.5733521546487926,-0.8185289800347044,13.95633792729274
-0.6002645122198114,-0.8934022998824391,13.594041093176516
-0.6320053685520663,-0.9738708829364291,13.241997593862505
-0.668686572940817,-1.0607468328085192,12.900069775796009
-0.7104892136891005,-1.1548974454955407,12.568149088009577
-0.7576627128020508,-1.2572542483845617,12.246160326585926
-0.8105249024792227,-1.3688227707666238,11.934066871779102
-0.8694630592203876,-1.4906930394313114,11.631877111179469
-0.9349358732483839,-1.6240507955769323,11.339652288482313
-1.0074763324689417,-1.7701894224707915,11.057516071828708
-1.0876955003795528,-1.9305225550933836,10.785666200049757
-1.1762871651184224,-2.106597310537335,10.524388641293902
-1.2740333308971727,-2.3001080271479903,10.274074788326088
-1.3818105117410913,-2.512910325680471,10.035242320036042
-1.5005967686525312,-2.747035199501097,9.80856048081967
-1.6314794022590395,-3.0047026929055933,9.594880669195364
-1.7756631700927816,-3.288334523523391,9.395273383577312
-1.9344788361307783,-3.600564728992802,9.211072743418876
-2.109391773912299,-3.944247047062718,9.043929980840801
-2.3020102254062556,-4.322457243451267,8.895877467919117
-2.5140926555171665,-4.738487947822845,8.769404984790608
-2.747553423655262,-5.195832702674892,8.667550005642777
-3.004465702998445,-5.698154823988789,8.594003723709093
-3.2870601954841465,-6.249235264099956,8.553234261382004
-3.5977176937204804,-6.852891907863437,8.550627882090865
-3.9389529056383976,-7.512860591490673,8.592647841041602
-4.313386160646989,-8.232625619691921,8.687008507836579
-4.723698640907413,-9.015184764110582,8.842859193695343
-5.172565628681807,-9.86273089626235,9.070967238659676
-5.662560965120666,-10.776230031001244,9.383882777472046
-6.196024572708298,-11.754874509727363,9.796057573656068
-6.774883698686695,-12.795391782577767,10.323876838690119
-7.400417840579283,-13.891195970287574,10.985545841837368
-8.072957689156013,-15.031384234974155,11.800753017499458
-8.791510728970314,-16.199606983829078,12.790010471981299
-9.553311558379662,-17.37288448036292,13.973556288214603
-10.353304991836023,-18.520505990813255,15.369699825063336
-11.18358608859376,-19.60323092433321,16.992515228313557
-12.03284440230487,-20.573106253083598,18.848857951816935
-12.885889454101278,-21.374298841139993,20.934813236466958
-13.723367272767822,-21.945374720501945,23.23189474688946
-14.521805972170998,-22.223381809413585,25.703582452460303
-15.254138761102453,-22.149846231954307,28.293065075159074
-15.890828927277862,-21.678342238251005,30.923223542866026
-16.401648391298895,-20.78268565418762,33.49980799190245
-16.7580356808773,-19.46419255409818,35.91829121592364
-16.935798335209004,-17.756109119731587,38.074012527415114
-16.91777229513499,-15.723537827324515,39.87415114766833
-16.69596664259806,-13.458080694253058,41.24918522597899
-16.27275744714547,-11.06780111308695,42.16124919789484
-15.660861953665597,-8.664474730206313,42.607437372132516
-14.882081537616967,-6.350878045477703,42.617450245677205
-13.965064811741655,-4.210715833420677,42.24651258908345
-12.942523962238008,-2.302820745136305,41.565596950250054
-11.848388240865672,-0.6599369775314416,40.65130057830255
-10.715304132341588,0.7087347812552258,39.57728598009961
-9.572740330349724,1.8126637543602104,38.40834164276327
-8.445788553263936,2.674267331450466,37.197248917969574
-7.35461578890855,3.323487502310403,35.98402300813011
-6.314441378640362,3.793337105928471,34.796810243573255
-5.335882085192047,4.116657675172986,33.653709962746206
-4.425515709081175,4.3240341127106,32.564931886872344
-3.5865417432091626,4.442656930365584,31.53489367603502
-2.8194519401883142,4.495876881995848,30.56404122332302
-2.1226556773927814,4.503215886112908,29.650307007121988
-1.4930305266092643,4.480645944454971,28.79020594499103
-0.926386584030227,4.44100089504955,27.979612663934304
-0.41784474414152695,4.39443230564869,27.214281290791643
0.037864287017572884,4.348856413599022,26.490169799461125
0.44617031787708583,4.310363851230259,25.803623697667405
0.8124925050363847,4.2835799031477775,25.151463543518915
1.142116231693536,4.27197258080781,24.531010345513458
1.4401085830136335,4.278110969711688,23.940073705955406
1.7112642371707285,4.303878721487227,23.37692010284486
1.96007488111654,4.350648360016336,22.840232974068392
2.1907164562622046,4.419421986734825,22.3290720550947
2.407049590091762,4.5109434573433775,21.842836440020925
2.612629462013446,4.6257864190699545,21.38123380138968
2.8107220917381714,4.764421880733524,20.94425686817168
3.004324640948891,4.927268300940538,20.53216742078784
3.196187801289939,5.114726546193984,20.145487558277125
3.388838720530439,5.327201493428342,19.784997704821134
3.584603209094872,5.565111524609608,19.451740660129754
3.7856261838312815,5.828886676442589,19.147030892766946
3.9938894557844007,6.118955759283689,18.87246817573928
4.211226063240535,6.435722343237561,18.629954528972192
4.4393303988922215,6.779529128920776,18.421713230004915
4.679763388921693,7.150609885883827,18.250308352881483
4.933951961071499,7.549027873551898,18.11866286915459
5.20318199899403,7.9745994911093065,18.03007277056932
5.488583934914359,8.426801883855536,17.98821393212215
5.791110099870232,8.904663434276276,17.997137518837192
6.111502954546867,9.40663657984222,18.061248660395698
6.450253395834407,9.930453344316497,18.185261916431248
6.807548515812197,10.472965484383597,18.374125821968896
7.183208531987681,11.029973388331806,18.632907697448292
7.576613170366457,11.596050954899011,18.966629186095645
7.986618631442466,12.164377710367695,19.380043015535843
8.411467465089562,12.726594353794733,19.8773427718288
8.84869526657209,13.272703508494919,20.461800638420687
9.295040083512795,13.791043139098914,21.135333758601455
9.746362720059707,14.268364876407345,21.898008716205755
10.197588555824543,14.690051888379301,22.747505877009903
10.642683732191536,15.040508995840113,23.678580646697736
11.074680098053776,15.30374927387747,24.68257573198845
11.485763499225135,15.464184488143184,25.747054565284145
11.867438112640851,15.50760053294829,26.855637082908064
12.210774918869008,15.422264756359079,27.988119919415887
12.506744737104256,15.20007380481555,29.12094871906659
12.746625761787026,14.837615769258717,30.22807738373051
12.922463293083075,14.336998765143274,31.282198275228474
13.027547261804115,13.706299588216972,32.25626482145338
13.056863765719882,12.959517426861854,33.1251655321558
13.007472795918671,12.115978598328086,33.86736163620293
12.878767583626173,11.199219848190623,34.46628418427109
12.672582034249881,10.235462981449363,34.911309172858196
12.393130161152863,9.251862125243395,35.19818943754172
12.046782203010507,8.274739514548951,35.32890717298421
11.641702176998999,7.3280181852538115,35.31100095872788
11.187387131110174,6.432014002439953,35.15649516409377
10.6941566894463,5.6026787694768805,34.88060242671859
10.172641849595765,4.851309316251707,34.50037631764981
9.633315424377276,4.184671595487213,34.03346613585573
9.086095318800393,3.6054449771583177,33.49708059138403
8.540038753264513,3.112873416394588,32.907215514566545
8.003133057659861,2.7035136973969807,32.27815409097013
7.482178485317974,2.371989462700248,31.622213448983484
6.982751451951981,2.111685343763728,30.94969098591495
6.509232737318792,1.9153416498880156,30.268956276027527
6.064884019110634,1.775532473995919,29.58663646010194
5.651956915041422,1.6850267658650147,28.90785087588492
5.271820737725666,1.6370426975350045,28.236461037029088
4.92509777350241,1.625411348642659,27.575312513603865
4.611797603821279,1.6446676558582247,26.926454388875296
4.331444490046382,1.6900859994637483,26.291329139323526
4.08319397705579,1.757675828494247,25.67093092846326
3.8659365804214945,1.8441501510110117,25.065933653020615
3.6783877164534142,1.946877057829005,24.4767919999679
3.5191639613953756,2.0638220030654426,23.903819651630993
3.3868463485279094,2.1934864710303312,23.347248956821698
3.280031794626405,2.3348469525224993,22.80727614266553
3.1973739491187216,2.4872968132035838,22.28409567598543
3.137614830197562,2.650592613591783,21.777926832289413
3.0996085919604153,2.8248056767254255,21.28903498110649
3.08233868600048,3.0102791395817827,20.817749597384047
3.084929562411498,3.2075903181286356,20.364480582461006
3.10665391503896,3.4175179215492895,19.9297341302286
3.146936325005353,3.641013434502491,19.514129099515948
3.2053540020836837,3.879175819718805,19.118414641627908
3.281635169401614,4.133228554721888,18.743489668402788
3.3756554849748,4.4044978882748405,18.390424615729216
3.4874327437606167,4.69439107005566,18.060485843852202
3.617119955145813,5.004373159794082,17.755162901739066
3.764996741060708,5.335940851230681,17.476198749513276
3.931458846811252,5.690591546565047,17.225622859435408
4.117005397726864,6.069785687468902,17.005786877763825
4.322223367727128,6.47490009401913,16.819402198465443
4.547768549844054,6.9071697962980725,16.669578341629396
4.794342134449268,7.367615590438425,16.5598604060247
5.0626618124236655,7.8569543545438805,16.494263034157818
5.35342613658582,8.375489087298174,16.477297246466872
5.66727071121134,8.922975782353113,16.513985132008592
6.004714662100725,9.498464764487828,16.60985570693114
6.3660958071840446,10.100115176640701,16.770913286472556
6.751493055500703,10.724983158431764,17.00356754309461
7.160634885579531,11.368787178079549,17.314512228142892
7.59279338855168,12.02565826886634,17.710537655444963
8.046664420468957,12.687888836514956,18.198261028261605
8.520236013880549,13.345701361335866,18.783759335952105
9.01064945885541,13.987067535834175,19.47209292138785
9.514060435753269,14.597618457416562,20.26671519926095
10.025511216792971,15.160695976485716,21.168776678858066
10.538829021112573,15.657601743089133,22.1763503346795
11.046569617840396,16.068100427455917,23.28363041932435
11.540028409211041,16.37122280227433,24.4801861986483
12.009342350002294,16.54638878449161,25.750381418550628
12.443703815935555,16.574827738326473,27.073092224953005
12.831700633405369,16.441214723196882,28.42186096077557
13.161784161496621,16.13537417123694,29.765600559957075
13.422849901057086,15.65384071824048,31.06990722190343
13.604894501348607,15.001029815854608,32.29894862397954
13.699692863337397,14.189777842034664,33.41778362744724
13.70142414380175,13.241074883080476,34.39486159142416
13.607170711649015,12.182930353979932,35.20437605323514
13.417222730469803,11.04846069137777,35.82813617677915
13.135143143677361,9.873433233596723,36.25668233534067
12.767579789420378,8.693601438754577,36.48949912761077
12.323846548425514,7.54219541042519,36.53433841935557
11.815326159761488,6.447882222405819,36.405814562324565
11.254767302612258,5.4334007742725365,36.123536547790536
10.655554593646256,4.514939852142522,35.71007781080432
10.031022906811062,3.702202132896146,35.18905592912324
9.393870510423959,2.999007653131061,34.58352104324652
8.755703996435681,2.404248474508354,33.91476026473373
8.126726698342974,1.9130077719003746,33.201539811708194
7.515564754852289,1.5176880365181025,32.45974253978852
6.929212905895288,1.2090387401872407,31.702321309309674
6.373075662546063,0.9770203959682545,30.93947581441619
5.851077778720697,0.8114810520059658,30.178965460956608
5.365819600105422,0.7026492892607814,29.426486047947574
4.918756479292727,0.6414647575292485,28.686056968894025
4.510385871381045,0.6197751723263639,27.96038400825289
4.140430148319,0.6304301845697696,27.251178168198365
3.8080071094706955,0.6673001485641084,26.559422467195265
3.511783398085104,0.725243528253652,25.885586429058964
3.250108515028423,0.8000418430852367,25.229792648692246
3.021128913438008,0.8883164600642952,24.591942155490504
2.822882871221299,0.9874375781741489,23.971806034850395
2.653377595717496,1.0954325509758165,23.36909051910337
2.5106504316898244,1.2108982273594726,22.78348197414778
2.392816218051414,1.3329201613948467,22.214677197909328
2.298102848254138,1.4610002292770854,21.662403407849823
2.2248769931218355,1.594993277462266,21.12643133879352
2.171661786078153,1.735052810073476,20.606584052992005
2.137148079408635,1.8815853237478455,20.102743398155376
2.1202006768606965,2.0352126509052013,19.614855530955595
2.1198607457770855,2.1967415301099735,19.14293653685703
2.1353454191351644,2.3671395491566583,18.687078901194024
2.1660454186923555,2.5475165762825425,18.247459399909815
2.21152136668865,2.739110787651035,17.824348861712053
2.271499305180213,2.9432783997005245,17.41812418959422
2.345865807735634,3.161486210925148,17.029283004412676
2.434662945647558,3.3953060388645118,16.65846127448796
2.5380832570210985,3.646410095301122,16.306454312624595
2.656464758550056,3.9165662670913495,15.974241545860668
2.7902859324377594,4.207632152872378,15.663015483711593
2.9401605102518955,4.521546538042371,15.374215316204733
3.1068317565691563,4.860316762652536,15.109565549249643
3.291165822708869,5.2260001401350475,14.871120012930463
3.494143589013552,5.620677211254333,14.661311432711772
3.716850237263167,6.046414162433373,14.483006500130596
3.9604615875078246,6.50521120184209,14.33956597289204
4.226225991575547,6.9989330824222,14.234908715303565
4.515440296834126,7.529217318724563,14.17357768400409
4.829418080910164,8.097355023401084,14.160804580369028
5.169448020844382,8.704138792612685,14.202568126204502
5.536739920213773,9.34967186400244,14.305638565797983
5.932355614499322,10.033133109756575,14.47759796278522
6.35712177346166,10.752493676565335,14.726822103052092
6.811521619510151,11.504183743265234,15.062405402944758
7.295562927744631,12.2827125721921,15.494005422456775
7.808620563535366,13.08025252117114,16.031578986748357
8.349253496892052,13.886208695399617,16.68497859586104
8.914998996848107,14.686810962077937,17.463377458338183
9.502150836454092,15.464784024401416,18.374496562449316
10.105534023959331,16.199172870175513,19.423620801666413
10.718295785607875,16.86542198494302,20.61241663327478
11.33174080615848,17.435821471365788,21.937603645018484
11.935246984895784,17.880433017341108,23.389586843752472
12.516304259294015,18.168582823129242,24.951220783327635
13.060720620766995,18.27094697913081,26.596939019804076
13.55303304008993,18.162152536724655,28.292522909914812
13.977143739421306,17.823681462678493,29.995776709220717
14.317172927941368,17.246718882156312,31.65829697970968
14.558479887113828,16.43447343170211,33.2283627660614
14.688761623826345,15.403467316450143,34.65474495186838
14.699102637840712,14.18338813851499,35.890988330892306
14.584832597528703,12.815321476858752,36.89953339699685
14.346060062842671,11.34850061961493,37.6549917964186
13.987791844277691,9.836031120103298,38.14601024349885
13.519611683373212,8.330271510086988,38.37543269108579
12.954963315354451,6.878604267841,38.35882064073725
12.310143546408248,5.520200852907891,38.121709296508264
11.603146474573872,4.284124093628945,37.69617237043357
10.852504652648589,3.1888113667665507,37.11730211078544
10.076250466451704,2.242731168909345,36.42010398923764
9.291081471456998,1.4458575302287109,35.637117407987766
8.511769049117213,0.791570212281758,34.79687310130293
7.750810564504839,0.2686383498194309,33.92313587338581
7.018297041487681,-0.13695891127584803,33.03478151258065
6.321952700598752,-0.4405162718419787,32.14611814096193
5.667297896523557,-0.6574427800694496,31.267469402486025
5.057889905106085,-0.8024481935541481,30.405870134456357
4.495603314918273,-0.8890282481531184,29.5657676403694
3.9809207427580904,-0.9291871073496254,28.74966212359017
3.5132133613874643,-0.933334816865685,27.958652527692134
3.0909982771695232,-0.910305063201557,27.19287733552041
2.7121657299045525,-0.8674492087383237,26.45185458802825
2.3741734122495757,-0.8107734908479252,25.734733328939203
2.0742081359042657,-0.745095886353822,25.040471877378838
1.8093168968555928,-0.6742068749489286,24.367958530371364
1.5765104007510065,-0.6010241651922581,23.716088833855135
1.3728425498576295,-0.5277356244160752,23.083811352303538
1.1954694602145177,-0.4559275188635815,22.47015148868133
1.0416914156229842,-0.386697054125484,21.874220682269815
0.9089808751883601,-0.3207493888655157,21.295216396042594
0.7949993010602472,-0.25847999497486196,20.732416746196964
0.6976052063128927,-0.20004361486069108,20.185172412471328
0.6148554660530603,-0.14541123448163698,19.65289755752129
0.5450016028780029,-0.0944165261962571,19.135060824371134
0.48648245830214376,-0.04679317007854408,18.631177020036052
0.43791439757867073,-0.0022043699858021806,18.1407997833341
0.3980799664274388,0.039734236633071456,17.663515335743845
0.36591572282201024,0.079437204241756,17.19893729393254
0.3404998025447277,0.11733649882056443,16.74670245664274
0.3210396406119384,0.15387249609950102,16.306467448634994
0.30686015869080685,0.18948806123318382,15.877906097107145
0.2973926381160055,0.2246251215791274,15.46070742220864
0.2921644260747764,0.2597232426884165,15.054574136719921
0.29078956619692714,0.29521980539244413,14.659221566661158
0.2929604016585416,0.33155145917528617,14.27437692209207
0.29844016675507035,0.36915659438261345,13.89977886431241
0.3070565597642939,0.40847863396386125,13.53517733144525
0.3186962741075839,0.4499699952217057,13.18033359882853
0.3333004548789448,0.4940966143503339,12.835020563895487
0.35086104251940503,0.5413429622809814,12.4990232576119
0.37141796374406216,0.5922175103813567,12.172139596483884
0.3950571309316012,0.6472586296690525,11.854181401147134
0.4219092143646833,0.7070409281015211,11.544975720137254
0.4521491563956124,0.7721820477905471,11.24436651120705
0.48599640234111036,0.8433499581235844,10.952216748139842
0.5237158293004066,0.9212707920769426,10.668411039118228
0.5656193608184376,1.0067372816247353,10.392858864147776
0.6120682620923977,1.1006178540280769,10.125498564726634
0.6634761169675416,1.20386645362979,9.866302249965695
0.7203124939927698,1.3175331529713847,9.615281820950749
0.7831073139656788,1.4427756115887165,9.372496360761001
0.8524559352615257,1.5808714292175734,9.138061192920402
0.9290249752479508,1.7332314201669108,8.912158978121454
1.0135588854791353,1.9014138042243902,8.695053300048174
1.106887294106703,2.087139262396297,8.487105288486637
1.2099331196290561,2.292306737235987,8.288793944240213
1.3237214437999894,2.519009759591285,8.100740968214176
1.4493891056114137,2.7695529456768972,7.923741058583712
1.5881949392066408,3.0464681162524108,7.758798826460791
1.7415305215944683,3.3525292245367497,7.607173691323691
1.9109312147341586,3.69076491660937,7.47043434873843
2.098087172475409,4.064467055406529,7.350524645046703
2.3048538248362065,4.477192876158449,7.249842928099876
2.533261135744789,4.9327575562415475,7.171337136891764
2.785520637223586,5.435212814263696,7.118617991336179
3.0640288500217583,5.988805630580483,7.096092559010581
3.3713651800038065,6.597909228342666,7.109120073290258
3.710281698868422,7.26691600082484,7.164190954007357
4.083681342268184,8.0000790757911,7.2691282416072
4.494579955662693,8.801285698325469,7.43330768059432
4.94604626744215,9.673741754560709,7.66788790959439
5.441112277731536,10.619542962364267,7.98603490028217
5.982644784509427,11.639105347769041,8.403114059496504
6.5731669926421565,12.730427081931495,8.936808351878684
7.214617700048569,13.888157987945952,9.60710071408683
7.908035018476248,15.102465698510159,10.43603394659472
8.653152914517257,16.357713625064598,11.447132850737212
9.447903452570982,17.63101180650022,12.66434632793462
10.287827358968606,18.890773490492425,14.110351066491951
11.165412573180893,20.095511116450247,15.804069661514017
12.069406717283531,21.19322997756981,17.757318325398487
12.984185406428681,22.121904643099484,19.97064104990752
13.889301294400058,22.811605636758006,22.42863109678568
14.759380381791818,23.188806770322905,25.095384735901998
15.564556739837125,23.18315518957367,27.911120499749355
16.27162216568335,22.736457417565745,30.79129624042119
16.845990449993863,21.81284714592396,33.629560131788324
17.254425664954447,20.408238799355058,36.30537059919121
17.468276468822538,18.55659667141997,38.69603851716229
17.46674758731131,16.330687198634315,40.69149325227061
17.239607607266446,13.836070300250386,42.20878505570758
16.788756221273204,11.198923031072052,43.20287083268519
16.128280607697537,8.550196356878088,43.67099130353414
15.282967368941568,6.009735509413003,43.64975237783156
14.285587558082973,3.6738274201586525,43.20612686904657
13.17351429141629,1.6083092682469657,42.42510248708226
11.98529508104595,-0.15244212180899086,41.39709258237649
10.757694130917333,-1.6018380914084005,40.207570181016095
9.523513676429195,-2.754677261087617,38.9301885279202
8.310283920604146,-3.639948060641341,37.6234850807249
7.139741135237069,-4.294252644344273,36.33048939472716
6.02791803550617,-4.756612074528208,35.080245788789654
4.985643233039244,-5.0648560279224295,33.89030638213139
4.019265407777696,-5.25344478617212,32.76947730313871
3.1314590604660775,-5.352408717054526,31.720368827781986
2.3220144048313585,-5.387063558269403,30.741527647703048
1.5885538808612076,-5.378206121375339,29.829087870374373
0.927147921855976,-5.342567638027466,28.977969997490685
0.33282288688595707,-5.293373388740054,28.18270037356462
-0.20003378354831958,-5.240915303242105,27.437935350951026
-0.6773598835127392,-5.1930861318740416,26.738769037302685
-1.1051825446875556,-5.155851395831701,26.080890658356168
-1.4894463605498582,-5.13365202489425,25.46064297475321
-1.835892892601169,-5.129739760191296,24.87501972260699
-2.1499805607669,-5.146451765646576,24.321628860724466
-2.436835670471706,-5.185432418221536,23.79863971309196
-2.701226975298995,-5.24781023317123,23.304725654812152
-2.9475576219213453,-5.334337127031071,22.83900940042469
-3.1798695460764677,-5.445496187690487,22.40101479486419
-3.4018563926729075,-5.581583050128197,21.990626905516034
-3.6168818430392893,-5.742764981149274,21.608060863076904
-3.828000875971865,-5.92912089806267,21.253839060941846
-4.037981993981967,-6.140664790121546,20.928775817878698
-4.249328836463819,-6.377354368383429,20.633968304141735
-4.464299898428001,-6.639086227048129,20.370792330406466
-4.6849252949499105,-6.9256783481227036,20.140901432441968
-4.913019673250684,-7.236840418766551,19.946227502633185
-5.150190490689589,-7.572132162550722,19.788980987606607
-5.3978409618613545,-7.930909727364599,19.671648366610295
-5.657167046043707,-8.312260149596456,19.59698423643421
-5.929147913616531,-8.71492406344848,19.567994856393017
-6.214529415478578,-9.137207193848736,19.58790946783334
-6.513800204896121,-9.57688181892715,19.660135134621537
-6.827160352294495,-10.031080376267866,19.788190320691527
-7.154482579388785,-10.496184775902094,19.97561203206821
-7.495266651098535,-10.967716814588195,20.22583125404307
-7.848588032596291,-11.440237363062804,20.542011811429337
-8.213042669495925,-11.907264652710879,20.92684892336886
-8.586690692675793,-12.361224842717958,21.382325901231876
-8.967002971600143,-12.793450772555557,21.909430933947725
-9.350815688194304,-13.194246877003055,22.507840936209185
-9.73429936989564,-13.5530389375763,23.17558604832972
-10.112949930567648,-13.858625771779062,23.90871631774947
-10.48160997422326,-14.09954516904028,24.701000663074897
-10.834528610075573,-14.264557573658267,25.543696168505697
-11.1654669730398,-14.343237865502427,26.425431256050445
-11.467854245211415,-14.326648622565106,27.332247103852655
-11.734995068221743,-14.208049177811594,28.247835586791457
-11.960323903758358,-13.983576645778431,29.153997424937355
-12.137695557917468,-13.652822015407367,30.031320995676936
-12.261694529077207,-13.219220839710689,30.860052398099807
-12.32794017949181,-12.690187565492703,31.621095258440526
-12.333361211672797,-12.076946405724778,32.297050748403464
-12.27641263997193,-11.394047746271465,32.87319122498039
-12.15721199195547,-10.65860168995041,33.338260254230455
-11.977578721405653,-9.889301196358302,33.685009665835054
-11.740970816551178,-9.105337640531687,33.91041833708382
-11.452323735718041,-8.32532484093092,34.01558106521625
-11.117807198296816,-7.566341162738173,34.005300132509674
-10.744523275001075,-6.843175457579302,33.887448103452876
-10.34017351353731,-6.167827543655478,33.67219172277099
-9.912723165994494,-5.549275707360593,33.37117126834872
-9.470087404932743,-4.993489851435037,32.99671920008223
-9.019858750041703,-4.5036446213153045,32.56118117178426
-8.569088048242609,-4.0804741929553705,32.07637728683333
-8.124124463457859,-3.722708644189647,31.553217177571238
-7.690513957258399,-3.427538314767091,31.001462760087694
-7.272951214233235,-3.191063907647933,30.429619106894847
-6.875277053820677,-3.0087031300285267,29.844926854570797
-6.500511958671776,-2.875537029387261,29.253427868388766
-6.150916153373165,-2.786589416225209,28.66007795849476
-5.828067335356913,-2.737040306489252,28.068884692898543
-5.532948351686638,-2.7223792083404508,27.483053458820542
-5.266038546802471,-2.738506725110376,26.9051299485004
-5.027403966907985,-2.7817938976994423,26.337131631127786
-4.816782959139221,-2.8491085110323,25.78066426984748
-4.633664872023983,-2.9378167033024396,25.237022117072794
-4.4773605179979254,-3.0457669940935443,24.707272165233995
-4.347063799660758,-3.1712625284419613,24.192323895694496
-4.241904447977804,-3.3130260668450857,23.69298652150324
-4.160992200498389,-3.470161115446906,23.210015912125474
-4.103452991076832,-3.6421116182012376,22.744153346352256
-4.068457858371901,-3.828621826212575,22.29615805962621
-4.0552453340008725,-4.02969730460639,21.86683530258883
-4.063138063877512,-4.245567512341394,21.45706135374275
-4.0915543649694515,-4.476649971250628,21.067806657129044
-4.140015337585914,-4.72351570413507,20.700157998305656
-4.208148050134997,-4.986855347428846,20.35534039108105
-4.295685196136545,-5.267445114802859,20.03473911872036
-4.402461497105037,-5.5661115910209285,19.739922147044403
-4.528406993182021,-5.8836941616918415,19.47266288978991
-4.673537228625944,-6.221003730416565,19.234963042998423
-4.8379402036451316,-6.578776242042527,19.02907489734916
-5.021759830062267,-6.957619428045913,18.857522166338338
-5.225175499397585,-7.357951134793406,18.72311791494429
-5.448377253442266,-7.779927615609457,18.628977620354235
-5.691535947330449,-8.223360304328695,18.578524730330763
-5.954767725454346,-8.68761989797842,18.575485301714526
-6.238092108325744,-9.171527133263037,18.623867413088156
-6.541383036942129,-9.673230536628157,18.727920088998466
-6.864312370794654,-10.190072765511825,18.89206552394963
-7.206285624155528,-10.718449047712399,19.12079758222552
-7.566370196745814,-11.253663760824418,19.4185390748953
-7.943217056208865,-11.789794422577025,19.78945046382104
-8.334977803941548,-12.31957624038172,20.237183790589107
-8.73922033025998,-12.834324691720482,20.764578229249995
-9.152847834508162,-13.32391793995968,21.373298197860013
-9.572027790079389,-13.776864489195614,22.063421848900756
-9.992139331060523,-14.180483252167567,22.832997177917786
-10.407749277144948,-14.521221731573496,23.67759467726283
-10.812628226683271,-14.785131720631625,24.58989844343402
-11.199818354698703,-14.958509416587301,25.559390017848465
-11.561763216344175,-15.028687432510152,26.57218810063244
-11.890506487994543,-14.984940601444475,27.61110896888779
-12.177960897362242,-14.819438424592429,28.6560032301972
-12.416240717944417,-14.528149546313529,29.684401811482623
-12.598041812914108,-14.111584624282052,30.67246770355785
-12.717043617773461,-13.575260750100476,31.5962035882486
-12.768299466447907,-12.929788727572506,32.432816833762125
-12.748577275643896,-12.190525297885763,33.1621032713784
-12.656613437265397,-11.376791022890393,33.767690857327146
-12.493249548045199,-10.510720218733766,34.23799171603096
-12.261433752994533,-9.615867692740796,34.56674757779146
-11.966084097127474,-8.715734288096705,34.75311281328277
-11.613827552342864,-7.832380647002294,34.80128823219773
-11.21264230496436,-6.985275346103003,34.71978209356433
-10.771440050812362,-6.190476776662934,34.520419152150055
-10.299628235522842,-5.4601901978223815,34.21723683518832
-9.806689559776046,-4.802685659934038,33.825399967937734
-9.301808946911851,-4.222519465087482,33.360238112888666
-8.793568484610683,-3.720976875612457,32.83647198962627
-8.289720609078651,-3.296646999829699,32.26765698744022
-7.797040623341348,-2.9460484307122288,31.66583947840762
-7.321252541073476,-2.664240758316229,31.041399151227218
-6.867017603093901,-2.445377065006727,30.403038492748404
-6.437972503187611,-2.2831717323754015,29.75787728796591
-6.03680395174944,-2.1712737929419035,29.111613016335095
-5.665347143265864,-2.103547625392282,28.46871461296061
-5.324697432920201,-2.0742700977233057,27.832625009459505
-5.015326617689459,-2.0782570117685184,27.205955616638686
-4.737197330982454,-2.11093283142396,26.590662565597146
-4.489870990421992,-2.168357095332341,25.988199716259338
-4.27260637824131,-2.2472193725896332,25.399647157164797
-4.084447247282574,-2.3448126649862684,24.82581634138851
-3.9242983432315257,-2.458993149944256,24.267334398056867
-3.7909899514316416,-2.5881323016217377,23.72471080314052
-3.6833315610235386,-2.731065822061692,23.198389731146648
-3.600155538140039,-2.8870424878981686,22.68879123632042
-3.5403518572912223,-3.0556749583023914,22.196344072508964
-3.502894993237827,-3.2368937634818726,21.721512554334478
-3.4868640547780916,-3.4309050596464825,21.264819451793432
-3.4914571703947117,-3.6381522554199246,20.82686653155029
-3.5160010311315806,-3.8592812493762447,20.40835402735662
-3.5599563709717814,-4.095108736996003,20.010100042472416
-3.622920027987759,-4.34659282143138,19.63306065355199
-3.7046240861562723,-4.61480497452147,19.27835128777148
-3.8049324511418985,-4.900902225383716,18.94726976928017
-3.9238350649856213,-5.206098290505256,18.641321261292706
-4.061439814724622,-5.531632192347254,18.36224514825907
-4.217962038049933,-5.878732738032992,18.11204368842489
-4.393711374514394,-6.248577045712195,17.89301199819568
-4.589075553230454,-6.642241120150537,17.70776858081292
-4.804500548186211,-7.060640306150399,17.55928515500943
-5.040466372913829,-7.504457315517553,17.45091394461134
-5.297457632963061,-7.974055473195313,17.386409827505627
-5.575927817642759,-8.469374924255405,17.36994378585589
-5.876256208243517,-8.989809874860153,17.406102933511658
-6.198696233261527,-9.534065626786736,17.499871027565234
-6.543314147437641,-10.09999535912058,17.656581843545354
-6.909917098770312,-10.684418494445554,17.881836213512873
-7.297970037838978,-11.282925258891154,18.181372089542844
-7.706501591265122,-11.889675890964316,18.560876022070374
-8.134000048236052,-12.497207990748986,19.025724409589305
-8.578302074748747,-13.096271692389898,19.580644432889848
-9.036478730396322,-13.675719376616325,20.229288538842734
-9.504725818541289,-14.222483778395716,20.973723564069587
-9.978268456816943,-14.721684272970887,21.813846855393862
-10.451292767164823,-15.156903857156458,22.746757394497198
-10.916920312608186,-15.510676287876073,23.766129440282135
-11.367242688966805,-15.765211129108927,24.86165764780378
-11.793433655578278,-15.903361674759887,26.018662277030984
-12.185953419665623,-15.909806025903519,27.21795536329509
-12.534853376557523,-15.772367126898978,28.436066752914606
-12.830179424388115,-15.483349521395539,29.64590627879496
-13.062458423475752,-15.040729474245248,30.81789157619043
-13.223237068145695,-14.449014175267832,31.92150244305605
-13.305628097889572,-13.719597451827685,32.9271423121104
-13.304808799885459,-12.870490470203404,33.808112689379584
-13.218414393174818,-11.925392696124286,34.54245814792351
-13.046776146485444,-10.91217529896009,35.114435237719626
-12.79297081918091,-9.860951557290866,35.51540564790906
-12.462671598159828,-8.801980354117516,35.74404454363395
-12.063816546317357,-7.763670765350481,35.805868018901734
-11.606133404340708,-6.770923631283929,35.71219108140602
-11.10057497374408,-5.843971054476474,35.478704320923256
-10.558724897569133,-4.997779002170917,35.123889088298206
-9.992229597074422,-4.2419861147708,34.66747741089654
-9.41230067507191,-3.581282501787321,34.12911556264887
-8.82931665495719,-3.0160949121686196,33.52732662774939
-8.252536936692154,-2.543438376749106,32.8788044269122
-7.689926994245793,-2.157811529985741,32.19802070920057
-7.148083640465789,-1.8520429359223922,31.497094950602225
-6.632243056107331,-1.618029306716792,30.785861245768718
-6.146351807400971,-1.4473367346417052,30.072065948994105
-5.693181400226678,-1.3316594083023556,29.36163793666408
-5.274469057249645,-1.263145864728682,28.658985953176547
-4.891070475438554,-1.234611466223571,27.967290928739153
-4.543113650789503,-1.239659106986357,27.288773217960824
-4.230145999580401,-1.2727299069589502,26.624924352184898
-3.951269715795487,-1.3291033559272094,25.976699893042166
-3.705262486708551,-1.4048631604397162,25.344674569252618
-3.4906823448898368,-1.496841663587096,24.72916354225039
-3.305956621613697,-1.6025525801414169,24.130314893413708
-3.149455763865447,-1.7201191167437926,23.548178720601776
-3.0195532687320887,-1.8482023832776577,22.982757946926984
-2.914673251595499,-1.985933319936177,22.434045354593774
-2.833327262878319,-2.1328500989946098,21.902050648250913
-2.77414195363282,-2.288842033413543,21.38682064305982
-2.7358791023007822,-2.4541003614523365,20.88845502876153
-2.7174493823790726,-2.629075812257228,20.407119613371655
-2.717921093967074,-2.814442538089518,19.94305850704962
-2.7365249151797912,-3.0110677815083426,19.4966063630515
-2.7726555611623454,-3.219986496686877,19.068201536233424
-2.8258710742211655,-3.4423800367304316,18.658400834953756
-2.8958903109463225,-3.6795579325610666,18.267896413239317
-2.982589041674262,-3.932941706906903,17.89753526081334
-3.0859949332741126,-4.2040495754062635,17.548341683616
-3.20628154596634,-4.494480774186911,17.22154311152484
-3.343761335808567,-4.805898109609511,16.918599507245318
-3.498877513131023,-5.140007142938599,16.64123656328022
-3.672194459736847,-5.498530194359716,16.391482742056617
-3.8643862501797277,-5.883173073895824,16.171710012884038
-4.076222651266752,-6.295582123131939,15.984677837783916
-4.3085517863367375,-6.737288790665932,15.833579518511174
-4.562278445761172,-7.209638587241003,15.722089393327234
-4.838336804383945,-7.713700912942306,15.654408510357735
-5.137656076893678,-8.250155984180259,15.635305244901277
-5.461117417328744,-8.819155014572111,15.670145810757143
-5.809500173631182,-9.420150072376378,15.764907691187782
-6.183415481908163,-10.051690860782125,15.926166664437122
-6.583225187279197,-10.711187331108905,16.161045364204455
-7.008944293403278,-11.394639901346277,16.477108347534532
-7.460125684548646,-12.096343527969335,16.88218576326646
-7.935726875387178,-12.80857838627367,17.384105495579178
-8.433960189969762,-13.521308769885296,17.99031300328776
-8.952130220328002,-14.221923054407423,18.70736028066427
-9.486465797022799,-14.895060654209276,19.54025209925866
-10.031958044887299,-15.522585390930319,20.491650832190608
-10.582221223832798,-16.08377585614831,21.560962390342127
-11.129398477041558,-16.555807932148568,22.74335584405255
-11.66413940873965,-16.91459700441117,24.02880686006596
-12.175679189730722,-17.136041437024357,25.40129555852707
-12.652047839552328,-17.197659881535643,26.838323954493415
-13.080431565559698,-17.08054258301699,28.310933863252664
-13.447694148512214,-16.77144831098575,29.784388175338435
-13.74104524310502,-16.264790989892305,31.21961476066296
-13.948816093114742,-15.564199439446002,32.57540056501884
-14.061276006142846,-14.683328526610419,33.811177269157106
-14.071401465784403,-13.645671115815205,34.89009066648086
-13.97550091249891,-12.483268027905737,35.78193715372179
-13.773607027669753,-11.234411176552753,36.4655236250194
-13.46957561982163,-9.940633276937103,36.930082717919085
-13.070871414735073,-8.643418920745132,37.17554220905588
-12.588067218210167,-7.381114195470991,37.211661858945945
-12.034123387982667,-6.186445446185267,37.05625312813498
-11.42354048313159,-5.084907831346075,36.7328335772999
-10.77148506679933,-4.094099969993204,36.26811095670827
-10.092978000833204,-3.223913987796649,35.68964674773036
-9.402211457335094,-2.4773770122634002,35.023944628125804
-8.712032382986067,-1.8518933033685032,34.29508464191533
-8.033602842877698,-1.340647279025561,33.52391201212836
-7.376226008582951,-0.9339762942625953,32.727710132127
-6.74731247459025,-0.6205857575277963,31.92024537786269
-6.152454903085559,-0.38854044720682057,31.11206160267695
-5.595578223220821,-0.2260145805856451,30.310914206643652
-5.079135778084648,-0.12181591684347516,29.52225688547495
-4.604327058635115,-0.06571715364532328,28.749720215909175
-4.1713185435085425,-0.048634537436263586,27.99554487415622
-3.779454729096293,-0.06269284593514084,27.260951018942386
-3.427451177845506,-0.10121107415995934,26.54643865873749
-3.113565151307347,-0.1586367035992262,25.85202223922474
-2.835742149859614,-0.23044989263031196,25.177407281129696
-2.591738582530275,-0.3130531104256413,24.522118784603204
-2.3792220069798273,-0.40365696998268985,23.88559126334488
-2.195851079627573,-0.5001693283943007,23.267229426471733
-2.0393376859940893,-0.6010919950068706,22.66644721401825
-1.907493799874607,-0.7054274458100949,22.082691452004777
-1.7982655368945895,-0.8125966070236746,21.515455023794097
-1.7097566886720061,-0.9223678857965676,20.964283256676794
-1.6402437938711938,-1.034797064662365,20.42877623373114
-1.5881845526004112,-1.1501773419895174,19.908588960792446
-1.5522211407203457,-1.2689986215761895,19.4034307266687
-1.531179742847727,-1.3919150792223642,18.91306456285603
-1.5240674040101059,-1.5197200259936476,18.437307406626996
-1.530067103306957,-1.6533271211964229,17.976031370360918
-1.548531779455189,-1.7937570446156792,17.529166396199784
-1.5789778870912126,-1.942128804332716,17.096704508892614
-1.6210789325205361,-2.099654923941779,16.67870585571904
-1.6746593259737383,-2.2676398139920915,16.275306729144923
-1.7396887916700707,-2.4474806811383805,15.886729796956159
-1.816277494168,-2.6406703596303154,15.513296810021881
-1.9046719664571312,-2.8488014584064727,15.155444115198604
-2.005251858690772,-3.0735711978717477,14.81374136681326
-2.118527462825009,-3.3167862573941935,14.488913901528923
-2.245137903883276,-3.5803668605134584,14.18186931458922
-2.38584981888681,-3.8663491812049733,13.893728845489942
-2.5415562649632095,-4.17688495095009,13.625864240657775
-2.7132755034238936,-4.514236870598546,13.379940798567336
-2.902149190599974,-4.880768069082281,13.157967302184481
-3.1094393620408964,-5.2789233877550545,12.9623534800943
-3.336523416610164,-5.71119968944393,12.795975475705127
-3.584886082763704,-6.180101682920536,12.66224949348861
-3.8561070725042526,-6.688078911510389,12.565213263322104
-4.151842791781311,-7.237438589015679,12.509614125902427
-4.4738000749107725,-7.83022791406794,12.501001273061442
-4.823699446344897,-8.46807843754923,12.545817825394924
-5.203224898128299,-9.152004149985652,12.651485817034597
-5.613956636160608,-9.882144456435121,12.82647359005781
-6.057282752209636,-10.657443526102522,13.080330401810206
-6.534285423529861,-11.475259254770732,13.423667117756029
-7.045597190138337,-12.330899117960604,13.868054784660808
-7.591223352385454,-13.2170876397003,14.42580509001798
-8.170327903659711,-14.12338237499064,15.109589242002851
-8.78098309605125,-15.035573519907814,15.9318465743963
-9.419887229165846,-15.93512739229028,16.903934325556982
-10.082062036310495,-16.7987657091633,18.034980081611618
-10.760550414686607,-17.598308064059726,19.33042401056176
-11.446147038451034,-18.30093767570764,20.790285118917645
-12.127207585201784,-18.87006864588882,22.407258136583224
-12.789594603313702,-19.26697975803231,24.164843271593632
-13.41682560568082,-19.453315766541373,26.035817391582484
-13.990486584193187,-19.394426691492832,27.981445034660428
-14.490956239184555,-19.063318406008957,29.95185957268515
-14.898448984190308,-18.444750954900456,31.887971888791004
-15.19432901297689,-17.538806380364303,33.725053283014034
-15.362581427458883,-16.36314349057151,35.397798790569766
-15.391265410842468,-14.953247480112548,36.84627523999487
-15.27373900156295,-13.360302810423738,38.021819802041115
-15.009452845257321,-11.646815533267075,38.891819303913984
-14.60416780254141,-9.880643780560176,39.44245696535597
-14.069548233888913,-8.12848025419362,39.67894270582318
-13.422194002578129,-6.449929283843562,39.62331274622861
-12.682268795209245,-4.893106062103336,39.310402219655444
-11.871935766996971,-3.492251948233511,38.782899037020435
-11.013814601631069,-2.267371855075546,38.08641462292094
-10.129634294981223,-1.225511999202516,37.2653033018658
-9.239191682367444,-0.36309317885386316,36.359640642388186
-8.359657482905215,0.33130239544446305,35.403451670674755
-7.5052150989965245,0.874179736275598,34.42404317870803
-6.686980295790391,1.2847346218731475,33.44216825019099
-5.913132641362321,1.5829656163571353,32.47272236884854
-5.189188101793909,1.7883202229163457,31.525706087430443
-4.518350702719582,1.918820800123693,30.607254865264338
-3.9018943703049542,1.9905780443253507,29.720606608943104
-3.339540057607849,2.0175919637785156,28.866937036681513
-2.82980574037667,2.0117498139713352,28.046036719932697
-2.3703168149274965,1.9829476607085206,27.2568317794113
-1.958071693278504,1.9392807860057588,26.49776570595573
-1.5896622762984225,1.8872646993316597,25.767066321750914
-1.2614519868353555,1.8320617543194944,25.062922801931574
-0.9697156681605135,1.7776981857280076,24.383595469601282
-0.7107463359409225,1.727263234002217,23.727477484912917
-0.4809338549159682,1.6830865626532345,23.093123635363916
-0.27682034087286356,1.646893025139213,22.47925778434178
-0.09513663229530497,1.6199355250752179,21.884767416293602
0.06717635745645048,1.6031076321871884,21.30869120653407
0.2129581413261644,1.597038047883633,20.750203613958423
0.34482826539460154,1.6021691492163248,20.20859906911989
0.4651927464309517,1.6188218023198693,19.683277315698692
0.5762554843647353,1.647248504099151,19.17373076994548
0.6800331579673958,1.687676731476042,18.679534310686908
0.7783724233043117,1.740344179003157,18.20033763635133
0.872968497038352,1.805527364151461,17.73586017364137
0.9653844252560098,1.8835648837901735,17.285888455952257
1.05707051810408,1.9748764195531,16.8502758799531
1.1493835759152868,2.0799784154114427,16.428944775876676
1.243605648008137,2.199497187522212,16.02189077743669
1.3409621548019406,2.33418007265503,15.62918954214538
1.4426392705507687,2.484905074500601,15.251005946795237
1.549800510510787,2.6526893232016686,14.887605962959777
1.6636024946980739,2.8386965177399226,14.539371501928398
1.7852098718535887,3.0442433674077205,14.206818606531751
1.915809382340849,3.270804880188553,13.89061945780467
2.056623017172432,3.520018153581757,13.591628755594085
2.208920191001104,3.7936840965124654,13.310915120720093
2.3740287875213792,4.09376623665224,13.049798246254587
2.5533448529894156,4.422385430651552,12.809892587126972
2.748340602934405,4.781808878102012,12.593158405167962
2.9605702627401307,5.174431324287959,12.401960957368063
3.1916730774378186,5.60274570197542,12.239138493841661
3.4433725914196835,6.069299690188405,12.108079468752731
3.717471005782866,6.576633745516156,12.01280889200434
4.015837060795349,7.127195089488595,11.958082965556144
4.340385456671976,7.7232209394814975,11.949489927742377
4.693045315599811,8.366583019458933,11.993553207630407
5.075714609804961,9.058584220378647,12.09783036866178
5.490196859914676,9.799697447153306,12.27099766891093
5.9381157989778135,10.589236598148183,12.522905156839279
6.42080319816904,11.42495090259731,12.864580887128609
6.939154821923505,12.302537399506523,13.308155076291833
7.493449770880915,13.215073404536176,13.866666157837289
8.083129636055917,14.152382891393682,14.553701681072987
8.706536400287277,15.100369434264506,15.382819720944026
9.36061245509702,16.040375018909323,16.366694174170405
10.04057304701079,16.948658792093134,17.515934909704875
10.7395713742297,17.796130398637207,18.837557707848248
11.448389422639949,18.548512508319714,20.33312644631338
12.155202574008783,19.167134156899902,21.99666665641892
12.845480748678321,19.610551813103616,23.812555225529017
13.502099254167478,19.83713548329295,25.753714072971427
14.105732727895726,19.808622095759915,27.7805475902105
14.635588928855128,19.49442241151404,29.84111786121135
15.070500477217616,18.876196108616057,31.872991708506724
15.39033167166547,17.951949406708604,33.80697499206356
15.577582199945693,16.73876297594774,35.572571903138225
15.618997341529486,15.273329909055086,37.10454138069056
15.506948856994965,13.6098271251435,38.34951176255974
15.240353955840801,11.815208663279723,39.27142757995402
14.82496089251514,9.962634033458292,39.85475503620224
14.272938538099549,8.124211149744319,40.10485487691082
13.601834969623543,6.364368086319112,40.04559165940811
12.833080151470801,4.73492993527096,39.71485823863507
11.990270624899946,3.272475307210339,39.15905617215807
11.097478363746987,1.9979780480166165,38.427606944711755
10.17778019219696,0.9182892039580279,37.568329481594056
9.252130101198443,0.028782951651695754,36.62414291583148
8.338618693761862,-0.683522142625982,35.63118320109883
7.452100079908788,-1.2369173011159096,34.61815256096197
6.604125490038222,-1.652384070652316,33.60658238396246
5.803104763140202,-1.9515610092853806,32.611664691214195
5.05461656124681,-2.1553124347690917,31.643354214730877
4.3617988209263014,-2.282828091751099,30.70752174698872
3.7257664306713556,-2.351144087310725,29.807020301588484
3.146019053350365,-2.374970325624167,28.942592758326775
2.6208159097736985,-2.3667231619804263,28.113597681964404
2.1475051967283374,-2.3366829754054748,27.318559947884506
1.722803572275022,-2.293217920939785,26.55556856339003
1.3430262330309992,-2.2430337876015636,25.822550061577143
1.0042711337853494,-2.1914244605483364,25.117445874973154
0.702562448222698,-2.142508048297259,24.438318989507152
0.4339589339513521,-2.09944094109273,23.78341080341189
0.19463281995084333,-2.0646067159335195,23.1511645829597
-0.019075555407277456,-2.0397796346863917,22.540227800300922
-0.21062268647038032,-2.026264086380267,21.949442202330264
-0.38324237055017213,-2.025012140238524,21.377827740163834
-0.5399382649899134,-2.0367217055377433,20.824564430251154
-0.6834856585860865,-2.0619178383399173,20.288974719952158
-0.8164400953287922,-2.1010196204262517,19.770507881690545
-0.9411509349577537,-2.154394839649912,19.268727256769562
-1.0597783181895233,-2.2224044686691977,18.783300723678806
-1.1743123285753896,-2.3054386959182147,18.31399450431485
-1.2865934131184575,-2.4039460219409814,17.860670289289875
-1.3983333457065954,-2.5184567018896025,17.423285618803273
-1.511136196606489,-2.649601592798697,17.001897468300395
-1.6265189127159734,-2.7981272512420285,16.59666903720011
-1.745931221329389,-2.9649079203529416,16.207879809861666
-1.8707746484238295,-3.1509548406843093,15.83593904089169
-2.002420493700238,-3.3574231113918787,15.48140290508529
-2.1422266307267583,-3.585616109782048,15.144995640543202
-2.2915530025327895,-3.8369872399593263,14.827635096881474
-2.451775660921429,-4.113138515187959,14.530463173047066
-2.6242991506096582,-4.415815172118341,14.254881682865063
-2.8105669649990364,-4.746895155230921,14.00259420903475
-3.0120696957588278,-5.108371882667979,13.77565448015141
-3.230350359249426,-5.502328195861821,13.576521704789972
-3.4670062040179803,-5.930898792447512,13.408123085317655
-3.723686079537237,-6.396217737009387,13.2739233613893
-4.002082171622802,-6.900346839262616,13.178000630713054
-4.3039145806415116,-7.445179804345618,13.12512677293222
-4.630906834432596,-8.032316145421136,13.120849447654932
-4.984749995518778,-8.662898003547067,13.17157071247506
-5.367052560479591,-9.337402415809144,13.28461465687095
-5.7792728964902915,-10.055381487547963,13.468272919489442
-6.222630583608611,-10.815143779439238,13.731812433482276
-6.697992841223447,-11.613372618649905,14.085424215264384
-7.205732379894455,-12.44468179615018,14.540085676793113
-7.745553773371663,-13.301117223898917,15.107302374803538
-8.316287106559283,-14.171625697467627,15.798689477957979
-8.91565061059546,-15.041529897362595,16.625350541624737
-9.539988662347982,-15.892072508753694,17.597014493301966
-10.183998252751442,-16.70012081823693,18.720905201464852
-10.840465928345989,-17.438152923967515,20.000346469355343
-11.500047894467192,-18.074670797843833,21.433153133449714
-12.15113721687017,-18.57519262428356,23.00992781276816
-12.779871506399715,-18.903952188693538,24.71246835331652
-13.370338493110147,-19.026361094410614,26.512578932692072
-13.905030957851434,-18.912160684884714,28.37164178712834
-14.365582244242846,-18.539010603526425,30.241310232742958
-14.73377678553248,-17.896060488882668,32.065590336982396
-14.99277898313759,-16.98688829089609,33.78436889730311
-15.128466837164755,-15.831137143363236,35.33813808431651
-15.130708364833142,-14.464304834255994,36.673331113339344
-14.994395934991896,-12.935449340261645,37.74742704039899
-14.720069279060327,-11.303010171934005,38.53291564803469
-14.314014743993676,-9.629381238968723,39.01939242512387
-13.78781516846313,-7.975159652878815,39.213444861299834
-13.157419263364268,-6.394035993329592,39.13647384259856
-12.441876175054182,-4.929079186132121,38.8210109968754
-11.661921245987779,-3.6107917550367636,38.306321470114106
-10.838597094382688,-2.4569050075426677,37.63408148885696
-9.9920574738189,-1.4735697566124344,36.84473645389281
-9.140645587517104,-0.6574389660204972,35.97487284950963
-8.300280468589204,0.0018689101513170714,35.0556717634385
-7.484137293071326,0.5193400446719316,34.11231642661206
-6.702576161363929,0.9124407078089964,33.16412200149881
-5.963259215049126,1.1994310762619849,32.22513164856618
-5.271394538299531,1.3981424888300351,31.3049519547785
-4.63005238047972,1.5251747268356322,30.40965523513093
-4.040510413064061,1.5954364168842785,29.542634913749062
-3.502596726658866,1.6219434608475112,28.70535087732134
-3.015010100988739,1.6157972924028106,27.897939490774103
-2.5756058306311536,1.5862786252762897,27.119687773499205
-2.181641877022833,1.5410078289691518,26.369385323043666
-1.8299845649914943,1.4861371838974897,25.645573909303106
-1.5172758438881258,1.4265517829697483,24.94671599172004
-1.2400657096649677,1.3660645492262347,24.27130188591271
-0.994914106872619,1.3075970396161327,23.61791242836021
-0.7784667942576504,1.2533419054840595,22.985250710960834
-0.5875094827579683,1.204905592548343,22.37215332364365
-0.4190041922377571,1.1634315253676604,21.777588816971935
-0.27011132380181535,1.1297049739710234,21.200648869066494
-0.13820047112973155,1.1042412911189545,20.640535905267235
-0.020852534373602807,1.0873594091703505,20.09654961895405
0.08414472581245483,1.0792425102214012,19.568073903487438
0.17880593894126312,1.0799877061215464,19.054565052523333
0.26496076061196655,1.0896464328912099,18.5555416505512
0.34426876399322304,1.108257105851705,18.070576299861198
0.4182357037905015,1.1358714149557867,17.59928916829789
0.4882304769063572,1.172575474800974,17.141343258837956
0.5555022762055688,1.2185068866281377,16.696441271133498
0.6211975751729258,1.2738686235084498,16.264323928032947
0.6863766958717338,1.3389405163935262,15.844769663893192
0.7520298042413421,1.4140889980643592,15.437595607800668
0.8190922488075678,1.4997756537546991,15.042659838443319
0.8884592143129215,1.5965650302046757,14.659864935466768
0.9609997031771178,1.7051320674576256,14.289162903487625
1.0375698872189707,1.8262694377021578,13.930561599421164
1.1190258914230173,1.9608950002452696,13.584132852045096
1.2062360819925477,2.1100595080934035,13.25002252586095
1.3000929333142117,2.274954625770108,12.928462850669353
1.4015245431047691,2.4569212352404604,12.619787415238164
1.5115058517291682,2.6574579114196597,12.324449309256403
1.6310695996928182,2.8782293336395326,12.043042993267102
1.7613170251617367,3.121074255826293,11.77633058152075
1.9034282587933429,3.388012475017249,11.525273336437078
2.0586723129520457,3.681250001523181,11.291069292243371
2.2284164821717143,4.0031813275852075,11.075198042713724
2.414134865770909,4.3563872940816,10.879473832093392
2.617415584466363,4.743626541941027,10.706108160107215
2.83996608145456,5.16781787770916,10.557783121341739
3.0836156635203187,5.632010049592245,10.437736600506007
3.3503141360836732,6.139334389428675,10.349860170379348
3.6421250029310777,6.692934500801067,10.298809990837505
3.9612112214186688,7.295865652484177,10.29013004756546
4.309810913664491,7.950954790477369,10.330385509718555
4.690199726037668,8.66061019170117,10.427301578478056
5.104635708427018,9.426567931075898,10.589899630261533
5.555281680929651,10.249560868452656,10.828617361131862
6.044099139856185,11.128895378973725,11.155392626176555
6.572706964643245,12.061922500527336,11.583681421441801
7.142197758865041,13.043394972090987,12.12836889680156
7.752904966982395,14.064711750534295,12.805518867306848
8.404115505814882,15.113069498888972,13.631893444668528
9.093726286172709,16.17056894232265,14.62416318542067
9.81784959508932,17.21336506929467,15.797724919306916
10.57038282033003,18.21100408958886,17.1650574294304
11.342573119388074,19.12615262793729,18.7335853697255
12.12262725178169,19.91498407184742,20.503101119616584
12.895439194263409,20.528521050721892,22.462920968073206
13.642529128364716,20.915208414626925,24.589122704318253
14.342299598864143,21.02486894542118,26.84240073092263
14.970708059129645,20.81394507080929,29.167225595393454
15.502419236667723,20.251559509384037,31.493021694712606
15.912429694029822,19.325503527934504,33.73788820027605
16.17805510565697,18.046923140003507,35.814934474171565
16.281057945000462,16.45240261364895,37.64063359762186
16.20960358220002,14.602483416325182,39.14389922926314
15.959704493187903,12.57640566011187,40.27413694103142
15.535870467308396,10.463819489955554,41.00655699821955
14.95082317007793,8.355040510358798,41.343629498105955
14.224318741960031,6.331785721653217,41.31253278565314
13.381295172779515,4.4600864002736,40.959431134251254
12.449670053842626,2.7863593511382234,40.342061218661286
11.458134141065182,1.3367391926854166,39.52223202489214
10.434226003453709,0.11905354868949924,38.559509101958966
9.402865910450489,-0.873553344980586,37.50678019070782
8.385411995556744,-1.6583655196464286,36.40782697421627
7.399208208632604,-2.259007257019388,35.29661751141569
6.45753531009486,-2.702009425452658,34.19783474981079
5.569852693255668,-3.0142283066910722,33.12813395429794
4.742221436621631,-3.2211069041788774,32.09770649811872
3.9778167031104954,-3.3456516677259653,31.11185302468969
3.2774610267585365,-3.4079539912371453,30.172390541803416
2.640132882161907,-3.4250894214862075,29.278813581492194
2.0634239684174753,-3.411254711301652,28.429193948340604
1.543932827106405,-3.378037254120757,27.62084072576205
1.077592027731974,-3.3347437596057876,26.850759355363174
0.6599320547161938,-3.288741260307205,26.11595291774387
0.2862882080012932,-3.2457828734964402,25.413605889110283
-0.04804183027658354,-3.210303967358215,24.74118451888471
-0.3476819147597903,-3.1856828431918838,24.09648095128179
-0.6170954464652447,-3.1744650988081675,23.47762158666229
-0.8605308507579515,-3.1785536084395685,22.883054525426452
-1.0819887889003084,-3.1993673813409984,22.311526420922664
-1.285206252203097,-3.2379730263583104,21.762055632167343
-1.4736535060496854,-3.2951925318851036,21.23390605909855
-1.6505405762577343,-3.3716908033650164,20.726564282003583
-1.8188305947081844,-3.46804601996683,20.23972143998003
-1.9812578476924323,-3.58480545253968,19.77326052156646
-2.140348806625575,-3.7225289633221377,19.327249282625502
-2.2984447759086493,-3.881821999441596,18.901938757402863
-2.4577250760008695,-4.063359500447513,18.497767216485748
-2.6202298995072315,-4.267901762211049,18.11536939645962
-2.7878821413988004,-4.4963029296590715,17.755590840416453
-2.9625076171565583,-4.749512421785819,17.419507215620552
-3.145853149196522,-5.028569216612827,17.108448489954483
-3.3396020257848016,-5.334588534042343,16.82402783025839
-3.545386320222006,-5.6687400449400265,16.56817501120152
-3.7647955031182123,-6.03221630193261,16.34317396813265
-3.9993806885593997,-6.426189632527161,16.15170386194407
-4.2506537276634955,-6.85175526702368,15.996882612376794
-4.5200802034190355,-7.309858012974957,15.88231125490412
-4.809065194268257,-7.801199373268113,15.81211663451825
-5.118930470455616,-8.326121700893417,15.790988811488504
-5.450881583406644,-8.88446589093076,15.82420806423418
-5.805963131253326,-9.475399378007626,15.917654489659839
-6.185000374412992,-10.097212044220585,16.077790910061236
-6.588525394410737,-10.74707932588967,16.3116071491654
-7.016686221502056,-11.420794683739386,16.626510897530586
-7.469137914232246,-12.112478065420973,17.030147678975993
-7.944915596321767,-12.814273432287766,17.530130429341433
-8.442291102258185,-13.516057122732054,18.133658801844962
-8.9586173107679,-14.205189768166086,18.847010785431408
-9.490167572003168,-14.866357091511436,19.674896175185808
-10.0319818705671,-15.481557730479555,20.619674650005543
-10.577736324411195,-16.030306524952206,21.680462232722363
-11.119657801315695,-16.490125330975626,22.852179299404508
-11.648509929262929,-16.837384960216855,24.12462961888845
-12.15367921723931,-17.04853552384104,25.481738500677295
-12.623388656920389,-17.101714026201883,26.901110334119117
-13.04505925508566,-16.978647561518155,28.354079152052712
-13.405826174539111,-16.666685368725897,29.806406304828567
-13.69319553746327,-16.16071007133818,31.21971589410733
-13.895802484828499,-15.464622544762138,32.55364974287299
-14.004205150420354,-14.592093048031575,33.76858307809616
-14.01162901511256,-13.566342426444084,34.82860030250546
-13.914568218723494,-12.418860846442183,35.70432862578356
-13.713159485313927,-11.187161497193925,36.37520451427233
-13.411270967421254,-9.911855240503204,36.83082299254801
-13.016288084864236,-8.633465360554563,37.07118088039662
-12.53862271129009,-7.389440001151199,37.10583024959497
-11.991010708962035,-6.211754850964591,36.95215080908935
-11.38768748153186,-5.125354838434252,36.633079330796114
-10.743537889624259,-4.147507511658914,36.17467494161553
-10.073306618881956,-3.2879813637829667,35.60385582443343
-9.39093292397251,-2.549854004810707,34.94654343820623
-8.709046346606007,-1.9307098199060888,34.226331356944996
-8.038633762701433,-1.423996709865495,33.4636887736812
-7.3888672256677355,-1.020357447000955,32.67563232259416
-6.767068413170335,-0.708811875814934,31.875759136895685
-6.178778910440096,-0.4777248880865176,31.074524029297987
-5.627904681335186,-0.31554202697106126,30.27965466929618
-5.116906020759537,-0.2113063686559466,29.496620548151032
-4.647009268904146,-0.15498802105573684,28.729096381178405
-4.218422207339686,-0.13766436419362812,27.97938331774183
-3.8305404283179674,-0.151588722657979,27.248769454966133
-3.482136571260225,-0.19018071577418877,26.537824098198872
-3.1715279668345526,-0.24796543133389884,25.846628484650758
-2.896720931400327,-0.32048231081471956,25.174950265162714
-2.6555318314224063,-0.40417902600033884,24.522370980181364
-2.445686248184337,-0.4963010007978605,23.888375998631712
-2.264898278404483,-0.5947836321215132,23.272415634436374
-2.1109323476679167,-0.6981515857559591,22.673944926656272
-1.9816500056732813,-0.805427624816789,22.09244819885589
-1.8750441029341784,-0.9160521010949233,21.527453198639048
-1.789262581921269,-1.0298133532900229,20.978538461267277
-1.7226238967769099,-1.1467886887212824,20.445336581577106
-1.6736258352221733,-1.2672952823054466,19.92753531837055
-1.640949273981359,-1.3918501383563437,19.42487787723316
-1.6234581672589303,-1.5211381762809115,18.93716329461516
-1.6201968535377005,-1.655987484216645,18.464247549249166
-1.6303855726580936,-1.7973508092801367,18.006045829627727
-1.6534149138177632,-1.9462924009883626,17.562536265010547
-1.6888397652442007,-2.1039793822803707,17.13376536318657
-1.7363732062498187,-2.271676880525856,16.71985537599555
-1.7958806699143393,-2.4507462012706576,16.32101382203607
-1.8673746070408475,-2.6426453638439065,15.937545426598524
-1.951009796271247,-2.8489313345512524,15.569866785401013
-2.0470793680398702,-3.071263284270842,15.218524116354136
-2.1560115378568527,-3.3114061567044772,14.884214528205508
-2.278366973425795,-3.5712337543369492,14.56781130227586
-2.414836646137966,-3.852730423154488,14.270393748365654
-2.5662399359232784,-4.157990234730463,13.993282251018666
-2.733522664097019,-4.489212314146818,13.738079157077372
-2.9177546158871466,-4.848690631603468,13.506716154262689
-3.120125976210048,-5.238796150687132,13.301508730641583
-3.341941931741029,-5.661948693551997,13.125218153757157
-3.5846144816548744,-6.120575231712132,12.981121120142445
-3.84965024082077,-6.617050536491989,12.873086738035207
-4.1386327058752945,-7.153615234722206,12.80565973405782
-4.4531970822249285,-7.732265346594292,12.784147608819875
-4.794995339804983,-8.35460640770767,12.8147077698546
-5.165648688295848,-9.021664433811914,12.904428281019536
-5.5666841657799235,-9.733645507100777,13.061392609767841
-5.999451571527068,-10.489636014377144,13.294714465332044
-6.465016634965454,-11.287237096686146,13.61452340652579
-6.964026243894779,-12.122130443650535,14.03187542186391
-7.496541971192865,-12.987579185453091,14.558555517689898
-8.061839340893378,-13.873878490746339,15.206732379855412
-8.658172649349476,-14.767786776918644,15.988420074905548
-9.28250915773111,-15.651991029193027,16.91470126887889
-9.930242545465394,-16.504688427053075,17.99467455427141
-10.59490395827853,-17.29939906560599,19.234110282006437
-11.267899706736863,-18.005155489874948,20.633840189967877
-11.938316849830588,-18.587233994631195,22.18796993195069
-12.592849599573375,-19.00858538752966,23.882089419137415
-13.215907383221664,-19.232071510859253,25.691753812373964
-13.789964875341909,-19.223503144177748,27.581595395566794
-14.296200228425546,-18.955301744914685,29.50546743530847
-14.715436176506898,-18.410391857152234,31.4079726712626
-15.029349500915494,-17.585723870990233,33.227557711881104
-15.221853616166134,-16.49470545125346,34.9010592607472
-15.280500024212422,-15.167864644700675,36.369220397839975
-15.197705313294838,-13.651322272681977,37.58236044716743
-14.971608522167624,-12.003085222677704,38.5052090006165
-14.606407606972564,-10.287670802171364,39.119998774143305
-14.112107429496646,-8.56997169116749,39.42725952783987
-13.503714582937754,-6.90942963548684,39.44426593040644
-12.800008387168214,-5.355452568969942,39.20159732656403
-12.022077769903646,-3.9446466861013194,38.7386062961736
-11.191828285948256,-2.699982642156953,38.09868273511613
-10.330635506501682,-1.6316225372683018,37.32505956395183
-9.458265391083417,-0.7388978889302306,36.45762751809414
-8.592118071244384,-0.012868764883313677,35.53092207208169
-7.746794750130345,0.5610292226034335,34.57320090482037
-6.933947335891386,1.0005958547921858,33.60638403783299
-6.16234911446146,1.3249226686225035,32.64657789435535
-5.438119415654764,1.5529516363800941,31.704922476704205
-4.765040784233946,1.7025053028917132,30.788555524591352
-4.144918498756195,1.7897109942637117,29.901552574592802
-3.5779453563214956,1.8287264822453517,29.045760813694002
-3.063046885970822,1.8316788531388635,28.221490070171573
-2.598192280011918,1.8087424342288545,27.428054992898602
-2.1806639687374623,1.768298684637432,26.664180525136445
-1.8072840752262,1.7171370555230356,25.92829144201122
-1.4745993846261471,1.6606691979526373,25.218709182775417
-1.1790284167101646,1.603139111963367,24.533778042625976
-0.91697513024526,1.5478191536863861,23.871939827853577
-0.6849140592756351,1.4971867948709472,23.231772502914122
-0.4794515430145757,1.4530802471535496,22.612004852903855
-0.2973673434817077,1.416833035782925,22.011516093792796
-0.1356404682330241,1.38938873792962,21.429326815425565
0.008537495051782806,1.371397684421432,20.8645856455086
0.13775872503439565,1.3632976655999356,20.316554520799645
0.2544028514733686,1.3653807183425073,19.784594363543178
0.360646052859565,1.3778479898547396,19.268152202075992
0.45847400801993404,1.400854529424445,18.766750266868506
0.5496974590212244,1.434545685328022,18.279977271358028
0.6359694117039678,1.4790866003319745,17.807481898016164
0.718803226105542,1.534686117186087,17.34896841356173
0.7995910364868505,1.6016162314637457,16.90419430294437
0.8796220942543768,1.6802280661967621,16.47296981809994
0.9601007511181585,1.7709651920860041,16.055159369644688
1.0421638983185746,1.8743749783932357,15.650684737847484
1.1268977542101133,1.9911185316766005,15.259530137356107
1.2153539499322,2.121979660232672,14.881749234876434
1.3085649038252105,2.2678731885874495,14.51747428875721
1.4075585016148306,2.4298528349727087,14.166927653829276
1.513372112564226,2.6091187508764513,13.830435974143956
1.6270659725418406,2.8070246998634416,13.508447470905942
1.749735953368946,3.0250847160558427,13.201552823125223
1.8825257132562463,3.264978922531653,12.910510233833483
2.0266381841458934,3.5285579961467293,12.636275373324422
2.1833462959313374,3.8178455253697847,12.380036988862729
2.354002761331582,4.135037206478292,12.143259060484727
2.5400486438998366,4.482495442846945,11.927730452861411
2.743020299092025,4.862737431097535,11.735623044629124
2.96455410681551,5.27841421313944,11.569559279941902
3.2063881941639685,5.7322774201029905,11.43268993894598
3.470360068468995,6.227129510217978,11.328782601712975
3.7583987318713588,6.765752192596419,11.26232069531075
4.072509418214484,7.350806434442508,11.238612044228399
4.414748572727038,7.984696004986176,11.263904327538574
4.787186082854877,8.669385007269284,11.345502572819676
5.191851075996207,9.406158474441737,11.491880531935458
5.630656861201798,10.195314191225158,11.712773200173016
6.105299879427374,11.035773986898286,12.019231577838166
6.617126971252043,11.92460466847681,12.42361284141072
7.1669650870033355,12.8564437245706,12.939469438683817
7.754908080526795,13.822834540592417,13.581289784356606
8.380056912416142,14.811492071658495,14.364032596618868
9.040213056217205,15.805544719854408,15.302389197049042
9.73153087621276,16.78283294573115,16.40970784625643
10.448143939225627,17.71538947263525,17.696528107178906
11.181793076317991,18.569275695954953,19.168709857906745
11.92150025865868,19.30499397626663,20.825209687242783
12.653350418836455,19.878717811914065,22.655662318009565
13.360459692796901,20.244555517393504,24.63806214149066
14.023217288018293,20.35795884631855,26.736988370723235
14.619881485735137,20.180185340160605,28.902932111426736
15.127580267538976,19.68342842155229,31.073299440929866
15.52370930584136,18.855895129777647,33.17551288379892
15.787638212693,17.705843733112957,35.13227798093427
15.902545172371402,16.263528726479105,36.86855955926672
15.857126354651886,14.580248261118138,38.319258428599966
15.646899349026386,12.724256927474336,39.43619856899467
15.2748597948972,10.774057174001669,40.19301813127599
14.751356694563894,8.810262519898771,40.586973721029445
14.093198568057975,6.907577107709274,40.63740240218965
13.322146795789127,5.128327605358982,40.38138056292514
12.463052219554122,3.518478072990588,39.867693832109104
11.541922481797352,2.106372552305414,39.1504218620309
10.584172391757338,0.903835048556161,38.28325439701242
9.613230057441308,-0.0911173222099565,37.31523518073731
8.64957773760879,-0.8907846058289397,36.288164233255074
7.710223947247167,-1.5142302823619642,35.23551942605903
6.80854662168854,-1.9841450039067199,34.18254684639919
5.954418886448829,-2.3243690014888654,33.14710729157888
5.154524153011449,-2.5581242489123417,32.14090677850243
4.412777637157933,-2.7068872931657877,31.170829346913454
3.7307890491472344,-2.7897767355347267,30.240189939555815
3.1083202603771447,-2.823317452426167,29.349810337687874
2.543708735082106,-2.8214576329884573,28.49888317273883
2.0342409242358057,-2.795739687348674,27.685628246826965
1.5764694447225702,-2.7555525977979705,26.907766357726764
1.1664741888349994,-2.708416490145748,26.16284411845056
0.800071260356392,-2.6602683489582564,25.448443796965496
0.47297554895269495,-2.6157309016895516,24.762308636659267
0.1809234537572969,-2.578355559397612,24.10240887494097
-0.08023778011538069,-2.55083594719275,23.466968193252395
-0.31448811156435186,-2.5351919307695536,22.854465355086692
-0.5255948010667425,-2.5329259036668472,22.26362163051498
-0.7170899422771694,-2.545153998445587,21.69338132499723
-0.8922615255701872,-2.5727152050808244,21.142890256064625
-1.0541547881100226,-2.6162613698762667,20.611475228521716
-1.2055811888125545,-2.6763308623426956,20.098626309870003
-1.3491328524681208,-2.7534084270780412,19.603982875109843
-1.4872007574176127,-2.8479734340577796,19.127323865219733
-1.6219953010158685,-2.9605384307306357,18.668562398867344
-1.7555681734425872,-3.0916795953055436,18.22774472455335
-1.8898347100936845,-3.242060396666972,17.805053449691616
-2.026596082147319,-3.412449481731165,17.400814996988423
-2.167560829467958,-3.6037335321600428,17.015511290153924
-2.3143653443445062,-3.8169255537088103,16.649795741091296
-2.4685929821849024,-4.053168776208819,16.30451368465229
-2.63179150868954,-4.313736042199644,15.980727472669198
-2.8054885936235694,-4.6000242384308265,15.679746484502676
-2.9912050294886092,-4.913542967031054,15.403162323427292
-3.1904652885563363,-5.255896252081379,15.152889429897531
-3.404804932402214,-5.6287556234363425,14.931211231538425
-3.6357742521700125,-6.0338224062614065,14.7408317351439
-3.884937343007462,-6.472776470607707,14.584932107337059
-4.153865600667027,-6.947208068910041,14.467231234558847
-4.444124372096671,-7.458528735468929,14.392048431993995
-4.757251198431449,-8.007856591689096,14.364365302302222
-5.094723767913246,-8.595870884388061,14.389882133453073
-5.457915367948098,-9.222630329068997,14.475062070552186
-5.84803532550572,-9.88735006126526,14.627153511063081
-6.266051711929769,-10.588133044275342,14.854177710608798
-6.712593551870538,-11.321654090055901,15.164864495917186
-7.187830046828715,-12.082798799092624,15.568514483697452
-7.691325079944791,-12.864266394049311,16.074761804371025
-8.221866737845554,-13.656155304721045,16.693207956124304
-8.777274033211542,-14.445563978683309,17.4328965672979
-9.354186707022372,-15.21625675867762,18.301602698328427
-9.947849132762588,-15.9484647924465,19.30492167994
-10.551905948684663,-16.618912175941663,20.445164477319228
-11.158234760552311,-17.20117291907053,21.72010179058595
-11.756849171471295,-17.666467259997738,23.121648175031442
-12.335911843932589,-17.984986609310127,24.634636975547195
-12.881899823115722,-18.127785169458555,26.23589715253283
-13.379959943156745,-18.069187197663865,27.893886954423934
-13.814477941563874,-17.789535766610047,29.569143570610336
-14.16985939757721,-17.2779707084804,31.21574871197734
-14.43148505051557,-16.53480618837553,32.783873914783626
-14.586762630385705,-15.573029046509797,34.22326516582202
-14.626161141640099,-14.41849999743743,35.4872937861548
-14.54409273188402,-13.108626863843332,36.537005641821466
-14.3395114083653,-11.689564162170855,37.34451637547282
-14.016130666426594,-10.212303862690492,37.895174392439834
-13.582218701552183,-8.728263357408029,38.1881417796778
-13.049997361201891,-7.285070368422018,38.235364393341236
-12.434732485946071,-5.923163580837467,38.05921886064688
-11.753643988928191,-4.673607256140086,37.68934412218936
-11.02477622722814,-3.5572368192763006,37.15923798213236
-10.26595412813712,-2.584996849144294,36.50313016988242
-9.493916413889409,-1.7591636980271246,35.753481123091376
-8.723675423982714,-1.075081789645174,34.939264323800934
-7.968113728816853,-0.5230692752099186,34.08502344092366
-7.237797639394788,-0.0902299479453676,33.21058336245284
-6.540969349795132,0.2379924957904863,32.33124147823196
-5.8836719975980625,0.47659149972902115,31.45826087538714
-5.26996273545928,0.6401121547732573,30.59951250720584
-4.702174810186784,0.7420675266011658,29.76015195278755
-4.181197859246254,0.7946013161051949,28.943255860210513
-3.706754148396958,0.8083371131379807,28.150376663853926
-3.2776560879805574,0.7923595325906138,27.381999083054563
-2.8920365342733416,0.7542818744085056,26.637898373410934
-2.547548004191709,0.7003653340113251,25.917409793504724
-2.241530154841139,0.6356643575004273,25.219623146390635
-1.9711469607050016,0.5641806731926804,24.543517300914992
-1.733496236718348,0.48901466318956543,23.888048679286914
-1.525694753195049,0.4125072270269716,23.25220580454064
-1.3449423700067107,0.33636843000630634,22.63503977946408
-1.188568535028457,0.26179133748618155,22.03567839789517
-1.0540642550342572,0.18955079326527946,21.45332966630375
-0.9391023308657523,0.12008772984824474,20.887278915753537
-0.8415483019643546,0.05358006977793553,20.33688241872468
-0.7594641990244098,-0.009998488295225733,19.80155946160089
-0.6911068757691015,-0.07083042322150948,19.280784115454512
-0.6349223914751675,-0.12921572254049432,18.77407744510644
-0.5895376492882191,-0.18554129996919538,18.28100055257826
-0.5537502626163727,-0.24025731100855663,17.801148625717246
-0.526517421972599,-0.2938592975385658,17.334146023095876
-0.5069443654005286,-0.34687521670807364,16.87964234655976
-0.4942729143054121,-0.39985653248342923,16.437309413621932
-0.48787042011187787,-0.45337266566396883,16.006839029116424
-0.48721937264402276,-0.5080082074611612,15.587941459134138
-0.49190784553878053,-0.5643624014824306,15.18034452347062
-0.5016208946153484,-0.6230504885590347,14.78379324120165
-0.5161329794182892,-0.6847065882450446,14.398049984879469
-0.5353014438677514,-0.7499878602815636,14.022895120744431
-0.5590610670794413,-0.8195797493750118,13.658128134656609
-0.5874196781974275,-0.8942021678991733,13.303569266132332
-0.6204548179807294,-0.9746165142384391,12.959061696280058
-0.6583114235709944,-1.061633460031107,12.624474360201775
-0.7012005101913644,-1.156121468010434,12.299705481396055
-0.7493988234788947,-1.2590160237499386,11.98468695586692
-0.8032494378372534,-1.3713295794072422,11.679389748158027
-0.8631632787857587,-1.4941622151896277,11.38383050169232
-0.9296215499736972,-1.6287130239480294,11.098079613056598
-1.0031790474985574,-1.7762922146800924,10.822271075840758
-1.084468344500869,-1.9383339096777243,10.556614466087511
-1.1742048266357228,-2.116409574516407,10.301409520214746
-1.273192552622252,-2.312241965728277,10.057063849368305
-1.382330901966827,-2.527719401883101,9.824114443373647
-1.5026219519598367,-2.764910051878036,9.603253744243332
-1.6351784952933537,-3.0260757787694104,9.395361214228547
-1.781232564362493,-3.313684864295078,9.201541485846063
-1.9421442635312471,-3.630422649853813,9.023170357748384
-2.119410619864385,-3.979198740358038,8.861950083057874
-2.3146740376106876,-4.363148897995396,8.719975571416514
-2.5297297712322298,-4.785629066339714,8.59981326762457
-2.766531602305644,-5.250198066856264,8.504594537700228
-3.0271946002036945,-5.760584348599914,8.438125323567958
-3.313993444692721,-6.320630693612778,8.405013522903268
-3.6293542669626575,-6.934208935448808,8.41081486631073
-3.9758372989290196,-7.605094505972896,8.462196791213023
-4.356106785153185,-8.336788001671858,8.567117658077816
-4.772883591347091,-9.132268061560957,8.735015224619024
-5.228874740890732,-9.993656942921367,8.976993077918578
-5.72667276613749,-10.921777806530917,9.305986110055812
-6.268616380886642,-11.915581837740588,9.736875452053583
-6.85660277965216,-12.971425503833844,10.28650900088659
-7.491841230687561,-14.082185871843556,10.973565641250607
-8.17453817295044,-15.236218343551696,11.818180283551621
-8.903506678327522,-16.41619066093373,12.841225520861332
-9.67569916509818,-17.597874159453294,14.06312963981185
-10.48567318395569,-18.74904132552742,15.50210979317782
-11.325017476550125,-19.82870682035335,17.171728420032807
-12.181790233850167,-20.78704729734202,19.07775991501628
-13.040052749359393,-21.56641860189971,21.214502426225458
-13.879615433627446,-22.103912748922742,23.560895352619752
-14.676140631615636,-22.335799462495874,26.07708801600426
-15.401753757809269,-22.203915316267064,28.702383550983846
-16.02628357982203,-21.6635709480839,31.355632257589356
-16.519169614780225,-20.691904003066615,33.93901273844037
-16.851938221159568,-19.294998714346256,36.34559164219332
-17.000981213978395,-17.511813917586228,38.470106076332776
-16.950220257712314,-15.413290911371007,40.221302433506345
-16.693169572244912,-13.096036007864008,41.53332670137826
-16.233967574037816,-10.67143637935926,42.37354456937993
-15.58713950222903,-8.252421774396252,42.74496625159204
-14.776125355875562,-5.940745623438822,42.68291861664883
-13.830869997389005,-3.81734603031485,42.2471573700651
-12.7849387863877,-1.9372456147090558,41.511630549057756
-11.672650441904011,-0.32908047774261084,40.55428162553159
-10.52662401466484,1.001745024697382,39.44872265303991
-9.375973622838359,2.0678017448263715,38.25869452222246
-8.245215551861497,2.893761266340462,37.03536439686933
-7.153822101373308,3.5109967665379056,35.81693452356316
-6.116282629351954,3.953258895435387,34.629801923790396
-5.14250982857309,4.2536044113893725,33.490534753776494
-4.238442352969691,4.442478668059699,32.40809629638774
-3.406725966352389,4.546719115822997,31.385948745945917
-2.647390860639151,4.589216685671517,30.42384476425062
-1.9584746021571489,4.5890004296292615,29.519241411329862
-1.3365648654184703,4.561562983969262,28.66834848269712
-0.777253275525585,4.519298647242791,27.866862217318655
-0.2755024052474304,4.471971692791931,27.11044862869934
0.17406613250134112,4.427166825966868,26.395039230723363
0.5769519478606692,4.39069715017415,25.716993374625908
0.9386133794523871,4.366959836979945,25.073170552040946
1.2643517115948306,4.359238339946094,24.4609454450359
1.5592327099851875,4.369954532102764,23.878189397188763
1.8280374101989167,4.400876146152059,23.32323469706736
2.075235407141215,4.453285429909476,22.794832538824185
2.3049750912977087,4.528114686860025,22.292111502034498
2.521086318315969,4.62605376773252,21.814540571527278
2.727091875058102,4.747633846209119,21.361898809620605
2.9262248276134644,4.893291069552137,20.934252551237226
3.1214494215794124,5.063412976154242,20.53194021813789
3.315483670472883,5.25836993398544,20.155564387878513
3.5108221316295896,5.478533276260489,19.80599048942521
3.709757645515868,5.724281286134014,19.48435134342126
3.9144010169461323,5.995993702683628,19.19205665560149
4.1266977562839875,6.294034980179287,18.93080645706869
4.34844108494586,6.618726130641698,18.70260732584776
4.581280451347077,6.970304621459329,18.50978998783151
4.826724809825429,7.348871499399933,18.35502655384192
5.086139896031636,7.754324694779801,18.24134517854167
5.360738699862289,8.186277363922402,18.172139306383244
5.6515643066842145,8.643960210773292,18.15116788749811
5.959464269682922,9.126107066549697,18.182542004096693
6.285055717448386,9.630823698917721,18.270692270787542
6.628680526140679,10.155440990151677,18.420310222809924
6.990350138492033,10.696355402597755,18.636255802626295
7.369680045096208,11.248862173956557,18.923422192898048
7.765814616092808,11.806990057670227,19.28654891701359
8.177343943445486,12.363350668089252,19.72997474688108
8.602215675312008,12.909020477374026,20.25732404619067
9.03764651626501,13.43347886798049,20.871124340968358
9.48004009848916,13.924630650285307,21.572359744955598
9.924920181653201,14.368944954994765,22.359974798800092
10.366890374135671,14.75174279565047,23.230356306488215
10.799633398384444,15.057660918943062,24.17683611521078
11.21596380828911,15.271307858218051,25.189273645895053
11.607947353510577,15.378107998162466,26.253790206166524
11.967097213715913,15.365300979657375,27.352733386377846
12.284651605061704,15.223029269821968,28.46494429057144
12.551928711559873,14.945411465799472,29.56637887347697
12.760744083564937,14.531470930964812,30.631095685844816
12.903863937950081,13.98577812234538,31.63256870592537
12.975457286946478,13.31867866499168,32.54522387705238
12.97150299816046,12.546021483983207,33.34604435428431
12.890106996495462,11.688368349902209,34.016056881532386
12.731691137927847,10.769746145212292,34.541511885887786
12.499028531346585,9.816078368866426,34.91460695176324
12.197118243061672,8.85348456626242,35.133671348533525
11.832912041876279,7.906652612030591,35.20281314434544
11.41492332920657,6.997466030526729,35.1311105446396
10.952760442987996,6.144014402415655,34.93148768103938
10.456631349165258,5.36004451226534,34.619441620398135
9.936864320216245,4.654840477546443,34.21178091207527
9.403481046357788,4.033466640197371,33.72550389034829
8.865847118550944,3.4972749611419762,33.176899090495326
8.332412490336557,3.044569551737924,32.58090264685976
7.810543434698969,2.6713301615520515,31.950707563672356
7.306438952067715,2.3719168566602344,31.297592080449025
6.8251190378207,2.139702773901403,30.630919740542414
6.370469523466942,1.9676053672353926,29.95826018080386
5.945327816166296,1.848505796547648,29.285583766622203
5.5515950764989155,1.7755598453036099,28.61749158162769
5.190362519464912,1.7424121873663543,27.957452150477
4.862042048131895,1.7433299157823663,27.308025722064826
4.566493942237573,1.7732722145204887,26.67106491536016
4.303146586068838,1.8279120467434464,26.04788663531252
4.0711051136087155,1.9036236722709352,25.439414436291347
3.869247342805475,1.9974473472851402,24.846293210566696
3.6963064867101036,2.1070401148513733,24.268979561156257
3.550940916780744,2.2306193922897193,23.707811830599923
3.43179177266203,2.366904198105949,23.163063799345036
3.337529522333485,2.5150573536489236,22.634985773160718
3.2668907293707896,2.674630815114106,22.12383631713403
3.2187063240828513,2.8455153921192475,21.62990737745765
3.1919226373078344,3.027895436695981,21.15354503096171
3.1856163662164136,3.2222085906589735,20.69516765394328
3.1990045200738595,3.429110315596686,20.255282922249382
3.2314502543176844,3.6494426609831963,19.834504745599524
3.282465352762568,3.8842065217267914,19.433570994038856
3.35170996601453,4.13453647229405,19.053362681557044
3.438990062383509,4.401677120657903,18.694925117001183
3.544252896872989,4.686959785952489,18.359491399639772
3.6675806538996674,4.99177815647927,18.048508509086204
3.809182268958513,5.317561420345009,17.76366609831872
3.969383281604588,5.665743173647009,17.506927923754255
4.148613414791988,6.037724199043138,17.280565614420397
4.347391412004754,6.434826974684367,17.087194166235193
4.566306492854862,6.8582395317576434,16.929808116005013
4.805995610764664,7.30894605157355,16.811816767460193
5.067115516718081,7.787641419520057,16.737076069737114
5.350308458972001,8.294626894498057,16.70991374821214
5.656160194577256,8.829684198840011,16.735143025252103
5.9851488779862585,9.391925811858783,16.8180587272108
6.337583360202386,9.979620229650179,16.9644077697804
6.713529529114528,10.589992649437885,17.180324020450783
7.1127236157608955,11.219004202143365,17.472215520642028
7.534471968875161,11.861116761063201,17.846590313402476
7.977537764016866,12.509055732199386,18.309806152162587
8.44001657418506,13.153590194410368,18.867729874984033
8.919204785155555,13.783358155611213,19.525295170112592
9.411467546217507,14.384773925626831,20.28595397542833
9.91211626792423,14.942063408031574,21.1510280170669
10.415309417453782,15.43747934764217,22.118983871297726
10.913994093784456,15.85174917327936,23.184677472363422
11.399908875346034,16.16479928566481,24.338640709129606
11.863669711106148,16.35677771302621,25.566509940701113
12.294958952817181,16.40935958257333,26.848717551927958
12.682831806541452,16.30726759509716,28.160574414779
13.016143738458185,16.039878454962953,29.472854018079072
13.284086845198994,15.602727870088419,30.752941214019827
13.476804412590786,14.998688183454567,31.96652963031213
13.586033915995841,14.238591891616759,33.07975144708999
13.605713847911746,13.341123762437757,34.06152190095591
13.53248350946146,12.331904025579409,34.885806081537844
13.366010571869111,11.241818683157158,35.533493469315474
13.109099476507648,10.104789492766981,35.993610505984364
12.767561919270294,8.955279415674875,36.26370801112729
12.349863155208217,7.82587070707818,36.34940321616457
11.866587706917104,6.745222266407385,36.26319848065063
11.329789085101273,5.7366222818174855,36.022804739798325
10.7522967446855,4.81722999429661,35.649245471553435
10.147049503168413,3.99798001300216,35.1650039922091
9.526510798116856,3.2840308897760724,34.59241772978681
8.902201885744917,2.6755899671919607,33.95244121031385
8.284368964172998,2.168938190535079,33.263817913307136
7.681782810951005,1.7575012232866798,32.54263618516045
7.101656866612227,1.432852684605476,31.802203277574932
6.5496622781269425,1.1855787398825521,31.053153796814577
6.030015646286046,1.005971689665753,30.303709200291365
5.545615932925782,0.8845491665619692,29.56001664632248
5.09820988253423,0.8124142131494705,28.826512266926258
4.688569263598652,0.7814812407120204,28.106271230820656
4.316667395612246,0.7845959666621474,27.401322082892253
3.981846263606781,0.8155762681072397,26.712914609249
3.682968758219921,0.8691974356968941,26.04173874704171
3.418553127049985,0.9411409734087184,25.38809727748827
3.186888610131884,1.0279217491380876,24.752037883411006
2.9861325470281486,1.126804430348865,24.133451309643533
2.8143900955114853,1.23571693015578,23.532142431479603
2.669778201107012,1.3531660635256195,22.947880473850915
2.55047569870508,1.4781587036109343,22.380433759720056
2.45476149032665,1.6101303317169677,21.82959341511603
2.3810426875491206,1.7488818832737179,21.29518954889171
2.327874478107804,1.8945251090876143,20.77710262503519
2.293973306018365,2.047436214974688,20.275272081183676
2.2782247654940018,2.2082172493234387,19.789703721091346
2.2796874157328766,2.377664527754177,19.32047700974461
2.297593535595783,2.556743279438232,18.86775310981488
2.3313476595777747,2.7465676426542345,18.431784297592465
2.3805235717586304,2.948385106404727,18.012925266570335
2.4448602830301747,3.1635644737966433,17.611646750442777
2.52425737782508,3.393586398051862,17.228551859617085
2.6187699877283226,3.6400355021916164,16.864395513453992
2.7286035278468037,3.9045930285959027,16.520107352632987
2.854108214107633,4.1890288653821255,16.19681852089021
2.995773261672712,4.495191653778664,15.8958927007336
3.1542205418508242,4.824995485519641,15.61896175936369
3.330197342322133,5.180401443405008,15.367966291092264
3.524567727957213,5.563391914516418,15.1452012078905
3.7383018317541756,5.97593520996211,14.953366299828458
3.9724622125131646,6.419937558704716,14.79562132214275
4.228186193909238,6.897179016856289,14.67564461399137
4.506662846815148,7.409229274493049,14.597693450979547
4.809102995096635,7.9573388011040125,14.566663201212268
5.136700323091531,8.542300337135702,14.588140803976769
5.490581359134217,9.164275555263767,14.668446028842714
5.871741837526846,9.822581996957194,14.81465132130878
6.280966756773029,10.515436448215164,15.034567761350086
6.718731439777591,11.239653176102385,15.336680805843923
7.18508118504873,11.990299444743618,15.730015271262484
7.679487844137929,12.760317096183046,16.2239049220916
8.200683082430807,13.540128355600341,16.827638940526537
8.746470424907411,14.317256870669386,17.549956869781223
9.313521703713521,15.07601131438445,18.39836737241318
9.897168393027133,15.797297724497843,19.378276931263677
10.491204545077817,16.45864564574751,20.491935316181806
11.087725300741592,17.03454748466307,21.73723762994908
11.677032386666824,17.497213257379602,23.1064685954334
12.247644086134617,17.81782513828095,24.585130314307513
12.786449607689674,17.96832884153055,26.15105116123542
13.279043789800134,17.923716397178364,27.774015043596908
13.710265008830076,17.66464056425054,29.416155558960682
14.064935537023016,17.18007200060157,31.033306686344154
14.328770489012744,16.46959904924462,32.57737747389141
14.489383552349477,15.544919756500082,33.999629865443026
14.53728321008069,14.430126212391567,35.25452142037846
14.46673244750341,13.160549037405392,36.303588307847896
14.276347064205874,11.780191699320326,37.118756071365894
13.969336620022773,10.33807571417184,37.68452298532336
13.553343834000382,8.884051755993646,37.99866380978894
13.039901431834783,7.464733492827932,38.071397362003296
12.443584449787082,6.12015053306746,37.92326148262175
11.780976701062905,4.881521387616414,37.58215665870176
11.069584548937842,3.770286789498657,37.08010334696895
10.326819566078838,2.798298673434146,36.45020732982923
9.569141184924412,1.968890364216807,35.72418347554155
8.81141142797382,1.278481881806158,34.93060993683535
8.066476066889967,0.7183893163828828,34.093923994523394
7.344956807222893,0.2765778705351039,33.234058007474275
6.655220174464928,-0.06080993888204678,32.36655678731936
6.003480313195461,-0.30823273993390177,31.503007318580796
5.393992614992656,-0.47985035604698445,30.651631981759444
4.829300034458493,-0.5889173667855883,29.817931240503626
4.310501456590433,-0.6474202939522713,29.00529901792392
3.837519542524598,-0.6659022879988538,28.21556653583515
3.4093528615777693,-0.6534225772673627,27.449455206194266
3.024303209570906,-0.617606118757051,26.70693599326082
2.6801736562223613,-0.5647485300811129,25.987502706829705
2.3744361601884547,-0.49995054322946986,25.290371645664028
2.104369764062546,-0.42726398229241386,24.614621542057886
1.867171689963357,-0.34983736555739037,23.959287218714792
1.6600443372212865,-0.2700537628557252,23.32341874920301
1.4802614344716547,-0.1896567547292362,22.70611587415441
1.325216571182273,-0.10986253143018396,22.106545368385177
1.1924571389915835,-0.03145760381028963,21.52394719511567
1.0797064282118016,0.04511750615235677,20.957633716167187
0.9848763007900239,0.1196977024509931,20.406984970851003
0.9060725306735142,0.19233471051122125,19.871442069837315
0.8415945857232758,0.263249147629589,19.35050003318492
0.789931333188902,0.3327919742093288,18.843700887803276
0.7497538887299295,0.4014140843381888,18.35062748452915
0.7199065988556397,0.4696428839987581,17.870898259759468
0.6993969480376353,0.5380648144718686,17.404163018962763
0.6873850128942137,0.60731289581036,16.950099733923725
0.6831729442985819,0.6780584831505809,16.508412302876785
0.6861948412305989,0.751006542292699,16.078829208513035
0.6960072847819118,0.8268938574150612,15.66110301310185
0.7122807240969523,0.9064896812034597,15.25501064577768
0.7347918454893779,0.9905984251014551,14.860354459961867
0.7634170090093308,1.0800640643867565,14.476964066271844
0.7981268010596991,1.1757759992395276,14.10469897676609
0.8389817251939309,1.2786761689357697,13.743452129557687
0.8861290341018444,1.3897672618286903,13.393154398932571
0.9398006923098797,1.510121898807777,13.053780235826144
1.0003124497386868,1.6408926921304368,12.7253546278754
1.068063999523447,1.7833230941917773,12.407961618550157
1.1435401880052762,1.9387589506686527,12.101754682530416
1.2273132391189374,2.1086606575367863,11.806969321102793
1.3200459480060494,2.2946157887340948,11.5239383184903
1.4224957878504183,2.4983520064889344,11.25311018920112
1.535519857624862,2.7217499836909305,10.995071448875839
1.6600805741594828,2.966855949236498,10.750573457294392
1.797251976555517,3.2358933025161485,10.520564711598412
1.9482264604891602,3.5312725183819547,10.30622960788361
2.1143216892755263,3.8555982613610924,10.109034834478603
2.2969873311766538,4.211672225227698,9.93078469989182
2.4978111400653358,4.602489683708425,9.773686814492999
2.718523718818265,5.031227046966017,9.640429608158538
2.96100106891536,5.501216828521881,9.53427313051371
3.227263720307974,6.015905297562088,9.459154376564113
3.519470834945489,6.578786683335252,9.419807905843426
3.839907166138727,7.19330608454892,9.421901630152563
4.190960115397334,7.862721219270878,9.472186127096403
4.575083344206976,8.589910889864957,9.578653414471137
4.994742467777899,9.377115697295089,9.750697431309966
5.452337302122321,10.225594458361766,9.999263070910859
5.950094018481225,11.135178570492503,10.336963003691537
6.489919514338928,12.103707248163603,10.778131249126684
7.073209581858007,13.12633069405528,11.338769249898608
7.700602445146089,14.194678125276162,12.036324340774451
8.371670561791966,15.295906125256696,12.889223317170426
9.084547107353892,16.411673486591766,13.916068437587755
9.835490390647589,17.517134704644914,15.134395542030804
10.618400807677595,18.580106780809135,16.558903555789218
11.424321851218604,19.560639399951345,18.199104763218656
12.24097933855118,20.41129444533823,20.056431240644798
13.052439787984525,21.078491775424727,22.12097707860674
13.838995163212477,21.505264013950736,24.368258078997304
14.577398481601936,21.63563418144335,26.756603511296156
15.241570811106481,21.42054506555162,29.225992001141318
15.803861617727648,20.824827334060398,31.69919971100131
16.236862598868626,19.834171029828184,34.08592447761686
16.515654116176893,18.46063388724701,36.29001309502734
16.620226601712048,16.74511153399574,38.219105298706374
16.53770905878211,14.755596943818292,39.79514420320892
16.264001306085138,12.580976404756086,40.96364008866814
15.804477797561962,10.32129363594957,41.699628230913646
15.173603001008933,8.076418658316294,42.00901529709999
14.393523278787006,5.935464832570323,41.92521883462818
13.491905694556971,3.96894691093025,41.50220117627291
12.49941653793876,2.224752041603998,40.805735879694204
11.447244256035942,0.7279152610898734,39.90482327804746
10.36498855854415,-0.5166483831342898,38.86469951846599
9.279103590361258,-1.5196929597341318,37.74215597448652
8.211946468417274,-2.3026698946828366,36.58320407541871
7.181377160918105,-2.893124944543463,35.42266549224366
6.200794978254168,-3.3209639657279624,34.28507645699326
5.279477320857945,-3.6157500760403427,33.18630823719524
4.423095541012945,-3.8049679773309975,32.13543140000458
3.6343071645425864,-3.913075890186169,31.136510087737815
2.9133524605323493,-3.9611336401262527,30.190154941050512
2.258609750539719,-3.9668128918452443,29.294768893982145
1.6670848492363912,-3.944634647549864,28.44748701959621
1.1348250180230681,-3.90632207402048,27.644847215983514
0.6572575009244757,-3.861194339681854,26.883242475860452
0.22945830322916277,-3.816556173129686,26.159206396692284
-0.15364040915357557,-3.7780583374320638,25.46957781576937
-0.49709504604353877,-3.7500176277203994,24.811582103732725
-0.8058384469328599,-3.7356931700488154,24.182858074703674
-1.0846026303950134,-3.7375203767858225,23.581451833835423
-1.3378692524096811,-3.757306185079856,23.005792619110654
-1.5698416670055346,-3.7963900857909305,22.454660839986463
-1.7844335019089896,-3.8557755478267204,21.927154917115608
-1.9852695715704545,-3.936236135780994,21.422660961806184
-2.1756957337045764,-4.03840012945615,20.940827573018698
-2.358794954476249,-4.162816903936582,20.481546869993835
-2.5374073910914134,-4.310007778833927,20.04494215138026
-2.7141527412070756,-4.4805035204508075,19.631362143549225
-2.89145345886823,-4.67487018729555,19.241381569236513
-3.0715577081219365,-4.893724544743898,18.875807655538154
-3.2565611279766737,-5.1377398320113175,18.535692149599484
-3.4484266242610904,-5.407642236573834,18.222348376770473
-3.649001492032143,-5.704198011478341,17.93737282418836
-3.8600312121926903,-6.02819075586537,17.682670632301704
-4.083169262889579,-6.3803879687785505,17.46048419916875
-4.319982244888131,-6.761495587281134,17.273423818247725
-4.5719495458151655,-7.172098847178677,17.12449884855955
-4.840456667793391,-7.612587485992628,17.01714732285145
-5.126781226208603,-8.083063088507313,16.955261099974184
-5.432070508289003,-8.583226324061123,16.943202630096277
-5.757309379583767,-9.11224204095244,16.985808103717773
-6.103277274256541,-9.668580802894045,17.088370198339273
-6.470493043371176,-10.249836652402847,17.256591862349783
-6.859146620855834,-10.852522882705149,17.49650069540257
-7.269016873017898,-11.471850635627163,17.814311714275927
-7.69937571390133,-12.101499453754487,18.216224996353574
-8.148879696185823,-12.733394667257231,18.708144422477318
-8.615451925390992,-13.357513683376803,19.29530526724466
-9.09615936931405,-13.96175154249372,19.981802682209807
-9.587093458931912,-14.531884671532337,20.770021272801728
-10.08326520167049,-15.051679058885682,21.659978965411177
-10.578529575635574,-15.503192711513947,22.64861669017532
-11.065557226731528,-15.867319065433325,23.72908851198529
-11.535873656256392,-16.124604452589022,24.89013246117027
-11.979986124295527,-16.25634574432344,26.115625909384274
-12.387615255370886,-16.245932814633196,27.38444399743035
-12.748040841029978,-16.080347126191036,28.67073688540998
-13.050559198744535,-15.751670342830236,29.94471352725445
-13.285033323356489,-15.25840859548112,31.173962156943116
-13.4424989918806,-14.60641537998498,32.325254077743175
-13.515773346827075,-13.809214174268854,33.366680882953496
-13.500001471059056,-12.887588071994134,34.26988807649629
-13.393074946040967,-11.868411965212422,35.01211601736171
-13.195866538714156,-10.78283196688066,35.57776281310195
-12.912246392008067,-9.664015314852563,35.95924967096435
-12.548873750926157,-8.544770095822978,36.15708483753309
-12.114788472775016,-7.455347242799325,36.179159056562
-11.620851971367685,-6.421685885534196,36.039428471242296
-11.079102871492244,-5.4642647771523505,35.75622105629238
-10.502096316445332,-4.59760620545033,35.35042620815896
-9.902288472815757,-3.830374045995108,34.843797962989285
-9.291512559646183,-3.165935096308203,34.25753759797258
-8.68057397659303,-2.6032201514820494,33.61124331179559
-8.078973820507711,-2.1377242732794297,32.92224277762633
-7.494755102832277,-1.762513134410589,32.205270826856335
-6.934455690581728,-1.4691412115612748,31.472423454824813
-6.403146486476271,-1.248427136726265,30.733308601599955
-5.904531879354703,-1.0910648086894412,29.995318266858003
-5.441090886010746,-0.9880729455762687,29.263959237574635
-5.01424049891266,-0.9311005676744027,28.543195735327615
-4.624506575081747,-0.9126130300965231,27.83577294686489
-4.271691453976679,-0.9259848625987867,27.14350363718678
-3.9550309544358044,-0.9655239112240867,26.467510083865246
-3.673336270644197,-1.026447779720924,25.808420465632548
-3.4251185159517914,-1.1048294950823616,25.166523070544315
-3.20869529451309,-1.1975253749626633,24.54188389350381
-3.022279802836827,-1.3020946162450953,23.93443398624916
-2.8640536791314704,-1.416717285966784,23.3440328222584
-2.7322252261647133,-1.5401151754880877,22.770513337193265
-2.6250748182464956,-1.6714783056091345,22.213713477365097
-2.5409893336304026,-1.810398648461587,21.67349821178915
-2.4784873829982526,-1.95681176463262,21.149775141831636
-2.4362369718530275,-2.1109464550310193,20.64250612897144
-2.413067067492765,-2.2732821252268542,20.15171677493121
-2.4079743589588407,-2.4445132989251577,19.67750512822859
-2.4201263135749476,-2.625520553278431,19.22005064490756
-2.44886145421696,-2.8173470486512917,18.779624181763463
-2.4936876115705755,-3.0211797638445654,18.356599629469653
-2.5542787471045663,-3.2383345050335577,17.951467683095974
-2.6304707952455133,-3.470243717182118,17.56485218260597
-2.722256835881128,-3.718446077591886,17.197529421698153
-2.8297817784402928,-3.9845767814242223,16.85045080668321
-2.953336613223717,-4.270357328471965,16.524769235245156
-3.0933521605995637,-4.5775834798512225,16.221869544579793
-3.2503921198484833,-4.908109863961815,15.943403334321642
-3.4251450821819005,-5.263829465316971,15.691328383302332
-3.618415021893342,-5.646645921759115,15.467952726958696
-3.831109610911476,-6.058436182648064,15.275983213697012
-4.064225510868769,-6.50100064638246,15.118577974509328
-4.3188295800492345,-6.9759974138630625,14.999401670882296
-4.596034689443106,-7.4848567953812095,14.922681570152289
-4.8969685759054675,-8.028671747215105,14.893261362321859
-5.222733881012256,-8.608059583242982,14.916648097455843
-5.574357251782397,-9.222990250574965,14.99904560825943
-5.9527251492033635,-9.872576890890567,15.147365226049311
-6.3585038788392545,-10.55482563309568,15.369201485162087
-6.792041409318131,-11.266343981295426,15.672756921064948
-7.253248899017423,-12.002011277144009,16.066696246815393
-7.741460668631274,-12.754621095017438,16.55990664780392
-8.255272835993809,-13.514514615295552,17.161138547928473
-8.792363192895255,-14.269236356246061,17.878501340261014
-9.349298364940587,-15.003258970373045,18.718793157472337
-9.92133899163775,-15.697841039630154,19.68665516678344
-10.50225954916859,-16.331098394232455,20.78356162421097
-11.08420613863536,-16.878380949972076,22.006688904336485
-11.657622210070462,-17.31304682237298,23.347749945546813
-12.211277292983272,-17.607705441252364,24.791931459549883
-12.732435232341194,-17.735953828276294,26.31712103667963
-13.207193676567892,-17.674551173972706,27.89364511061573
-13.621013354796887,-17.405870791946917,29.484737299142832
-13.959432958397286,-16.920352400977333,31.047901080373904
-14.208934531465559,-16.218581912985776,32.53721130162073
-14.357889734168825,-15.312588981767854,33.906424632475606
-14.397486852421943,-14.226008183179813,35.1125734384557
-14.322521211446098,-12.992909529761018,36.119555196129
-14.131935513801341,-11.65534427298422,36.9011594655477
-13.829024570241065,-10.259913259975544,37.443035309203474
-13.421266939257157,-8.853870519267058,37.743291080977386
-12.919803568832867,-7.4813598745422665,37.81168653181986
-12.33863673414359,-6.180323017464036,37.667645795799956
-11.693658930838815,-4.980439304934854,37.337512981942936
-11.001634039562777,-3.902222896073968,36.851545573764625
-10.279242385759428,-2.95718266201289,36.24109481620323
-9.542273637486982,-2.148797094545995,35.53629324917312
-8.805016046197197,-1.4739904869053952,34.76440937948205
-8.079856108480355,-0.9248082821597405,33.94888408362065
-7.377075364489101,-0.4900515681831807,33.10896016419661
-6.704813393372017,-0.1567129057065778,32.25976281872573
-6.069157887524521,0.08886572739228926,31.412677316744425
-5.474322008929461,0.2601305442131632,30.57588690902913
-4.92287345407135,0.3697264106390998,29.754964629849724
-4.41598635875861,0.4291362721989673,28.953446219134833
-3.9536945215899024,0.44849881249999235,28.173341201626354
-3.5351312457045445,0.43655585200618097,27.415562247398928
-3.158746799715794,0.40068793978235967,26.680268872144655
-2.8224988989092044,0.3470051554043251,25.96713126690905
-2.5240147748259254,0.2804684700045903,25.27552505009106
-2.2607255252682137,0.2050241964100732,24.60466949038251
-2.0299747448037078,0.12373978394767245,23.953721497107885
-1.8291041440098155,0.03893352649614029,23.321836337877695
-1.6555191563951654,-0.0477061432140483,22.70820425042981
-1.5067375478245608,-0.1350139526665056,22.112070255798734
-1.3804238898015084,-0.22225443247683058,21.53274277003804
-1.2744125095610621,-0.3090417424111262,20.96959515172935
-1.1867212370206293,-0.3952719703362994,20.422063140199224
-1.115557964009406,-0.48106689073646414,19.889640221530293
-1.0593217351684012,-0.5667280298322658,19.37187227281383
-1.0165998142784376,-0.6526998507796539,18.868352339288517
-0.9861619206561995,-0.7395409055013512,18.378716054094586
-0.9669526101026301,-0.8279018727544281,17.902637980648162
-0.958082583817392,-0.9185094971320821,17.439829013231282
-0.9588195454177896,-1.0121555488164415,16.990034888480814
-0.9685790886141062,-1.1096900309903208,16.553035820807434
-0.9869159836606375,-1.2120179654856769,16.128647264939296
-1.0135161367072376,-1.3200991838734106,15.71672181923544
-1.04818941987842,-1.4349506383243074,15.31715230770623
-1.090863508629537,-1.5576508224628438,14.929876112725442
-1.1415788141073422,-1.6893459557596529,14.554880871888736
-1.200484559435517,-1.8312576345555736,14.192211700307775
-1.2678360177280674,-1.9846916872543543,13.84198015366351
-1.3439929039584313,-2.1510479888833327,13.50437520800471
-1.429418890360344,-2.331830988824107,13.179676600336727
-1.5246821935433112,-2.5286606819113846,12.86827095037298
-1.6304571585679888,-2.743283702963938,12.570671169135853
-1.747526738188017,-2.977584142290449,12.287539754636768
-1.8767857312730811,-3.23359355700602,12.019716677959167
-2.019244599467068,-3.513499479898539,11.76825267247846
-2.1760336210258386,-3.819651490992688,11.534448849961873
-2.3484070601513665,-4.154563600382986,11.319903671356233
-2.5377469223849767,-4.5209112740981885,11.126568382903267
-2.7455657236493587,-4.9215208936321595,10.956812067071995
-2.9735075125542427,-5.359348746937058,10.813497417713794
-3.2233461410462247,-5.837445775084921,10.700068177622574
-3.496979464224406,-6.358903217423176,10.620648798286332
-3.7964177520336895,-6.926772990752839,10.58015618801428
-4.123764099973032,-7.543955107745218,10.58442225635592
-4.481184022659814,-8.21304273040444,10.640324139389207
-4.870860701170411,-8.936113682223917,10.755916243804023
-5.294931547208791,-9.714455643459107,10.940554262818655
-5.75540088841617,-10.54821124886045,11.204995741138124
-6.254022761898603,-11.435929589639995,11.561454261660051
-6.792147194118613,-12.374013257863115,12.023574681636864
-7.370523219075843,-13.356056595221192,12.606285176746
-7.98905266192044,-14.372083256010951,13.32546893275071
-8.646490985159753,-15.40771199004892,14.197386074212508
-9.340096030318655,-16.443311080853558,15.237768518524756
-10.065233176320374,-17.453245535377427,16.46051295767364
-10.814957099589646,-18.40537562875681,17.87591884550756
-11.579606353288371,-19.261024283110135,19.488469862092973
-12.346466752480877,-19.97567939589682,21.29424904240624
-13.099580609753211,-20.50071081762922,23.278213818449952
-13.81979617157525,-20.78632651266185,25.411727387206906
-14.485157257007918,-20.785834123901637,27.650912758123184
-15.071717316384865,-20.46099523741009,29.936501964714115
-15.554816221030798,-19.78788455459174,32.19581063382032
-15.910779489775354,-18.762282610370132,34.347201692861724
-16.118897485197447,-17.403387146931838,36.30689461453234
-16.163440069937277,-15.754688961693894,37.99731900017511
-16.035394732379626,-13.881317162113362,39.35561045853796
-15.733616320398786,-11.863953983157973,40.34056140936757
-15.26515937677862,-9.79031029256765,40.93655281556968
-14.644714933538268,-7.7458074437009525,41.15369126754802
-13.893249703657613,-5.805268851521225,41.024323679876204
-13.036092974234377,-4.027037474395563,40.59694825357442
-12.100793454388779,-2.450188049251051,39.9289966570296
-11.115061812567479,-1.0947021370210699,39.07993454123532
-10.105041307582688,0.036112190278724476,38.105726404534956
-9.09404275275095,0.9519237204749568,37.0551565289153
-8.10177569680065,1.6713166845582577,35.96799744927429
-7.1440285516833395,2.218036961496148,34.874689392988884
-6.232705050589838,2.617926075265708,33.79705808548551
-5.376109788397702,2.896670888173589,32.749609762440066
-4.579382607784757,3.078325283009967,31.74103561431586
-3.845000229356135,3.184470091312845,30.775676620781095
-3.173285763951921,3.2338495878581455,29.85480806606741
-2.5628875109805906,3.2423328643392533,28.977685149720347
-2.011205293532761,3.2230761155189156,28.14234478333209
-1.5147548996887832,3.186793858292839,27.346188561060057
-1.0694694095315427,3.142076071339479,26.58638481656703
-0.6709411352020416,3.095711281146358,25.860129970347565
-0.3146104925798521,3.0529923865806103,25.16480588711094
0.004090857497323186,3.017993382584956,24.498063972517954
0.2896352096580423,2.9938123701133126,23.857860207974223
0.5463254580992021,2.982780530138048,23.242459291430258
0.7782470375633215,2.986639075972161,22.650420969722074
0.9892398520883854,3.0066873040125053,22.080577619346553
1.1828857069777028,3.043905235536846,21.532009085806127
1.3625075190765294,3.0990543037673044,21.00401857895983
1.5311772526419816,3.1727592893371037,20.4961118765526
1.6917301070511521,3.265574359109182,20.007981053816053
1.8467829713204948,3.378035681155311,19.539493299828518
1.9987555659787852,3.510702704119645,19.090684992954586
2.1498930236736737,3.664189815345128,18.661761004078894
2.3022889243355293,3.8391897320219077,18.253099114019903
2.457908006306647,4.03648963071345,17.865259423360584
2.61860792799187,4.256980677503312,17.498998664126937
2.786159560511069,4.501661276715157,17.155289366941457
2.9622653545458,4.771634002943856,16.835343873314365
3.148575346949074,5.068095811035689,16.54064319170515
3.3467003565895794,5.3923207241530315,16.272970658638492
3.5582218653581235,5.7456337750762145,16.03445026051099
3.784697989757472,6.12937451738645,15.827589270860125
4.027664821416839,6.5448479336061265,15.655324527918152
4.288632252217898,6.993260058460541,15.52107117577865
4.569073204167409,7.475635133543144,15.428771967497248
4.87040496163921,7.992710663394996,15.382944219014638
5.193961065600497,8.54480643318026,15.388720142264795
5.540951996061288,9.131663500445097,15.451874509504552
5.912412673168754,9.752249572948525,15.578831360881809
6.30913469997769,10.404528290028743,15.776638758009252
6.731581325614477,11.085192078602326,16.0528974849119
7.179783430412375,11.789361879027625,16.41562632258376
7.6532155618440525,12.510262603444698,16.873043512603747
8.150652350472036,13.238891146989596,17.433242029288877
8.670007697098631,13.963704394947603,18.10373645065731
9.208162124694187,14.670367815747165,18.89086315592087
9.760787746189633,15.341619996834389,19.799025264693203
10.322185375584386,15.9573227768656,20.829791262936837
10.885154099212647,16.494776780420878,21.980883235721425
11.440919415853037,16.9293827693067,23.245127159282333
11.979150622561976,17.23571360162208,24.60948106569333
12.488099712919023,17.38902319696873,26.05430013304628
12.954890566065389,17.36715401822112,27.553028992077273
13.365976666472458,17.152715935594046,29.072514960261604
13.707766942185113,16.735309634770225,30.574095463511824
13.967393336785102,16.11348084754153,32.01551888946041
14.13356385054102,15.29604916622615,33.35361513412909
14.197417095977073,14.302486737971131,34.54746463720122
14.153276613092673,13.162141872526435,35.561665637904284
13.99920232624386,11.912297093999415,36.369218575178614
13.737256194421809,10.59527664072065,36.953571604220386
13.373437337699597,9.2550121887203,37.309508689519554
12.917290963829828,7.933579082699447,37.44277955403887
12.381243891574808,6.668198250680043,37.36860778204083
11.779756126097768,5.48907155160882,37.10940303937854
11.128395387441483,4.418225620555596,36.69209941896748
10.442938203067703,3.469340789077744,36.14553323771621
9.738581155529635,2.648387798168564,35.49818247925731
9.029316448297822,1.954812003278953,34.77645745453667
8.327494928329802,1.3829923770106718,34.00359963469621
7.643573153864252,0.9237422012069973,33.19914199014072
6.986022324422395,0.5656845358549718,32.3788216418932
6.3613665535204325,0.29640586483502074,31.554812159975572
5.77431487217959,0.10335101572425495,30.736148338022154
5.227953431706204,-0.025534929846283694,29.92923848599471
4.723969459960525,-0.1013867181832185,29.138387693304566
4.2628848206318875,-0.13417877982707271,28.366282957089535
3.844283281737771,-0.13262117697148842,27.614413735839147
3.4670210968966426,-0.10415217111184295,26.883418121485576
3.129414931402235,-0.05499472692707507,26.173355739590562
2.82940448801439,0.00974840850073238,25.483914752948507
2.5646895202489914,0.08597969545138837,24.814563220295593
2.3328424441996134,0.170484899385554,24.164655700655803
2.1313986639748013,0.26081295110638136,23.533505310145344
1.9579271819755206,0.35516295793303665,22.920430089953804
1.8100842138208064,0.45228141919614345,22.32478096573084
1.6856524765976004,0.551371089476073,21.74595703044426
1.5825686471340796,0.6520118637092512,21.183412502853137
1.4989412495140852,0.754093378156803,20.636658559301537
1.4330609654263147,0.8577586136193964,20.105262315890066
1.38340509140127,0.9633575660229926,19.58884453277621
1.3486376084784808,1.0714099527607464,19.08707709172068
1.3276060909374725,1.1825759074477034,18.599680928046602
1.319336465710118,1.2976336507671098,18.12642484660434
1.3230264444504853,1.4174631899118575,17.66712548996639
1.3380382856474422,1.5430351792173027,17.22164863275534
1.3638914031732006,1.6754041597567095,16.789911930552083
1.400255218134537,1.8157054786424556,16.371889241532237
1.4469425503070237,1.9651552641408727,15.967616653891572
1.5039037610472425,2.125052896209508,15.577200385316253
1.5712217885427764,2.2967854600385245,15.200826767601692
1.6491081556567995,2.4818336991021455,14.838774587049786
1.7378999774688382,2.68177899033059,14.49143011757613
1.8380579468193465,2.8983108429058806,14.159305257164778
1.9501652284775486,3.133234368484889,13.843059258036561
2.0749271424486895,3.3884770776144904,13.543524624659753
2.2131714605094186,3.666094216240462,13.261737838216662
2.36584907286515,3.9682716569417105,12.998975645783098
2.534034698720079,4.297325088884913,12.756797718225204
2.7189272095337054,4.655693893046343,12.537096518441892
2.921848999790723,5.045927627292654,12.342155209406275
3.144243669123972,5.470662460373517,12.174714337338715
3.3876710624550657,5.93258416624621,12.038047802732718
3.653798441584037,6.434373406208957,11.936048215017777
3.9443862225410307,6.978627982668961,11.87332102450496
4.261266299731538,7.567755563204117,11.85528571591082
4.60631048640128,8.203829103603299,11.888280672843306
4.98138603579049,8.88839596443468,11.979665885680754
5.388294588671832,9.62223073828717,12.137914247882476
5.8286902667812,10.405021454074165,12.37267752954218
6.303972084399662,11.234979679719443,12.69480703317319
6.815145528080911,12.108367957326571,13.116301360534928
7.362648285818334,13.018944149288155,13.650144880341434
7.946136025990624,13.957333137913528,14.309991155854464
8.564226287832824,14.91035357499643,15.109637422420931
9.214202514548953,15.860352508162956,16.062232140184545
9.891686654170982,16.784634290352106,17.179162276404977
10.59029809300274,17.655110650637216,18.4685865995436
11.30132912527204,18.438340793212596,19.933623260101154
12.013482067201043,19.09616286866808,21.57027076600036
12.712728547595392,19.587123372784816,23.365242930063577
13.382363711861238,19.868865808153842,25.294022002319963
14.003331424679638,19.901521507772387,27.319555269715472
14.554884246318926,19.65194309405417,29.392095076122416
15.015608032332775,19.098351795832865,31.450653305707437
15.364783645855079,18.234692280694535,33.426357531670014
15.583983446541927,17.07380152483901,35.24764325689892
15.658723692153586,15.648513351851639,36.846749798242634
15.57993920625051,14.01010958887387,38.16653858874226
15.345037376181919,12.224067612200239,39.166396228854225
14.958338075142366,10.363698934258428,39.826059720118174
14.430808576831621,8.502804889847287,40.14663013611628
13.779131948284162,6.708695864911874,40.148696519848
13.024266712617491,5.036753667274245,39.868147169405596
12.18973170401965,3.527244593306433,39.3506814186581
11.299866822231879,2.2045048251766195,38.64613970917952
10.37828269283408,1.0781212973483092,37.80357254765808
9.446640405784992,0.14544532107748753,36.86759916077148
8.523821745915356,-0.6052774689954848,35.87621606943584
7.62548109713339,-1.191759419606688,34.85991452637621
6.763923398585758,-1.634905067119197,33.84179780280926
5.948229749055848,-1.9566251717182779,32.83834362978734
5.184548969831947,-2.1782702470628292,31.860494386551775
4.4764827243466465,-2.3196232978341076,30.91483477920935
3.825507084413795,-2.3983438333654576,30.004700841215204
3.231389869525766,-2.4297449095794232,29.131136164974425
2.6925777784835705,-2.426796307566991,28.293664107870114
2.2065390108395286,-2.400267741744935,27.49087848555936
1.7700555422441222,-2.3589483449049142,26.720873656936416
1.379464853750004,-2.309898475641992,25.981542488092124
1.0308543243429724,-2.258705575114827,25.27077153457201
0.720213294265011,-2.209727284454352,24.586559987772258
0.4435485204670883,-2.166312933179173,23.92708457006904
0.19696877992319436,-2.1309996437759753,23.290727893558433
-0.02325597932057047,-2.105682448126448,22.67608349441045
-0.2206560917278051,-2.091759615024839,22.08194711587011
-0.39854001083585333,-2.090255320071801,21.507300911110057
-0.5599849340261673,-2.101922182188943,20.951295026752003
-0.7078372085415745,-2.1273262657356176,20.413229410076795
-0.8447200413083509,-2.1669170441784176,19.892537543957072
-0.9730464994709397,-2.2210846262562036,19.388773044900898
-1.0950361878354984,-2.29020630891581,18.901599567336785
-1.2127343273712552,-2.3746842711232814,18.430784164847793
-1.3280322408824528,-2.474975973713347,17.97619410683246
-1.44268848375861,-2.591618589477619,17.537797092230697
-1.5583500449969774,-2.7252485567184928,17.11566480790457
-1.6765731916290352,-2.8766171275968153,16.709979824955983
-1.7988436427547365,-3.0466025668935153,16.321045895770947
-1.926595841298985,-3.236219442877891,15.949301797000256
-2.061231145220384,-3.4466252340447867,15.595338951347692
-2.204134787199333,-3.6791242463944,15.25992314795146
-2.3566914538499084,-3.9351685870913236,14.944020761617624
-2.520299312288016,-4.216355661666843,14.648829938447397
-2.696382262460505,-4.524421341855393,14.375817260272125
-2.8864001159384887,-4.861227576838766,14.126760409463467
-3.0918562927768423,-5.228742778526667,13.903797309797941
-3.3143024834256485,-5.629012788325252,13.70948209043383
-3.5553395376647874,-6.064119617872501,13.546847969811221
-3.8166136119300593,-6.53612444465695,13.419476731032983
-4.099806325565291,-7.046990542194029,13.33157378864868
-4.406617342837165,-7.598480961037423,13.288046836202254
-4.738737412738972,-8.192024912780683,13.294584599046784
-5.097809472497369,-8.828546058647351,13.357730161528684
-5.485374976603387,-9.508245460085837,13.484940543698483
-5.902802195651026,-10.230332114680749,13.684620532303944
-6.351192914328185,-10.99269522791619,13.966114138744045
-6.831263865863333,-11.79151529233371,14.339631504246299
-7.343199549636958,-12.620816488994326,14.816082884416906
-7.8864740383998235,-13.471971883924738,15.406785217724801
-8.459641314535725,-14.333186393397277,16.123002039714112
-9.060096962293187,-15.189001317629115,16.97527633253334
-9.683819072430445,-16.019888410850463,17.97252151162144
-10.325103271722352,-16.802029428317617,19.12085232691699
-10.976315866870083,-17.50740474688364,20.422169587256494
-11.627699626223992,-18.10433427979036,21.872563951148607
-12.267277272625813,-18.558613761392408,23.460674856431048
-12.880905746710834,-18.83535490485255,25.166224579183666
-13.452535989729618,-18.901555091786395,26.959027950572885
-13.964724004376857,-18.729285102358993,28.79882754565394
-14.399415491343666,-18.299202948988444,30.63628655459912
-14.738987206371961,-17.603913894327516,32.415354803229576
-14.967476871574105,-16.650561429083737,34.076996700957466
-15.071879591378611,-15.462021451519092,35.563962465514344
-15.043346937244971,-14.076232707224687,36.82597201763524
-14.87811091541957,-12.543527990286368,37.82447121854695
-14.57797946845433,-10.922258566111633,38.5361087139445
-14.150312519706354,-9.273399279929626,38.95430446829526
-13.607474401073686,-7.6550497421594645,39.08868525182436
-12.965847195726072,-6.117730462855114,38.96262089634813
-12.244556650624261,-4.701127538085106,38.60946156276687
-11.464092406319338,-3.432563352821769,38.06824870657985
-10.644994707429673,-2.3270939806405146,37.37963102087824
-9.806739669797851,-1.3888617174018791,36.58251719045724
-8.966900171273842,-0.6132095146661811,35.71173276927385
-8.140605004299758,0.010920196799795612,34.7967050642408
-7.34027590774357,0.49867537119192934,33.86102955991317
-6.575595115487403,0.867308340962673,32.92268735474389
-5.853644553766451,1.1346210472892047,31.99467088808186
-5.179158183094745,1.3178521711194056,31.085808708939
-4.554836680955999,1.4329575761490039,30.20163363077175
-3.981684661167915,1.4942080941616365,29.345193804023204
-3.4593420246101325,1.5140236604643056,28.517752711006356
-2.9863911340623934,1.5029707406101773,27.71935811539452
-2.560629565222743,1.4698636188286596,26.949281953117858
-2.179304104768367,1.4219247531971186,26.206345345515345
-1.8393056891457282,1.3649725232986876,25.489148153463585
-1.5373274873289513,1.3036152941405732,24.79622329587987
-1.2699897217423772,1.2414386818744356,24.126134373302488
-1.0339354376288172,1.1811785586967325,23.47753231251978
-0.8259015432390893,1.124876154813119,22.849183625366052
-0.6427692502210257,1.074014079149335,22.239979928332694
-0.48159768352129007,1.0296335891685842,21.648935825885406
-0.33964399405997303,0.9924343036592347,21.075180192276417
-0.21437285253545002,0.962857995420442,20.517944280837824
-0.10345776276542402,0.9411582789695889,19.97654889057452
-0.0047762263805999905,0.9274580256067417,19.450391956262067
0.08359957389448004,0.9217962618031631,18.938937328874
0.16341522503192196,0.9241661796792346,18.441705114085646
0.23624859722988267,0.9345457369149244,17.958263684340405
0.30352558369873,0.9529221641034104,17.48822333192115
0.3665364275933354,0.9793115401462409,17.03123145403223
0.42645216092791194,1.0137744465727787,16.586969131963677
0.48434081491761766,1.0564285728703242,16.155148967766568
0.5411831703779374,1.1074590186167566,15.735514061674506
0.5978879042185727,1.167126924909839,15.327838043972696
0.6553060569954101,1.235776967029636,14.931926111332047
0.7142447998678905,1.313844151649016,14.5476170571139
0.77548051970848,1.401860283995208,14.17478632662988
0.8397712707069155,1.5004604015822283,13.813350171659142
0.9078686614115999,1.610389409571941,13.463271024227788
0.9805292591914186,1.7325090962342304,13.124564258756575
1.0585256006520003,1.8678056527292073,12.797306565506688
1.1426568972948938,2.0173977664101357,12.48164621831721
1.2337595209687293,2.18254529730578,12.17781558754768
1.3327173433081658,2.364658478825626,11.886146326523972
1.4404719867967204,2.5653075003966976,11.607087748096664
1.5580330211841953,2.7862322246169198,11.341229008256931
1.686488105948951,3.0293516556751228,11.089325826516317
1.8270130347412838,3.296772597948961,10.852332597125079
1.9808815777301048,3.59079670958059,10.631440878342081
2.1494749377633093,3.9139248475369826,10.428125382820761
2.3342905300485848,4.268857195980364,10.244198719689182
2.5369496547181027,4.658487141686035,10.081876239455907
2.7592034471549938,5.085886176806695,9.943852376610037
3.0029362500274996,5.554276234363679,9.833389825507906
3.2701652389095224,6.066984757471267,9.754422653405873
3.563034733362951,6.627376434816668,9.711673948582085
3.883803119452146,7.238753880870284,9.710787676169579
4.234819680858446,7.904217608818946,9.758472868051745
4.618487872139743,8.626473505848978,9.862655835474975
5.0372106696005385,9.407573847510296,10.032632416414465
5.493312627233271,10.248576026376668,10.279206934530482
5.988932214453389,11.149102233557077,10.614797093937806
6.5258770558633605,12.106784323237111,11.053474051959254
7.105434074924615,13.116582541026947,11.610894211547892
7.728126659921326,14.169976877978266,12.304064205436983
8.393412419575846,15.254048340150868,13.150864497966095
9.099318708119261,16.35049759632076,14.169243162345218
9.842019921573097,17.434693082773453,15.375985482134967
10.615371730892106,18.47490048962903,16.784976230158676
11.410433820178039,19.431916684822735,18.40491233957108
12.215034398247765,20.259401153740967,20.236508355056646
13.013455056768189,20.905242349773484,22.26937632589957
13.786338924710636,21.31427693690096,24.47895385598607
14.51094033081812,21.432550873817732,26.82407173511675
15.161828817387576,21.21303600093087,29.245932316492063
15.712122060118585,20.622296605750087,31.66931220010049
16.135243428908556,19.64711225398988,34.006598604530296
16.40708506943795,18.299667829501043,36.16475589153487
16.508329025693588,16.619833390708212,38.05455320327676
16.426576636561414,14.673445021572345,39.60058015084122
16.157904911952034,12.546364290938211,40.750059984961055
15.70753688123796,10.335200670176121,41.47852743850236
15.08947521342417,8.136518027694468,41.79114507718912
14.325159843890011,6.036727721101332,41.719561341427095
13.441403837770778,4.10454951044771,41.3153329821452
12.46797807185675,2.387067481543208,40.64163128288917
11.435228591658065,0.9093984946897102,39.765038275621535
10.372034499104965,-0.32280318725766133,38.74880998979388
9.304289233430264,-1.319161408620305,37.64830823213512
8.253959062324805,-2.0998475479959393,36.50865998297373
7.238671768228831,-2.6911583850908496,35.36426663836899
6.271729135231461,-3.1218940348208184,34.239594003102404
5.362416304697767,-3.420707510647695,33.1506766528304
4.516488286380825,-3.614378182131018,32.10688270028333
3.73673615149735,-3.7268464916564032,31.112632469287878
3.0235623952093005,-3.778812115835609,30.168899669288216
2.3755201256126193,-3.787710895897442,29.27442549170188
1.7897910180416385,-3.7679211020130534,28.426641787568318
1.262591635031227,-3.731089674439872,27.62233534252734
0.7895073254467164,-3.686504862418343,26.858100107953035
0.36575857325302213,-3.641469692916715,26.130626191692112
-0.013592488582378492,-3.6016507239090516,25.43686956066802
-0.35348667654941307,-3.571389825826749,24.77413877794774
-0.6587548401677028,-3.553974957594702,24.140127038510496
-0.9340394908292675,-3.551870608777214,23.53291047609936
-1.1837439867790736,-3.566910996797831,22.95092766580802
-1.4120033018341327,-3.6004601252544495,22.392950518777592
-1.622671379513791,-3.653543022060738,21.858053233609596
-1.8193209528706729,-3.726952261354895,21.34558343348385
-2.005252473726609,-3.8213334555579785,20.85513786611153
-2.183509441594365,-3.9372529092409003,20.38654388245536
-2.356897959570989,-4.075250119047211,19.939847177704003
-2.5280087827439233,-4.23587731256524,19.515305845204004
-2.6992404756322648,-4.4197277527891945,19.113390561387853
-2.8728225695897835,-4.627454092583116,18.734790612020948
-3.050837818244435,-4.859777639663995,18.38042543097074
-3.2352427967380426,-5.1174889797700915,18.051461309428603
-3.4278861851191933,-5.401439996777043,17.749332912344364
-3.630524122870244,-5.712526917889079,17.475769181101352
-3.844832024442508,-6.051663596655254,17.232823080309903
-4.072412208562924,-6.4197438277328125,17.0229044343288
-4.314796620758454,-6.817591072968735,16.848814765207813
-4.57344382366199,-7.245893586371247,16.71378255366688
-4.849729299775481,-7.705122588258102,16.62149666003238
-5.1449279664224665,-8.195430909077755,16.576134722205154
-5.460187657927369,-8.71652948158861,16.582382154817466
-5.796492208790201,-9.267539322636047,16.645435881352864
-6.154612707893424,-9.846817372862594,16.770985139271197
-6.535045536035897,-10.451755963385517,16.965159656856926
-6.937936013400376,-11.078558008610852,17.234433342113455
-7.362986955730723,-11.721993570144646,17.58546960752667
-7.809352272852225,-12.375148474055264,18.024893016948308
-8.275517058350287,-13.029182380140481,18.55897174810891
-8.759167529812204,-13.673122068937982,19.193197342329285
-9.257056768755186,-14.293725300884349,19.931753526624483
-9.764875484478926,-14.875460351037756,20.776875823931455
-10.27714085098709,-15.400654304125764,21.72811933072904
-10.787120486197711,-15.849866471605218,22.78157389767537
-11.28681221162437,-16.202538028632947,23.929093100857525
-11.767002375642859,-16.437950992640495,25.157632782841027
-12.217424996495355,-16.53649566577005,26.448820737559064
-12.627039452223475,-16.481195027273134,27.778892725842365
-12.984434869206193,-16.25937149759558,29.119121354885444
-13.27835449637994,-15.86427659698548,30.436824698532227
-13.498314296781793,-15.29645401649085,31.696967679023164
-13.635269507313886,-14.564591154225356,32.86426778776838
-13.68226527665413,-13.685649452760558,33.905606230100425
-13.634997604608687,-12.684154823094326,34.792454109479365
-13.492212785734129,-11.590663815825542,35.502980634650676
-13.255889101406156,-10.439569625766797,36.023536856754454
-12.931171805987278,-9.266535789042189,36.34930504952574
-12.526066286533267,-8.10590996434143,36.484048953644724
-12.050927374373762,-6.988458232706903,36.43905597792282
-11.517808073557656,-5.939678471702576,36.23148873155062
-10.939743715204195,-4.978826480545072,35.882431378949875
-10.330046571806296,-4.118656609400803,35.41491802793004
-9.701673519079051,-3.3657714218098045,34.85217735550893
-9.066709867235161,-2.7214107328005666,34.21624379860159
-8.435991005771424,-2.182491885664405,33.52699668817395
-7.818864177038135,-1.742731044596584,32.801614369690896
-7.223078071675085,-1.393714702549203,32.05438066399603
-6.654778898045401,-1.1258369661719387,31.29675705045288
-6.118587693200949,-0.9290607958858369,30.537630874209306
-5.617733750625586,-0.7934944716803884,29.783660463864326
-5.154221749097612,-0.7097965314463768,29.039655313237233
-4.729014210916709,-0.6694344117732224,28.308948110668414
-4.342215328666904,-0.6648264000940327,27.59373209657552
-3.993246345979597,-0.6893958820590192,26.895350454624992
-3.6810062201003064,-0.7375634614605441,26.21453388497986
-3.40401410873764,-0.8046979678805966,25.551588569929116
-3.1605323245058305,-0.8870426892365466,24.90654012913535
-2.94866987491785,-0.9816289429250362,24.27924062716988
-2.7664676710287317,-1.0861855737472168,23.669445903066034
-2.611967061611843,-1.1990501816621564,23.076869960100662
-2.4832636373243924,-1.3190857731519228,22.50122225694079
-2.3785483371372993,-1.4456049872909653,21.942232725578183
-2.296137844582906,-1.5783029538922964,21.399668356519435
-2.234496134137942,-1.7171990890050077,20.87334431726587
-2.192248854179891,-1.8625876327885524,20.363131839653004
-2.1681920372539025,-2.0149964152330564,19.868964530019927
-2.161296427378944,-2.1751531418126095,19.390844312404266
-2.1707085182421553,-2.3439583829974704,18.928847890433545
-2.195749211453328,-2.5224643980867905,18.48313438743159
-2.235910833539247,-2.7118589022066137,18.053954676272358
-2.2908530948534205,-2.913452878144721,17.641662822602125
-2.3603984323226204,-3.1286715282776303,17.246730021688506
-2.444527049103182,-3.3590474449082226,16.869761397208762
-2.5433718451108294,-3.606215040029479,16.511516038461654
-2.6572133197078367,-3.871905208728772,16.17293067050896
-2.78647441772982,-4.157939095228556,15.855147369401159
-2.9317151781760793,-4.466219677928326,15.559545740583335
-3.093626926487099,-4.798719680664809,15.287779959024235
-3.2730256212001487,-5.157464042842072,15.041821006743472
-3.470843818405893,-5.544504833229487,14.82400431353008
-3.688120547207468,-5.9618860658326085,14.63708277803992
-3.925988190956437,-6.41159537140118,14.484284777056393
-4.1856552379997956,-6.895498904640747,14.369376205688972
-4.468383499688932,-7.415255251171876,14.296724761183338
-4.775458094022286,-7.972203491902937,14.271363503037653
-5.108148168672433,-8.567220077485445,14.299049094368701
-5.467656006014233,-9.200538911109517,14.386307950457256
-5.855051849927184,-9.871529262775995,14.540460697601766
-6.271191577676286,-10.578427174772784,14.769611828188651
-6.716614300184726,-11.318018323734794,15.082587269471198
-7.191417241999079,-12.08527446921086,15.488797981197946
-7.695106008933567,-12.872952339452587,15.998003165547575
-8.226419828683909,-13.67117380004493,16.61994314729878
-8.7831338196522,-14.467019968982273,17.36381098252249
-9.36184408310813,-15.24418962627958,18.237535595242903
-9.957746634104385,-15.982792840997329,19.24686060184393
-10.564427908800065,-16.65937154006269,20.394225172482066
-11.173692466130206,-17.247254739330494,21.677489009424857
-11.775461618030025,-17.717359582401716,23.088593516420584
-12.357783384282278,-18.03953019601676,24.612312098189772
-12.9069968635433,-18.184454531028408,26.2253044609608
-13.408089755237187,-18.126108661472458,27.895735227177788
-13.845273407688131,-17.844552171977643,29.583722196529806
-14.202773809301661,-17.32875659521123,31.242819739309184
-14.465800637807718,-16.579028263912868,32.82260389771171
-14.6216151299546,-15.608535803681889,34.27221673768261
-14.660580459575161,-14.44351451496699,35.544488925695156
-14.577056976743437,-13.121911581264527,36.60005959490418
-14.37000889811819,-11.690528511312152,37.41082623423379
-14.043222678641637,-10.201035535966248,37.96213390528219
-13.60509530889385,-8.705479284836741,38.25334820847061
-13.068019842825109,-7.251999600592098,38.296786086887984
-12.447458218848329,-5.881386397142493,38.115302511658975
-11.76083273043104,-4.624879822856025,37.73905474517883
-11.026379528375733,-3.5033282751316595,37.202038022317254
-10.262091663239314,-2.5275579132198613,36.538913392333114
-9.484843995310678,-1.6996360407360798,35.78248066071059
-8.709749448055272,-1.0146484569870804,34.96195309758201
-7.9497560476720945,-0.46264020166346753,34.1020208965534
-7.215463731950232,-0.030453491343721273,33.22257709121235
-6.515121489339701,0.2967015212080395,32.338927338698554
-5.8547580964103645,0.5340155647417627,31.46230152746642
-5.23840078995567,0.696192773965121,30.600512008234578
-4.668342386931527,0.7968691589286905,29.758643048928953
-4.145425813790119,0.848279720690627,28.939696473304107
-3.6693236947290924,0.8611131235315718,28.14515245888309
-3.2387983752110414,0.8444983199617776,27.375429615620412
-2.851933988274977,0.8060772537724564,26.63024496848223
-2.50633681854321,0.752128424176212,25.90888389000634
-2.1993034438722767,0.6877158395812578,25.210394312220227
-1.9279582044621095,0.616845929650232,24.53372047311077
-1.6893627472289177,0.5426211672546203,23.87779042750113
-1.4806009720723852,0.46738365800599235,23.24156957363454
-1.2988428703171353,0.39284509445350785,22.62409016062255
-1.1413906477580855,0.3202015702104111,22.02446452621288
-1.0057102751162184,0.2502330921120185,21.441887861517593
-0.8894512821425182,0.18338844391760406,20.875634683017346
-0.7904572569338661,0.11985651356669937,20.325051916024997
-0.7067691596427405,0.059625419558627615,19.789550524928433
-0.636623227473217,0.0025308450434222626,19.26859691552887
-0.5784449451333951,-0.051705032322111356,18.761704832248366
-0.5308402858940898,-0.10344270299142638,18.268428130224645
-0.4925851939021596,-0.15310137614833702,17.788354578442547
-0.4626140772458767,-0.20114083607873007,17.321100711815664
-0.4400079111786244,-0.24804814883844625,16.86630767159171
-0.42398240901301276,-0.29432838855112814,16.423637935082997
-0.41387660141186833,-0.34049867136010514,15.99277282329116
-0.4091420700275654,-0.3870848952268227,15.573410678471086
-0.4093330057014473,-0.4346206841255887,15.16526561624072
-0.4140972019556342,-0.48364812521837186,14.76806677404863
-0.4231680487580499,-0.5347199673242535,14.381557996935035
-0.43635755724713277,-0.5884030188034841,14.005497921045132
-0.45355042125847006,-0.6452825434609487,13.63966043458404
-0.47469910435000173,-0.7059675049709002,13.28383551470251
-0.49981993006329445,-0.7710965544156811,12.937830457400626
-0.5289901470915388,-0.8413446925824093,12.601471536404851
-0.562345938749384,-0.9174305693710108,12.274606146751529
-0.6000813467204178,-1.0001244076156832,11.957105510264395
-0.642448081696731,-1.0902565582284411,11.64886804412367
-0.6897561975292984,-1.1887267080454256,11.34982352128244
-0.7423756102587769,-1.296513771034778,11.059938183711958
-0.8007384483123139,-1.414686497213492,10.779221007617473
-0.8653422246495237,-1.544414830898275,10.507731365294202
-0.9367538250884612,-1.6869820394161883,10.245588382809187
-1.0156143087063363,-1.8437976130562883,9.992982358010789
-1.1026445151867272,-2.0164109038721794,9.75018868147282
-1.1986514691191252,-2.206525420773583,9.517584795987345
-1.3045355610324672,-2.4160136254400926,9.295670840249509
-1.4212984673510578,-2.6469319701847334,9.085094751339694
-1.5500517438178973,-2.901535774578315,8.88668274982886
-1.692025985662265,-3.1822933386031664,8.70147630093593
-1.8485803881449498,-3.49189841819286,8.530776833090144
-2.0212124568181675,-3.8332798206831145,8.376199695720722
-2.211567499657997,-4.209606382824751,8.239739039295126
-2.4214473724879233,-4.624284934787729,8.12384548122559
-2.6528177311499634,-5.080947983796228,8.03151854533171
-2.907812751529613,-5.583426716271729,7.966415872265384
-3.1887358907752956,-6.135703457262554,7.932981003779381
-3.498054755034047,-6.741835880182133,7.936591009209287
-3.838387483012389,-7.405842980781545,7.983724148643054
-4.212477222532395,-8.131540105406078,8.082145869432368
-4.623150245766264,-8.922307220805772,8.241108318276385
-5.073252009586291,-9.78077134163681,8.471553700620966
-5.565554043930696,-10.708381051968239,8.786304584637145
-6.102623026228899,-11.704849229364253,9.200213891403468
-6.686641958195436,-12.767440869891155,9.730233131204754
-7.319172347955825,-13.890088629243188,10.395339033852872
-8.000846297657194,-15.06233270766536,11.216236479505445
-8.730979306178485,-16.268108487703554,12.214731610323916
-9.507099699920158,-17.4844500571909,13.412648110031835
-10.324400539877624,-18.68024497525315,14.830151181363519
-11.175136400163957,-19.81526649176859,16.483362731823135
-12.048011936055357,-20.839816769963576,18.38121834699523
-12.927641548898695,-21.695416466116004,20.52165462479696
-13.79419652706925,-22.317029067441897,22.88743984155465
-14.623389700248806,-22.637247457813498,25.442262461400194
-15.386963745317843,-22.592621293072447,28.128014041636515
-16.05382890725211,-22.13181973878625,30.864425135410066
-16.591920982044297,-21.224640925958493,33.552162118089875
-16.97071433969663,-19.87016927153336,36.080007502493665
-17.164144886551295,-18.10195235782234,38.33578944358367
-17.153521930575046,-15.98825879384771,40.21949965561754
-16.929904752600773,-13.626453615604516,41.65599507304382
-16.49545079669391,-11.132091275395652,42.60434864407258
-15.863425653387788,-8.624909017305724,43.06160073180669
-15.056854027095616,-6.214821467532695,43.06019194290782
-14.106089160021083,-3.99086393344765,42.6601171377078
-13.045784336244337,-2.0149231482260577,41.938107808672996
-11.911806272021952,-0.3205778206619956,40.97649874753454
-10.738543401801264,1.0839179355253203,39.85391455680228
-9.556889034085172,2.2101477900566753,38.63892288067164
-8.392991073964442,3.083207009306567,37.38681146257634
-7.267710211261894,3.735797376051,36.138961463701776
-6.196640367101876,4.2034557584031,34.92399066461606
-5.190515637157017,4.521146681593404,33.75984734336979
-4.255839715385559,4.7211270042600795,32.65621122516553
-3.39560699635242,4.8318313348532556,31.616781699106745
-2.610023569207579,4.877487506832571,30.641232085592446
-1.8971716503369573,4.878201033860125,29.726752696882354
-1.2535885305953647,4.850305260719678,28.869193695126743
-0.6747502370231278,4.806834634963602,28.06386318830775
-0.15546202771339235,4.758029924822949,27.306051240375584
0.3098356466662359,4.711822590516121,26.59134894170615
0.7268342309624779,4.674271646742449,25.915822174064022
1.1011851346052652,4.6499427596326255,25.276087626806433
1.4383773881802222,4.6422287812672645,24.6693268995847
1.7436547672462985,4.653615806652297,24.09326447150245
2.021963732137967,4.685900910220303,23.54612730889379
2.277924973756957,4.740368190625261,23.026597831532307
2.515822659434012,4.8179293937482415,22.533767568145517
2.7396065980496713,4.919234653079299,22.067095763307464
2.952903484951525,5.0447580379191805,21.62637512643204
3.15903415799948,5.194861760888145,21.211705565980406
3.361034416549996,5.3698421219075145,20.8234759092224
3.561677446800219,5.569959572151628,20.462353101273205
3.7634962795727542,5.795454666169437,20.129278079734522
3.968804997754692,6.046551124683544,19.82546733883111
4.179717625107431,6.323446745817543,19.552419059576724
4.398163778850447,6.626292473766377,19.311922537924552
4.625900266695986,6.955159562341216,19.106069451075545
4.86451786566524,7.309994465395486,18.937265231853107
5.115442546128257,7.6905608656230795,18.808238447771206
5.379930412443824,8.096368148220463,18.722045587187463
5.659055636097569,8.52658568114815,18.68206803030789
5.953690676731111,8.97994254008329,18.69199723119508
6.264478144178008,9.454612891622158,18.755803281751316
6.591793779825965,9.94808821661674,18.877681123733012
6.935700264253327,10.457039020464654,19.061967817997445
7.295891932538962,10.97717073960847,19.31302362902488
7.671631045851522,11.503081288127229,19.635069470643625
8.06167707474912,12.028131106334024,20.03197380596822
8.464211534365175,12.544340569014148,20.5069838061316
8.876762290535188,13.042333893253481,21.062398912554027
9.296132903868433,13.511352702871013,21.699190373202093
9.718344405294735,13.939365282576341,22.41657816368851
10.138598719838239,14.313298073574877,23.211586976848622
10.551274481066272,14.619412643708417,24.078615139366843
10.949966795525043,14.843842693585255,25.009063066728995
11.327582122427152,14.973290500101145,25.991078912607243
11.676497308490633,14.995860389043727,27.00948520476186
11.988787549209276,14.901979846505599,28.045947779364656
12.25652150502303,14.685330345081155,29.079433885782773
12.472113317034916,14.343685651652088,30.086978230662535
12.628711768854377,13.879542428186664,31.044735281298898
12.720597844053438,13.300433075484808,31.92924862435524
12.743555330009748,12.618837958455499,32.71882262457514
12.695176781853924,11.851662290607209,33.3948491534976
12.575070370361297,11.019304810288205,33.942932813548815
12.384942103846903,10.144408574207171,34.35367730341743
12.128541520546195,9.250434376089423,34.62304160434237
11.811474901864623,8.360222550060021,34.75223832159462
11.440905432075645,7.49470365765299,34.74721363732326
11.025171736457471,6.67188529093565,34.61780416793342
10.573362937173265,5.906190409096431,34.37669970496556
10.0948891300264,5.208165235920884,34.038348195480765
9.5990816563203,4.584524096856209,33.61792318549162
9.094849312725666,4.038463068405163,33.13044203729937
8.590406694438753,3.5701570782692618,32.59008507131743
8.093081059265689,3.1773545366902294,32.00972982339428
7.609195800305249,2.85599512014506,31.400686452191763
7.14402256275039,2.600794417577238,30.77260230512804
6.701790396978274,2.4057588396641623,30.133495385258293
6.285738846712819,2.2646119851840196,29.48987593173488
5.898202039488948,2.1711276749743122,28.84691989563535
5.540712124523006,2.1193745686416054,28.208665269748682
5.214112286597783,2.103883030627844,27.5782100798115
4.918671656908633,2.1197475197752196,26.957898101822053
4.65419646873118,2.162678165904586,26.34948437369353
4.420133604135208,2.229014207014482,25.754277107202466
4.215664171736283,2.3157102511543877,25.17325575050082
4.039785929050072,2.4203043610992916,24.607166922570702
3.891384237758975,2.540875028645626,24.05660100927145
3.769291856413553,2.6759923674881487,23.522052637139684
3.672338279630175,2.8246673767503507,23.003968247654843
3.5993895715385604,2.986301921787566,22.502783753611023
3.5493797548396535,3.1606411236223395,22.018954894796117
3.521334839401237,3.347729107421414,21.55298250555886
3.5143905329713436,3.5478684937012672,21.10543451298826
3.5278045921006247,3.761583584918659,20.67696612855191
3.5609646590549544,3.989586870462917,20.268339388806808
3.6133923012122295,4.232748215637897,19.880442941878567
3.6847438304551234,4.492065890897532,19.514312758438145
3.7748083359188502,4.768638416926859,19.171154257099758
3.883503216578927,5.063636033897304,18.852366159828833
4.010867351526359,5.378270438085529,18.559566216210357
4.157051895362544,5.7137612587874465,18.294618737381573
4.3223085334669396,6.0712975704239724,18.05966363996243
4.506974876517843,6.451992551953769,17.857146393803486
4.711456515825034,6.8568292286961015,17.689847868549837
4.936205102448459,7.286595081021959,17.560912554321508
5.181691657839879,7.741803214253869,17.473872961636754
5.448374179653237,8.222597806583668,17.432667157269535
5.7366584864997545,8.72864176177616,17.44164534531891
6.046851170041422,9.258984993520226,17.505560151467094
6.379103521521962,9.811912692421014,17.629533837556302
6.733345413681585,10.3847744397346,17.818994136104507
7.109208402065704,10.973797322262552,18.079568897309333
7.505937829219353,11.573889461151023,18.41692853689854
7.922294548697397,12.178444746259771,18.836564752271745
8.356448113403186,12.779165113076703,19.343494690292342
8.805864962250649,13.365923247759039,19.941882421144413
9.267197320869052,13.926695651387796,20.634575034997937
9.736181162573002,14.447602536709084,21.42255975767033
10.207554491348278,14.91309545015252,22.30436175099932
10.675010075240134,15.306333545384602,23.275419668699186
11.1311990338607,15.609782358694892,24.32749641658842
11.567802614702314,15.806052080273442,25.448203166735947
11.975688182004475,15.878963975562444,26.620730893593006
12.34516101165159,15.81479430419422,27.823889335741168
12.666315351963087,15.603598831873276,29.032541641029127
12.929476430723321,15.240476083654578,30.218488899542113
13.125710688288994,14.726595732189814,31.35180149087247
13.247366636583722,14.069812982316341,32.40251965339208
13.288596448544302,13.284720396949682,33.34256756858943
13.24580203397806,12.39205719178158,34.147662788005924
13.117951642939385,11.417493179698816,34.79897558182439
12.90672494486265,10.389910028727787,35.284313553884736
12.616464700008727,9.339390457035165,35.59867569087684
12.253937945223598,8.29517343139399,35.744122451510876
11.827934075401409,7.283828469707491,35.7290196303813
11.348746404844437,6.327848178544449,35.5668065251474
10.827594309123857,5.44477207967483,35.27449334344707
10.276043773041387,4.646860237678825,34.87110152419518
9.70547633832616,3.941254246154737,34.376229616456804
9.126642924375034,3.330509924794827,33.808871362411544
8.54932324099585,2.813364654551849,33.18654904705575
7.9820965976894644,2.385608155234414,32.52476845699722
7.432217932970884,2.040949467652196,31.83676050861539
6.905584788857231,1.771804888391952,31.133451228728173
6.406776718715541,1.5699634650733694,30.42359423510602
5.9391475902246915,1.427113296096866,29.714003766141076
5.504952502243231,1.335231148289756,29.009836804914183
5.10549364443514,1.2868498357621583,28.314885847497383
4.74127261871382,1.27522364823235,27.631856544629272
4.412139958558877,1.2944135741554164,26.96261520853808
4.1174354865276275,1.3393127626549948,26.308399406788926
3.856115575408204,1.405629918535003,25.66999058558583
3.626865279867442,1.4898450499339992,25.04785124066857
3.42819471326768,1.589148762840498,24.44223107602177
3.258520026813305,1.7013734266456588,23.853247344737216
3.1162299867247953,1.824922143163949,23.28094456625818
2.9997395191999217,1.9586995499836368,22.725338379083787
2.9075317723737606,2.102047030870721,22.186447645114402
2.838190286713146,2.2546838202129273,21.664318220979414
2.7904228151228105,2.4166546999952336,21.159041143153416
2.763078225170138,2.58828442756018,20.67076738510718
2.7551577726364163,2.7701386417422764,20.199720855348858
2.7658218750856216,2.962990726134643,19.746210916435935
2.7943933476450944,3.167793923371089,19.31064540820347
2.8403578977787314,3.385657863651212,18.893544939820817
2.903362515383767,3.617828570906739,18.495559059148043
2.9832122405840504,3.865670922365728,18.117484798187174
3.079865643911171,4.130652446659007,17.760288014501523
3.19342921065241,4.414327239421931,17.4251278848411
3.324150680535984,4.71831864293906,17.11338484307548
3.47241125246234,5.044299168895592,16.82669217287371
3.6387164180682046,5.393965933873963,16.566971346956862
3.8236850337359556,5.769009621774664,16.33647102600382
4.02803607460497,6.171074686007236,16.13780936305395
4.252572333234355,6.601708163938144,15.974018868613573
4.4981601282397135,7.062294113930108,15.848592535165727
4.765703875411488,7.5539703343006295,15.765529147179427
5.056114150541716,8.077523739595442,15.729374657473524
5.370267650793276,8.633260641087926,15.745255134364767
5.7089572606492345,9.220848337620394,15.818895024898302
6.0728302832272,9.83912505829371,15.956612309396496
6.462312859866825,10.485876665674956,16.165279563296217
6.877518745087555,11.157580954141562,16.452237105831244
7.318141032084522,11.849124250419013,16.825141560433348
7.783326266421609,12.55350075163276,17.291730756276834
8.271531797389823,13.261512965670915,17.859484739474514
8.780369361687635,13.96150187766605,18.535163874790832
9.306440913542769,14.639147728442431,19.324210117944304
9.845176670798688,15.277395453212685,20.23000830422646
10.390690136427093,15.85657065136192,21.253022459513037
10.935670107037765,16.354758777555443,22.389848756134707
11.47133463814252,16.748516980634502,23.632261251102793
11.987475385210848,17.01396877707499,24.966365596933084
12.4726210375195,17.128291337547935,26.372012278491827
12.91434386117399,17.071541630216203,27.822643239084055
13.299722095337314,16.828685442712256,29.285739924605892
13.615952523503276,16.391605856221286,30.72399377790595
13.851083186668806,15.76079773276994,32.09722614147908
13.994809471990965,14.946429889778493,33.36495109106681
14.039253440955312,13.96850050495039,34.48932692230615
13.979633026299592,12.855931781987596,35.438119119553384
13.814730345210082,11.64463009259175,36.18724187812206
13.547089160566605,10.37473587454969,36.722485060390106
13.1829078173265,9.087448610003921,37.04016879379039
12.731638339060684,7.821888518912526,37.14666614410488
12.205344674093258,6.612426979019227,37.056940676257646
11.617903839973993,5.486795734117173,36.79240421805194
10.984147088938117,4.465112082621941,36.37847435492013
10.319033493634395,3.5597846260648005,35.842195138933114
9.636929427395618,2.7761334681883296,35.21019963810749
8.951040800037447,2.113490439708362,34.50717511618517
8.273017347129391,1.5665372927687558,33.75487594981372
7.612724896783386,1.126676200947217,32.97163987137354
6.978165094512684,0.7832855004759962,32.17230944570737
6.375513042132345,0.5247753184708892,31.36844073602591
5.809240631298922,0.3394100984322095,30.5686861276709
5.282295218122391,0.21590258257161105,29.77925775556267
4.796307807366242,0.14380632784372072,29.004402900045836
4.35181052671752,0.11374404354334125,28.246846893126857
3.9484487765854634,0.11751066858049547,27.50817918023461
3.585178396762321,0.148086652281882,26.78917306669804
3.2604422137927984,0.1995910666008341,26.09003956377011
2.9723233781559215,0.26719776157772257,25.4106215251102
2.718675061369929,0.34703181174860026,24.75053701128552
2.49722751359688,0.4360584642219376,24.109281539104188
2.3056743480766095,0.5319728127953449,23.486298371463505
2.1417403711950422,0.6330954178977558,22.881024870380518
2.0032334419014095,0.7382769159309721,22.292921564956476
1.8880828193351018,0.8468131402006375,21.721489218383365
1.7943663153443332,0.9583712486154496,21.16627794495304
1.7203283605835678,1.072926686870166,20.62689138720835
1.6643908543490527,1.1907104051612742,20.102988127345817
1.625158422508508,1.3121655130142196,19.594281862751775
1.601419469435723,1.4379124432100667,19.1005413979486
1.5921441873848248,1.568721661040882,18.621591165145794
1.596480484725656,1.7054929700706545,18.157312754774956
1.6137486146385032,1.8492405095724493,17.707647790844135
1.6434351281318393,2.001082597060744,17.272602402890467
1.6851866383062193,2.1622356310200024,16.85225351023318
1.7388037645749908,2.334011325828505,16.446757132496145
1.8042355235011225,2.517816596377584,16.056358963578067
1.8815743441138886,2.7151554382341594,15.681407487509045
1.9710518068698522,2.92763215489774,15.322369968826434
2.0730351334307335,3.156955261042152,14.979851713147514
2.1880243855069432,3.404941333226038,14.654619061711882
2.3166502612116955,3.673517979975059,14.347626652488382
2.4596723023427844,3.96472495257243,14.06004954421131
2.617977240911356,4.28071220591135,13.79332085006266
2.792577112609405,4.623733433237131,13.549175552260325
2.9846066425816664,4.996133225948169,13.329701149274843
3.195319257924742,5.400325535531172,13.137395697236222
3.4260808941822396,5.838760525785107,12.97523360846782
3.67836053175145,6.313876190268093,12.846739210167092
3.9537161148224866,6.828030271986626,12.756067472978675
4.253774163952332,7.383407076767652,12.708090396890064
4.580200990912527,7.9818927658790155,12.708486167654334
4.934662965296491,8.624911744099608,12.763826219882786
5.318772783040192,9.313215999759024,12.881652589244679
5.734018184021815,10.046618988552915,13.070534225899882
6.181669126625879,10.823666324211768,13.34008612499505
6.662659163928703,11.641237789304142,13.700929157563968
7.177436853125699,12.494079888730203,14.164561520539829
7.725783719926165,13.374276451212742,14.743105322086466
8.306596936092738,14.270677900450062,15.448885165424976
8.917637879532949,15.16832892731641,16.293791802395223
9.555252606742721,16.047959961504844,17.288386302729826
10.214077398912899,16.885639203371294,18.440713316535323
10.886752129893557,17.65271556982626,19.75482140430915
11.563675902735888,18.316211322783627,21.229039284412558
12.232851961645608,18.83983406497595,22.854131666247156
12.879879775052924,19.185754412120247,24.611553016516602
13.488157413361021,19.31721997102906,26.47211707817095
14.039351806168176,19.201936310382326,28.395475147268904
14.514173128796651,18.815946442752374,30.330805821649193
14.89344965480771,18.147515079441128,32.21902047915204
15.159443126350002,17.200337670155058,33.99655829847505
15.297281361017847,15.995331809966151,35.600501712909775
15.296330655439272,14.570402343594477,36.97436539609865
15.15130476583581,12.977918273461334,38.07362331797245
14.862924776956634,11.280130296995546,38.86996488953796
14.438007941834202,9.543245965643921,39.35347762489774
13.88896065542152,7.831196562392564,39.532398963123
13.232755505339098,6.200163223418154,39.43062277912027
12.489556066496307,4.69467773842469,39.08360645135287
11.681195073571656,3.3456821336495155,38.53356485242727
10.829706249577299,2.1704781383463123,37.82481870586575
9.956066791606021,1.1741583301144471,36.999944589157764
9.07924451257338,0.3519501632923324,36.09706355070605
8.215579813422645,-0.30808787773606683,35.14831267490339
7.37848159228487,-0.8224594157367779,34.17933632680676
6.578383932596854,-1.2099915201517975,33.20953009842751
5.8228965315405095,-1.4900904755317939,32.252754205364816
5.117082086806249,-1.6815036565109174,31.318272393678903
4.463802815081342,-1.8015294658169276,30.411736010649967
3.864091083156728,-1.8655858287711071,29.53609815337124
3.3175123350654916,-1.8870428257025578,28.692397324706747
2.822500100805581,-1.8772352228701774,27.880389483487626
2.376652037496126,-1.8455872029156761,27.099032426679024
1.976982600317044,-1.7997989634693858,26.3468400105914
1.6201323865527875,-1.7460601621559004,25.622129236461433
1.3025369100878308,-1.6892673582076434,24.923183714711243
1.020559016849886,-1.633231597555041,24.24835476855372
0.7705897465567157,-1.5808685626397367,23.596117991290615
0.5491224945545427,-1.534367864558234,22.965099382760876
0.35280505457456357,-1.495340670913017,22.354081776860287
0.17847368210943707,-1.4649464145687618,21.76199936789037
0.023172807752731117,-1.4440001766949244,21.187925811657713
-0.11583648933392915,-1.4330627381392511,20.631059587555587
-0.24107663119773978,-1.4325154199995336,20.090708986890046
-0.3548601476469114,-1.4426218006125093,19.56627815347013
-0.4593009724858087,-1.4635782737184218,19.057254960605555
-0.5563290096208297,-1.495555245324957,18.563201090150386
-0.6477068464916115,-1.5387305811466305,18.08374442319371
-0.7350477433532794,-1.59331672777534,17.61857371059494
-0.8198342363714521,-1.6595827475232139,17.1674354286526
-0.903436865019231,-1.7378723336105673,16.73013271443639
-0.9871326744497061,-1.8286187109114098,16.306526298185645
-1.0721232555798317,-1.9323571779932036,15.896537394194258
-1.1595521733375413,-2.049735907677182,15.500152568768266
-1.2505217001658302,-2.181525493831357,15.117430669402998
-1.3461088201769604,-2.3286276087670896,14.748511970775509
-1.447380501468869,-2.492083014760881,14.393629769442157
-1.5554082516157832,-2.6730790502480293,14.053124740067986
-1.6712819751484724,-2.8729565804344332,13.72746245170033
-1.7961231421783799,-3.0932162564588275,13.417254532951464
-1.9310972536659747,-3.335523758267515,13.12328406916576
-2.077425549808531,-3.601713493626038,12.846535910529358
-2.236395851283911,-3.8937899765678177,12.588232663207894
-2.4093723451946887,-4.21392579792581,12.349877218121517
-2.597804023826321,-4.564454710544555,12.133302730976114
-2.8032313486947835,-4.947857861819015,11.940730982433513
-3.0272905372643057,-5.366740593833898,11.774839988204043
-3.271714646153628,-5.823796473673163,11.638841550322226
-3.538330342391361,-6.321754293431969,11.536569078238198
-3.8290489025381795,-6.863302680005559,11.47257537103056
-4.145849548270303,-7.450985686886893,11.45223901648882
-4.490752709594004,-8.087061347585676,11.481876465835951
-4.86578020400389,-8.773313757354334,11.568854477488378
-5.272898646633092,-9.51080801902393,11.72169424153362
-5.713941702369193,-10.29957669134591,11.950153826957713
-6.190506135114874,-11.13822678038064,12.26526938490795
-6.703816140685901,-12.023458671350348,12.679327651505295
-7.254550392044109,-12.949493920454485,13.205732847611271
-7.84262691468789,-13.907419099175605,13.858720713601276
-8.466942816019934,-14.88446977205403,14.652862668980605
-9.125069619666464,-15.863304010245718,15.60229681183065
-9.812911194866338,-16.821349660713643,16.71962432620479
-10.524340664109086,-17.730352970973716,18.014426508490835
-11.25084554249717,-18.556303352529415,19.491397257081832
-11.981226276639129,-19.259949313195204,21.148156429231292
-12.701410534374274,-19.798135567647325,22.9729148002198
-13.39446034218655,-20.12615577178442,24.94229516114865
-14.040855569554209,-20.2012023283761,27.019752803610267
-14.619127796548621,-19.986787776298744,29.15513686351445
-15.106886111793429,-19.45772314774856,31.285928546698884
-15.482217605287723,-18.604924426733266,33.34052112013028
-15.725365134678292,-17.43908428441491,35.24354340294721
-15.820499248692862,-15.992220732813132,36.92272090126321
-15.757335381351826,-14.316390638145815,38.31625445425264
-15.532328987316815,-12.479425034143961,39.37937094818797
-15.149227488192604,-10.558258967726648,40.08873381442817
-14.618865159001617,-8.631047257900589,40.44383807578733
-13.958228451144198,-6.769545339258236,40.465229520313756
-13.188953595296196,-5.03308684282058,40.19012896579432
-12.335507292107375,-3.4649842558072557,39.66655493526237
-11.423324730075427,-2.0915271596906697,38.9471814385631
-10.477140879106,-0.9231861164049813,38.083964493563734
-9.519673117951225,0.04270128612260027,37.1241640545481
-8.570724146305048,0.8185544498670791,36.10795060770514
-7.646697204449949,1.4231482974290894,35.06744593785145
-6.76046350700149,1.878629382121703,34.026857747650084
-5.921496474993554,2.208167304159825,33.00331624715085
-5.1361837748514345,2.434282896108313,32.00806287249533
-4.408238548757645,2.5777842216781055,31.047727842000942
-3.7391481652457013,2.657189779368597,30.12552700829128
-3.1286169103611785,2.688508192487035,29.242288209091903
-2.574975094954888,2.6852573112761964,28.39727521206517
-2.075539709730664,2.658629304930959,27.588813882230998
-1.6269208460714772,2.6177332893932874,26.814744709368867
-1.2252740758403964,2.5698688615343395,26.072733528652957
-0.866502537242335,2.5208009938621188,25.360472721327465
-0.5464142959972853,2.4750191059917652,24.675801801006465
-0.26084122264201093,2.435971520838778,24.016771334886904
-0.005725589402977904,2.4062718848727553,23.38166896309738
0.22281984501827698,2.387877363096678,22.769021567147412
0.4284731214378422,2.3822402179331985,22.177583694942385
0.6146812865632636,2.3904352669902433,21.606319232989822
0.7846517496922136,2.4132660463757722,21.05438096155187
0.9413536499160162,2.4513525185842813,20.521090918796787
1.0875266561913934,2.505203003717668,20.005923306648928
1.225695111442668,2.5752727676343796,19.50849087379925
1.358185848825391,2.6620114204748035,19.028535207479734
1.487148358361934,2.7659009905868253,18.56592107220856
1.614576271633663,2.887486255038779,18.120634786603084
1.7423293675676805,3.0273986334580116,17.692786580491212
1.8721554896658112,3.1863746869669587,17.282616888920977
2.0057119096483103,3.3652700057375577,16.89050659225268
2.1445857789119267,3.5650690124550226,16.51699128452142
2.290313380970231,3.7868909485792583,16.162779732687792
2.444397937700874,4.031992038191318,15.828776766955627
2.6083257312973105,4.301763531636028,15.5161109075433
2.78358028280203,4.597725008205049,15.226167075704502
2.9716542764397347,4.921511952965539,14.960624743216604
3.174058835132981,5.274856206459672,14.721501827148012
3.392329634151293,5.659557407122339,14.511204510854213
3.6280291837658383,6.077442997361337,14.332582934021506
3.882744414831487,6.53031374368617,14.188992298547813
4.158078460802275,7.019871038321933,14.084358323037607
4.45563524515997,7.547621532137017,14.02324507002373
4.776995157977871,8.114753953691455,14.010921872834308
5.123679749889503,8.721982398932727,14.05342429485905
5.4971030083159125,9.36935009795414,14.15760164863078
5.89850644962905,10.055987936974942,14.331140484966989
6.3288750283652675,10.77982321050185,14.582549582270971
6.78883083308691,11.537236716488358,14.921087381721975
7.278501857010793,12.322671049614126,15.356607787042872
7.797364004080615,13.128200572820553,15.899295372854722
8.34405617807008,13.94308484152349,16.559257415735296
8.916171105777611,14.753342785653649,17.345939537921687
9.510028766855296,15.541404669939434,18.26733667829399
10.1204451565867,16.285921479620836,19.328984838830436
10.74051657696762,16.9618336575621,20.53274514189384
11.361448282874278,17.540817058684564,21.875432977867483
11.972464975828238,17.99222455438596,23.3474016948021
12.560847335516439,18.28461562612928,24.93125765123338
13.112140613199422,18.387902679044817,26.600949273111784
13.610574844929019,18.27603631052351,28.321516121826804
14.039718394075253,17.930009287563575,30.04977765524088
14.383356022313091,17.340805719209754,31.736159448790023
14.626541708415049,16.511802148134667,33.32768551333128
14.75673178476026,15.460095282181513,34.77192585069271
14.764866650991136,14.216330744569744,36.02143114539678
14.646251945576656,12.8228466174073,37.03799129232193
14.401102267858231,11.330279782825249,37.796000861155974
14.034654359925524,9.793119757745187,38.28434483176049
13.556824044093252,8.264926363487657,38.50650981298965
12.981455811758197,6.793977566155567,38.47899451433887
12.325276698137044,5.4199712532935775,38.22842439038609
11.606702103175888,4.172127482871355,37.78797446532813
10.84464482068677,3.068723006241586,37.193732744216604
10.057453909230304,2.1178303768493443,36.48151833268885
9.26206814131884,1.3188845170883052,35.684468213886674
8.473422414271008,0.6646674348488452,34.831496712235406
7.704105103740717,0.14335841533769633,33.946564918399865
6.964235737239466,-0.25960034269821536,33.048596980120685
6.261516860996951,-0.5599627633308689,32.151843720862864
5.601409679830467,-0.773510655190382,31.266504429147332
4.987386591059931,-0.9152424954588718,30.399454042614398
4.421221621212766,-0.9988677586893853,29.554967841033474
3.9032891950467286,-1.0365415239504805,28.735377739443063
3.432850746166205,-1.0387747490723567,27.941627729911037
3.0083164092584562,-1.0144640421262354,27.1737195548106
2.6274750518072145,-0.9709961647448706,26.431054309165336
2.28769024579485,-0.9143939071931525,25.712683368177927
1.9860626888872779,-0.8494798820127338,25.017484944795665
1.7195613703102046,-0.7800426658051437,24.344282515132598
1.4851267402679338,-0.7089956066519747,23.691919666913012
1.2797495386636113,-0.6385227962484072,23.05930355140198
1.1005289678196262,-0.5702095471363826,22.44542662325836
0.9447137002447684,-0.5051565645398826,21.84937405024877
0.8097288973126714,-0.4440781490523968,21.27032221026512
0.6931920451164637,-0.3873854335552417,20.707532106401402
0.5929200322923537,-0.3352560072958215,20.160340303380927
0.5069295267971955,-0.2876914252521203,19.628149073715946
0.4334323686705948,-0.24456411850693516,19.110416783429237
0.3708273905722934,-0.20565516221217697,18.606649089707613
0.3176898096414952,-0.1706842549846221,18.11639121738695
0.2727591024962978,-0.1393331385828614,17.639221386770274
0.23492607791315884,-0.11126355308693123,17.174745349414483
0.2032196959938735,-0.08613068913552405,16.722591926269015
0.17679404516344926,-0.06359297040792705,16.282409415453102
0.1549157757836403,-0.043318879667309705,15.853862731770556
0.13695219823992225,-0.024991432083594122,15.436631147577877
0.12236018098266463,-0.008310801040458272,15.03040651867105
0.11067592734425111,0.0070044856429573345,14.63489189547237
0.10150566645881084,0.021217437473104728,14.249800436570093
0.09451726101250099,0.03457330539931746,13.874854557242127
0.08943271086465465,0.047300879069610106,13.509785259330693
0.08602151508776894,0.05961420574274879,13.15433160051812
0.08409484421250556,0.0717145993778959,12.808240270735022
0.08350046819723822,0.08379284163791456,12.471265251301155
0.08411838284086184,0.0960315038804739,12.143167538709335
0.08585707717552568,0.1086073415307228,11.823714919982194
0.08865038612469739,0.12169373032080057,11.512681790517506
0.09245487584059353,0.13546312845946792,11.20984900852351
0.09724771320926252,0.15008956049602357,10.915003782735187
0.10302497569534605,0.1657511280256005,10.627939592272071
0.10980036273725169,0.18263255993363162,10.34845613939926
0.11760427510972413,0.2009278210134088,10.076359337717864
0.12648323391173258,0.22084280286821778,9.811461340056958
0.13649961602413205,0.24259812532952463,9.553580612176363
0.14773168795937408,0.26643208043780425,9.302542060426012
0.16027392496743556,0.2926037545533877,9.058177223855221
0.17423760706171443,0.32139636756508183,8.820324544045903
0.18975168829509426,0.35312087158610744,8.588829729296487
0.20696394017010245,0.3881198550832394,8.363546233870878
0.22604237453600107,0.42677180216231536,8.144335878044375
0.24717695574196522,0.4694957607914764,7.931069640863057
0.27058161621273147,0.5167564781142828,7.7236286651750365
0.29649659402303463,0.5690700656871156,7.521905523948353
0.3251911154965695,0.6270102624271724,7.325805808601534
0.3569664503619022,0.6912153681837762,7.135250114582745
0.39215937156546055,0.7623959259796362,6.9501765174126335
0.4311460564534181,0.8413432358443453,6.770543654680786
0.47434647064299373,0.9289387873771081,6.5963345570722
0.5222292804198865,1.0261647011364785,6.427561405643351
0.5753173437727106,1.1341152698039758,6.2642714347871085
0.6341938339736032,1.254009687580242,6.1065542524665135
0.6995090525851261,1.3872060487112388,5.954550913582147
0.7719879904016196,1.5352166809667507,5.808465161419024
0.8524386943749015,1.6997248538902874,5.668577349120983
0.941761494970809,1.8826028599574707,5.535261671676669
1.0409591401603582,2.0859314028380713,5.409007483042612
1.1511478672744262,2.3120201316802635,5.290445647184689
1.2735694193312357,2.5634290212719493,5.180381080464215
1.4096039741519237,2.8429900980889813,5.079832889943958
1.560783897068593,3.1538287285704274,4.990083800463416
1.7288081437254343,3.499383287466165,4.912740892377357
1.9155570180938837,3.8834214694898717,4.84981003575141
2.1231068185270665,4.3100507424865455,4.803786789970016
2.3537436630313606,4.783719394720535,4.777766908455436
2.6099754497021515,5.309203214166861,4.775579888993898
2.894540448164402,5.891570945912368,4.801949143104652
3.2104103934335826,6.536119180196666,4.862682163583505
3.5607851168527347,7.248264096653559,4.964893297327126
3.9490746442492384,8.033373415342894,5.117259999447262
4.378863260772932,8.896516932754434,5.330310192302268
4.85384823398195,9.842108255522106,5.616732780336091
5.377743678647223,10.873404196466831,5.99169439403937
5.954137480947636,11.991822727830726,6.473131674362561
6.586286447063113,13.196037273533776,7.081968280215753
7.276832299104815,14.480807761393894,7.842177829121042
8.027419575328414,15.835522544179982,8.780577498102492
8.838197216013416,17.242457812718147,9.926193517089933
9.707190681673065,18.674822639099606,11.308995209631151
10.62954374293082,20.09475933385435,12.957762187033797
11.596652142440444,21.45161786047332,14.896854755479477
12.595248563750504,22.681014640533068,17.141739030360338
13.60655119788608,23.705388600551405,19.69332399183726
14.605653009082545,24.436906020989948,22.53153974577755
15.561392624741517,24.78351433544227,25.60912501416601
16.4369850118745,24.65854568240992,28.847203828903826
17.191663742491162,23.99340716871299,32.1346828235913
17.783459216273734,22.75162042742509,35.333431399723636
18.17299379891353,20.94114360433678,38.2902697822472
18.32785143303571,18.621183909517065,40.8549199670386
18.226776493117903,15.900290686331932,42.90075528464803
17.862814584267944,12.92465763153149,44.34343539867788
17.244637065272187,9.858647162544242,45.152412479435334
16.39569348955261,6.862228055393741,45.35222801305385
15.351378607988742,4.070953346564826,45.01375245195714
14.154873710215782,1.5828653975764233,44.23854870443712
12.852553669028515,-0.5459545422248175,43.14104006566409
11.489792867682102,-2.298207694555934,41.83276251891136
10.107734817903195,-3.6872819604369145,40.41129644319618
8.74125214486445,-4.74729169464857,38.95451991008984
7.418037683956315,-5.523652113813706,37.51938336643707
6.158594132800754,-6.0655491409608056,36.14374376925302
4.976829664837171,-6.4207274915277806,34.849780409482925
3.88098705238923,-6.632404273197646,33.64785151312504
2.874694195436698,-6.737830421566331,32.54007971863896
1.9579934040864932,-6.7679727644446315,31.523322636629892
1.128267490273148,-6.7478652938039865,30.591437676033607
0.38102586495806534,-6.697296740491474,29.736893608401882
-0.28945663823218737,-6.631615711886597,28.951844071105164
-0.8896385627244042,-6.5625248714168265,28.2287915105463
-1.4263305387024956,-6.498798569037952,27.5609580330024
-1.9064137149579683,-6.446898057195143,26.942457792900854
-2.3366383945493583,-6.411481141397867,26.368342504173867
-2.723485537809565,-6.395814567543229,25.83457138899436
-3.07307650011155,-6.402102062108945,25.337940684235885
-3.3911190544091805,-6.431741758379581,24.87599566566063
-3.682880151261545,-6.485525685918353,24.446939420793314
-3.9531778999171783,-6.563792199019746,24.049546560411127
-4.206386910139045,-6.6665402802670775,23.68308601339876
-4.446452454305577,-6.793512868980015,23.34725442860576
-4.676909945997888,-6.944254844082504,23.04212006850125
-4.900907038540119,-7.118150057267954,22.768076095856355
-5.1212262730938285,-7.314440844452971,22.525801591887166
-5.340306691836365,-7.532232707360486,22.316228338646248
-5.5602632112373005,-7.770486319684066,22.140511239284923
-5.782902851219478,-8.027998647966683,22.00000016565601
-6.009737161136643,-8.303374769456216,21.896210971439057
-6.241990392744297,-8.59499190961869,21.830793371022704
-6.480603161091698,-8.90095730905529,21.805493358664528
-6.726231522316611,-9.219061765253393,21.822107843898216
-6.979241597185598,-9.546731080680257,21.882429237516792
-7.239700093982566,-9.880978181891477,21.98817788149422
-7.507361345049028,-10.218359340059973,22.14092053247182
-7.781651775695488,-10.5549386885531,22.341973648561872
-8.061653074991138,-10.88626603801911,22.592291064484808
-8.34608573017547,-11.207373739113521,22.89233683691779
-8.633295004695135,-11.512798901693653,23.241945647414685
-8.921241855204867,-11.796637468908722,23.640175171695866
-9.207501650343799,-12.052636252049048,24.085157204144252
-9.489273811839507,-12.274327829617716,24.5739569162545
-9.763405569568583,-12.4552109964357,25.102452165146083
-10.026432820670088,-12.588976086957056,25.6652468682249
-10.274640525083559,-12.669770007301217,26.255633631771854
-10.504144091733929,-12.692490423612254,26.8656205203962
-10.710991787518582,-12.653092768508627,27.486034578494653
-10.8912863749737,-12.548888317172382,28.10671013648749
-11.041322074868866,-12.378807539671568,28.716763050522665
-11.157730765327866,-12.143601314050398,29.304943283355744
-11.237629352946433,-11.845954285929201,29.860048591354712
-11.278758807715173,-11.490490164296233,30.371372932879073
-11.279604751018953,-11.083657877273525,30.829156180206933
-11.239489950625144,-10.633499337880938,31.22499831907607
-11.158630688778151,-10.14931245821904,31.552202586712887
-11.038151624028332,-9.641234958615307,31.806018151966793
-10.880057171921539,-9.119783425105402,31.983763247629867
-10.687161147722172,-8.595386446619749,32.08482254078392
-10.462979945166364,-8.077949845408588,32.11052587178987
-10.211597400820015,-7.576486339692868,32.06392716865589
-9.9375113675684,-7.098832672862247,31.94951065264224
-9.64547272629259,-6.651466086746531,31.77285546899515
-9.340327129116154,-6.239420898400391,31.540289563053275
-9.026868383879075,-5.8662964580720205,31.258559700314205
-8.709710358751517,-5.5343409562204045,30.934538208325925
-8.39318194767295,-5.2445917960172235,30.574979658132797
-8.081247306759339,-4.997052367637054,30.18633352159156
-7.777451495625592,-4.79088647007784,29.774612726524722
-7.484889993032896,-4.624614559453458,29.345313474867005
-7.206199371612644,-4.496299693962471,28.903378814000295
-6.943565705846227,-4.403714854925427,28.453197108901357
-6.698746993567666,-4.34448679584252,27.99862644186617
-6.473105908159212,-4.316214444187567,27.543036697802663
-6.267649471769362,-4.316562052681108,27.089362323294193
-6.083072660179268,-4.34332878443761,26.64016018477794
-5.919803442084175,-4.394497307255255,26.197668381935244
-5.778047261592588,-4.4682643866557825,25.763863160767965
-5.657829452102136,-4.56305653030256,25.340512145855048
-5.559034497108485,-4.677533561401168,24.92922295033571
-5.481441415913042,-4.810582678774125,24.531486834516897
-5.42475484561891,-4.961305167485082,24.14871749687867
-5.388631617365921,-5.1289975066282,23.782285329388216
-5.372702790321692,-5.313128213596393,23.433547587643304
-5.376591219341341,-5.513311387157935,23.10387494696179
-5.399924799977709,-5.729277576158627,22.794674863905865
-5.442345566149517,-5.960842311877251,22.507412058396827
-5.503514819257358,-6.207872402016821,22.243626288160762
-5.58311445023834,-6.470249893891412,22.00494741338076
-5.680844584725061,-6.747833474901013,21.793107549947607
-5.796417642435497,-7.040416992877825,21.609949886967758
-5.929548861282853,-7.347684752919425,21.457433499571124
-6.079943300675157,-7.669163289695101,21.337633223525266
-6.247279313705793,-8.004169437260947,21.252733378073774
-6.431188471763517,-8.351754737936602,21.205013836620196
-6.6312319458042985,-8.710646566316274,21.19682666708286
-6.846873405465059,-9.079186813679717,21.230561320171198
-7.077448600626625,-9.455269599860078,21.308596171955504
-7.32213195068258,-9.836280265615397,21.433234179081367
-7.5799006948911005,-10.2190388473543,21.60662054909669
-7.849497460938804,-10.599752324365511,21.830640748346543
-8.129392491893723,-10.973981100230764,22.1067979606822
-8.4177472299465,-11.336626333558513,22.43607036826831
-8.712381472726891,-11.681945711203129,22.81875043199725
-9.01074686207987,-12.003605840061368,23.25427074318741
-9.309909982803399,-12.29477934324943,23.74102396474449
-9.606548763315685,-12.548293666998367,24.276187728182528
-9.89696608192658,-12.756836226016702,24.85556879938398
-10.177124374768741,-12.913216604409019,25.473483890937537
-10.442704494377104,-13.010681026076465,26.1226965341615
-10.68919097963582,-13.04326743175732,26.794429671035576
-10.911984214472263,-13.0061818390752,27.478471338316716
-11.106537701396041,-12.89616921429781,28.1633854424883
-11.268515993942884,-12.711846193936994,28.83683103293901
-11.393965980956983,-12.453960162026625,29.485982163997637
-11.479491570239661,-12.125540756563,30.09802762087287
-11.52241982269487,-11.731916636689363,30.660717367688758
-11.52094567525849,-11.280582168479052,31.1629128414293
-11.474242890022895,-10.78091434932819,31.595093350416224
-11.382530906316106,-10.243757529330557,31.94977235517602
-11.247090718506788,-9.68090941726009,32.22178566531651
-11.070227354915692,-9.104553613767,32.40842754042129
-10.855181387795652,-8.526689358428065,32.50942805879354
-10.605996468935324,-7.958607445867197,32.52678291153533
-10.327353522793107,-7.410452963610358,32.46446198527239
-10.024384484057116,-6.890902493210012,32.328033412480586
-9.702479144685457,-6.406968284784995,32.124244063718784
-9.367097855300399,-5.963927313423617,31.860595885714698
-9.023600809051782,-5.565361181713012,31.54495126222735
-8.67710185768799,-5.2132848007347885,31.185191504706165
-8.332351736507263,-4.908337974981598,30.788942585061495
-7.993652619832688,-4.650013970539813,30.363372920205716
-7.664803395057831,-4.4369019134573024,29.915060492134653
-7.349073105010711,-4.266924329088619,29.449921341384588
-7.0491987186218665,-4.137556255831877,28.973188514376528
-6.767402708468039,-4.0460173413450455,28.489429548089074
-6.505425741225602,-3.9894326339724877,28.002591041287076
-6.264569996930782,-3.9649611607169257,27.51606026233242
-6.045749096970962,-3.9698937869112307,27.032735613173788
-5.8495412253879735,-4.001723369108747,26.555099748701515
-5.676242682843386,-4.05819100015291,26.08529099895781
-5.525919752037463,-4.13731238424811,25.625170322150574
-5.398457335135828,-4.2373882403189524,25.176382273756307
-5.293603324493255,-4.35700225719079,24.740409411619783
-5.211008078599677,-4.495009624532096,24.318620202262963
-5.150258696447202,-4.65051861781145,23.912310898429844
-5.110908022244595,-4.822867175593657,23.522742074351385
-5.092498478630854,-5.011595904311914,23.151170581355384
-5.0945809315297526,-5.216418495198859,22.79887766242428
-5.116728844743384,-5.437190146414348,22.467193871077406
-5.15854799770609,-5.673874250774505,22.157521299513366
-5.219682024784612,-5.926507333263014,21.871353447381935
-5.299813997218366,-6.195161999554499,21.610292863493036
-5.398664216322011,-6.479907485106458,21.376066470941574
-5.515984325242393,-6.780767274403342,21.17053824091527
-5.651547782291978,-7.097673195516497,20.995718609458745
-5.805136677593368,-7.43041539438664,20.853769732144123
-5.976524822827481,-7.778587669155856,20.747005343087867
-6.165457008532002,-8.141527815772642,20.677883630065203
-6.371624313203598,-8.518252925473217,20.648991166149997
-6.594635373618487,-8.90739001046714,20.66301556965706
-6.83398359831586,-9.307102946354677,20.72270423103868
-7.089010439786184,-9.715017536950615,20.83080619827521
-7.3588650503469,-10.128147549646187,20.98999422316225
-7.642460946509648,-10.5428258397946,21.202764135704992
-7.938430708863568,-10.954646152378803,21.471309252121667
-8.24508025511522,-11.35842278218185,21.797368571029423
-8.56034483804504,-11.748176847206288,22.182049213130394
-8.88174961583453,-12.117159257930485,22.625626030965662
-9.20637837361853,-12.457921227388828,23.12732461438523
-9.530854665924922,-12.762442956984367,23.685097987099233
-9.851340189092195,-13.022329489325761,24.29541189680997
-10.163555436767195,-13.229079198045333,24.95305827910838
-10.462827472856201,-13.37442467251976,25.651020490527948
-10.744168806042627,-13.450737822753219,26.38041628112617
-11.002389733039815,-13.451481294160612,27.13054409487641
-11.232244078796668,-13.371677738581083,27.889054100458402
-11.428605075181906,-13.208358736100406,28.642256694052453
-11.586664428903303,-12.960948262405307,29.37556812970607
-11.702143859839923,-12.631533714101998,30.074076481436194
-11.77150511714514,-12.224982369615017,30.72319348799855
-11.79214234088395,-11.748873458904193,31.30934202539568
-11.762540202916833,-11.213234892760696,31.820618356376603
-11.68238288688226,-10.63009664344928,32.24736576142648
-11.552602666254167,-10.012895939687331,32.58260311412982
-11.37536222698607,-9.375788523572806,32.82226789549104
-11.153971219134673,-8.73293150669384,32.96525547573982
-10.89274386061159,-8.097804756099954,33.01326117435617
-10.596809799380935,-7.482629298202312,32.97045412615085
-10.271894111926589,-6.897925086331799,32.84302850922532
-9.924083869641052,-6.352230173392479,32.638685984012554
-9.559598137835781,-5.85198280373212,32.36610294693776
-9.184575935422739,-5.401550555600344,32.034428840032184
-8.80489315930099,-5.003378570084272,31.65284979581687
-8.426015427617529,-4.658222806076663,31.230238164252455
-8.052889824192926,-4.3654336401026015,30.774895434167156
-7.6898750865469845,-4.123258662250156,30.29438542497946
-7.340707138557065,-3.9291395747528837,29.795447203723572
-7.008495113767241,-3.779985142977061,29.28397303142324
-6.695742095463809,-3.6724089864463316,28.765035292534886
-6.404384575537354,-3.602926867389064,28.242947081490836
-6.135844927210738,-3.5681126752212258,27.72134313711426
-5.891091816714929,-3.5647154651560045,27.203270452230623
-5.670704288307749,-3.589741832713814,26.69128063113384
-5.474936122228359,-3.640508835728069,26.187518587872034
-5.303777899268529,-3.7146728775738325,25.69380429431058
-5.157014954414426,-3.8102396836345904,25.211705936015008
-5.034280037572303,-3.9255599366726384,24.742604030708083
-4.935100013008144,-4.059314434411618,24.287746866205463
-4.858936324735971,-4.21049189618113,23.848298098134936
-4.805219244010529,-4.378361838526152,23.42537758949486
-4.773376112157754,-4.562444297150429,23.020096642975023
-4.762853912933984,-4.762477609445005,22.633588728953686
-4.773136568432579,-4.9783849904645825,22.2670366894015
-4.803757364652208,-5.210240230642485,21.92169722988233
-4.854306888673418,-5.458232507553674,21.598923316723003
-4.924436808507154,-5.72263002781586,21.30018488361171
-5.013859756928311,-6.003741991197457,21.02708802393595
-5.122345498487215,-6.301878192218817,20.781392599672575
-5.249713469979047,-6.6173054436938346,20.565027928849005
-5.39582169408425,-6.950199925076986,20.380105913940973
-5.560551978897508,-7.300594535011486,20.228930635223527
-5.743791238515572,-7.668320377439073,20.114003049734553
-5.945408708877967,-8.052941656652475,20.03801900562124
-6.165228797623777,-8.453683529200063,20.003858307481696
-6.402999308237746,-8.869352897724402,20.01456206586958
-6.6583548314717085,-9.298252778043771,20.073295064110372
-6.930775218247356,-9.73809177326217,20.183289430415204
-7.219539258004044,-10.185891390751438,20.347765593649147
-7.523674006387301,-10.637895467946167,20.569826441922142
-7.841900657201499,-11.089487828085502,20.852320947037917
-8.172578451913981,-11.535126410361066,21.19767445293537
-8.51364887124099,-11.968304371425939,21.60768456416715
-8.862583244066796,-12.381550785801126,22.083284318659313
-9.216337896629602,-12.766485192853027,22.624278242770707
-9.571321966995923,-13.113940813030679,23.229061997482738
-9.923383894498496,-13.414170129737188,23.894342447694882
-10.267823176277487,-13.657143005087848,24.61488162133601
-10.599434032976948,-13.832940969030489,25.383294274832647
-10.91258689103284,-13.932241511525131,26.189933337930594
-11.201351841186572,-13.94687341792777,27.022898753678565
-11.459665332048324,-13.870409546963009,27.86820148878343
-11.681537330510409,-13.698749039787117,28.710104480971303
-11.861291292428435,-13.430629683073432,29.53164566362018
-11.99382407766662,-13.068006322222482,30.315326067505154
-12.074868202896859,-12.61623570919273,31.043921171998225
-12.101235481654335,-12.084023450441514,31.70135051041076
-12.071020030457497,-11.483114010815934,32.273524099025366
-11.983740413913923,-10.827736626004247,32.7490790689896
-11.840405459598278,-10.13385289215072,33.11992846276406
-11.64349549550001,-9.418279219395773,33.38156601395289
-11.396859401998348,-8.697773553905693,33.53310214610846
-11.105536544561643,-7.98817754150608,33.577041313665106
-10.775519962936274,-7.303692749906074,33.518842342449986
-10.413482044350415,-6.656346038802132,33.36632590416939
-10.026485745657133,-6.055670127041258,33.12900350376438
-9.621703304354494,-5.508596784838976,32.81740023901404
-9.206160861347914,-5.019536744941577,32.44243158247333
-8.786522395280413,-4.590605226146593,32.014876529521146
-8.368920803120389,-4.2219455167609405,31.544969902342597
-7.958838693611849,-3.9121041961088414,31.04211889013144
-7.561037079542706,-3.658418058873078,30.514735234659728
-7.179526966063295,-3.4573821629737593,29.97016567173679
-6.817576885958526,-3.304978472923856,29.41469906146693
-6.4777485961541235,-3.1969537612267804,28.853628166541096
-6.161953187734712,-3.129042881933591,28.29134609268636
-5.8715205070586665,-3.0971389395141453,27.731460858458284
-5.607275788271534,-3.097415340316193,27.17691550076162
-5.369618552942299,-3.1264065547215854,26.630104915166743
-5.1585999909759535,-3.181055039557217,26.092983907965934
-4.973996101366366,-3.2587315644679644,25.56716354189785
-4.8153747885181435,-3.3572354828018494,25.05399477639166
-4.682155859212477,-3.474780537259655,24.554639708377756
-4.573663448202855,-3.6099707659777924,24.070131523065285
-4.489170831355181,-3.761770084016663,23.601424685885032
-4.4279378850752655,-3.929468217698253,23.14943705735625
-4.389241642280049,-4.112644890217689,22.715085583469104
-4.372400500263251,-4.311133500136424,22.299317075446282
-4.376792673981294,-4.524984990982995,21.90313539440118
-4.401869476015978,-4.754432165398015,21.527626131047658
-4.447163955132606,-4.999854334312955,21.173979636916627
-4.512295349472301,-5.2617418944821015,20.843513029515393
-4.5969697160904985,-5.54066018249143,20.537691559655464
-4.700976991943004,-5.837211749617091,20.25814948921122
-4.824184627290821,-6.151996033112058,20.006710372282893
-4.966527814764466,-6.48556526398142,19.785406349847776
-5.1279962196527675,-6.838375353102518,19.596495743654284
-5.308617003373414,-7.21073044755522,19.442477855156927
-5.508433827598587,-7.6027198663968525,19.3261034267529
-5.727481438006665,-8.014146238777704,19.250378696033447
-5.965755363602537,-8.444443917426517,19.218560366676197
-6.2231762429933495,-8.892587179513672,19.234138141212334
-6.4995483202544495,-9.356988418978874,19.300800738898246
-6.79451176234772,-9.83538755303318,19.422380611153315
-7.107488664802134,-10.324735286667602,19.60277195993583
-7.437622964139621,-10.821074768398445,19.845816302202344
-7.7837149978834645,-11.319428562774265,20.15514990571204
-8.144152176852392,-11.813700732623042,20.534008209479722
-8.516838180493451,-12.296607034573915,20.984984151433
-8.899124253321272,-12.759649498605429,21.50974049586943
-9.287747531491364,-13.193154495490933,22.10868108749718
-9.678782771031674,-13.58639506652991,22.78059262417008
-10.067615219228571,-13.927817840790171,23.52227692622848
-10.44894342059131,-14.205391196359768,24.328203229472873
-10.81682115060476,-14.40708338768968,25.190219579058564
-11.164747042963848,-14.521466493673659,26.097370105568707
-11.485808446283569,-14.538424382294107,27.035868380526463
-11.772882347969846,-14.449921832746915,27.989273496587593
-12.018890801330341,-14.250770443912197,28.93890274513098
-12.217101508655412,-13.939309384486723,29.86449185497454
-12.361456803469219,-13.517910597274982,30.745082053162157
-12.446907406103255,-12.993223470516046,31.56007686681863
-12.469722412038578,-12.37609580423522,32.29037733376664
-12.427745368926013,-11.68114505070054,32.91948015712529
-12.320568922513752,-10.926000907857055,33.43441648132566
-12.149607496157493,-10.130288438560353,33.82642323661878
-11.918057992222192,-9.314459640500644,34.09127320708843
-11.630750894533572,-8.49860208778009,34.22923769696177
-11.29390625948352,-7.701351520825041,34.24470686502161
-10.91481881734271,-6.939012338501532,34.1455367496254
-10.501502247883625,-6.224952152520949,33.94222042829131
-10.062324031935567,-5.569293046410037,33.646989893200036
-9.605659449501811,-4.978882074653395,33.272946288312056
-9.139587367784488,-4.45749357244477,32.83329415562561
-8.671642879167242,-4.0061991459792905,32.34072702733797
-8.20863403608753,-3.6238374057408325,31.806983494876974
-7.75652301299127,-3.3075217660073255,31.242569447679294
-7.3203666926337,-3.053137059873802,30.656625879558213
-6.904308173327235,-2.8557905253884477,30.05691281790709
-6.511608927768945,-2.7101969828515884,29.449877430247074
-6.144711000517431,-2.61098995225293,28.840776409807173
-5.8053193086041865,-2.5529592974445423,28.233827461365756
-5.494495412384563,-2.5312217372529067,27.632370518438794
-5.212755718212752,-2.5413336894358043,27.039025092711338
-4.960168713320089,-2.5793570511100286,26.455835209877492
-4.736447354520884,-2.6418883115663476,25.884397416919587
-4.541034046591856,-2.7260603861844857,25.32597030718212
-4.373176718021825,-2.829525165951897,24.78156600779168
-4.231995332120033,-2.9504232772195444,24.25202528699318
-4.1165387822155,-3.087346112800133,23.738078560941815
-4.025832542998821,-3.23929391882865,23.240395288511113
-3.9589177207640214,-3.4056326371411805,22.759624185772566
-3.9148822964508003,-3.586051311295251,22.296426480993546
-3.8928854159581188,-3.780521147983335,21.85150414567799
-3.892175576263762,-3.9892567582044904,21.425624729345493
-3.9121035025720086,-4.21267965568599,21.019644126024815
-3.9521304256681007,-4.451383736553704,20.634528323610528
-4.01183236069389,-4.706102180098479,20.27137493684027
-4.090900866349627,-4.977674975472413,19.93143509648144
-4.189140632291739,-5.267016077162956,19.61613605184954
-4.3064641056285184,-5.575079011253701,19.32710462777422
-4.442883227068556,-5.902819587401922,19.066191444567448
-4.5984982049346845,-6.251154215808125,18.83549554217735
-4.773483112321676,-6.6209121879144615,18.637388727417637
-4.968067951119025,-7.012780165357398,18.4745385644745
-5.182516689734986,-7.4272370546021715,18.349928431937265
-5.417100654670164,-7.86447745767269,18.2668724539426
-5.672066548446044,-8.32432203062621,18.229022362920283
-5.9475982912448675,-8.806113417303402,18.240362461145807
-6.243771860430725,-9.308597043341575,18.30518783022929
-6.560502357803061,-9.829787062183744,18.428059833932057
-6.897482704449315,-10.366819265427571,18.613731857701598
-7.254113691764363,-10.915794934637457,18.867037279801405
-7.629425656549497,-11.471622534316914,19.192731110744575
-8.02199285364185,-12.02786788481911,19.59527690987926
-8.429842722186642,-12.57662795531219,20.07857194040818
-8.850363713789287,-13.108448434465592,20.645606599557812
-9.28021716517109,-13.612310238760827,21.29805953484486
-9.715260779940655,-14.075714197979355,22.035838016942023
-10.150493459256115,-14.484894980677781,22.856584280769816
-10.580033185354656,-14.82519317424223,23.75518229716874
-10.997140966038138,-15.081606430182946,24.723314540778695
-11.394303915239473,-15.239525114748753,25.74913237133058
-11.763388739566096,-15.285634316534997,26.81711304374264
-12.095872666786033,-15.208933501734283,27.90817666606953
-12.38315191320759,-15.001791251299364,29.00012328048549
-12.616918377787004,-14.660921802393094,30.068420883382043
-12.789584306205501,-14.188151029809921,31.08733021250093
-12.894723866063002,-13.590840634255446,32.03129684225793
-12.927492140297769,-12.881866449526601,32.876485772078546
-12.884978284930174,-12.079099929069017,33.602291634859824
-12.76645223318225,-11.204413454588481,34.19264174151062
-12.573473853754129,-10.282305755662144,34.636927208518586
-12.309848773471227,-9.338305897060017,34.93044855987902
-11.981433543177543,-8.397347729824636,35.074336205346256
-11.595810974551524,-7.482303602625128,35.07498614577198
-11.161870885301047,-6.612828695745776,34.94311889455132
-10.689339729935307,-5.804606670102525,34.69261112389846
-10.188303787235824,-5.069019220227847,34.339259362282576
-9.668765446261474,-4.413201796945111,33.89961632788367
-9.140262574586652,-3.8404056468509595,33.39000257640201
-8.611569357535808,-3.35056625727206,32.82575076661844
-8.090485599223939,-2.940978266990441,32.22069733775314
-7.583711905755378,-2.606991207460104,31.58690350511332
-7.096801288244792,-2.3426622555024044,30.934566891600593
-6.634173686364655,-2.1413255240256333,30.272076193367212
-6.199178380756402,-1.9960581623157645,29.606161433894087
-5.794189631675449,-1.9000395616254526,28.94209833220096
-5.420722487002717,-1.8468107726363054,28.283934095831846
-5.079557952112321,-1.8304473897359652,27.634711275684708
-4.770869150482445,-1.8456616875332617,26.996674754067794
-4.494342420667193,-1.887849845189303,26.37145377280269
-4.249289317548609,-1.953098661941309,25.76021596302563
-4.034747139452306,-2.038164014792877,25.16379375070898
-3.849566881180877,-2.140430955368353,24.58278557483239
-3.6924884493821204,-2.2578631002944243,24.01763540370276
-3.5622036228280525,-2.3889469983978877,23.468694380719953
-3.4574076530500353,-2.532635516810528,22.936268331268597
-3.3768406341716948,-2.688292974011024,22.420654512460352
-3.3193198714101646,-2.8556437263276138,21.922170524403544
-3.28376448380627,-3.0347251379719786,21.44117781497214
-3.2692134182125647,-3.2258452839275393,20.97810175262609
-3.2748379509445558,-3.4295453044672146,20.533449840529595
-3.2999496271283917,-3.6465660103724113,20.107829309222677
-3.3440044470194237,-3.877818096271594,19.701965052380867
-3.406603960877703,-4.124355129150509,19.31671865192842
-3.4874937838268085,-4.387348318417235,18.95310906223292
-3.5865598916861408,-4.668061925671956,18.612335373321866
-3.7038229085797156,-4.96782802296704,18.295801933493536
-3.8394304465361793,-5.288019147672369,18.005145964321564
-3.993647404915326,-5.63001722341939,17.74226762597073
-4.166843981627338,-5.995176917469985,17.509362265525972
-4.35948098722567,-6.384781388159713,17.308954280041778
-4.572091886292292,-6.799988152223159,17.14393161984824
-4.805260818880422,-7.241762591793472,17.01757941312945
-5.05959568151503,-7.710796460354372,16.933610473923128
-5.335695179751605,-8.20740869163072,16.896189526305633
-5.6341086157598514,-8.731425947461977,16.909946806612766
-5.955287066145712,-9.282040775450385,16.97997527661121
-6.299524569368224,-9.85764613903545,17.111804006604324
-6.666888024413604,-10.455646627493604,17.311338433409038
-7.057134764739661,-11.072249083027872,17.584756311614402
-7.469617292965881,-11.7022389443831,17.938346527091568
-7.903175536613095,-12.338753521458269,18.378276964699957
-8.356018315307841,-12.973069797880617,18.910277957547482
-8.825597588559507,-13.594432096062238,19.539230352976123
-9.308481536605012,-14.189953524657303,20.268652951340062
-9.800235590276733,-14.744633460696972,21.100094092574956
-10.29532400592273,-15.241539520049647,22.032447330398423
-10.787048110016746,-15.662203809217036,23.061231596344676
-11.267540286561768,-15.987276317586037,24.17790085235283
-11.727834244100267,-16.19745959984867,25.369273824806818
-12.15803096535585,-16.27471594867625,26.617195465066843
-12.547574884421948,-16.203691261293564,27.898550559977355
-12.885645453358554,-15.973243355519093,29.18573780037592
-13.16165532757191,-15.577906681756646,30.44767272568207
-13.365829106568446,-15.019085192399771,31.65131876538197
-13.489818535825385,-14.305757301892031,32.763654305525705
-13.527295135106563,-13.454514257643396,33.75388756434417
-13.474453601394867,-12.48883832227692,34.59565470419774
-13.33036240808386,-11.43764762328465,35.26890505221344
-13.097112950134056,-10.333264005247603,35.76120647348483
-12.779743501797302,-9.209065482904053,36.068292833733324
-12.385944432694096,-8.097137229578253,36.193804270860696
-11.925580232610764,-7.026221002919564,36.148306906253914
-11.410085880470355,-6.020189206691844,35.947787489422886
-10.851805995111148,-5.097159920407955,35.6118765323649
-10.263344111988594,-4.269253915965102,35.16205425709721
-9.656978332982568,-3.542900864027277,34.62004732834774
-9.044182352341329,-2.919545220914067,34.006551224873306
-8.435271799804914,-2.3965850941674987,33.34033522984101
-7.839178581545729,-1.9683919661147866,32.63772133964542
-7.263342700895669,-1.6272929112060317,31.912383759728513
-6.713702721804351,-1.364437365645288,31.17539331596818
-6.194762285154373,-1.1705082406599,30.43542718074109
-5.709709925961195,-1.0362669790792596,29.699072706262335
-5.2605716690468,-0.9529424031889763,28.971168849846844
-4.848379387881684,-0.9124846604382666,28.25514496652128
-4.473341827077409,-0.9077101961281805,27.553331634833103
-4.135008931806197,-0.9323636879337284,26.867230190817097
-3.832423371958081,-0.9811202164004326,26.197736388851023
-3.564255763679675,-1.049547082436219,25.54531935831526
-3.3289220718838135,-1.1340405812028789,24.91016035696191
-3.1246830914698367,-1.2317492525964608,24.292257380642727
-2.9497268502472407,-1.3404919066234593,23.691502059052006
-2.8022353558929645,-1.4586761344028765,23.107734917292348
-2.6804374166362304,-1.5852210246148406,22.540784357214868
-2.5826493795032857,-1.7194863254666137,21.9904938435261
-2.507305613135733,-1.8612092248013536,21.45674091258078
-2.4529804615033393,-2.010449172099757,20.939450837380345
-2.4184032445501282,-2.167540655292446,20.438607117659807
-2.402467706036687,-2.333053507240388,19.954260428476122
-2.4042371238655353,-2.5077601004009797,19.48653724774422
-2.4229461144815345,-2.6926086544424477,19.03564907786723
-2.4579999867570015,-2.8887018006029925,18.601902960987847
-2.5089723352591893,-3.097279495598031,18.18571384323004
-2.5756014088987196,-3.319705339057392,17.78761925361425
-2.6577856480085296,-3.5574553074888184,17.408296712829397
-2.755578649059023,-3.8121078625741407,17.048584261982253
-2.869183688736805,-4.085334311619034,16.70950448901132
-2.9989478145614776,-4.378888183498413,16.392292417890726
-3.145355383582834,-4.694592225393423,16.09842759922646
-3.309020799533612,-5.034321415615021,15.82967068411884
-3.4906800573317196,-5.399980118644402,15.588104656028555
-3.6911805471185213,-5.793471175256338,15.37618071193026
-3.9114683933566985,-6.216654322516086,15.196768490749863
-4.152572403871359,-6.6712908822325225,15.05320990092444
-4.415583476643959,-7.1589711610230164,14.94937514574033
-4.701628059104212,-7.681020508728399,14.889718618925023
-5.01183398097205,-8.238379551946844,14.8793310672748
-5.347286700580133,-8.83145386571887,14.923982709765905
-5.708973741147278,-9.459928437357132,15.030149787090568
-6.097714889989656,-10.122542957596423,15.205014242098624
-6.5140756562456446,-10.816825585399375,15.456422913038445
-6.958261628481321,-11.538785817049819,15.792788889074727
-7.429991877277232,-12.282571983027982,16.22291386121811
-7.928350585073854,-13.040106274231634,16.755707034316924
-8.451617867399682,-13.800720561538686,17.399774500605748
-8.997083502617016,-14.55082982185012,18.162854487598743
-9.560851207806936,-15.273696277319154,19.051080702115794
-10.137646271850148,-15.949354829218144,20.06807060327678
-10.720645635566042,-16.554785801939396,21.213860264497228
-11.301356354498967,-17.06442911211206,22.483743913969082
-11.869574700497846,-17.451127434058694,23.8671231838534
-12.413462208304892,-17.6875564379934,25.346523208012798
-12.919774427408555,-17.748140872177093,26.89697890043061
-13.374270466842072,-17.611364712832433,28.486018097053876
-13.762314650854155,-17.26227052861742,30.07444869399381
-14.06965542346932,-16.69482982750031,31.618077719512335
-14.283333518060186,-15.913787123736208,33.07034747875427
-14.392637172597494,-14.935574597649047,34.38568543305391
-14.389995391453159,-13.787989264664239,35.52317308870582
-14.271690079665467,-12.50852010652667,36.45000395226815
-14.038280736617407,-11.141470479641445,37.14417637383793
-13.694671846515046,-9.734271980227534,37.595979156848294
-13.249806461273863,-8.333553281295416,37.80805535694399
-12.7160273492656,-6.981558981586309,37.79410920084068
-12.108195458399534,-5.713403715791551,37.5765705180544
-11.442683499731977,-4.55543794749775,37.183683124534106
-10.736365973204054,-3.5247635627571823,36.646510120923004
-10.005708833440025,-2.62973671223009,35.99626585410809
-9.2660301260354,-1.871173700226608,35.26223662374321
-8.530966780003146,-1.2439411671075682,34.47039219995161
-7.812150294104596,-0.7386462682681494,33.64265794370506
-7.119070103835512,-0.3432159800213976,32.79673247071952
-6.459089419893884,-0.04423820990280436,31.946299270505055
-5.837573249859878,0.17198904751032995,31.10148167383737
-5.258089808392595,0.31870037945348095,30.269414235949046
-4.722651969487682,0.40816450723046777,29.454836589679154
-4.231972576681831,0.4513965948262014,28.660648703106414
-3.7857147118922616,0.4580303774039044,27.888394062820883
-3.382724492270049,0.4363036828056607,27.13865773005654
-3.0212391986044684,0.39311881800639525,26.411379702366382
-2.6990674693541834,0.3341479770872077,25.706091798630275
-2.4137410493121685,0.2639618310483137,25.02208990112625
-2.1626393745947947,0.1861661313207161,24.35855425044325
-1.9430893344373454,0.10353635299725117,23.714629724880247
-1.752443081069726,0.01814424387660879,23.089476455780755
-1.5881369299762789,-0.06852713455176102,22.48229926612808
-1.4477343326173682,-0.15548143479991117,21.892362589456823
-1.3289557054130727,-0.24212046666625608,21.318995896427307
-1.2296976271790487,-0.3281686443557142,20.761593295439873
-1.148043615410185,-0.4136095814165904,20.21960989037379
-1.0822683873902077,-0.4986337450791918,19.692556649843482
-1.0308372217637174,-0.5835959885856752,19.179994930835214
-0.992401769294681,-0.6689817764338504,18.68153136411272
-0.9657934225689268,-0.755380969041866,18.196813510507997
-0.9500151447919837,-0.8434681172011828,17.725526502391947
-0.9442324770704048,-0.9339883174109096,17.267390765563768
-0.947764289972638,-1.0277477864634028,16.822160851790215
-0.9600737164265476,-1.1256084205833161,16.389625384877807
-0.9807595964892218,-1.2284857064017143,15.969608121564132
-1.0095486774759699,-1.3373494449860768,15.56197014436459
-1.0462887426334988,-1.4532268339474408,15.166613231307975
-1.0909427853526978,-1.577207524810872,14.783484483860278
-1.143584301329824,-1.7104503321693272,14.412582337457426
-1.2043937357209662,-1.8541913164958481,14.053964128256515
-1.2736560939234063,-2.009752992531412,13.707755445064212
-1.3517597009596127,-2.1785544281447096,13.37416155750925
-1.4391960733484412,-2.362121992060234,13.053481281262554
-1.5365608465720888,-2.5621004795175146,12.746123719385613
-1.6445556783718895,-2.780264288146618,12.452628406400033
-1.7639910204322262,-3.0185282258902353,12.173689478560553
-1.8957896154090448,-3.27895740039172,11.910184599196814
-2.0409905289890986,-3.563775454100402,11.663209479274384
-2.2007534631749324,-3.875370157591083,11.434118945216225
-2.3763630116765113,-4.216295037914204,11.224575609075812
-2.569232404249207,-4.589265277989833,11.036607274699762
-2.780906135596211,-4.997145552068818,10.872674242773963
-3.013060675853558,-5.44292673285795,10.73574761969491
-3.267502201699509,-5.929687488555199,10.629399533623593
-3.5461599562098107,-6.460535656183649,10.557905733974634
-3.8510734273449745,-7.038522915322165,10.526360282050776
-4.184371015914688,-7.666524701771846,10.540800770880411
-4.548237234599676,-8.347075548133992,10.608340528633942
-4.944864740321895,-9.08214825237534,10.737301289991564
-5.376386671803644,-9.872863722113005,10.937335535218448
-5.844783894049922,-10.71911748962832,11.219521736908177
-6.351760946282017,-11.61910950215447,11.596407788348742
-6.8985839350325096,-12.568767022675992,12.08196774005508
-7.485873610850982,-13.561057974518803,12.691424848589866
-8.113347869399412,-14.585205980458158,13.440880794979032
-8.779510560393131,-15.625841181564383,14.346678974821275
-9.481288580975438,-16.6621550052964,15.424423125099116
-10.2136276797018,-17.667173467008624,16.68757787784877
-10.969069992873003,-18.607320285015145,18.145604460008354
-11.737353338213971,-19.44250020497928,19.801643778505195
-12.505092787181258,-20.126977829243476,21.649860293915538
-13.255626110113395,-20.61133081223505,23.672705693761046
-13.969120680571478,-20.845683274935954,25.838537178684177
-14.62304183722701,-20.784242353942364,28.100190881829
-15.193061523950282,-20.39085619240323,30.395196745871456
-15.654433186274757,-19.64492117477753,32.64823982569926
-15.983773641094642,-18.546591955257448,34.77615472990397
-16.161086989399664,-17.12004874553383,36.695185497479386
-16.17176631527274,-15.413712950427504,38.32956894055097
-16.008251748702442,-13.496844980478645,39.619933397588504
-15.671039737881769,-11.452806748963695,40.52980588130445
-15.168838057516487,-9.37015312604947,41.04884311436321
-14.517822922397995,-7.33329453921752,41.1921849641388
-13.74013116892064,-5.414517183490332,40.996297255722276
-12.861857749047076,-3.6686598561231625,40.51246663764118
-11.91088944178757,-2.1309522527348514,39.7994726324092
-10.914883071875671,-0.8177348083203233,38.91684162394425
-9.89961243931283,0.2707476911920883,37.919629743530734
-8.887798528256193,1.1464681980188227,36.855116567381515
-7.898435868475582,1.8295378368100752,35.761314939673845
-6.94655478259685,2.3445430443558775,34.666912031414874
-6.04332049507488,2.7176242791942853,33.592155620274404
-5.196360793111911,2.9743811917748406,32.55023441883362
-4.410224346930553,3.138533914432399,31.548805555978216
-3.686892017518938,3.231194508384251,30.59144262742499
-3.026285987903131,3.270584673113011,29.678882503134428
-2.4267418294579968,3.2720514018244478,28.81002585339966
-1.8854246577371376,3.2482622427932015,27.982694913934548
-1.3986820173975922,3.209494020689673,27.194177903576573
-0.9623336277761398,3.1639570326789803,26.44159970430259
-0.5719025157723503,3.1181186300824675,25.722159063154457
-0.22279426282128817,3.0770057551370855,25.0332682422507
0.08956814507083943,3.044476456271521,24.372624717900603
0.3696464810824798,3.0234569465175487,23.738237963924906
0.6217196496933255,3.016144581203329,23.12842844058468
0.8498402541058596,3.024179150526468,22.541811005996482
1.0578101967478921,3.0487857887812355,21.977271125189077
1.2491709721741664,3.0908930544460986,21.433939375133207
1.4272050598425488,3.1512296280704817,20.91116767383991
1.5949454811479078,3.2304027864004516,20.40850922943884
1.7551911476252784,3.3289614438711315,19.92570325692265
1.9105260998108151,3.447446161323102,19.46266491613387
2.0633411266044153,3.5864281330113426,19.019480580732647
2.2158565717607708,3.7465387868521915,18.59640837424383
2.370145385664597,3.9284912706409485,18.19388384566071
2.528155674211584,4.133094745155321,17.812530658889607
2.691732138638876,4.361262057640028,17.453176204430587
2.8626358955160924,4.614011018878262,17.116872082727625
3.0425622186105366,4.892459146075458,16.804919435688703
3.2331557566609126,5.1978113543328694,16.518899096678602
3.436022754951436,5.53133967460527,16.260706469561562
3.6527397449496584,5.894353640744184,16.032590910539188
3.8848580657356417,6.288159521413617,15.837199143545828
4.133903444223401,6.714006079949407,15.677621854429514
4.401369689931299,7.173014043215424,15.557442035916456
4.688705358157883,7.666085982822865,15.480782840124643
4.997292010707264,8.193792917669036,15.452351576113347
5.328412470140649,8.75623373064894,15.477475001499217
5.683207246210134,9.352863598797768,15.562119141287187
6.062617150328097,9.982288272712907,15.712884490577252
6.467310063998698,10.642022491740551,15.936964642675155
6.897589973863902,11.328213451592198,16.24205325332175
7.353286843564907,12.035334486234872,16.63618109380717
7.8336268075153,12.755860447248065,17.12746229724952
8.337083717951304,13.47994505016901,17.723727639164217
8.86121543846445,14.195131848480504,18.432024106318877
9.402491611841354,14.886144107470779,19.257965814129808
9.956124002986758,15.534813401731768,20.204933546845105
10.515915806121466,16.120219658840668,21.27314075220049
11.074152073977848,16.619122393039948,22.458613854460058
11.62155879948447,17.006758194739298,23.752173467959466
12.147361760175576,17.25805649900701,25.138546417486072
12.639476152053495,17.34927857012119,26.59577784470402
13.084852225863001,17.26001182501815,28.095134879547686
13.469988906061845,16.975359040270735,29.60168235446865
13.781606254882439,16.488066092073577,31.075652682698696
14.007440299250636,15.800259326022479,32.47462117411008
14.13709449838242,14.92444578029156,33.756345947177095
14.16285768873986,13.88349120632699,34.88196919065572
14.080386265248167,12.709437170737466,35.819149734746716
13.889154592945328,11.441225403321965,36.54465216729315
13.592603903216958,10.12161386611626,37.045982515664306
13.197962186411825,8.793732427373518,37.321827826264034
12.715756702467685,7.497787045249981,37.38128370080856
12.15908521049258,6.2683639134181925,37.24207577007561
11.542741878527632,5.132632438525282,36.92813794510543
10.882303755537523,4.1095494685959135,36.466968174594086
10.1932741966118,3.209983923092027,35.887142736116274
9.490356036176921,2.437552844546053,35.216262616519174
8.786897191148372,1.7899032606352572,34.47947209487903
8.094521966156085,1.2601816813499385,33.69856742710113
7.422937680320354,0.8384830217748427,32.891625258057346
6.779890640154065,0.5131387136237809,32.073032695615325
6.171237886839699,0.2717701151043489,31.253788615102053
5.601100008272679,0.10208648628041161,30.44195768965452
5.072063511042521,-0.007557261856873845,29.643183219697704
4.585406767967199,-0.06780797760099933,28.861192824034866
4.141329808843935,-0.088124310619467,28.098256596918755
3.7391741627077186,-0.0767075464392779,27.355577622808177
3.3776240282704846,-0.04051654777052319,26.63360913489546
3.05488404132105,0.014662944470688923,25.93230171287708
2.7688318449824085,0.08411735875263901,25.25128887786471
2.517145690104268,0.1640891498197012,24.59002147124344
2.297408581480675,0.25165681980179877,23.9478613542966
2.1071912226866654,0.3446185233699829,23.324144047866564
1.944116356381593,0.4413837793255462,22.718218514955655
1.8059071749657511,0.5408757585588979,22.129470739658927
1.690422384683148,0.6424452159037536,21.557336286076517
1.595680314177486,0.7457962107843745,21.00130573789766
1.5198742144463826,0.8509231819303621,20.460925862102723
1.4613806334110047,0.958058600731107,19.935798507340692
1.418762485644275,1.0676302497096526,19.4255786164844
1.3907681887669978,1.1802271025787543,18.929972272245337
1.376328009650831,1.2965727820680142,18.44873537164584
1.3745485591613882,1.4175056144728952,17.981673309223627
1.3847061945964725,1.5439643670949474,17.528641914087363
1.406239933522836,1.6769788334133298,17.08954981128063
1.4387443497122332,1.817664511705815,16.66436234699522
1.481962809054649,1.967220699158072,16.253107217801862
1.5357813080683798,2.1269313900665145,15.855881967467456
1.600223097120426,2.298168419252112,15.47286355502644
1.6754442017839537,2.4823963263324176,15.104320250493021
1.761729895865228,2.6811784290517036,14.750626177223369
1.8594921253917935,2.896183579985513,14.412278890512901
1.9692678309645828,3.1291930353120145,14.089920458778328
2.0917180627902985,3.382106780451985,13.784362594425351
2.2276277245203984,3.656948527101358,13.49661646287848
2.3779057143305717,3.9558684094535743,13.22792787481527
2.5435851494366357,4.281142151959113,12.97981862970231
2.7258232576157218,4.6351651422037214,12.754134814702923
2.9259003895041777,5.020439403716298,12.55310285132342
3.145217440679885,5.439550906773624,12.379393992320981
3.385290764049256,5.895133963135586,12.23619775939101
3.6477433914255135,6.389818609748026,12.127304415822872
3.9342910590350137,6.926155893561667,12.05719590197715
4.246721137113524,7.506514841695598,12.031143610185635
4.586862094798113,8.132943691138491,12.055309790485428
4.956540592296269,8.806986772541018,12.136847074582068
5.357522701453467,9.529447499258836,12.28398736743351
5.791435156094629,10.300087550186785,12.506106958441686
6.259662005296175,11.117253092263482,12.81374895719898
6.763211721989964,11.977421559646418,13.218576993507764
7.302549918888236,12.874668186404,13.733225738236069
7.8773936552634165,13.80006157109531,14.371004896759382
8.486465306549068,14.741013609546012,15.145405407943658
9.127207645161338,15.680632596592394,16.06935234602276
9.79546773000831,16.59715979373538,17.15415270077629
10.485165930578026,17.463608001633837,18.408103657322027
11.187978101295537,18.247760911245322,19.83476514109488
11.89307304668931,18.912724287510734,21.43096552428549
12.586962252629393,19.418228113408865,23.184703754182074
13.253531016677721,19.722841106224166,25.073227848146548
13.874324395417913,19.78715357169834,27.06168695262059
14.429151390820376,19.577799470727697,29.102832257759104
14.897040665097416,19.07193665910544,31.138227653089174
15.257528492392126,18.261536339839477,33.10127371760745
15.492189332938036,17.156638673605745,34.922029650493144
15.586245247844587,15.786717665588696,36.53338027643115
15.530034012346762,14.199540540773713,37.87765624099276
15.320100261110202,12.457395153908829,38.91253800803194
14.959713802660145,10.631171731588061,39.615098946408516
14.45871149055136,8.793320012652776,39.983208803133856
13.832681384622346,7.010963753469453,40.034124806328514
13.1016258867603,5.340349037397258,39.80073718071511
12.288321240184146,3.823387264052644,39.32639383159359
11.416615952000342,2.486498621940613,38.65938017283069
10.509881966492149,1.3414623494560944,37.847982291704
9.589767358214026,0.3876696388220614,36.936726377741024
8.675321811735847,-0.3849118360684951,35.9640094341354
7.782496858478911,-0.9926634412943677,34.96102925775794
6.923973786102879,-1.4555511429805708,33.95173806931593
6.109246249411879,-1.7948950912488362,32.95348127509665
5.344878395043575,-2.0317366154183882,31.97800651761748
4.634866388934712,-2.185759858987087,31.03259706787108
3.9810451656387484,-2.2746708315012074,30.121164234616355
3.3834980226684617,-2.313920717666626,29.245205340705773
2.8409412539626344,-2.3166677912228626,28.404588159430528
2.3510678688390607,-2.2938908575958914,27.598158551927412
1.9108432144353953,-2.2545885140670383,26.824188418867987
1.5167512853420617,-2.2060180928873505,26.08069025087856
1.1649942106322118,-2.1539440215185417,25.365626547939588
0.8516494483812134,-2.1028771731413176,24.677040317656555
0.5727901142884608,-2.0562950613672895,24.013128927522192
0.3245740360932634,-2.0168382082943417,23.372279130458736
0.1033068585761211,-1.986481440117842,22.753076858529575
-0.09451597066197492,-1.9666808758118766,22.15430174034622
-0.2721840951821989,-1.9584984568448789,21.574913354774107
-0.4327603910123159,-1.9627063644184293,21.014033965327435
-0.579079301048679,-1.9798738180227358,20.470930801224448
-0.7137528348764378,-2.0104386954251825,19.944999755978188
-0.839182171873545,-2.0547662528193347,19.435751557331646
-0.9575732084990995,-2.1131970105301696,18.94280093013523
-1.0709547338944174,-2.186085636430259,18.46585894935773
-1.1811982060775137,-2.2738324235456124,18.004728603108862
-1.290038339573821,-2.376908728954545,17.559303509314685
-1.3990939098189878,-2.495877521525788,17.129569720812025
-1.5098883352575707,-2.6314099766297185,16.715610588186255
-1.6238697193406757,-2.784298854922422,16.317614711187357
-1.7424301255089623,-2.9554692063268857,15.935887086948096
-1.8669239218939586,-3.1459867447620296,15.570863649101819
-1.9986850712325792,-3.3570640380337338,15.223129481085037
-2.1390432568619024,-3.590064443257991,14.893441075198094
-2.289338728225819,-3.846503482392241,14.582753091961202
-2.4509357186901246,-4.128047084452297,14.29225014612872
-2.6252342331980287,-4.436505808675223,14.023384197904502
-2.813679920880658,-4.773823792595958,13.777918147683529
-3.0177716345250545,-5.142060725968717,13.55797620110949
-3.2390661300777825,-5.5433646207901965,13.366101460878692
-3.4791791695057124,-5.979932516261651,13.20532097345752
-3.7397820532292387,-6.453955517408287,13.079218058491215
-4.022592318159452,-6.967543720064861,12.992011102836022
-4.329356989966847,-7.522625645485874,12.948637013548899
-4.661826373446169,-8.120815850522845,12.95483607290598
-5.0217159102492435,-8.763243502419412,13.017232876684497
-5.410653149565798,-9.450334098873196,13.143405200097295
-5.8301064064431065,-10.181536476976461,13.341928862002181
-6.281291298295742,-10.954988247865526,13.622381829096007
-6.765051172579261,-11.767115473065962,13.99528491704363
-7.281707649060393,-12.612167641158178,14.471949741741582
-7.830878356552308,-13.481697888989746,15.064197703535088
-8.411260788246203,-14.3640121079884,15.783908054834702
-9.02038444621489,-15.243630061107524,16.642350732979335
-9.654338532983159,-16.100827170631312,17.649264002083267
-10.30748973056972,-16.911355923025646,18.811652550087857
-10.972214161446173,-17.646476879942053,20.132313689573788
-11.638678960363489,-18.273453195152328,21.608152163843666
-12.294720585490898,-18.75666685769103,23.228418963431707
-12.925876400279812,-19.059483466185668,24.973100769614664
-13.51562917734413,-19.146909089255004,26.811777507151078
-14.045916163541717,-18.988939103341576,28.70332637136875
-14.49793077915549,-18.564304164922433,30.59684215903455
-14.853204061288091,-17.864109329265087,32.43402814483811
-15.094897848753657,-16.894703913471748,34.15307325445079
-15.20918243615685,-15.67909091832873,35.69369758359735
-15.186523957307344,-14.256346054759868,37.00270062570243
-15.022688770308072,-12.678870493889438,38.03910352120741
-14.719296023185164,-11.00777063471354,38.77794889213288
-14.28381575800492,-9.307099428141433,39.21205512740924
-13.729004104644757,-7.63795494065693,39.35146205159191
-13.071864417925427,-6.05342219217919,39.220811478323846
-12.332297394150709,-4.595078093863082,38.85531407944047
-11.531636743025533,-3.291365037921972,38.2961470483656
-10.69125672213294,-2.1577227367540104,37.586081644299554
-9.83139392187459,-1.1980687106604626,36.7659184346058
-8.970265484174092,-0.40708665270839095,35.87201557509888
-8.12350666543794,0.227197004687672,34.93492827270026
-7.303904213261577,0.7209500379371937,33.978992986474985
-6.521373352098661,1.0924340503078913,33.022601396974544
-5.783114433362977,1.360375649782693,32.078899485912466
-5.093886373901959,1.542814301601924,31.156686433135565
-4.456342830349522,1.656369610889555,30.261348059649162
-3.8713892151400415,1.7158432457010788,29.395720063398105
-3.3385310364932494,1.7340671034262913,28.560826430298597
-2.8561948600757407,1.7219192117108757,27.7564745212803
-2.4220117130657957,1.6884443538210387,26.981711193544182
-2.033058928378157,1.6410325441188338,26.235156651359436
-1.686060561354877,1.5856226697320794,25.515237694472383
-1.3775490391401366,1.5269099009239318,24.82034240605032
-1.103992059824812,1.4685438322246709,24.14891618731809
-0.8618893161428245,1.4133101666735122,23.499515820733013
-0.6478436654219804,1.3632926497251305,22.8708347987779
-0.4586111122857951,1.3200144260738917,22.261709967552363
-0.2911335558987278,1.284559469007254,21.67111681951826
-0.1425577719183174,1.2576755494459566,21.09815858683766
-0.010243607699913615,1.239860607228288,20.542052608423667
0.1082360995059418,1.2314345218226261,20.00211620247486
0.21510180047089705,1.2325982595839144,19.477753391348287
0.3123780086213961,1.243482267563193,18.96844321877275
0.40190720454762763,1.2641858318057364,18.473730001670596
0.48536578889699317,1.2948089466176835,17.993215613349427
0.5642812437432176,1.3354780656644456,17.526553756748974
0.6400498645756535,1.3863669347917245,17.07344612185343
0.7139545920400571,1.4477135449769822,16.633640305504922
0.7871826088525307,1.5198340941943393,16.2069293871962
0.8608424769994598,1.6031347099735123,15.793153089151113
0.935980677151671,1.698121559713931,15.392200495529954
1.0135974794559333,1.805409862211655,15.004014359419463
1.094662125357971,1.9257322095144118,14.62859708506766
1.1801273362175535,2.0599465106465136,14.266018535782726
1.2709431880641726,2.2090437747930425,13.91642588519003
1.3680704042658682,2.374155857323308,13.580055801863363
1.4724931199599685,2.5565631928241173,13.257249335689943
1.5852311640603927,2.757702429300039,12.94846995960481
1.7073518861127035,2.979173749753814,12.654325313050151
1.8399815250989022,3.222747512704834,12.375593293369095
1.9843160735575895,3.4903696510082174,12.11325324661925
2.141631530177478,3.7841650252829444,11.868523116047566
2.3132933533096374,4.106437618092384,11.642903507342856
2.500764821272466,4.459666058195198,11.438229712292268
2.705613866022513,4.846492457730002,11.256732776608048
2.9295177661783183,5.269701903112377,11.101110672616416
3.1742648532001314,5.732189135028132,10.974610497045278
3.441752088812102,6.23690795788564,10.881122290966587
3.7339769994901895,6.78679771533907,10.82528447719097
4.053021992176453,7.384679754437887,10.812599897164233
4.401028514044902,8.033115209672124,10.849559825834245
4.780157854707303,8.734213764422867,10.943770917295469
5.192534632186623,9.489381488149066,11.104076500998582
5.6401681897447435,10.298994760192164,11.340658682928556
6.124846336062328,11.161987269234748,11.665100985432066
6.647995227497192,12.075339043361634,12.09038255284522
7.210498953301434,13.033461759907949,12.630764287701611
7.812472905640769,14.02748501496206,13.301515233650042
8.452986817052913,15.044466005671538,14.118415613292889
9.129737117825156,16.066572479621794,15.096964196869331
9.838674821378655,17.0703274436913,16.251217255312362
10.573605292951505,18.02605353372606,17.592201848024555
11.325790495564577,18.89771042834413,19.125887344172057
12.08360232945936,19.643368630836104,20.850775852946175
12.832295670144667,20.21658654574659,22.755290541898233
13.553987588396042,20.568925250533532,24.81529526366947
14.227938242723077,20.6537136107558,26.992243876148937
14.83122017512071,20.430943002285307,29.232580790219696
15.339827419232908,19.872836046401872,31.469020075604433
15.730209465385176,18.969262247980474,33.624142078207676
15.981122832069413,17.731890471778947,35.616328006565695
16.07559320152539,16.195929644668073,37.36745763863781
16.002704032056332,14.418630739407707,38.811188036046325
15.758906167621824,12.47439545084978,39.90024960861445
15.348597933930604,10.447181608609311,40.61124566005148
14.783851718196209,8.421614222261972,40.94597359799787
14.083327943203068,6.474523411266838,40.92913932489373
13.270571044653227,4.668420669879483,40.60320081186059
12.371979557399726,3.047801978516514,40.021647171744064
11.414761883817665,1.6383954357737105,39.242141740053775
10.42513797668824,0.4488292983499613,38.320678024710055
9.426953171740978,-0.5261512235223734,37.307399938870596
8.440767633363164,-1.3018281126731162,36.244230820912165
7.483399712856355,-1.8997462521646105,35.1640824622022
6.567846843630188,-2.344501415483707,34.09122437027262
5.703483882416251,-2.6612828980508767,33.04236009701907
4.8964389638131545,-2.874181416810521,32.02802365439577
4.1500614701722744,-3.005160412243898,31.054016871592594
3.4654172162217174,-3.0735426575752482,30.12271700544192
2.841766581067068,-3.095861989573456,29.234171705401625
2.276998915243118,-3.0859512316706397,28.386959332632316
1.7680099534218534,-3.0551669192868443,27.578829082358773
1.3110182605333172,-3.012680341890598,26.80715328842797
0.9018226131345624,-2.9657885350989144,26.0692299575254
0.5360055224869811,-2.9202170592894356,25.362472127536837
0.20908963474438053,-2.8803991426635025,24.68451571583734
-0.08334586414997647,-2.849724126613518,24.033271424999832
-0.3455819877302217,-2.830753298471209,23.406940305174704
-0.5817036076570231,-2.8254041417073683,22.804007360345494
-0.7955645797320128,-2.8351055521647908,22.223223346765547
-0.9907696830114897,-2.8609272110180926,21.663581638504255
-1.1706694737190801,-2.9036864377445903,21.124294612653323
-1.3383648374456951,-2.964035701551172,20.604772283106957
-1.496718618740967,-3.0425336870043918,20.10460473414092
-1.648372215945426,-3.1397024685128767,19.623549137510153
-1.7957654559661183,-3.256072991010537,19.1615216670269
-1.9411584160146342,-3.392220700741852,18.718594363749165
-2.0866541449973366,-3.548792827832408,18.294996885202416
-2.2342214637403295,-3.7265284916520676,17.891123042987505
-2.3857171971258353,-3.926272477254606,17.50754205761409
-2.5429073180068755,-4.148983210596467,17.145014510104392
-2.707486566802133,-4.395735134638925,16.804513025970486
-2.881096155161338,-4.667715349806342,16.487247771302766
-3.0653391691490137,-4.9662140221505515,16.19469685667002
-3.2617932581305724,-5.292607672622467,15.928641714754649
-3.4720201302116873,-5.6483340337909755,15.691207421013528
-3.6975712733239776,-6.034856691471224,15.484907736326281
-3.9399891823166584,-6.453617218346422,15.312694331902762
-4.200803196624607,-6.905971963866297,15.178009165295832
-4.4815188416677705,-7.393110112837238,15.084838256817807
-4.783599324608089,-7.915949109656491,15.037764101575135
-5.108437571348084,-8.475003144338615,15.042012568751032
-5.457316925234421,-9.070220235113636,15.103488310054543
-5.831358390382439,-9.700783708156651,15.228790359274594
-6.231452144027534,-10.364874835890864,15.42519672824535
-6.658171038203652,-11.059395413411195,15.700603443764864
-7.111664068731865,-11.779652586460273,16.063399818331707
-7.591528453646027,-12.51901382550924,16.522258224076992
-8.09666021619448,-13.268548102406445,17.08581399417754
-8.625085219823314,-14.016680457907013,17.762210499602972
-9.173775664750535,-14.748901242265962,18.558487645405897
-9.738461283758756,-15.447587584358095,19.479801184599726
-10.313449878441075,-16.092011057461207,20.5284777735271
-10.89147814997059,-16.65861827696058,21.70293863090883
-11.463620302383005,-17.121674493099295,22.996563610680855
-12.019287361182915,-17.45434666865603,24.396615093733725
-12.546352667682555,-17.630264347941257,25.883390364765066
-13.031436235728517,-17.625528733443794,27.429809412762314
-13.46037027759364,-17.42104444645844,29.001654781310606
-13.818848787512522,-17.004937128343,30.558642439006498
-14.093236155972734,-16.374719034224682,32.05640499754843
-14.271476837791154,-15.538809578146807,33.44931372745727
-14.344016706998103,-14.517043407505122,34.69387904301501
-14.304625545655083,-13.339923799322888,35.75229782337774
-14.151007330956926,-12.046591829421226,36.59561732672351
-13.885105124582488,-10.681734238099052,37.20600463971241
-13.513048691740538,-9.291874132533442,37.57775808431518
-13.044747052278776,-7.921610430436972,37.71693845191258
-12.49318220367133,-6.610357494817337,37.63976431883055
-11.873501414774584,-5.389995874291922,37.37013040808692
-11.202025218568563,-4.2836293746043275,36.93671709941643
-10.495284692882853,-3.305420989546858,36.37014945761461
-9.769179325574308,-2.46130838941721,35.700561035064595
-9.038314029174021,-1.7503084696449545,34.95576829967106
-8.315539540097324,-1.1661090754321486,34.1601132840231
-7.611691310401176,-0.6986925678573475,33.33391762465926
-6.935501690785309,-0.33581119460694286,32.49342362899922
-6.293649320727262,-0.0642128397168808,31.6510743263265
-5.690906738699423,0.12941860604111174,30.81599267840374
-5.130349917647207,0.2577980373112147,29.99454620220075
-4.613599280393934,0.3326123666322352,29.190915406996996
-4.141068776193204,0.3642844871216216,28.40761485035154
-3.7122064576452147,0.36187973303438487,27.645940282822927
-3.3257159347100913,0.3331119886016713,26.90633312395899
-2.9797527997102637,0.28441448187929735,26.188664923258855
-2.67209360611377,0.2210485154403467,25.492450801026685
-2.4002773936546045,0.14723075552310294,24.81700358264584
-2.1617212936963344,0.06626574523123294,24.1615407190298
-1.9538126359611339,-0.019325037605235393,23.52525512264803
-1.773980399126698,-0.10768284199418048,22.907359444902472
-1.6197489548237984,-0.1975028835863754,22.307111529730125
-1.4887769617570459,-0.28793839068859106,21.723827064767217
-1.3788840564583937,-0.3785176217434624,21.156883949183335
-1.2880677164795582,-0.4690733597041061,20.605721656332303
-1.2145123783876077,-0.559684006813012,20.069837889984523
-1.1565926007257885,-0.6506252085212141,19.54878408929789
-1.1128717855481993,-0.7423308635877862,19.042160793011362
-1.0820977191784933,-0.8353623844514504,18.549613488743805
-1.0631959671701172,-0.9303851274859549,18.07082931276179
-1.055261961017223,-1.0281509962036386,17.605534798287767
-1.057552444236356,-1.129486317965296,17.15349477129693
-1.0694768012443254,-1.2352841968798844,16.714512442315495
-1.0905886716598232,-1.3465006459305855,16.28843072641722
-1.1205781526342276,-1.4641538955380373,15.875134830946877
-1.1592648098471214,-1.5893263606620502,15.474556174278382
-1.2065916511667791,-1.7231688218458987,15.086677734470275
-1.2626201630200553,-1.8669064354387415,14.711540971234601
-1.3275264656654615,-2.0218462328148923,14.349254516782272
-1.4015986073130633,-2.189385795791042,14.000004890389464
-1.4852349859134246,-2.3710228032209866,13.664069558077593
-1.5789438589466651,-2.5683651287812403,13.341832733018784
-1.6833438730739414,-2.78314112805901,13.033804394529424
-1.7991655142440526,-3.0172096786250817,12.740643093745682
-1.927253341607269,-3.2725694224348936,12.463183211357142
-2.068568821701868,-3.551366496045121,12.202467434655652
-2.2241935184809694,-3.8558998084819316,11.959785322750655
-2.3953323145732632,-4.188622623780657,11.73671892149393
-2.5833162333323396,-4.552138806482274,11.535196459262805
-2.7896042919952677,-4.94919157159979,11.357555178956677
-3.0157836344009223,-5.38264192089667,11.2066143064066
-3.263566956416464,-5.855433118889365,11.085758970585674
-3.5347859363454224,-6.370536541584359,10.999035503861027
-3.8313790033333475,-6.930873004786552,10.951257858573419
-4.155371307143597,-7.539202254126747,10.948123738806139
-4.508844184224434,-8.197971723035604,10.996337276266829
-4.893890747683935,-8.909114054490178,11.103732437979593
-5.3125534787541415,-9.673781467168448,11.27938755308842
-5.766738908849011,-10.492004229888593,11.533716069163178
-6.258103744344985,-11.36226094479323,11.878511599571565
-6.787906260232963,-12.280951025565477,12.326916334386542
-7.3568167327607625,-13.241766108624489,12.89327110466993
-7.96468148596197,-14.234969013589158,13.592793578414328
-8.61023734087567,-15.246608459936366,14.441020046315389
-9.290777584502838,-16.257727157762066,15.452939453237462
-10.001777820162864,-17.243661278656496,16.641751319126776
-10.736500952629548,-18.17357935097219,18.01719991655113
-11.485615426656258,-19.01046226342567,19.583485200668612
-12.236879061963096,-19.711769950707367,21.336835574609673
-12.974960151310242,-20.23105204676105,23.262952199457253
-13.681483322894241,-20.520709077128824,25.334689815725767
-14.33539286884404,-20.53596684303178,27.510494093273536
-14.913711984899525,-20.239873752879827,29.734213554235577
-15.39273477759312,-19.608790178086295,31.936869475444333
-15.749616478448347,-18.637487555179,34.04073142511385
-15.964233923228688,-17.342744586870097,35.96559164593093
-16.02109390238341,-15.764366360212584,37.63653510973361
-15.911002285139864,-13.962949116896107,38.99194464410511
-15.632202182384807,-12.014422729939191,39.99019392850138
-15.190760003431004,-10.002218950452182,40.61363808847427
-14.600112948439238,-8.008540217372422,40.86911579968813
-13.879853314545269,-6.106396517263169,40.78503214676469
-13.053965299761547,-4.3537723911768484,40.40588698595099
-12.148809084638518,-2.7906294341207962,39.785577950668525
-11.191149869563109,-1.4387110227952242,38.980833961330134
-10.206468486824196,-0.30354644513500806,38.045804295301885
-9.217694726102494,0.62222020496247,37.02833060438805
-8.244406619826938,1.355036602832882,35.967957224457486
-7.302461638411493,1.9168447635555235,34.89540818797002
-6.4039788311572545,2.3320752181780007,33.83310769721324
-5.557573035764398,2.625388428142708,32.79631147580169
-4.76874574810245,2.8201482078043947,31.79449171180206
-4.0403529471751884,2.9375163381102394,30.832724923873855
-3.3730904064914387,2.9960221430843355,29.9129342481586
-2.765956667187822,3.0114640233283856,29.034917969500203
-2.2166702428732075,2.997022661602384,28.19715053948301
-1.7220299201754223,2.9634944540663093,27.39737405934077
-1.2782154312676148,2.9195810172913297,26.633013158787552
-0.8810310124165432,2.8721929884235022,25.901450257878253
-0.5260972488186835,2.8267430181223383,25.200196060866265
-0.20899788426714005,2.787414431450462,24.526985074436805
0.07461146659139734,2.7573995726378744,23.87982000778469
0.32892609877873263,2.7391064610243445,23.256983228276933
0.5579405229228933,2.734335002895618,22.65702854227507
0.7654170880492495,2.74442533662408,22.078762613631127
0.9548704848183286,2.7703814353075535,21.52122229475224
1.1295644194005392,2.8129731826962865,20.983651908638812
1.2925174011187752,2.872819982915827,20.465482936890115
1.4465151563648941,2.9504586871896348,19.966317492937634
1.5941276672133264,3.0463982923434187,19.485916263948717
1.7377292407138027,3.1611635239045808,19.024191183877342
1.8795203511925576,3.29532907888305,18.58120287146701
2.021550270586446,3.449545976270826,18.157162767904044
2.1657397179913893,3.624561146987589,17.752439892778995
2.313902925478402,3.8212310858927254,17.367572170054675
2.467768638027125,4.040530080911531,17.00328233293347
2.6289996452515565,4.283553221225201,16.660498478917216
2.799210484436061,4.551514059804195,16.340379398287922
2.979982960167446,4.845736456624205,16.04434482589274
3.17287909642382,5.167639748808713,15.7741107512991
3.3794510723375724,5.518715974415651,15.531729846363879
3.6012475922585856,5.900497411307689,15.319636906601945
3.8398160031220834,6.314512179348235,15.140698920141414
4.096699296620781,6.762225098460614,14.99826893226307
4.373426920603616,7.24496041502179,14.89624220965503
4.671498076387538,7.763802442970377,14.839112259376035
4.992355903942674,8.319469682779735,14.832022945026717
5.337350670707093,8.912157694224764,14.880811183106509
5.7076898097252835,9.541346082018999,14.992032418637248
6.104372444197119,10.205565661469375,15.172958222210877
6.528105958205959,10.902123556524755,15.431531938498075
6.979202329219931,11.626787103653388,15.776264491923927
7.457452467500817,12.373432543969539,16.216048570677604
7.96197789306269,13.133672172950702,16.759866135011965
8.491060940426774,13.896484382801708,17.41636263836709
9.04195754693516,14.647885055945789,18.19326315897476
9.610700748753974,15.37069553975446,19.096613019737
10.19190835658889,16.044480257298776,20.129841006845496
10.778614738658563,16.645742453159613,21.29266942367998
11.362153617320919,17.14847405910035,22.579933236871813
11.932125125637562,17.525147578175215,23.98041912236741
12.476484236795207,17.748205714031982,25.475888440097037
12.981786659343168,17.792041439248667,27.040494222434845
13.433619805541476,17.63536646035381,28.640823414505835
13.817228560767628,17.263749531301993,30.236771266507017
14.118318177068046,16.671991731653915,31.783368454943787
14.323982481905864,15.865929968278463,33.23353068941797
14.423670980114526,14.863262093299422,34.541505796835914
14.410082262346005,13.693093747503,35.666600403923844
14.279862678560042,12.394114674256137,36.57663854097793
14.034004644836374,11.011578200545218,37.25059225025764
13.677878125743554,9.593508833599023,37.67995162036557
13.220884268982806,8.18672200200027,37.86864256989774
12.675778815564405,6.833257211014943,37.83158684282074
12.057760530634269,5.567700857672881,37.592245950512236
11.383445995609032,4.415655081869861,37.17963333885367
10.669853124766524,3.3933667964407332,36.625292862473955
9.933495363407953,2.508333361801826,35.96064703190987
9.189655113282297,1.760587084007828,35.214963783839536
8.451868166313641,1.1443345990385028,34.41402856956014
7.731618663429775,0.6496685786656078,33.579478353165
7.038220840220701,0.26414679185561196,32.7286734212137
6.378850716693922,-0.025881442331591342,31.874950840214737
5.758686652209101,-0.23424831968674895,31.028108002857728
5.181119837734737,-0.3742346926828479,30.19499072212904
4.648001676628871,-0.4580948389564828,29.38009445342294
4.1599023932443755,-0.49678881542821174,28.58612034496225
3.716362564908676,-0.49987073493534107,27.81445511091365
3.3161257140663203,-0.47548657383386894,27.065563619752997
2.9573452518685768,-0.4304434298918002,26.33929601029791
2.6377628964821325,-0.37032099983781847,25.635118436440276
2.3548583474087534,-0.29960406351326835,24.952279771625086
2.105971705099959,-0.2218213675702704,24.28992719315318
1.8884011153641742,-0.13968139883830583,23.64718262550642
1.699478596357873,-0.055199277157236104,23.02319033847159
1.536627138594449,0.03018837231040071,22.41714408010012
1.3974020812454007,0.11552192803884845,21.828300276186617
1.279519551614452,0.20023086726546535,21.255982200132895
1.1808744714580275,0.28405893709188096,20.699578668522456
1.0995503251031988,0.36700147910355146,20.158539751247357
1.0338225762206965,0.44925377570688163,19.632371173793707
0.9821573282974316,0.531169209768213,19.12062849380701
0.9432065569201664,0.6132260369918978,18.622911712247813
0.9158010039154041,0.6960016300948131,18.13886069216094
0.8989416152372488,0.7801531432678153,17.66815157164514
0.8917902254887007,0.8664036499984052,17.210494244605268
0.8936600402666324,0.9555329173016571,16.7656309219121
0.9040063407156806,1.0483720882896173,16.33333576062943
0.9224177300678392,1.145801648522704,15.913415548379795
0.9486081567638124,1.2487521469170086,15.505711445645433
0.9824098802760213,1.3582072272773438,15.110101815526104
1.0237674913727077,1.475208600532384,14.726506204956117
1.0727330558151056,1.6008626495251823,14.354890581902461
1.1294624170529264,1.7363484068996446,13.995273979005471
1.1942126671986097,1.882926681227821,13.647736745637133
1.2673407743370115,2.0419501257073422,13.312430668113164
1.3493033360288282,2.214874045621045,12.989591282789846
1.4406574116330328,2.403267722577807,12.679552780116143
1.5420623676330054,2.608825991534057,12.382765980427282
1.6542826481077406,2.8333807354869505,12.09981995505129
1.7781913540924603,3.078911855464406,11.831467969150278
1.9147744775536415,3.347557120661599,11.578658534402965
2.065135584083256,3.6416200931368383,11.342572476919141
2.2305006682822435,3.963575037890925,11.124667042275295
2.4122228110513797,4.316067353083043,10.926728164073996
2.6117861410775802,4.7019075630937035,10.750932096561717
2.8308084344185893,5.124056281588655,10.599917626652571
3.071041465071702,5.585596742028071,10.476869992124326
3.3343679326758986,6.089690477973798,10.385617375434148
3.6227934263938852,6.639510488415781,10.33074032205635
3.938431421342062,7.238144731575019,10.31769351527961
4.283478732025591,7.8884610719951755,10.352937843534479
4.660178157909101,8.592922934713332,10.444078380038658
5.070764253521418,9.353343068939548,10.600000452434438
5.51738726640249,10.170561321266462,10.830991050570903
6.002009377398148,11.044031733573025,11.148826019666798
6.526266579393034,11.97130552446252,11.566794488684335
7.091289068067543,12.947400950010676,12.099620683769377
7.697473251237713,13.964060572266332,12.763230065638242
8.344199944175296,15.008913513791294,13.574292932948122
9.029496735376988,16.06458752764865,14.549467115119878
9.749648781912985,17.107855411844415,15.704257248810894
10.498772380971456,18.10895285902582,17.051419325667645
11.268380290487482,19.031266546456827,18.598876398581854
12.046986918314392,19.83165123268404,20.34718638015
12.819823636954844,20.4616717302013,22.286724528142138
13.568755671552692,20.870047705715198,24.394909510016426
14.272505252221084,21.00646784122163,26.633989767570547
14.907281241811532,20.82670423433776,28.95006296010736
15.447882803315373,20.298599260766682,31.274042605388814
15.869277212738453,19.408076101671117,33.525120752660946
16.14855292511712,18.163973447891898,35.61684842049301
16.26703669115416,16.600403338996138,37.465306411391396
16.212270721683474,14.775627532856253,38.99813801718222
15.97951083090974,12.767159087327919,40.16273039166236
15.572456009485135,10.663742843130136,40.931815482239344
15.003052916822503,8.555717007300593,41.30530319725832
14.29040097074033,6.52567088580486,41.30810092600156
13.458959254828171,4.641130734997353,40.98466670715835
12.536372269877198,2.950329322784018,40.39172577557343
11.5512598544664,1.4812430749851269,39.59075482324693
10.53126334098451,0.24333909231218764,38.64154320278965
9.50153640131426,-0.7689357046587131,37.59758275479154
8.483753930499793,-1.5719441833858845,36.50346089849545
7.495616420279028,-2.1887486509164917,35.39400465718006
6.550765741274189,-2.6456160347897812,34.29470523770042
5.659001778340944,-2.969361331729376,33.22291565881186
4.826689837929907,-3.185536217949372,32.189390369367274
4.057265287292704,-3.3173448087865003,31.199858720548228
3.351764913455919,-3.38511897034238,30.25644656051718
2.7093374464405104,-3.40618546510227,29.358858203821875
2.127705074283705,-3.3949826385193256,28.505298080193672
1.603562379655644,-3.363318279329645,27.693150759957298
1.1329091239929867,-3.3206928384938807,26.919456816182127
0.7113195131305501,-3.2746389428460367,26.18122732291181
0.33415398126911033,-3.231048040945597,25.47563750423469
-0.003278977046870468,-3.1944687393903903,24.800134179119876
-0.30560310547179464,-3.1683702352353165,24.15248469523075
-0.5772893911311118,-3.1553695798875236,23.53078838611217
-0.8225990970879317,-3.1574244665171074,22.93346585521297
-1.0455490184502234,-3.1759946795981016,22.359236782706482
-1.2498940410230932,-3.212175883614356,21.807093428272108
-1.4391229038134112,-3.2668094529764127,21.276274419750095
-1.6164637987336443,-3.3405718017997907,20.766241595641613
-1.784897073189133,-3.434046304260846,20.276661435641074
-1.947172835739712,-3.547780483020344,19.80739181677806
-2.105831708872818,-3.682330724631004,19.358474349810404
-2.2632273351936933,-3.838296374060676,18.93013228444279
-2.421549533205013,-4.01634466997229,18.522773849087965
-2.582847224686419,-4.21722760603511,18.13700085622022
-2.7490504246825123,-4.441791435777853,17.773622416963732
-2.921990703159128,-4.690979172259423,17.433673637384256
-3.1034195991194045,-4.965826061525582,17.11843918918965
-3.295024496851602,-5.2674476230602565,16.829481637349065
-3.498441462489034,-5.597019444904614,16.568674344822977
-3.715264488938024,-5.955747491741724,16.338238636126935
-3.9470505098401087,-6.344827231076456,16.140784658269403
-4.195319420129183,-6.765389412636095,15.979354994798063
-4.461548184480475,-7.218429867236403,15.857469523784015
-4.747157930306928,-7.704720258320372,15.779169213387135
-5.053492717685633,-8.224696381421696,15.749055463045833
-5.381788469822341,-8.778320457605234,15.772320167213765
-5.733130359126978,-9.364914046367899,15.854759853975018
-6.108396814115846,-9.982958910020686,16.00276501194355
-6.508188298112243,-10.62986466244511,16.223273100754575
-6.932739192510813,-11.301704668700491,16.523670877604435
-7.381811603124087,-11.99292582305154,16.911628857916337
-7.8545708341068,-12.696043926781147,17.39484848844836
-8.349443798877518,-13.401344732928436,17.9807017839493
-8.863963924727441,-14.096621388589679,18.675744973172694
-9.394609289334724,-14.766991544763178,19.485093692811457
-9.936644842644707,-15.394850535557959,20.411659261996405
-10.483984474651322,-15.960028268642876,21.45526523022191
-11.029093954428989,-16.440222879933245,22.611691567254763
-11.562960551996788,-16.81177848754588,23.87172957992134
-12.075158161955157,-17.05085161843663,25.220369899368777
-12.554036271842644,-17.134966248542284,26.63628068246662
-12.98705531600709,-17.04488985411011,28.091751474917483
-13.361278374289823,-16.76667834718379,29.553265724122493
-13.664009503719475,-16.29365149747023,30.98280946887068
-13.883543847342482,-15.627996484062963,32.33992137129313
-14.009968040359764,-14.781683355226267,33.58435073470287
-14.03592738159637,-13.77643406797286,34.6790435513264
-13.957265518663675,-12.642620281464039,35.59306286602693
-13.773448279275156,-11.417152389497595,36.30400989215968
-13.487707255368798,-10.140617940541045,36.79957053559936
-13.106877207768553,-8.85407633338036,37.07796218080527
-12.640946157352323,-7.595974328390011,37.14725989785449
-12.102377894282531,-6.39959842420244,37.02378289644833
-11.505294541265972,-5.291345158568275,36.72986719994235
-10.864616788479083,-4.289913654395702,36.29140783934898
-10.195251698732415,-3.4063570493507567,35.73552301388308
-9.511397114375802,-2.644809213947208,35.08859886954885
-8.826004415327471,-2.0036465730628312,34.374853610549415
-8.150414241519965,-1.4768467831663599,33.61544728692327
-7.494157536433756,-1.0553481369795354,32.82808024474792
-6.864899189901009,-0.7282740467055097,32.026976098605004
-6.268493801116305,-0.4839477221685188,31.223130451141998
-5.709121381603881,-0.3106720798465221,30.424715024952686
-5.189473306879686,-0.1972846442723662,29.637547962871032
-4.710963654808941,-0.1335172277276755,28.86556623032061
-4.273946751233967,-0.11019853535529647,28.111259678224016
-3.8779272694038998,-0.11933829842699406,27.376045522400226
-3.5217540305573523,-0.1541274683660623,26.660575930253934
-3.2037924969967833,-0.2088829467253284,25.964980467624823
-2.9220738243865823,-0.27895892979452386,25.289050301876436
-2.6744203559025563,-0.3606411249978013,24.632373363386527
-2.4585487562390047,-0.45103524650733984,23.994430109027853
-2.2721527631238145,-0.5479573973330719,23.37465887548055
-2.1129679252513127,-0.6498311033864428,22.77249860796043
-1.9788208190801413,-0.755593720642136,22.187415364115967
-1.8676651857015825,-0.8646135164346173,21.61891764151638
-1.7776072712518667,-0.9766177738155156,21.066564375657695
-1.7069224383369086,-1.091631655195202,20.52996845143193
-1.6540648744622937,-1.2099271884747522,20.008797771044314
-1.6176719779690707,-1.3319815311804375,19.502775309347978
-1.596564765828122,-1.4584435717389164,19.011679137066665
-1.5897454285759167,-1.5901079033993422,18.53534307414628
-1.5963929595813355,-1.7278952280683275,18.07365842170319
-1.615857610048799,-1.8728382950606408,17.626577087441095
-1.6476547673262785,-2.0260725395451944,17.194116345985957
-1.6914587207355458,-2.188830647034003,16.776365446573053
-1.747096664102524,-2.3624403257717455,16.373494283914336
-1.8145431848008502,-2.54832461194075,15.985764374991438
-1.893915402478044,-2.7480040575469658,15.613542428453092
-1.9854688435127636,-2.963100152214756,15.257316849382441
-2.0895940662266006,-3.1953393021014582,14.917717586481514
-2.2068139832605915,-3.4465566252227147,14.595539797390353
-2.3377817573197377,-3.718698715020796,14.291771876437585
-2.4832790702704055,-4.0138243639418985,14.007628451501358
-2.6442144784062123,-4.334102015393135,13.74458900393504
-2.8216214630058607,-4.681802413315926,13.50444278446958
-3.016655658797036,-5.059284529938353,13.28934066919508
-3.2305905865697864,-5.468972359728127,13.101854494968743
-3.4648110222560855,-5.913319558115001,12.945044192847437
-3.7208028952933625,-6.394758168726578,12.822532645681061
-4.00013831639652,-6.915626824409948,12.738587556118937
-4.30445398308235,-7.478072846104758,12.698208623931013
-4.6354207985433815,-8.083921653609682,12.707216869046537
-4.994702071573546,-8.734505950669917,12.772340843570353
-5.383897161365306,-9.430446442515933,12.901291575543693
-5.804466931864942,-10.171375694837828,13.102814200784193
-6.257636959688213,-10.955597620608092,13.386699227362904
-6.744274218704436,-11.779677665931734,13.763730215140859
-7.264733129400609,-12.637963979800276,14.245537553989875
-7.81866767956785,-13.522048844751234,14.844320628458728
-8.40480815337556,-14.420193684686375,15.572394282707682
-9.02070428914121,-15.316761159853398,16.441512440959357
-9.662441897561001,-16.191724607315496,17.46192551828035
-10.324347511349794,-17.02035719001647,18.641143665352576
-10.99870562560577,-17.77323655620342,19.98241051268124
-11.67552506132288,-18.416727403567712,21.482946896156328
-12.342403504388761,-18.91411092794748,23.132102750836143
-12.984549566345379,-19.227499368281975,24.909652370800387
-13.585025559239766,-19.320588063989753,26.78456628838083
-14.125266363736612,-19.16214659277709,28.714660685182118
-14.585905452563791,-18.72994362448896,30.647519987493073
-14.947896149084277,-18.014575611871187,32.52296881081503
-15.193857824436426,-17.022497183879928,34.27711730340395
-15.309513542472041,-15.777516756087318,35.847647782132505
-15.285034769646431,-14.320190790336788,37.179637462615986
-15.116089276087676,-12.70492841269836,38.230950584480105
-14.80441373502319,-10.995120857273161,38.976203715770374
-14.35780320351074,-9.257082115607886,39.40856009970347
-13.789510168954285,-7.553863237280257,39.53908281750744
-13.117149217211754,-5.939985875212298,39.3939190409172
-12.361281409023036,-4.457848835132176,39.01001972482696
-11.54388659442,-3.136114522043261,38.43029686386094
-10.686919260849443,-1.989939351570796,37.69906195112422
-9.811095514331374,-1.0225996229153744,36.85834548795703
-8.934994328914687,-0.2279339151109837,35.94538275987635
-8.074493646732307,0.4069456609130372,34.99126875107515
-7.242513670250237,0.899089711417245,34.02059426647492
-6.449010602906488,1.2675474494663503,33.05178781295072
-5.701152906255834,1.5317064610979412,32.09788312570239
-5.00361423068256,1.7101333206573084,31.167477671322704
-4.358927096035278,1.8198492653315583,30.26571274134713
-3.767854492609369,1.875948925879845,29.395169941563122
-3.2297496317941508,1.8914684649749385,28.556631102285507
-2.7428853208853328,1.87742126352706,27.749685611486363
-2.304743184666985,1.8429363122887779,26.97319210589859
-1.9122592147233395,1.7954516629524542,26.225613459185407
-1.56202625474705,1.7409301420070753,25.50524849465219
-1.2504565042284943,1.6840761736959386,24.810383738549024
-0.9739084076431157,1.628541073075687,24.139385980717893
-0.7287827803087477,1.5771100547601242,23.49075286287428
-0.511593002561115,1.531868067601859,22.86313503871685
-0.319013802932847,1.4943439751753504,22.255340105838243
-0.14791269174030938,1.4656340145672206,21.666325695716797
0.004632409557144612,1.4465062238530877,21.095186867599093
0.14132631532684212,1.4374878728347242,20.541141244400716
0.26465795894038524,1.4389380244571879,20.003514076330152
0.37690791450530703,1.4511073011506685,19.48172453319785
0.48016035052582573,1.474186797374352,18.975273926164856
0.5763180478826202,1.5083479073831787,18.483736171998178
0.6671194040029412,1.5537746498193947,18.006750578981574
0.7541565890491534,1.6106898821019295,17.54401690765967
0.8388942230152264,1.6793766154701628,17.095292607165366
0.9226881095109344,1.7601954698393287,16.660392124066878
1.0068036972544987,1.8535991478548428,16.23918820806393
1.092434048040347,1.9601446596224645,15.831615185814364
1.1807171738940179,2.0805038923272994,15.43767423330355
1.2727526694524622,2.2154729901951313,15.057440744158543
1.369617610948381,2.3659808869987304,14.69107396393834
1.4723817225877265,2.5330972117010893,14.338829137828345
1.5821218260364454,2.718039663023411,14.00107250119755
1.6999355899719875,2.922180814772242,13.678299529221077
1.8269545842975725,3.147054163360668,13.37115695301647
1.9643566169744837,3.3943590531997314,13.08046914442722
2.11337728893772,3.66596390366815,12.807269567106077
2.2753206416699356,3.9639069000672134,12.552838082833755
2.451568689036163,4.29039298463979,12.318744980251612
2.6435895149712314,4.647785573963192,12.106902644094346
2.8529434751997402,5.038590914857183,11.919625784378706
3.0812868565086173,5.465432349686942,11.759701063469985
3.3303721119130403,5.931010971081051,11.630466745697937
3.602043493979026,6.438048187101107,11.535902579557893
3.898226540887017,6.989204583025716,11.480729409514698
4.220909421072753,7.586968169505355,11.470516871661836
4.572113607033339,8.233503703502354,11.511795782893685
4.953850730433689,8.930453380526723,11.612169271019651
5.368061788453539,9.678678054203967,11.780413059131359
5.816534172216278,10.477927634017824,12.026550340829914
6.300791362347275,11.326430065830442,12.361880128572267
6.821949739146578,12.22039123820303,12.798929727449126
7.380537031086714,13.153404570048338,13.351292295754483
7.976267838326535,14.11578057613805,14.033300103307377
8.607773916546217,15.093825259991434,14.85947486224446
9.272291117878337,16.069123466668984,15.843691594147128
9.965311752370074,17.017920083177376,16.997996986147072
10.680221252182587,17.91073659974997,18.331044122393507
11.407951589442096,18.7124071665878,19.846151172669934
12.136700243077087,19.382754626832018,21.53906947779799
12.85178048286271,19.878133127701584,23.39565866712429
13.535682168567163,20.15401363688512,25.389803502442327
14.168425824643617,20.168656273939003,27.48204102453727
14.728278813426009,19.887686933752665,29.61944742958442
15.192864369835535,19.289095628033795,31.73729709951972
15.540630254285052,18.367868186973965,33.7627940940162
15.75256095937686,17.139264653666384,35.62077615311287
15.813933993079598,15.639792556299609,37.24076977931493
15.715863351588595,13.92526727671338,38.56428663682329
15.456368064220516,12.06596701010445,39.55099378257142
15.040764076880466,10.139603815833397,40.182512491269264
14.481294935193334,8.223393771523753,40.46311188730658
13.796059694388306,6.386704757756337,40.4173045366833
13.007423345589242,4.685524122301156,40.08505921521853
12.140170477336522,3.1594335182173356,39.51578335464043
11.219671905668168,1.8311295440842732,38.76228911569076
10.270285122098691,0.7080065257945471,37.875696837023014
9.314127071704133,-0.21495469007561407,36.901804023513755
8.370269967613876,-0.9517669771726548,35.87902503894117
7.454338832398136,-1.5221054154876152,34.83769841605507
6.578443366597275,-1.948455568549393,33.80040159537875
5.751356699369667,-2.253916055912372,32.78288559330122
4.97885363437793,-2.4606679581580146,31.79529719124934
4.264133285760666,-2.589027146672717,30.84344648285851
3.608268491717721,-2.656954487204209,29.92996925295948
3.0106421810900836,-2.6798951546363434,29.055308765483975
2.4693462125936567,-2.670834935664372,28.21849447740422
1.9815300529138573,-2.6404857718772075,27.417727591282244
1.5436950120152533,-2.5975372468962727,26.650799896511973
1.151935143072146,-2.5489315230568743,25.915378163775657
0.8021290411560815,-2.500135224174275,25.209185772632626
0.4900883086074678,-2.4553931724304334,24.530109407896433
0.21166894605396447,-2.417956540743585,23.876253592873734
-0.037148212661854196,-2.390282822669014,23.245960720671654
-0.26020239011403523,-2.374207894229648,22.637809697197824
-0.46111809409126203,-2.3710920101922204,22.050602553845742
-0.6432863910645165,-2.381942322487453,21.483345448906622
-0.8098585998494313,-2.4075147588905614,20.93522827485309
-0.9637493961044901,-2.44839806850616,20.405605502626912
-1.1076468638101433,-2.5050826588805264,19.893979796301146
-1.2440275022208904,-2.57801659580542,19.39998920545743
-1.3751745984200856,-2.667650855097626,18.923398290090578
-1.5031987118470789,-2.774475629027083,18.46409327529591
-1.6300592943713803,-2.8990492094734424,18.022081210082078
-1.7575866940701859,-3.0420206989809606,17.597493071498832
-1.8875039687524071,-3.2041475391041105,17.19059077933553
-2.0214480716410757,-3.3863085896320135,16.8017781447529
-2.160990070768411,-3.5895132374814906,16.43161585186109
-2.307654128892451,-3.814906753834145,16.080840652303433
-2.46293500445614,-4.063771844720958,15.750389029509625
-2.6283138376033572,-4.33752604473701,15.441425652078125
-2.805271958828073,-4.63771427578209,15.155376974095098
-2.9953024007158597,-4.965995521729105,14.893970340394578
-3.1999187037083003,-5.3241221445922395,14.659278898119636
-3.420660482289471,-5.713909877976597,14.453772476598296
-3.6590950552793746,-6.137195972290102,14.280374340022759
-3.916814239752617,-6.595782332806616,14.14252329394769
-4.195425159987302,-7.091359797410117,14.044239974506791
-4.496533630483477,-7.6254089768026585,13.990195188830553
-4.821718339569351,-8.199072388736333,13.985776809483426
-5.172493699263038,-8.812992069773923,14.037149843862624
-5.550258862227465,-9.467106622511151,14.15130178640736
-5.956230081309902,-10.160402027172681,14.336062119421811
-6.391353372409571,-10.890611910365282,14.60008081596787
-6.856194446200698,-11.653865861424727,14.952745995587511
-7.350803255845698,-12.444289506708081,15.40401579065871
-7.874551479876166,-13.253568189975981,15.9641346554377
-8.425943091631334,-14.070498044340242,16.643200975128863
-9.002401167321302,-14.88056449510164,17.450552789123968
-9.600038552661436,-15.665608624450332,18.393944407368686
-10.213426137760852,-16.40366484789297,19.478502040409758
-10.835380217807314,-17.06907536915019,20.70547483792399
-11.456799206893267,-17.633001422724092,22.070841543310173
-12.06658857312105,-18.064448857817066,23.56389205818937
-12.651719123135571,-18.331894607852657,25.165971875133867
-13.197464651666143,-18.40553047518355,26.84964199772279
-13.68785699918646,-18.26002732465801,28.578545356100857
-14.106376774967362,-17.877575509822314,30.308254910980537
-14.436865509861738,-17.25080449440498,31.988283618037133
-14.664602636632571,-16.385073207568524,33.56525375367574
-14.777446004253617,-15.299607478234773,34.98697484791051
-14.766899179591684,-14.027082604500382,36.206923768204014
-14.6289551688769,-12.611508754613748,37.18844004090674
-14.364583292176093,-11.10462104532872,37.90792147459496
-13.979774371338568,-9.5613066156237,38.356463815425954
-13.485129571025524,-8.034810868830935,38.53970074583896
-12.89505281638794,-6.572485193748385,38.47597400897784
-12.22666665117267,-5.212669005144382,38.19328235914888
-11.498602866728932,-3.983006890305458,37.72563357148558
-10.72981803734061,-2.900187326858669,37.10942686552548
-9.938555792785685,-1.970842371440428,36.38035629502168
-9.14153392644907,-1.1932158929858572,35.5711177344893
-8.353388071580952,-0.5591918781172615,34.70999433020048
-7.586364553761586,-0.056341627006109896,33.82023674414251
-6.850228285350418,0.330244352691931,32.92006407747614
-6.15233790688063,0.616464631754986,32.02308340790535
-5.497837546491702,0.8180915029456989,31.138941883130595
-4.88991905829803,0.9500085827618394,30.274064419094476
-4.3301169631183445,1.0257459360422736,29.432375474000782
-3.8186078554707295,1.057246245903931,28.615944578332225
-3.354495018896931,1.0547979050727645,27.825527442191348
-2.9360665121165908,1.0270801920819368,27.060996627029315
-2.561020765796914,0.9812773641987946,26.321669220157702
-2.2266578476667496,0.9232298298890225,25.606545779376546
-1.9300372752644375,0.8576002375396325,24.914477138585205
-1.6681048967638774,0.7880399218850308,24.244275244608346
-1.4377922191529549,0.7173467760203398,23.59478232772443
-1.2360918880256309,0.6476095800109626,22.96491026042634
-1.0601130055278871,0.5803364889839622,22.353659457305127
-0.9071197510312494,0.5165671079774353,21.76012439719431
-0.7745564383414436,0.4569686393041626,21.18349093081955
-0.6600617665417139,0.40191719477335036,20.62302900058232
-0.5614746384009863,0.3515656742194108,20.078083218390287
-0.47683355406062605,0.3058997306082909,19.548062872805936
-0.4043712512141521,0.2647833428217591,19.032432311060624
-0.3425059621435826,0.22799544775941413,18.530702209674054
-0.2898303944639932,0.1952589746249902,18.04242196129175
-0.24509931540908667,0.16626349606557891,17.567173225070665
-0.20721642668268936,0.1406825758594776,17.104564582051367
-0.1752210552783115,0.11818675905889083,16.654227181512127
-0.148275051893833,0.09845302279861584,16.215811241670316
-0.12565017925723834,0.08117138729228879,15.78898326569363
-0.1067161845620065,0.06604927843239145,15.373423843113969
-0.09092968022452115,0.05281413656592884,14.968825921610279
-0.07782390251665483,0.041214680495546094,14.574893451053558
-0.06699937577307455,0.03102116119788583,14.191340318470862
-0.05811547859181669,0.022024875521016875,13.817889507968456
-0.05088288578747478,0.014037155410325642,13.454272433092738
-0.04505684413608947,0.006888002110621633,13.10022840044346
-0.040431229735336305,0.0004244963569978045,12.755504172665573
-0.03683332888505015,-0.005490916140405608,12.419853606436574
-0.034119281766366034,-0.01098219049391759,12.093037346989151
-0.032170128036451855,-0.016161447193385848,11.774822565326595
-0.030888395089191854,-0.02113069958357398,11.464982727845795
-0.030195172623124534,-0.025983521603736036,11.163297390796853
-0.030027620882709823,-0.03080664340490701,10.869552014063455
-0.030336864168934226,-0.03568147037399975,10.583537790296454
-0.031086225700469868,-0.04068552710835991,10.305051486597556
-0.0322497644616984,-0.04589383239489485,10.033895296828515
-0.0338110791656925,-0.051380214587506357,9.769876703290796
-0.035762348797204385,-0.05721857922393203,9.512808347041576
-0.038103583324193564,-0.06348414250921916,9.262507906531463
-0.04084206204331854,-0.0702546456080148,9.018797984604724
-0.04399194064152287,-0.07761156568715497,8.781506004224283
-0.04757401141342068,-0.08564134046031519,8.550464113596565
-0.051615604184451255,-0.09443662371066487,8.325509101697731
-0.056150618372255004,-0.10409758998928023,8.106482325563801
-0.061219679298294576,-0.11473330747499015,7.8932296511238915
-0.06687041436682682,-0.126463198891956,7.685601409850832
-0.07315784708956868,-0.1394186114622031,7.483452374102534
-0.08014490918371321,-0.15374451816248505,7.286641754760647
-0.08790307314087992,-0.16960137409456152,7.095033225676452
-0.09651310978786305,-0.18716715359838448,6.9084949805517315
-0.10606597746934694,-0.20663959587007263,6.72689982926892
-0.1166638516105731,-0.22823868932104313,6.550125342407485
-0.12842130559649156,-0.2522094277606933,6.378054054826136
-0.14146665616513204,-0.27882487473127476,6.210573741857337
-0.1559434888883504,-0.30838957599746025,6.047577784981899
-0.17201238183379267,-0.3412433643194064,5.8889656479894805
-0.18985284819812812,-0.3777656052369819,5.734643489788169
-0.20966552160226679,-0.41837993767633114,5.58452494645574
-0.23167461087113553,-0.46355956875701754,5.43853212314195
-0.25613065450681777,-0.5138331882071216,5.296596846428464
-0.28331360872198325,-0.5697915742322491,5.158662240220448
-0.31353630683929884,-0.6320949694336362,5.024684703791262
-0.34714833207736934,-0.7014813122640174,4.894636389986789
-0.3845403502103057,-0.778775416283418,4.768508305759282
-0.4261489532526456,-0.8648991957260593,4.6463141873067135
-0.47246207008794694,-0.9608830410099026,4.528095339580044
-0.5240250046705728,-1.0678784509249084,4.413926676555914
-0.5814471668409656,-1.187172028039061,4.303924256620093
-0.6454095645354233,-1.3202009385169289,4.198254679299076
-0.7166731286961296,-1.4685699244251749,4.097146798586398
-0.7960879427018712,-1.634069931982329,4.000906318017512
-0.8846034455024785,-1.8186983778591577,3.90993396788845
-0.9832796702227431,-2.0246810102160397,3.8247481306764852
-1.0932995655009565,-2.254495221450988,3.7460129824504684
-1.2159824220045623,-2.5108945214466254,3.6745734617944663
-1.3527983868935218,-2.796933663887679,3.6114986692014046
-1.5053839881893933,-3.115993607163552,3.5581356434502474
-1.6755585003650553,-3.471805049006274,3.5161758585521605
-1.8653408500769024,-3.8684686512093824,3.48773723082465
-2.076966570601306,-4.310469202139592,3.4754649050821143
-2.3129040433675336,-4.802679764683913,3.4826545678825696
-2.5758688859559333,-5.350350216191688,3.5134024499536927
-2.8688348200823124,-5.959072369075316,3.5727864167158745
-3.195038631914817,-6.6347109058326765,3.66708241774637
-3.5579758606325793,-7.383285496408617,3.8040197728325804
-3.9613825490075785,-8.21078452910372,3.9930768489985304
-4.409196685902843,-9.122884791452375,4.245814933209396
-4.905490795528388,-10.124544281380713,4.576241524601567
-5.454364444850594,-11.219427587694446,5.001183474141491
-6.059782291049435,-12.409116129079239,5.540633601970944
-6.7253398785636875,-13.69205134896705,6.218009542568334
-7.453936213504481,-15.062161965550919,7.060228627443573
-8.24733016468997,-16.507143483104272,8.097456681806282
-9.105558661655284,-18.006399641356985,9.362333645762856
-10.02620115537104,-19.528734802464644,10.888422918207732
-11.003490661590028,-21.030017967348904,12.707592797888449
-12.027301542357874,-22.45123238241145,14.84605150745808
-13.082092311366136,-23.717570600996655,17.31887440512732
-14.145949553583812,-24.739486170735194,20.123147422753355
-15.189960494818326,-25.416761866584757,23.23035564787949
-16.17821771053338,-25.646523929127543,26.579355640009826
-17.068793722691673,-25.335514536715095,30.072030007075323
-17.815966157538835,-24.41570862992429,33.574183966904734
-18.373780867058628,-22.860677841650833,36.923912030674785
-18.7007050579328,-20.69854605934438,39.94813813053962
-18.764714327385693,-18.0168835727243,42.485405013337946
-18.54782778781158,-14.956268545543136,44.41013684544089
-18.049034174161246,-11.692501154079173,45.65198683803218
-17.284842991431354,-8.41137816301867,46.204719840532796
-16.287285565703485,-5.28260620808164,46.12234793821781
-15.099856740211292,-2.4394457203692976,45.50445509312117
-13.77236082350603,0.031868071669844955,44.475770176565476
-12.35574447437975,2.09250612869476,43.16580425741435
-10.89778366210479,3.743742211977496,41.692924272368835
-9.440095332936139,5.015736338654923,40.15477675622151
-8.016546710240014,5.955845962296532,38.62476576895999
-6.652854847377661,6.618713713130618,37.153010136968454
-5.36703883243453,7.0590841330545,35.769882244216916
-4.170378201696071,7.3273459152590625,34.49052625495074
-3.068592272851313,7.467289018228711,33.31928502563853
-2.0630403349111823,7.51541644796468,32.25347232396532
-1.1518227437214867,7.501209789724527,31.286297133751496
-0.3307249467126896,7.447890998037205,30.40896698683398
0.4060119080737793,7.373374034394756,29.612100594747314
1.0650856724389,7.291223838049528,28.886609088781153
1.6536730391164296,7.211528131073908,28.22419487861912
2.179090217178046,7.141643647247521,27.617590705737626
2.6485505089945733,7.086810608526258,27.060631975965354
3.0689974345282467,7.050645588743975,26.54822907283984
3.4469954241953933,7.0355295312906145,26.076285202874658
3.788663499022703,7.042908941720376,25.641589482037272
4.099640405919852,7.073526890551324,25.241703664781337
4.385072243211244,7.127598034459245,24.874853147072255
4.649615689960168,7.204939253338324,24.539827713472757
4.897451593588183,7.305065114848687,24.23589418403445
5.1323049458359815,7.427255372344306,23.962721068832682
5.357468260064296,7.57060010077149,23.720314133583365
5.575826118181881,7.734026843325109,23.508961120959857
5.789879237350204,7.916313224485498,23.329183555004764
6.00176685878821,8.116087827358816,23.18169344499507
6.213286618159542,8.331821687839485,23.06735271418268
6.425911346544008,8.561812487992013,22.98713325729018
6.640802494579441,8.804163408317015,22.942075653357534
6.858820087333637,9.056758601852541,22.93324472112988
7.080529317653413,9.317237364189266,22.9616803102159
7.306204081924264,9.582969273773289,23.028341990590288
7.5358279621620685,9.851032843317382,23.13404666057054
7.769093366652217,10.118200524561066,23.27939856761357
8.005399758521374,10.380933202186702,23.464711854757958
8.243852123439012,10.63538754132939,23.68992652933046
8.483261044099596,10.87743964454576,23.954519706824282
8.722145943632258,11.102728342725722,24.257415096222854
8.95874320902881,11.306720997161705,24.59689491605851
9.191020978927979,11.4848038372878,24.970519675210664
9.416702342672105,11.632397531199999,25.375062385243698
9.633298513078271,11.745096856872097,25.80646461413717
9.838153171377026,11.818831050724974,26.2598221341342
10.028498617856535,11.850038786229367,26.729407540619658
10.201523593800523,11.835849011472986,27.208735936043038
10.354451694569232,11.774256384743156,27.690677473500834
10.48462822861534,11.664278198273454,28.16761725995438
10.58961228593074,11.506078897818165,28.63165902307877
10.667269784325963,11.301048953800029,29.07486443167595
10.715862501818009,11.05182712970785,29.489515577456157
10.734127713076392,10.762259101258813,29.86838452347279
10.721343133564027,10.43729059878296,30.2049916364383
10.67737249004659,10.082799194975177,30.49383413645722
10.602688163162941,9.7053747628934,30.730568141263337
10.49836889274958,9.31206364404781,30.912131331972617
10.36607233809262,8.910094953467926,31.036798754904304
10.207984137862912,8.50660872037419,31.104170459225795
10.026746802504794,8.108404584296217,31.115095783765103
9.825373105451987,7.721726773710959,31.07154432085484
9.607149485154764,7.352096632062713,30.976437270691594
9.375535268403212,7.004198750408157,30.833454726086163
9.134063295021068,6.681821571970199,30.64683439132537
8.886246848656432,6.387848797177884,30.4211756193274
8.635496806200713,6.124294480301356,30.16125991485549
8.385051755744222,5.892372572633057,29.871895737353586
8.137922640572445,5.692590811975104,29.557792051986425
7.896852381221649,5.524859096115766,29.22346202236491
7.664289991532743,5.388603524825851,28.873155771532183
7.442377983720614,5.282878838609954,28.51081937404141
7.232951364292549,5.206473736170368,28.140076176801937
7.0375462439082055,5.158005287213767,27.764226091997358
6.857415989525581,5.136000214393349,27.386258528712716
6.693552897157581,5.138962107694445,27.00887498490497
6.546713517023711,5.165424623056364,26.634517872079048
6.417445981443851,5.2139914123692295,26.265402779080876
6.306117936876801,5.283363967936561,25.90355201513087
6.212943939472313,5.372358787641935,25.550827850084215
6.138011419884897,5.479915327210379,25.208964360487805
6.0813045457860335,5.605096149910743,24.879597180406073
6.0427255027182705,5.7470805522243245,24.56429074616981
6.0221128729971305,5.905152769209791,24.264562822022796
6.019256918631698,6.0786856708749974,23.98190621096538
6.033911670105129,6.2671206696905495,23.71780760503284
6.065803792041855,6.469944383167414,23.47376352442248
6.114638243759237,6.68666244414717,23.25129324653808
6.180100782324279,6.916770732651227,23.05194854376287
6.261857373058182,7.159724222996038,22.877319940800547
6.3595505825801,7.414903604109958,22.729039076079996
6.4727930376394855,7.681579845379506,22.608776614283947
6.601158044411695,7.95887695106029,22.518235016714364
6.7441674829821014,8.245733279727085,22.45913534309856
6.901277125872169,8.540862007568006,22.433197145806982
7.071859583134333,8.842711590413694,22.442110442684108
7.255185155044445,9.149427431149052,22.48749874018619
7.4504009814788725,9.458816383200741,22.570872152104954
7.656509018257171,9.768316205391852,22.693569853750237
7.87234354663138,10.074972604853011,22.856691463511957
8.096549131129551,10.37542702316817,23.061017489919276
8.327560176984338,10.665918777255111,23.306919754099027
8.56358348916745,10.942305479609256,23.594263712963368
8.802585480785721,11.200105730285173,23.92230586148343
9.042285890778892,11.434567777230656,24.28959084024822
9.280160012141053,11.640767059993104,24.693854424802254
9.51345145738653,11.813734177482047,25.13194007401484
9.739197348751201,11.94861278958561,25.599737951417644
9.954267469733812,12.040844287858025,26.092156038293922
10.155418315909989,12.086372875883832,26.603132835779476
10.339362122042715,12.081861245629169,27.125699930225917
10.502849838035992,12.024903725205137,27.652100179822853
10.64276573951009,11.914221126334997,28.173963435494844
10.756229997888974,11.74982010919604,28.68253672174163
10.84070425075941,11.533100230478613,29.168960117847487
10.894094184566704,11.266894292685723,29.624573884112944
10.91484254935649,10.95543221488095,30.041237520842618
10.90200601930636,10.604225063203998,30.41163829712916
10.85530997825428,10.219873394776675,30.729566044534607
10.775176639566311,9.80981166861014,30.99013303756124
10.662723794779941,9.382007033977667,31.189922475442167
10.519733722520893,8.944635305318883,31.327055852651934
10.34859411244769,8.505758689000096,31.401177387178596
10.152214985229502,8.073028635178378,31.413361502827726
9.93392726794063,7.653433353468216,31.365956019990133
9.697369738531913,7.2531037849822155,31.26237835297717
9.44637140688927,6.877185143607261,31.10688420875021
9.184836080658068,6.529774536375545,30.904328048533944
8.916634985827613,6.213919496168722,30.65993230977481
8.64551204610245,5.931668071739926,30.379078735474586
8.37500496362118,5.6841586512456255,30.06713084818103
8.108383767676635,5.47173687893837,29.72929230304927
7.848607153983021,5.294087577598733,29.370502066472355
7.598295823823277,5.150371114823552,28.99536440200073
7.359721200341595,5.039355731966357,28.608109618625324
7.134807355965716,4.959539621087508,28.21258040879379
6.925143706238707,4.9092587053447705,27.81223823451729
6.732005967185334,4.886777967843455,27.41018442063132
6.556382982872583,4.890365689362183,27.009191189153604
6.399007253920169,4.918351074187959,26.611738643826396
6.260387288712755,4.96916649201242,26.220054551750938
6.1408402178596475,5.041375996944615,25.83615457220828
6.040523429507639,5.133691968075701,25.461881291119916
5.959464278053181,5.244981715451103,25.09894100312502
5.897587179134015,5.3742657695284555,24.748937633972293
5.854737623321863,5.5207093697927965,24.413403520234503
5.830702818185494,5.683608426902093,24.093826975640464
5.82522880508972,5.8623709803764354,23.791676691230382
5.838033997054055,6.056494930053682,23.50842305780785
5.86881915221629,6.265542597712694,23.24555647973912
5.917273839508459,6.4891124844925,23.00460268237101
5.983079474826605,6.726808436459981,22.787134911806916
6.065909013027357,6.978206320114175,22.59478279376876
6.165423379212548,7.2428182468308115,22.42923746446829
6.281264717632612,7.520054375948842,22.29225241689583
6.4130465338691724,7.809182377174198,22.185639327352785
6.56034081162615,8.109284752203605,22.11125794791977
6.722662205591633,8.419214411777393,22.070998982674126
6.899449452818522,8.737549186533485,22.066758725424354
7.090044213463779,9.062546325198102,22.10040414726533
7.293667653958757,9.392098504872518,22.173727113424242
7.509395227538136,9.72369344100247,22.288386518502463
7.736130292799534,10.054379822621247,22.445837402314858
7.972577442106686,10.380742977944651,22.64724659479078
8.217216685278878,10.698894339768362,22.893395187232308
8.468279940795451,11.004479344902803,23.184569179358682
8.723731608731676,11.292708752042659,23.52044102684954
8.981255308209278,11.558418354287626,23.899946495558524
9.238249116664337,11.796161532805492,24.321163144025252
9.491831796206585,12.000337883449806,24.781198760120066
9.73886247191446,12.16535911603288,25.276099939939083
9.975975972683136,12.285850517299888,25.800792401395206
10.19963549795831,12.356882546973297,26.349065190267684
10.406203393630989,12.37422283410536,26.913610263879605
10.592029603189829,12.334594388650338,27.486126686355174
10.753555852403759,12.235921861461104,28.05749465548933
10.887431935531794,12.077544927111239,28.6180188803964
10.990638769623349,11.860377093873346,29.157733856133273
11.060611392784397,11.586990076571656,29.666756111239042
11.095354046532625,11.26160857672953,30.13566160458958
11.093539126070114,10.890007688796622,30.55586131544865
11.054582261929694,10.479314430863523,30.919945787333525
10.978687156944122,10.037724844283062,31.22197065435229
10.86685595145385,9.574157210510533,31.457660106090792
10.7208635991854,9.0978687250717,31.624513260175444
10.543197675453582,8.618066343517642,31.721808335002702
10.336967832240822,8.14354198603267,31.750509810411916
10.105791409414856,7.682358087908605,31.713092863225544
9.853663243754486,7.241602483645436,31.613306002692873
9.584818353581847,6.827223095125748,31.45589628536312
9.30359592507854,6.443944248913212,31.246321667241464
9.014312019932976,6.095258883274013,30.990472421601478
8.721146881007977,5.783485249201771,30.694418958630983
8.428050887200776,5.5098733274668845,30.364197818552448
8.138671343974021,5.274745015577132,30.005641996724947
7.856300590514756,5.077652812638063,29.62425680780472
7.583844492996444,4.917543707804735,29.22513863785472
7.323809344278213,4.79291768916036,28.812931328188498
7.078304513790304,4.701973232179905,28.391813526312557
6.849057854447129,4.642734921055413,27.965509931405936
6.637440817028451,4.613160760682386,27.53731969327025
6.444500376280745,4.6112286355028225,27.110156028122336
6.2709951672447595,4.635002743750916,26.686592158909548
6.117433603340711,4.682681726211951,26.268909791474087
5.984112149842263,4.752630696461405,25.859147376854153
5.87115232083844,4.8433995559038,25.4591463110145
5.778535330029597,4.953729929915553,25.07059395326755
5.706133641351388,5.082552867530203,24.695062898939117
5.653738928022381,5.228979167784533,24.33404633354977
5.621086157429649,5.392283877201522,23.988989547184644
5.607873677354281,5.57188617755894,23.661317824046744
5.613779291715391,5.767325572856697,23.352460967644802
5.638472387751325,5.978235002971057,23.063874697617063
5.681622218241116,6.204311267129382,22.797059076620474
5.742902458837025,6.4452829380764465,22.55357400759511
5.821992158414473,6.700875791218078,22.335051691955343
5.918573185836471,6.970775665681308,22.143205764008865
6.032324255747374,7.254588620721318,21.97983662067865
6.162911594968027,7.551798257613365,21.846832252595938
6.309976295913177,7.8617201526682114,21.746163658187413
6.473118400684486,8.183453502109778,21.679873694635464
6.651877776102999,8.515830326832408,21.65005800130031
6.845711883502619,8.857362937728944,21.65883644168209
7.053970625670158,9.206190832167623,21.70831337712357
7.275868575112996,9.560028786512714,21.800525047287323
7.510455060588694,9.916118626343248,21.937372438251263
7.756582818656951,10.271187977912597,22.120538328840603
8.01287620675847,10.621420191284926,22.351387787392834
8.277700321307927,10.962440506336108,22.630852313780746
8.5491327574983,11.289324297663486,22.95929914460872
8.824940164468279,11.596633730407264,23.33638899569813
9.102562153217194,11.8784891914401,23.760927688554588
9.379105451620248,12.12868120525434,24.230719603728293
9.651351400923172,12.340826974521203,24.74243352874119
9.91577986772036,12.508573017084954,25.29149390544916
10.168612316029416,12.625841523126086,25.872012293799486
10.405876065701973,12.687113123019891,26.47677452687819
10.623490603999835,12.68773307553187,27.097297985649643
10.817375215261627,12.624222077167003,27.723970212808908
10.983575220134746,12.494567842369303,28.346274493474528
11.118401928654913,12.298470366296971,28.95310022266642
11.218579254832498,12.037513398356475,29.533126515680813
11.28138812377437,11.715237900998707,30.075257762190965
11.304798655753194,11.337100388942075,30.569081221350334
11.287579922727744,10.91030955511315,31.00531095444251
11.22937801804395,10.443547233869843,31.376180780799388
11.130755267657642,9.946592659809667,31.675752265817735
10.993186455054405,9.429880028375264,31.900111841965018
10.819011568424807,8.904026650027918,32.04744290093302
10.611348327019334,8.379371285442723,32.11797220197318
10.37397109773099,7.865559294690782,32.11380300752992
10.111165339409155,7.371203773446236,32.03865794252807
9.827568130344481,6.903641411128235,31.89756124916558
9.528005556940082,6.46879029754786,31.696492308937337
9.217336871857212,6.071106166167258,31.44204033546027
8.900313617597817,5.713625000621078,31.141084986032315
8.58145968670653,5.398074322778532,30.80052062923723
8.264975893389233,5.125032956287863,30.427034491723965
7.954670357898622,4.894119234976198,30.026942001815357
7.653914067725528,4.7041898053727085,29.60607708424768
7.365619498736918,4.553534559506622,29.16973127128897
7.092239189826819,4.440057092961107,28.72263327539066
6.835780635319716,4.361433840313776,28.268959881924875
6.5978337170352575,4.315248318861702,27.812369314973793
6.3796070496337896,4.2990995202866635,27.356049228800458
6.181969963707389,4.31068538335488,26.902772846749684
6.005497316018269,4.347863512156853,26.45495824486175
5.850514826378706,4.408691981308467,26.014727177719056
5.717143144947071,4.491453319064594,25.583961061420702
5.60533931812635,4.594664704868118,25.164352714516976
5.514934725985136,4.7170771661759705,24.75745320535026
5.445668900361695,4.857666195179689,24.364713682497246
5.397218899560295,5.015615791821129,23.987522406016346
5.3692241168847925,5.190297518372453,23.627237387201802
5.3613065431821045,5.381245750310595,23.285215118062407
5.373086596456155,5.588129944279038,22.96283585841271
5.404194683151837,5.810724424792213,22.66152587170684
5.454278674291437,6.048875920462445,22.382776877674107
5.523007473068507,6.3024688590826266,22.128162831897388
5.61007082589791,6.571388259632176,21.899353956590105
5.715175492850029,6.8554799399628745,21.698127736542872
5.838037852064493,7.154507695447975,21.526376361178727
5.978372972262071,7.468107103038682,21.386109839129674
6.135880154198162,7.795735677203959,21.279453738261253
6.310224922719431,8.136619262998684,21.20864021735592
6.501017453718202,8.489694814212676,21.17599072685732
6.707787453474993,8.853550090724239,21.183888484244367
6.929955581446204,9.22636133860972,21.234738604499377
7.166801632127513,9.605830705801665,21.330913630928645
7.417429878038229,9.98912600307818,21.474682225078507
7.680732233969874,10.372826436607326,21.668119011910502
7.955350239361687,10.752879079704133,21.912994127646872
8.239637272267164,11.124572045490213,22.210641981190737
8.531622896776186,11.482531446214734,22.56181021033226
8.828981784129807,11.820750096414345,22.96649186134167
9.129010195890597,12.132656289761613,23.423746461529433
9.42861351284392,12.411230553281179,23.931518814273275
9.724308649099894,12.649176732552409,24.486467818275315
10.012245298650994,12.839150792272678,25.083821024049488
10.288249699819469,12.97404614494035,25.71727343652458
10.54789385372341,13.047328179132727,26.378950542990893
10.786591807382488,13.053403303208242,27.05945490680868
10.999722682872699,12.988000005352879,27.74801221168521
11.182777667943544,12.848532316457156,28.432725944315553
11.33152536733617,12.634411103514507,29.100940051036254
11.442187059909603,12.347267323721441,29.739696676272214
11.511610928516841,11.99105492856234,30.33626301274258
11.537432684227394,11.572010006042674,30.878689489165303
11.518209605212144,11.098456438908839,31.356353337109198
11.453516118036962,10.580465154390787,31.760439039145314
11.34399169696609,10.02939134121591,32.08431139296167
11.191335801394304,9.457328805200143,32.32374774555441
10.998249315026527,8.876530225088338,32.47701177199131
10.76832682879525,8.298844743937211,32.544769315116376
10.505908425726679,7.735219796891651,32.52986412392287
10.21590279343773,7.195303498559874,32.436984983569126
9.903595145810687,6.687169551926244,32.27226381519847
9.574453494608633,6.217171228831646,32.042846217276804
9.233945452972705,5.78991704853579,31.756472249797103
8.887375347988302,5.408350178039989,31.421097562844867
8.539748434747304,5.073907178989756,31.044575183866105
8.1956658998359,4.786729500967772,30.634408268315745
7.859251496400462,4.545902361273201,30.19757532696188
7.5341083209837265,4.349699289273234,29.74042272906875
7.223302548453245,4.195815522294974,29.26861493471655
6.929369897047962,4.0815786493817745,28.787130779931097
6.654340131348816,4.004129706479821,28.3002938019844
6.399774911164873,3.9605719178327514,27.81182551696747
6.166814627373625,3.948087288735554,27.32491222878177
5.956230406288607,3.9640233006276593,26.842277926356797
5.768478106089934,4.005953166651417,26.366257799616385
5.603751791055544,4.071713649530983,25.89886867601968
5.462034795576364,4.159424505761769,25.44187414725677
5.343147045900265,4.2674933633272305,24.996843290439543
5.246787776199181,4.394609396109567,24.565202706883365
5.1725731523828005,4.539728624962091,24.14828214669213
5.120068605840514,4.702053120762263,23.74735431107345
5.088815888567206,4.881005851544891,23.363669578531294
5.078355001818806,5.07620242827693,22.998486431556216
5.088241234054165,5.287420573293392,22.653098304081176
5.118057581506135,5.514567764965744,22.328857454324723
5.167422826339285,5.757647200370016,22.02719631150728
5.235995521846783,6.01672196130633,21.749646559663788
5.323474089210844,6.291877064949237,21.497856012842206
5.429593172746368,6.58317892734411,21.273603104494022
5.554116336373871,6.890631667442742,21.078808558179812
5.696825119175775,7.21412963673301,20.915543523984795
5.857504408297201,7.553405584682782,20.786033152921966
6.035924039793572,7.907973978259347,20.692654240199627
6.231816510001676,8.277069205183459,20.637925202457613
6.444850680786648,8.659578730920678,20.624486276538565
6.674601402527745,9.053971778170055,20.655067461841806
6.920515071734828,9.458224785449834,20.732441413762317
7.1818713000958345,9.86974580538761,20.85935829043409
7.4577411136471055,10.28530113939253,21.038459540207846
7.746942438837787,10.700948867148805,21.2721678989568
8.047994077111753,11.11198547339283,21.56255157310391
8.359069924190155,11.512913402298066,21.911161859145555
8.677955844359031,11.897438909069578,22.318845432515563
9.002012333910912,12.258510766808413,22.785535332350047
9.328146844867508,12.588410866751133,23.31002829869498
9.65280030085362,12.878907083256696,23.889760471781763
9.971952796724372,13.121476488414595,24.520598225058635
10.281153576042161,13.307602674780219,25.196665506932973
10.57557995214073,13.429144342728064,25.91023267177239
10.850128715248033,13.478763543195425,26.651693327443493
11.099541635700538,13.450391658733725,27.409654074895755
11.318563916695117,13.33970059044476,28.171156197762915
11.502131002515638,13.144537516313129,28.922037916416553
11.645575323813006,12.865276182837048,29.647431144398382
11.744840853123618,12.505038098735382,30.33236926049939
11.796690370899324,12.069744659942424,30.962464806260876
11.798888745487362,11.567976320963718,31.52460153595065
11.750345826987994,11.010635949659845,32.007577214896344
11.651204989914998,10.410437342224304,32.4026344479361
11.502867799785813,9.78126233716862,32.70382740457322
11.307951190878585,9.137446759235177,32.90819126119508
11.070180076656355,8.493063280378937,33.015705235544644
10.79422447852477,7.86126685221154,33.02906481358535
10.485495134752542,7.253756535912861,32.95329970709533
10.14991449167425,6.680389141290597,32.79528786378721
9.793680724339243,6.148958960971146,32.56322092808312
9.42304112634464,5.6651379373355395,32.2660733253474
9.044088310983481,5.232554835610528,31.913117572081994
8.662588817799834,4.852982042633937,31.513515270807886
8.283849583749516,4.526594671635861,31.075999335936046
7.912623879381389,4.252267826902374,30.608650558917304
7.553055117384173,4.027882647349283,30.118762040178932
7.20865461112773,3.850618444203283,29.612778801025584
6.882307923472094,3.7172154285177292,29.096296858101717
6.576303808218329,3.6241991427903435,28.57410558616041
6.292379745846132,3.5680631593723993,28.05025852980085
6.031778525868608,3.5454106555755995,27.528160190314725
5.7953110541285895,3.553058160308228,27.010659083210225
5.583421417504209,3.5881062869627574,26.500140087584093
5.396251110221763,3.6479828855269965,25.998611516825907
5.233700140821675,3.7304640292264453,25.50778430075673
5.09548345323727,3.833677828963582,25.0291421543373
4.981181689717316,3.9560954244507607,24.564002653525865
4.890285794460042,4.096512765482477,24.113569813428573
4.822235312393306,4.254026057034771,23.678979146815905
4.7764504908613885,4.428003049517286,23.261336348252073
4.752358458740188,4.61805173678547,22.861750765561908
4.749413853496263,4.823987488618913,22.481364737468642
4.767114306546558,5.045799190000298,22.121379731467204
4.805011193764216,5.2836145798244525,21.783080034428167
4.862716021913732,5.537664667620904,21.467854544784416
4.939902762097585,5.808246849689569,21.177216995990175
5.036306365260892,6.0956861387726935,20.91282470666196
5.1517176085171155,6.400293760106553,20.676495699438906
5.285974329849253,6.722322251544047,20.47022375136177
5.43894901766946,7.061916141519874,20.29619062538803
5.610532636130557,7.41905727696456,20.15677437775169
5.800614493184398,7.793503951725383,20.054552233676453
6.009057903856687,8.184723170113715,19.99229607360458
6.235671375819859,8.59181570337655,19.9729580807801
6.480175060492845,9.013434100245007,19.999643588246595
6.742162285998218,9.447694542880393,20.07556766639879
7.021056136857127,9.892084444316374,20.20399157261734
7.31606129033321,10.343369003836013,20.388134934460524
7.62611168294773,10.797501593874662,20.631059586005513
7.949815083211034,11.249544828783524,20.935521490411563
8.28539630195955,11.693611381473023,21.303788361548694
8.630641580501385,12.122835894748963,21.737422661603777
8.982847637353123,12.529391382837476,22.23703280089501
9.338779871843585,12.904564892477008,22.801999728081807
9.694645218325885,13.238907303674678,23.430191646842996
10.046085967017698,13.522470303771172,24.11768604929791
10.388201312408013,13.745139065014468,24.85852498515561
10.715603212807531,13.897061462705947,25.64453543863926
11.02251209031777,13.969163663641133,26.46525040974727
11.30289575779879,13.953728148797275,27.307966088436405
11.55065163236352,13.844995170293478,28.1579647413159
11.759827882860836,13.639734705834286,28.998920540019217
11.924874021343777,13.337726328167605,29.813486627906602
12.04090622556056,12.942082369054727,30.584037939166233
12.103968237384509,12.459357895475879,31.293519094889767
12.111265971842897,11.899410147773509,31.926324895301423
12.0613538141041,11.274998530033791,32.46912764216614
11.954253430874198,10.601149686314242,32.91156482956474
11.791491678476477,9.894344456167259,33.24671425184933
11.576052141538623,9.171608017456778,33.47130964570573
11.31224377202358,8.449596176384654,33.585683856854544
11.00549856803369,7.743767366890895,33.59346153190805
10.662116884904245,7.067712803786034,33.50105272244277
10.28898286501797,6.432690718537185,33.317017509909995
9.893273256322736,5.847380615030689,33.05137765042855
9.482180816347107,5.317845832697134,32.71494518094537
9.062669287395218,4.847671705606428,32.318723128343976
8.641271535171771,4.438234346913994,31.873414219474625
8.223936822604331,4.089051480353458,31.389053953823964
7.815928116557896,3.798170113262361,30.87476769582154
7.421766294648577,3.562553757760214,30.338639298001446
7.045215343501822,3.378441885658985,29.787671590216046
6.689301093846696,3.2416643390186697,29.22781631323016
6.35635554023845,3.1479021797052313,28.66405166499891
6.048079085880295,3.0928932829061093,28.100488355431423
5.7656138660105825,3.07258572269742,27.540488846143024
5.509622397124733,3.083244864818847,26.986788458143504
5.280366985892469,3.121521445500663,26.441610721410612
5.07778647924204,3.1844881911548946,25.906772426958884
4.901567964763251,3.2696521019647093,25.383776225495104
4.751211897869364,3.3749486895922596,24.873890322349315
4.626089827644737,3.498723449777574,24.37821593942345
4.5254944243044575,3.6397048140846793,23.89774387155671
4.448681895523189,3.7969718509716706,23.433401777325276
4.394907138946525,3.969919120327927,22.986093918735417
4.363452137052089,4.158220343728378,22.55673498565579
4.353648179632168,4.361791932840578,22.146279472648395
4.364892517206063,4.580756908704873,21.755747861955847
4.396660021156053,4.815409328663097,21.386250634286778
4.448510365742513,5.066178998416284,21.039010893349463
4.520091163059375,5.333595968304107,20.715386155752043
4.6111373818127435,5.618254082372052,20.41688962275553
4.721467270138888,5.920772656652146,20.145211007193243
4.850974885886501,6.241755204155339,19.902236726869937
4.999619218567686,6.581743998273108,19.69006898180056
5.167409769152721,6.941169179595993,19.511042892389575
5.354388341233151,7.320291076863616,19.367740474780003
5.560606695271759,7.71913445292686,19.262999755597182
5.786099634230737,8.137413533656659,19.199916773013108
6.030853034284811,8.574446975891233,19.181837574452587
6.2947663228649455,9.029062436509891,19.212336616914243
6.577608956843471,9.499491187002247,19.295177238297466
6.8789705903160945,9.983254352991732,19.434249162180528
7.198204873289406,10.477043922463487,19.633477430437623
7.534367222691929,10.976603721215628,19.896696886834118
7.886147489563655,11.476618121391652,20.227486580627563
8.251799240711534,11.970619276864014,20.628959505304483
8.629068396049039,12.450926996014443,21.10350526636805
9.015125204951717,12.90863862431578,21.652486927795877
9.406504954761179,13.333688951586652,22.275898703197857
9.799064269870042,13.715001371247483,22.971998443858393
10.187961190850796,14.04075027171925,23.736937811394267
10.56766814379765,14.2987498004541,24.56442288286929
10.932027066912195,14.476974710045724,25.445447343128265
11.274354960345965,14.564204476074067,26.368147298518483
11.587605605228719,14.550762729412481,27.31782848759286
11.86458894022649,14.429302123792676,28.277210574012553
12.098243644848406,14.195563516700318,29.226917273432544
12.281951307555923,13.84902259448809,30.146214927237754
12.409873052151546,13.393332136829157,31.013967958871252
12.477282943698771,12.83647834750232,31.809742504680173
12.480868356554359,12.190596750317694,32.51495683750603
12.418967054700207,11.471434683594811,33.113957187676384
12.291714738297026,10.697496702294263,33.59489676738232
12.101085104196875,9.888956368223205,33.9503167536958
11.850815932961208,9.066452589394679,34.17736780959582
11.546227450882148,8.249903047769184,34.27766150476435
11.193950989460683,7.45745853897296,34.2567919364462
10.801594772682265,6.704693242269419,34.123608449051474
10.377378215751683,6.004084658083788,33.889343405693936
9.929766097436522,5.364792834434982,33.56670223671191
9.467129978686767,4.792710333211876,33.16900909874939
8.99745753477782,4.290727955450217,32.70947633109277
8.528122548817633,3.859148558832205,32.20063648378271
8.065720563280014,3.496181052785313,31.653948118375503
7.61596861807465,3.1984554645218854,31.07956488778506
7.183662671893242,2.961513773416923,30.48624329033085
6.772683335990594,2.7802463700120077,29.881357736691122
6.386039261785068,2.649257887093998,29.270990730904355
6.02593755552177,2.5631573067993405,28.660069132756863
5.69387152887706,2.5167751857990486,28.052522790572127
5.39071754669253,2.5053157514169873,27.451447836872685
5.116834389712875,2.524454058391459,26.859262627508528
4.872160188610065,2.570389029458401,26.277849123170828
4.656303467055931,2.639862664187143,25.708676248624005
4.468626085461322,2.7301545034240866,25.152904434412307
4.308316881458415,2.839058956066729,24.611472289246993
4.174455567867236,2.964851577353449,24.085167361042025
4.066067000739286,3.1062489776094333,23.57468341603981
3.9821663034550783,3.262365807768563,23.080666770834423
3.921795563009689,3.432671234777901,22.603754089406344
3.8840529339818692,3.6169464790748393,22.144603809111445
3.8681150220987432,3.815244315561636,21.703923056788916
3.873253395524731,4.027850910689096,21.282491603762427
3.8988460058510355,4.255249952488331,20.88118411170726
3.944384205712101,4.49808870090007,20.500991650945412
4.009475935813287,4.757145319284075,20.143043229429
4.093845527769849,5.0332966252891,19.80862784830194
4.197330435096994,5.3274852052247965,19.499217387594452
4.319875065854134,5.640684659877365,19.216490409055908
4.4615217486453,5.973861585111398,18.962356725547938
4.622398720204097,6.327932736594341,18.738982308842694
4.802704879014438,6.703715689894686,18.54881376934373
5.002690907453809,7.101871198348385,18.394601220156602
5.2226362284493515,7.52283539498056,18.279417811908782
5.462821137759194,7.966740017928372,18.206673573519602
5.723493349528052,8.433319013896686,18.180120403130594
6.004828125499566,8.921800263058483,18.203844119561055
6.306881148434472,9.430781864665079,18.28223842541421
6.629533376998412,9.958093539591744,18.419954499005044
6.972427320684161,10.50064537403858,18.62181882423583
7.334894546271238,11.054268480015383,18.89271095615084
7.715874826209549,11.613555292069044,19.237392467274134
8.113828220863953,12.171711198537533,19.660278696546843
8.526642600432949,12.720433931563282,20.165146611180575
8.951540685449489,13.249842309914605,20.75477566144178
9.384992598191324,13.748480926059504,21.43052454293893
9.822642076477944,14.203431176390149,22.191855736891803
10.259256702509305,14.600560195057641,23.035831681331487
10.688714400953291,14.924935949327637,23.956620890124814
11.104039572448805,15.161427070813675,24.94506776259941
11.497501940130322,15.295488426806534,25.98839348172606
11.86078885125043,15.314107637021726,27.070103358773725
12.185256867556019,15.206855400306283,28.170173615265615
12.462260809083428,14.966948011420001,29.2655736504871
12.683548372517386,14.592200987302144,30.331146099853594
12.841697156728744,14.085737212629304,31.340818045989256
12.9305602644444,13.456319890309908,32.26905924671097
12.945678955676096,12.718214668265913,33.092448640945975
12.88461838894716,11.890544893547078,33.79117264335241
12.74718682418056,10.9961794634185,34.35027020745012
12.535509914407045,10.060268288781552,34.760466484990125
12.253948352155696,9.108598011789777,35.01849594279152
11.9088662038901,8.165966113201858,35.12689450414174
11.508275121287113,7.254759271257736,35.093320434331886
11.061392933097512,6.393876511231372,34.929527199382946
10.578161764318919,5.598072341136696,34.65014607127337
10.068770324095926,4.877726237438471,34.271438404769995
9.543218441021631,4.238987208128767,33.8101524096037
9.010951436339077,3.684204774151617,33.28257749891424
8.48057997365214,3.212542850339724,32.70384285024355
7.959689767070472,2.8206773870038346,32.087465466154185
7.454736438762276,2.5034958832489322,31.445122602368823
6.971014571727105,2.254740080583343,30.786605696412067
6.512686610019976,2.0675565955166326,30.11990656995931
6.082856274860761,1.934940275884089,29.451388739014384
5.683671940451316,1.8500699893784809,28.786003804564082
5.316447277642814,1.8065462158617083,28.127522206318748
4.98178885399035,1.798544968791577,27.478757007375158
4.679722850260171,1.8209043454441143,26.841767587941614
4.409815342017383,1.8691595445289835,26.218036606010614
4.171282553542898,1.9395404548034034,25.608618255585434
3.963089066541175,2.0289436194120913,25.01425891892405
3.784033165110614,2.1348879854470906,24.435493089909055
3.632819362331352,2.255461627507295,23.872718282746817
3.5081187382577923,2.389264717326856,23.32625283930697
3.408618082005138,2.535352436801411,22.796380355256108
3.333059025194919,2.6931802840596784,22.283384041874985
3.280268425564899,2.8625532606295736,21.78757385248982
3.2491812445884714,3.0435797020612076,21.309308709496868
3.238857089733606,3.236629974758759,20.849015715539313
3.2484914815541917,3.442299863373855,20.407207842020814
3.2774227732238246,3.661378177684476,19.98450126541243
3.325135505721862,3.894817883842014,19.581633262385495
3.391260832298044,4.143709886573097,19.199481368476814
3.475574494887421,4.409258435738045,18.839084338256725
3.5779926845144296,4.692756986095429,18.501665302400404
3.6985659675525246,4.995563190274001,18.18865738184252
3.837471309048997,5.319071542180279,17.90173187303326
3.9950020715774865,5.664682005230058,17.642828940954452
4.171555711401212,6.033762754957953,17.414190525069802
4.3676187315251935,6.427604942413978,17.21839485143083
4.583748282752575,6.847367154818457,17.058391521451508
4.820549630076466,7.294007035799744,16.937535580183596
5.078648526340388,7.768197367226498,16.85961821720945
5.358657366031443,8.270223867287593,16.8288907845066
5.6611338434308465,8.799862111921202,16.85007759663306
5.986530733788157,9.35623146057461,16.928371494008683
6.335135387711729,9.937624824915508,17.06940441650485
6.70699762587164,10.54131476556858,17.27918332425906
7.101845008456431,11.163338978416641,17.56397987625044
7.518985014371081,11.798271993525024,17.930160624902967
7.957194596938969,12.438995077555896,18.383943572026904
8.414598990763157,13.076483007900633,18.93106743709706
8.888543622367017,13.699634428741772,19.576362818939074
9.375465577456914,14.295181335101354,20.323220670716292
9.870774264059614,14.847721657007348,21.172964265400903
10.368754497801751,15.339924911530881,22.12414693172833
10.862508820141194,15.752961557361356,23.171819339510964
11.343958766549287,16.067198463668245,24.30683562953362
11.803926071622104,16.263182232057396,25.5152937367088
12.232313273928826,16.322896657624113,26.77822586647471
12.6183977236065,16.231231000270174,28.071662095698574
12.951242842617985,15.977537303368797,29.367174641738444
13.220215738862423,15.55709880028844,30.632965825982993
13.415582321996537,14.972293366796373,31.835488479021155
13.529132779234693,14.233233113229815,32.9414921690173
13.554775686733816,13.35770584403704,33.92029113185362
13.489032474602542,12.370337044925108,34.745976054890065
13.331368675461253,11.301017559641494,35.39926704457419
13.084315189369036,10.182773560411391,35.868743684353284
12.75335934873511,9.049357448962125,36.15128638347406
12.346616686950282,7.932882939395861,36.25169846039408
11.874323409105832,6.8618036741620605,36.1816158594706
11.348210620176806,5.859452044928236,35.9579166907774
10.78083072286016,4.943239418946227,35.6008937193692
10.184903583735789,4.12450246298063,35.13244553509475
9.572737495438542,3.408889104834973,34.57448897000161
8.955761762195921,2.797125890599997,33.947718182521285
8.344188312628287,2.28599667286407,33.27075694917839
7.746802629338755,1.8693815613585463,32.55968636743063
7.170871562192072,1.539241610588085,31.827888160354327
6.6221478877045135,1.286476282975562,31.086124313958795
6.104948324106624,1.101618342094253,30.342772303168843
5.622282041539523,0.9753597837110405,29.6041452730214
5.1760092836713145,0.8989215283538857,28.874842193465874
4.767013430613524,0.8642899650055388,28.158089646264088
4.395373840786504,0.8643471708322673,27.456051733992876
4.060530563273749,0.8929210062011833,26.770096330200715
3.7614352184437547,0.9447782285310179,26.10101427250567
3.496684896634052,1.0155796959577388,25.449193497008054
3.2646378355279455,1.1018125495769924,24.814753143758978
3.0635109840920856,1.2007104728233533,24.197643989932317
2.8914604478640613,1.3101699463452423,23.597721772524775
2.746646341921757,1.4286678887151685,23.0147995044398
2.6272838478806815,1.555184144900083,22.44868409755725
2.5316823573584437,1.6891308622006527,21.89920170432481
2.4582745472376923,1.8302897751439764,21.36621531010457
2.4056371172547695,1.9787577121481246,20.849637324761684
2.3725047608053527,2.134900157807491,20.349439265149886
2.3577787582962464,2.2993123913380327,19.865660095782143
2.360531394227147,2.4727875243751227,19.398414393992088
2.3800072142040603,2.6562906420522316,18.94790121207964
2.415621961944048,2.8509381813770793,18.514414303639093
2.466959871776954,3.057981638411048,18.098354246072603
2.533769839828193,3.278794663521647,17.70024290929765
2.6159608561014003,3.5148625681945758,17.32074067684307
2.713596948074536,3.7677732158954496,16.960666806509366
2.8268917613312863,4.039208192920373,16.621023311159206
2.956202780651882,4.330933043499559,16.303022733703017
3.1020250718136633,4.644785197541225,16.008120170606762
3.2649842955787567,4.982658010773691,15.738049849542012
3.445828606109535,5.34647906808773,15.494866469451159
3.645418891315457,5.738180566029834,15.280991339933907
3.8647166374783812,6.159659187950922,15.09926307843856
4.104768500619713,6.612722420500786,14.952992195568475
4.366686439579058,7.099017749850219,14.846018266769196
4.6516220105022414,7.619940655699689,14.782767486235716
4.9607331438946005,8.176516854695791,14.76830714802353
5.295141435637372,8.76925393782219,14.808391914796823
5.6558777060091945,9.397957562371904,14.909494534282144
6.043813356337082,10.061507939277416,15.078810888423199
6.459574945549114,10.757593837884361,15.324225909447865
6.903439513884911,11.482404157445727,15.654223082271407
7.375208631917282,12.230281833137354,16.0777162781727
7.874060125889436,12.993352055199573,16.6037791332893
8.398378140187347,13.761147027909509,17.241245121500558
8.945564880171121,14.52026305743814,17.99815243257486
9.51184124681689,15.25410229879861,18.8810138860816
10.092048740978171,15.942769581131293,19.893905967493463
10.679471369124197,16.563211276888563,21.03739524358599
11.265703329601179,17.089692963870117,22.30735656763405
11.840594947081017,17.494708265988937,23.693784924289492
12.392313925292179,17.750384106435696,25.179756583259902
12.907559146592353,17.83039012514608,26.74074465464814
13.371957320339291,17.71226976516384,28.344522163166328
13.770656596965871,17.379995137834495,29.951871566664735
14.089105235154118,16.8264287684573,31.518244915090932
14.313969736226218,16.055287704123376,32.996377468925196
14.434111234468572,15.082189923332553,34.33966553313149
14.441510049490029,13.934450513380996,35.5059186522924
14.332015765562915,12.649488816857067,36.46094789364572
14.105811124665014,11.271971653422312,37.18141449285113
13.767513650346402,9.85008165398049,37.656466873471174
13.325892966938092,8.431483187660016,37.88792174904027
12.793241732900558,7.05960344308489,37.88903346281788
12.184489330072815,5.770742822766822,37.682159621747736
11.516178270110197,4.592317676061832,37.2957977878188
10.805428722604939,3.5422910561488634,36.76150464743168
10.068999167201987,2.629634826833682,36.1111292046923
9.322518886831618,1.8555345335219928,35.37464104302607
8.579930698024862,1.215007558835938,34.5786681894127
7.853148413619051,0.698637582759869,33.745719580383295
7.151908255428577,0.2942031979792467,32.893976372652936
6.483778469343874,-0.01193475769967045,32.03749619115396
5.854285765754957,-0.2337455324960326,31.186673984036112
5.267118513363527,-0.38474202577907507,30.348827027752794
4.72437212635192,-0.4774623545009049,29.528805684187734
4.226809449443451,-0.5231699158353579,28.729565739260213
3.774116481139685,-0.5317192366721115,27.952666986426603
3.36514048567726,-0.5115394527572594,27.198684118698026
2.9981029807471185,-0.4696954235076665,26.46753014447925
2.670784172049924,-0.41199551011418273,25.75870072577857
2.380678267706983,-0.34312337124373005,25.071451650550316
2.1251209667535162,-0.2667780712111083,24.404922576509847
1.9013915142429108,-0.18581219422895306,23.758219404090454
1.706792265511981,-0.10236164354530701,23.130466000622395
1.5387088792032722,-0.017963621292404225,22.52083406381613
1.3946541964552728,0.06633880072504386,21.928558012791388
1.2722986590891177,0.14990585923453037,21.352940103409022
1.169489839724679,0.2324235883723531,20.793349552599768
1.0842633461492979,0.3138387275036026,20.249218332918378
1.0148470493278887,0.3943049209753613,19.720035439489582
0.9596602863093712,0.4741389904694184,19.20534079774847
0.9173094154868102,0.553786059514203,18.70471952904179
0.886580856765738,0.6337923647708488,18.217796981772917
0.8664325345689643,0.71478467641667,17.744234733205282
0.855984456673952,0.7974553546418449,17.283727642476645
0.8545090048936861,0.8825521805497109,16.836001966217655
0.8614213821852384,0.9708722107314984,16.400814517344894
0.8762705522079713,1.0632590109578877,15.97795284268651
0.8987309188699302,1.1606027228592817,15.567236407403172
0.9285949222510466,1.2638425062695107,15.168518797891155
0.9657666708468076,1.3739709778690565,14.781690986390531
1.010256685862732,1.4920403330538945,14.406685737880746
1.0621777990005097,1.6191698918983657,14.043483282210696
1.121742218657626,1.756554850948777,13.692118421796588
1.1892597586858047,1.9054760494075562,13.352689298220072
1.26513720687247,2.067310569629232,13.025368100641185
1.3498787951966018,2.243542985667541,12.710414066284564
1.4440877186819099,2.4357770468891475,12.408189199586205
1.5484686321895795,2.6457475321924093,12.119177222971105
1.663831032353214,2.8753319283621614,11.844006369319104
1.791093402240152,3.1265614657920144,11.583476733806853
1.9312879558204503,3.4016308759802807,11.33859301943843
2.0855657637405947,3.702906004602617,11.11060363239272
2.255201966005758,4.0329281047463645,10.901047202991197
2.4416006744451373,4.394413226127832,10.711807712913785
2.6462990301605527,4.790244582492487,10.545179478521888
2.870969698586791,5.22345509144434,10.403943241301919
3.117420845354701,5.697196406241655,10.2914545002053
3.387592325898895,6.21468966527222,10.211744914129726
3.6835464252245607,6.779151845759501,10.16963700085273
4.007450985668802,7.393690014704617,10.170871313738667
4.361552146277326,8.061153949035727,10.22224358810804
4.748133180739319,8.78393564149192,10.331746750426802
5.169455069358639,9.563702324489105,10.508708843699154
5.627673508863995,10.40104821638273,10.76391245504164
6.124726132210026,11.295049879245818,11.109673738156065
6.662182931510309,12.242711913359585,11.55984929358071
7.2410525110995865,13.238295238243294,12.129726970288107
7.861537253690358,14.272531533209998,12.83574265298959
8.522732358042358,15.331747156905022,13.694950969734137
9.222267804363387,16.39695082568108,14.724167034197178
9.955899591382815,17.44298358829197,15.938694782093695
10.717068042567524,18.43788689813661,17.350574157286637
11.49645723604521,19.342709562071718,18.966326023617906
12.281610370398305,20.112033406570202,20.784262376944394
13.05667903708216,20.695525789786775,22.7915675873952
13.802405103809948,21.04078863592455,24.961537698335185
14.496444140357095,21.097628430561972,27.25155808300745
15.114128383427039,20.82359302131264,29.602540950195987
15.629724714401462,20.190223473999357,31.9405411766434
16.01816408135793,19.189035108063724,34.18102994164612
16.25711028983925,17.83592702468433,36.235792882069276
16.329121444856753,16.172712272249367,38.021708747277295
16.22357356956135,14.26489045570829,39.46996778146681
15.938001603702165,12.195616614496632,40.53389704634896
15.478589585597469,10.05681333988391,41.19370443583306
14.859698508750153,7.939157740015215,41.457159085118924
14.102513095997658,5.922933347886929,41.356259759665335
13.233057438643028,4.071377410529904,40.94091508566075
12.279924410333,2.4273559164140313,40.27122491095094
11.272066172495029,1.0133018104383738,39.4099753499317
10.236918416446924,-0.16632900758361657,38.416545316992035
9.199016144740536,-1.121138067123486,37.3428125125072
8.17914311031233,-1.8704147594011862,36.23108176557487
7.193967918437124,-2.4390729356055214,35.113680918684736
6.2560679617631445,-2.8543255314720213,34.01370791473604
5.374224942960643,-3.1432459109656326,32.94641983614749
4.553882771021296,-3.331171083753686,31.92085639826599
3.7976788521156717,-3.4408002927505534,30.94142208095415
3.105984176382277,-3.4918109489711173,30.00927161999758
2.4774103882708074,-3.5008251118640783,29.123434796901275
1.9092604676486626,-3.4815907476174828,28.281675790163007
1.3979130668510056,-3.4452776361638597,27.48111510670111
0.9391394277634679,-3.4008198825970135,26.718656021042584
0.5283570979365051,-3.3552623316530306,25.99125965545704
0.16082738917512174,-3.314086479268216,25.296108766572022
-0.16819545252309237,-3.281503760240163,24.63069358237894
-0.4633554054796891,-3.260711804898139,23.99284580756749
-0.7291187759048111,-3.254113761850037,23.38074030254269
-0.9697247039183677,-3.2635031741317677,22.79287840884234
-1.189156448823169,-3.2902179724082394,22.2280625356074
-1.391128724045048,-3.335267455168349,21.685368344636522
-1.5790871673262408,-3.399436010689821,21.164118504258848
-1.756216746956958,-3.483367010268217,20.663860337420882
-1.9254565159894332,-3.5876298876138812,20.18434859371144
-2.0895186383529394,-3.712772979595672,19.725533881624504
-2.2509100322998883,-3.859364269113343,19.287556888180912
-2.411955317438748,-4.028021753166861,18.87074829673693
-2.574820021125351,-4.219434759233711,18.475634221395254
-2.7415332064942475,-4.434377146725584,18.102946956423366
-2.9140088349028788,-4.673712951018405,17.75364085287544
-3.094065275679766,-4.938394647902086,17.428913152305697
-3.283442430212903,-5.229453828936755,17.13022960419936
-3.4838159489066127,-5.547983676739831,16.859354646565727
-3.696807990859333,-5.895112209321743,16.618385814222442
-3.923993909268515,-6.271964823572035,16.40979182963427
-4.166904142568906,-6.679614215331457,16.236453494601903
-4.427020454937044,-7.119015302337244,16.10170599899858
-4.705765504674261,-7.590922356628829,16.009380549653933
-5.004484533129906,-8.095785216273939,15.963842247375894
-5.324417773795115,-8.633621274404568,15.970019850516113
-5.666662002925149,-9.203860059269681,16.03342141402779
-6.032119523499485,-9.80515779712448,16.160127760557312
-6.4214328437962065,-10.435180626789364,16.356753348768752
-6.8349034515217255,-11.090357412264437,16.630361462196934
-7.272393490219501,-11.765606734071532,16.98831799398777
-7.733209938576038,-12.454048005145546,17.4380658949968
-8.2159722191293,-13.14671406615797,17.98680130411735
-8.718466172408478,-13.832292179911992,18.641033541532888
-9.237490155373191,-14.496931759012183,19.40601590993293
-9.76870271564037,-15.124169410580322,20.285044248912154
-10.306485762288538,-15.69503291556008,21.278637010789943
-10.843842059272397,-16.18839223232982,22.383635257410663
-11.37235051757696,-16.581622884782988,23.592292943530666
-11.882206046289093,-16.851629761972536,24.891464150544603
-12.36237113531825,-16.97624260031774,26.262028061420587
-12.800862179367849,-16.93593626710422,27.678714138184514
-13.185183337374806,-16.715753144007692,29.110486305787788
-13.502903853086378,-16.307223284576352,30.52160383144882
-13.742352246723707,-15.710010926666822,31.873392000977113
-13.89337575698094,-14.932988692276258,33.12663368883908
-13.948091043488935,-13.994475746088593,34.24435522714926
-13.90153869042411,-12.921482123934435,35.19466184143307
-13.752154939026546,-11.747965075344116,35.95321843835915
-13.501991838346498,-10.512288141773052,36.504998713486465
-13.156649682022609,-9.254229899731444,36.845042477375245
-12.724926733036305,-8.011971336350534,36.97814094607403
-12.21823162412009,-6.81947569423546,36.91756380312347
-11.649834449647992,-5.704570863078379,36.68309771043754
-11.034047483267376,-4.687887415156904,36.298746997652955
-10.385424342814947,-3.7826420055150995,35.79044400791874
-9.71805035440497,-2.9951264782818767,35.184045602324126
-9.044972635840832,-2.3256896834084677,34.50378539101638
-8.37779235163475,-1.7699831329954523,33.771241484078985
-7.726418758365086,-1.3202696278815063,33.004791047703335
-7.098967986845737,-0.966646092133973,32.21946682692804
-6.501779785237434,-0.6980897323521849,31.427106769939016
-5.939521898282806,-0.5032876136502912,30.636688711942913
-5.415352790720791,-0.37124762672836153,29.85475815200359
-4.931117273586965,-0.29171259497055607,29.085879790986017
-4.487554734153165,-0.2554110250675642,28.333066446644253
-4.084504993726428,-0.25418106549955066,27.598158638473862
-3.7211016411522224,-0.2810019140020956,26.882143104610137
-3.3959466838696577,-0.3299618709145631,26.185408749420056
-3.1072634382302193,-0.39618631216478384,25.507944737867533
-2.853026808415155,-0.4757431568009987,24.849488626509466
-2.6310716112412775,-0.5655384772276133,24.209633501742463
-2.4391805454899913,-0.6632109290884063,23.58790287432584
-2.275153923937249,-0.7670306368776898,22.983801147184902
-2.1368635071299997,-0.8758059362081483,22.39684623758603
-2.0222927977583316,-0.9887997878387182,21.826589651273807
-1.9295660466943132,-1.1056565907174098,21.27262812053321
-1.8569680394598898,-1.2263394015866622,20.734609900074698
-1.8029565119496915,-1.3510771133989155,20.212237985720773
-1.766168811404233,-1.4803208747661556,19.705271874708213
-1.7454241887863085,-1.614708889385249,19.213529002350896
-1.7397228914703908,-1.7550386753718366,18.736886641656895
-1.7482430257751054,-1.9022458591771492,18.275284813760305
-1.7703359796490734,-2.05738860531344,17.828730603657196
-1.8055210370584789,-2.2216368255269088,17.397304187319765
-1.85347967628237,-2.396265357453665,16.981166836294005
-1.914049922467393,-2.582650343955435,16.5805711614541
-1.9872210178877543,-2.7822680726572924,16.19587387879703
-2.073128578423279,-2.9966955439314935,15.827551419414482
-2.1720503184868587,-3.2276120181345025,15.476218756992614
-2.284402345362522,-3.4768007424611156,15.142651883972489
-2.41073594368037,-3.7461499667709957,14.827814426275381
-2.5517346871889055,-4.037652217564981,14.532888939498859
-2.708211623260063,-4.353400600079043,14.259313467614934
-2.881106170306804,-4.695580629081893,14.008823955562413
-3.0714802435364486,-5.066455737292999,13.783503071251467
-3.280512973633232,-5.468344164136462,13.585835884076529
-3.5094931990077267,-5.903584376152584,13.418772629113999
-3.7598086879661827,-6.374485507804769,13.28579840785533
-4.032930775874349,-6.883258541447263,13.19100906903534
-4.330392779237463,-7.431923089614364,13.13919158705641
-4.653760172593401,-8.022183753630717,13.135905897123157
-5.004590091439858,-8.655269210182267,13.187563218621557
-5.3843772735770825,-9.33172659537552,13.301493247946048
-5.794483110289368,-10.05116369264458,13.485989076624879
-6.236044115272795,-10.811932308564106,13.750314176246619
-6.709855942924973,-11.610748642367104,14.104650279203582
-7.216229265156753,-12.442251229763759,14.559958677705009
-7.754814584635516,-13.298505169594051,15.127720941362645
-8.32439473806726,-14.168473916526363,15.819519484705541
-8.922646810993747,-15.03749788778911,16.646415807771653
-9.545879858891073,-15.886842812845362,17.618087643159804
-10.188761553891366,-16.693409106184113,18.74169980713552
-10.844055758179044,-17.429723114794157,20.020512080743387
-11.502403669092274,-18.064354906819048,21.452275258478355
-12.15219236270424,-18.562914113808898,23.027535188917355
-12.779563918282275,-18.889750373660352,24.728049732430897
-13.36862222118908,-19.010412778535596,26.52561083959364
-13.901888508221505,-18.894794031574076,28.381627127033635
-14.361036431453687,-18.52070579230906,30.247825232376275
-14.727900685753184,-17.87743253867676,32.06833447334036
-14.985702341656303,-16.96864990082923,33.78320995918743
-15.12037741819772,-15.814043358185167,35.33314334644958
-15.121847269832825,-14.449085934431967,36.66477668201458
-14.985046813916654,-12.922742161318217,37.73578102872205
-14.710542433630875,-11.293299581458372,38.51879625345885
-14.304628090386679,-9.622961895877939,39.003507618200054
-13.778874607055053,-7.9721237558582025,39.19652437802561
-13.149201026563967,-6.394286924307412,39.11920519618218
-12.43461320452101,-4.932365684272351,38.80398914230522
-11.655794770020812,-3.616754053796333,38.29001757162817
-10.833733602117317,-2.4651238028170477,37.61883154300117
-9.98853046070058,-1.4836105132871253,36.830746735161796
-9.138480924441302,-0.6688868875620256,35.962237036258706
-8.299464055349118,-0.010614998615505633,35.044394192581635
-7.484623734938892,0.5061343767424129,34.10233674167406
-6.704297452696006,0.8987658665018514,33.1553378666404
-5.9661327233412305,1.1854795215874339,32.217417667680266
-5.275329879778969,1.3840519427189735,31.298174137028784
-4.63495702104043,1.511035514540267,30.40368116706776
-4.046294001316891,1.5812993722703834,29.537340252219767
-3.5091742729444055,1.6078275009574905,28.70062295194075
-3.0223041704215294,1.6016961635249165,27.893678798565023
-2.5835479350452486,1.57216660601332,27.115808045554434
-2.190173243988525,1.5268443577907305,26.3658127033771
-1.8390564426679123,1.4718704824528366,25.64224564578065
-1.5268494758470457,1.4121215958665485,24.943578916573237
-1.2501120886344372,1.351404135996892,24.268310865574158
-1.005413593178451,1.2926345499429936,23.615028889219886
-0.7894086647513344,1.2380012543677121,22.982441295880932
-0.5988914595124771,1.1891069341179723,22.36938869934154
-0.43083198709425496,1.1470914059118469,21.774842630401864
-0.2823982245644513,1.1127362282312923,21.19789683800556
-0.1509669873658053,1.0865527316088008,20.637755021494907
-0.03412611492710148,1.0688553463542607,20.093717439486422
0.07032989575028467,1.0598221316258467,19.565167904681967
0.16440905638318604,1.0595443345603996,19.051562022389145
0.2499344361890115,1.0680666776655972,18.55241709552969
0.32855896480194524,1.0854199157548894,18.06730384318806
0.40178160702035515,1.1116470379529706,17.595839917505042
0.4709642339651014,1.1468243261916427,17.137685119801827
0.5373486871432457,1.1910783252170085,16.69253818519309
0.6020736730974231,1.2445996337425025,16.2601350069918
0.6661912408359003,1.3076542935478503,15.840248195100624
0.7306826858402145,1.3805934334094008,15.432687897893604
0.7964737965297947,1.4638617172969335,15.037303859620543
0.8644494146221163,1.5580050502093372,14.653988732243082
0.9354673224458256,1.6636779087587026,14.2826827105935
1.0103715001064684,1.7816505850973523,13.923379612710072
1.0900048152099322,1.9128165594953137,13.57613458376441
1.1752212189275855,2.058200145778394,13.241073663245738
1.2668975254067454,2.218964481272809,12.918405522356414
1.365944847291519,2.3964198544421937,12.608435753338714
1.4733197483177072,2.592032273629305,12.31158417603038
1.5900351539121789,2.807432072536072,12.02840572033903
1.7171710311436192,3.044422213963621,11.759615546877066
1.855884808155727,3.304985782481886,11.506119180910991
2.007421447370414,3.5912919361075257,11.269048554390043
2.1731230121819705,3.905699300587627,11.04980497153114
2.354437468155995,4.250755417666481,10.850110125149879
2.5529263299119154,4.629190376801671,10.672066376777476
2.7702705951009876,5.043902140096527,10.518227546771824
3.0082741863762723,5.497930281198749,10.39168139992396
3.268863838110998,5.994413867733165,10.296144795965425
3.5540840021871816,6.536527993881727,10.23607201334133
3.8660848908378855,7.127391997211506,10.216775921505638
4.2071012096109355,7.769940680781374,10.244560296302552
4.5794184498503006,8.466747968317602,10.326859410258495
4.985322808173208,9.219790497076772,10.472377784717105
5.427029901584149,10.030136997100099,10.691218302118425
5.906586508930389,10.897548440797587,10.994980348765402
6.4257387095816,11.819974726345505,11.396800932687073
6.985759216373924,12.792937380188476,11.911300621497519
7.587226749296507,13.808796268499936,12.554382936444052
8.22975147683961,14.855913989739314,13.342821642072389
8.911643570781035,15.917757230198442,14.293557755502633
9.629527674041709,16.972012395863935,15.42262180668269
10.377915557966533,17.98984424582907,16.743604479775748
11.148763271415785,18.935488287398453,18.26563076976395
11.931057843447384,19.766430818376,19.99086140318523
12.710500890893426,20.43447516439691,21.911660632755076
13.469378789641977,20.887987737443833,24.00773243828323
14.186724804655551,21.075523845140793,26.243718742448408
14.838878119798283,20.950815991318713,28.56792468617753
15.400517184319241,20.478759854890875,30.912906561321233
15.846182230898112,19.641605018951775,33.19853191042849
16.152205319125617,18.444172945290163,35.33773072964472
16.298851680928443,16.916763789157773,37.24452174679321
16.27237504322156,15.114642391096673,38.84317046650864
16.066641383543995,13.113659201176505,40.07678150043532
15.684011113231694,11.002513684209323,40.91352014116896
15.135293419682277,8.8730796342845,41.349125307686116
14.438768313167783,6.810723669837948,41.405296447297026
13.618456520106479,4.886456152450828,41.12457355024148
12.701947983438503,3.152121712964888,40.563097302333354
11.718142771375343,1.6389502930615203,39.78289777939916
10.695214663911516,0.3589919067584806,38.84511873234643
9.659006804082928,-0.6915178309624361,37.80503606074925
8.631950512975763,-1.5279172474786238,36.70912691150242
7.632496150888089,-2.1728820257808747,35.59397987161192
6.674976719880435,-2.652764322097318,34.48658341261749
5.769793252597803,-2.994772118763956,33.405469955565636
4.92380843701872,-3.2250195841650586,32.36226000287451
4.140850287127865,-3.3673393032110486,31.363273885846333
3.422250811378042,-3.442687857055251,30.411006153009904
2.7673683783625114,-3.468971194588306,29.505361974616143
2.174062865483395,-3.461140219175028,28.644627614763845
1.639108217792045,-3.4314414678243055,27.826190530772216
1.158537792197422,-3.3897416759289625,27.04704602177602
0.7279246099927072,-3.343873278229485,26.30413409148817
0.3426023963557878,-3.2999691075480415,25.594548498516495
-0.002165012374598929,-3.2627692734318945,24.91565420690904
-0.3110579118628297,-3.23589274758088,24.265142356960286
-0.5886109944243102,-3.222071963996927,23.641044974695497
-0.8391527436328061,-3.223351970271678,23.041725646868446
-1.0667679567688517,-3.241257263771337,22.465857543949316
-1.275278297953724,-3.276930059371108,21.912396453973656
-1.4682366322866853,-3.331243789854347,21.380553752616624
-1.6489316475102034,-3.4048954014891506,20.869772297124555
-1.820399923723028,-3.4984796319408855,20.37970691405363
-1.98544316477054,-3.6125480319410124,19.910210295243598
-2.1466487643451067,-3.747655059723824,19.461324593332243
-2.306412254871142,-3.9043931570907535,19.03327871533596
-2.46696048745593,-4.083418313279045,18.62649117251368
-2.6303746252860276,-4.285467235606976,18.241578298594714
-2.798612208355096,-4.511366868599203,17.87936765303814
-2.9735276705073823,-4.762036628858205,17.540916448353702
-3.156890765364154,-5.038483343809789,17.227534854350935
-3.3504023894912507,-5.341788491482191,16.940814014497477
-3.555707281909497,-5.673086929852717,16.682658537756527
-3.7744030307877847,-6.033535874769032,16.455323078598024
-4.0080447326298785,-6.4242724363032595,16.26145235928664
-4.258144528496932,-6.846357563331886,16.10412358695034
-4.526165088983438,-7.300703795485748,15.986889631160784
-4.813505940393167,-7.787983818182964,15.913820506740283
-5.121481328666413,-8.308516523279414,15.889539597501049
-5.451288121585591,-8.862127192972533,15.9192496068372
-5.803962080033176,-9.447978692289553,16.008741389712835
-6.180320725922822,-10.0643713777841,16.164376597731916
-6.580891056739673,-10.708511074991511,16.393032505643152
-7.005820586413813,-11.376247278258408,16.7019946395997
-7.454770737953811,-12.061788063632253,17.098780214410635
-7.926792609481307,-12.757404452934711,17.590873463846034
-8.420186735273122,-13.453145390852363,18.185353577339214
-8.932350819165135,-14.136595081124309,18.88839835553002
-9.459622641653715,-14.792716620643878,19.704653413729098
-9.997129444590271,-15.403838260115894,20.63646950828151
-10.538659898366424,-15.949848607256401,21.683030817424534
-11.076579779107195,-16.408670692004147,22.83942533188519
-11.601816855294055,-16.757076846134247,24.09574353910508
-12.103942894008377,-16.97188126687321,25.436328917175132
-12.571379483475896,-17.03150079877958,26.839335134850682
-12.99174780558778,-16.917806809788942,28.276758381863957
-13.352369330027795,-16.618109001095835,29.715095438946367
-13.640904595987433,-16.12703142450373,31.116718220804078
-13.846092670762744,-15.447985582094068,32.441951713723704
-13.95852865163335,-14.59394128663371,33.65170706654959
-13.971396648051785,-13.587261625448232,34.71038381816967
-13.881067391333314,-12.458504386373907,35.58865438228048
-13.687477588601121,-11.244274671181238,36.26571749762069
-13.394233170091653,-9.984397043149707,36.73067496255472
-13.008416632371544,-8.718808455674848,36.98283782070224
-12.540121623920076,-7.484616333616469,37.03096541952403
-12.001775987346097,-6.313709197395399,36.89162906607932
-11.407339434051723,-5.231172042841001,36.58702213243371
-10.771469702309176,-4.2545891071470665,36.14258391513486
-10.10874214789424,-3.394160093313091,35.58476792907246
-9.43298686519975,-2.6534467815366325,34.939192165705094
-8.756781094904241,-2.030518433295497,34.22929414668878
-8.091108955244485,-1.519270184512686,33.475508363572246
-7.445179735214587,-1.1107308105835818,32.694906987947256
-6.826382104283324,-0.7942343323613135,31.901202386600435
-6.240344630616204,-0.5583873095581948,31.104997879911284
-5.691071694245293,-0.391810321267715,30.31418226810361
-5.181126450148119,-0.2836643225244314,29.5343841438807
-4.711837199593166,-0.22399095579918826,28.76942599141897
-4.283508981364162,-0.20390342301019632,28.02174038066273
-3.89562746351575,-0.21566472658946995,27.292728608075002
-3.547046779446553,-0.2526861202925065,26.583055191836817
-3.2361566002983735,-0.30947282810457155,25.892880100479942
-2.961026463295039,-0.38153801815512883,25.222035388260977
-2.7195272881625963,-0.4653005021612094,24.57015504710199
-2.5094312623035133,-0.5579770347241954,23.936767275919145
-2.328492015815039,-0.657476480857826,23.32135773263663
-2.174507378991078,-0.7623004181403349,22.72341118797689
-2.0453671317163757,-0.871452790854409,22.142437683423662
-1.9390881041616523,-0.9843598751377798,21.57798801320694
-1.8538388362251816,-1.1008008997735617,21.02966221014134
-1.7879557951223253,-1.2208490758066548,20.497113762562464
-1.7399529177115176,-1.3448224255200514,19.98005153064017
-1.7085260071120296,-1.473243596935368,19.478240749904227
-1.692553284757652,-1.6068077524474047,18.991504083001786
-1.6910931866971255,-1.7463575924587709,18.51972337991837
-1.7033803004599322,-1.892864590497006,18.062842605848253
-1.7288201674255974,-2.047415556293306,17.620872271605506
-1.7669835249745285,-2.2112036938522084,17.193895634930904
-1.8176004312672427,-2.3855233722719067,16.782076917229265
-1.8805546010754457,-2.5717678698247433,16.385671787612726
-1.9558781809553827,-2.7714293797102667,16.00504039590388
-2.043747103132413,-2.986100572671996,15.640663281831984
-2.144477076377972,-3.2174769910708383,15.293160543709872
-2.258520195236266,-3.467359494331345,14.96331471159
-2.3864620722016987,-3.7376558793690595,14.652097832087968
-2.529019316469563,-4.030380652938849,14.360703328217037
-2.687037092813149,-4.347651725696186,14.090583238677125
-2.8614863895425318,-4.691682518603992,13.843491454105326
-3.05346049929841,-5.064767608506798,13.621533534038218
-3.2641700639062288,-5.469259578337609,13.42722358083829
-3.4949358474054404,-5.907534167120979,13.263548427637367
-3.747178172218127,-6.381940128936671,13.13403901397475
-4.022401675267476,-6.8947294115017055,13.042848204381846
-4.322173708509029,-7.447962375575598,12.994833358583044
-4.648094320537855,-8.04338184876727,12.99564056915768
-5.001755318805582,-8.682248944220277,13.051785500637502
-5.384685444269005,-9.365132954646215,13.170723032220181
-5.798278230959972,-10.091647543478329,13.360894264051595
-6.243698741609235,-10.860126335462871,13.631734772576761
-6.721765180630861,-11.66723348687056,13.993622280048509
-7.232801560394246,-12.507509735583385,14.457735344722124
-7.776458382825643,-13.37286284094405,15.035787880357365
-8.351500025414321,-14.252024370960998,15.739598493902843
-8.955560591414736,-15.13001347428507,16.58045088781222
-9.5848748312486,-15.98767293374315,17.56820511388724
-10.233997728242741,-16.80137234044745,18.71013363141261
-10.895535577174575,-17.543004018688812,20.009485966459057
-11.559922450983636,-18.1804220134961,21.463835816555463
-12.215287556799186,-18.678481197665292,23.06333631547386
-12.847468633648088,-19.00080673384934,24.7890980488334
-13.440230434634985,-19.1123476495066,26.611995103669006
-13.975740735962406,-18.982632563378353,28.49226904044005
-14.43533474755518,-18.589457588800677,30.38030103077339
-14.800560082872085,-17.92252919624653,32.21882055444873
-15.054441160261165,-16.986419860564713,33.94659617080829
-15.182843184339214,-15.802149019968352,35.503331953851735
-15.175766918885065,-14.406839362244865,36.83514671575709
-15.028383828424303,-12.851229131245107,37.89975650543066
-14.741639970256575,-11.195277240678136,38.67042643372342
-14.322318159321442,-9.502543841676488,39.137959991112936
-13.782538895637218,-7.834312518311308,39.310410567054944
-13.138777608698526,-6.244442567047074,39.2107001412129
-12.41055273228975,-4.775702557185103,38.872750729172395
-11.618977344646954,-3.457937760406936,38.33695227133152
-10.785361758839542,-2.308007147410276,37.64577184975105
-9.93001422769861,-1.3311128742478928,36.84010669354494
-9.071328477050487,-0.5229955217296126,35.95669808716943
-8.225187398724989,0.12752680762818414,35.02665296991926
-7.404664428708072,0.6360895839720279,34.074926487343085
-6.619973588997521,1.0206481636053828,33.12052011702486
-5.878605651477823,1.2998028105118833,32.177132105316204
-5.185587596450027,1.4915984306501928,31.254031218047203
-4.54381052556706,1.6127484690384337,30.356982627748682
-3.9543829637893833,1.6782013355068544,29.489115119724673
-3.416978800560198,1.7009616536298697,28.651669889912082
-2.9301600637364795,1.692087085708076,27.844608673591573
-2.4916634543390916,1.6607963433299118,27.067083104076335
-2.0986459731146954,1.6146399929881652,26.317780591778483
-1.747889306992148,1.5596999941164469,25.59516774269784
-1.4359653351634707,1.500795443464988,24.897653197339018
-1.1593665943429352,1.441680627011249,24.22368991728204
-0.9146061874270074,1.385227568977048,23.571833857952605
-0.6982917249397366,1.3335893530820233,22.940772566119403
-0.5071776702571504,1.2883431017736313,22.329334044467853
-0.3382000665535104,1.2506130786983067,21.736483475841887
-0.18849715317114119,1.2211752685087063,21.161313171801492
-0.05541889221465471,1.2005452313239107,20.60302938626912
0.06347204207042648,1.189051195083777,20.060938352516324
0.17040568930892194,1.1868943490023482,19.534432982058824
0.2674149072906666,1.1941982067590449,19.022981029152817
0.3563487538619998,1.2110487636458491,18.526115105029756
0.43888803513178504,1.2375270049514326,18.043424663938538
0.516562154290959,1.2737351497952838,17.574549932640515
0.5907666011956655,1.3198178450085714,17.119177681296684
0.6627805933805195,1.3759793628705212,16.67703871101937
0.7337845187028494,1.442497707301022,16.247906943517517
0.8048769424835986,1.5197363965456026,15.831600028827909
0.877091031569898,1.608154566387786,15.427981430043944
0.9514103175540813,1.7083159255700295,15.036963994375503
1.0287837743600763,1.8208969928100294,14.658515075224518
1.110140224008708,1.94669495037566,14.2926633292458
1.1964021105857294,2.0866353598450624,13.939507375638367
1.2884986977628088,2.2417798979962376,13.5992265728903
1.38737875065963,2.4133341805551036,13.27209424193247
1.4940227588456232,2.6026556436721666,12.95849374526362
1.6094547437396567,2.8112613412322505,12.658937919998397
1.7347536698003614,3.0408353827119514,12.374092459317206
1.8710644431879329,3.293235571743729,12.104803940810347
2.0196084316306635,3.570498598022531,11.852133309397034
2.1816933716323432,3.874842870165442,11.61739573194595
2.358722439286822,4.208667736877822,11.402207841539068
2.552202142783789,4.574547407027516,11.208543466688015
2.7637485405327427,4.975217321157322,11.038798971238004
2.995091089253236,5.413550019804492,10.895869278217896
3.2480731701117067,5.892516668831272,10.783235462006218
3.5246480151713335,6.415129312601961,10.705064390238404
3.8268683473398393,6.984357616013655,10.666320169987516
4.156867541648787,7.603012332338598,10.672885950522568
4.516829504784742,8.273586044873229,10.731692755401738
4.9089437529268425,8.998040000981003,10.850849201133276
5.335341362107134,9.777524334497254,11.039761895390459
5.798006617943499,10.612018093235623,11.309230649247562
6.298658399758161,11.499875964640673,11.67149506311812
6.838594770698559,12.4372715107973,12.140199372584156
7.418494192174996,13.417533632408457,12.73023083353339
8.038167663758692,14.430385915117071,13.457374235591786
8.696258506871146,15.46111985597501,14.337713379267141
9.389891230773332,16.48976500263643,15.386703336809228
10.114278812660942,17.490362949879255,16.617841213071998
10.862309570938496,18.430506295384262,18.040886700792562
11.624150927873554,19.27136110384685,19.659637565563195
12.386926994544341,19.96843704383127,21.469358970525526
13.134547469874521,20.47337802765025,23.454102461747105
13.847781649558547,20.73698453580413,25.58431875052458
14.504675447452247,20.713513936282855,27.81533225924704
15.081391636400927,20.366022488387983,30.087340421108177
15.553505824638815,19.672140719736387,32.32754373963469
15.89771122562684,18.62930335976904,34.45473250173068
16.093784070522354,17.258234242698464,36.38614322109358
16.126562755583354,15.603573686086703,38.04575008592914
15.987631547260703,13.73101367734526,39.372582636446275
15.676405432933576,11.72110087142997,40.327412140354994
15.200399451606025,9.66073417314755,40.89639386525466
14.574617041232841,7.633998023503826,41.09096169932467
13.820164406194937,5.714091082950278,40.94420355512682
12.962339044337956,3.9577016189263565,40.50475721758622
12.028511075312437,2.402437388681621,39.8296845493064
11.046105043795643,1.0671402090673388,38.977728751842186
10.04091513315348,-0.045641378382797804,38.00395228801861
9.035881872071267,-0.9459740472380762,36.95620889874964
8.050356916692017,-1.652541926972884,35.87342044690383
7.099806444379265,-2.1889748564629796,34.785317967219946
6.195860815079867,-2.580862664914844,33.71318138431801
5.346605005010481,-2.8535717746576617,32.67112861373735
4.557011894184673,-3.0308161658021313,31.667598214016284
3.8294390519875927,-3.1338495872817744,30.706786034897757
3.1641314956684283,-3.1811204187955893,29.789901468183537
2.5596931492753825,-3.1882412807129814,28.91618820169955
2.013506100848655,-3.168152901347503,28.083705981963472
1.5220886966705869,-3.1313930053848704,27.289898492695304
1.08139145466624,-3.086409156892667,26.531984699226246
0.6870345568255312,-3.039876842377224,25.80721303229166
0.33449317517912663,-2.9970003283200444,25.11301427578721
0.01923785899503616,-2.9617848411662564,24.447083129551725
-0.26316275287395025,-2.9372756201018384,23.80741202963487
-0.5169701181578044,-2.9257635536620903,23.192294922565257
-0.7462288386061432,-2.928959380047039,22.600313735319578
-0.9547393538115365,-2.9481395077654122,22.030316357520878
-1.1460458756051914,-2.9842668785845694,21.48139198493281
-1.323435902775874,-3.038090260561488,20.95284751881972
-1.4899483160133404,-3.1102251171787225,20.444187211644756
-1.6483876220202929,-3.201218861406422,19.95509674344073
-1.801342396545911,-3.311602932332539,19.48543227459723
-1.9512063755101465,-3.4419337576893447,19.03521464439507
-2.100200969595932,-3.5928243012172647,18.604628688580174
-2.250398238806631,-3.7649675424659472,18.194027571888263
-2.403743566874418,-3.959152896044563,17.803942027002197
-2.562077427343739,-4.176276242279948,17.435094426231228
-2.727155738744418,-4.417343904889112,17.088417660867172
-2.90066836942948,-4.683470565890707,16.765078845423837
-3.0842553761700837,-4.975870745449535,16.46650788179133
-3.279520546226938,-5.295843086746211,16.194430893435943
-3.4880417612299515,-5.64474626645577,15.950908451210376
-3.7113776130456784,-6.023964895701435,15.738378334316392
-3.9510695769227495,-6.434863284936085,15.559702269761516
-4.2086388860203545,-6.878724427904812,15.418215629817057
-4.485577055782318,-7.356671036880142,15.31777838811518
-4.783328781229015,-7.869564976601033,15.26282467980101
-5.103265684825258,-8.41788107108013,15.258407010716438
-5.4466491448866785,-9.001551111941707,15.310229444970824
-5.814580214304869,-9.619774153371324,15.424661911482714
-6.207934493672933,-10.270790084752557,15.608725085413491
-6.62727982183529,-10.951615361224917,15.87003216993934
-7.072774889996843,-11.657743066008868,16.216670506627256
-7.544047506465591,-12.382814663800652,16.657002664124057
-8.04005240603038,-13.118278371192721,17.199364181617234
-8.558910404719468,-13.853059377198694,17.851634562139246
-9.097733541779162,-14.573280196662296,18.620660975101938
-9.652444771811952,-15.262084537379714,19.511522431194127
-10.2176057857846,-15.89963338299557,20.526638149752515
-10.786272416563754,-16.46335413878422,21.66474934964864
-11.349903200002394,-16.92852742989089,22.919839399081287
-11.8983518748716,-17.269284699566434,24.280101180483477
-12.419977205036563,-17.460056010141763,25.727106564358646
-12.901901351037493,-17.477446448564358,27.235369800528787
-13.330438945221303,-17.302432177109075,28.772508556251985
-13.691701610484069,-16.9226641023233,30.300175928604776
-13.972357204213276,-16.334570869578705,31.7758515819458
-14.160492478055627,-15.544895411096189,33.15544098363488
-14.24649793084183,-14.571313358851224,34.39645944124495
-14.223872256972221,-13.441886947385589,35.461413804859355
-14.089838723486855,-12.193297307424,36.3208916243368
-13.845681798310476,-10.868031459224504,36.955869258814296
-13.496748633513151,-9.510914363310954,37.35887170018277
-13.05210958231223,-8.16550647017612,37.53383189790487
-12.52392335591576,-6.87089402701363,37.49474627055106
-11.926593575231733,-5.659285424043168,37.2634347691873
-11.27582559991532,-4.554633889347344,36.86683398248805
-10.587692842252581,-3.5722965167015377,36.334261478319554
-9.877803569937884,-2.719568202151748,35.6950068165405
-9.160629735174748,-1.9968291684679524,34.97647046501065
-8.449026923287041,-1.3990205376350033,34.20293094308219
-7.75394586743785,-0.9171966696460465,33.39490616887291
-7.084315082164725,-0.5399693932628473,32.569002782160425
-6.447062114738432,-0.25473319090953,31.738116992903606
-5.847236687582003,-0.048624971346110824,30.911852524294297
-5.2882005184545395,0.09078074215502566,30.09704261477551
-4.771853564208969,0.17501159253248655,29.298292322707695
-4.2988728849463875,0.2144291019345746,28.51848646847322
-3.8689468793663617,0.21810668566838715,27.759232995662288
-3.480993475745434,0.19381219588982626,27.021229715436533
-3.133355604412233,0.14806012638859142,26.30455448869317
-2.8239708601056877,0.08620627497748604,25.608885959405935
-2.550514793642938,0.012564785397091327,24.933665303493232
-2.310518936602558,-0.06946651830459159,24.278210335857693
-2.101465660557352,-0.15728188472279175,23.641792717159728
-1.9208624862430503,-0.24895034045149705,23.023687642193032
-1.7662986384917896,-0.3431086959785458,22.423203752365886
-1.6354866059559385,-0.4388664641077417,21.839699385978804
-1.526291295756958,-0.5357231494096548,21.27258981733555
-1.4367491320439014,-0.6334976332138778,20.721348905909
-1.3650791744579014,-0.7322689381935801,20.18550759219238
-1.3096880538970022,-0.832327416587099,19.66465091992106
-1.2691702549616946,-0.9341352998730801,19.1584147035021
-1.2423050263614157,-1.0382955284974495,18.666482559062025
-1.2280509770994963,-1.145527815676625,18.188583743280034
-1.225539219141224,-1.2566509671238624,17.72449206608278
-1.2340657462973852,-1.3725705634815437,17.274026036540263
-1.253083592823439,-1.4942712037357597,16.83705034638095
-1.282195191634277,-1.6228125985541402,16.413478777655964
-1.3211452485641182,-1.7593288870247206,16.003278629475815
-1.3698143630613007,-1.9050306247078157,15.606476785924256
-1.428213554318813,-2.0612089520320622,15.223167588251629
-1.496479792301177,-2.2292414969803005,14.853522726166583
-1.5748725826266725,-2.4105995917803407,14.497803423691531
-1.6637716099619149,-2.606856386604541,14.156375263647249
-1.7636754035644902,-2.819695420020065,13.829726070763146
-1.8752009477904064,-3.0509191509607936,13.518487355938682
-1.9990841164227529,-3.302456863694521,13.223459911937445
-2.1361807588345156,-3.5763712171683424,12.945644241117003
-2.28746820397539,-3.874862512527273,12.686276583863869
-2.454046869940988,-4.20026948423514,12.446871394047346
-2.6371415664952687,-4.555065065021301,12.229271161878529
-2.838101948330473,-4.941845114082313,12.035704494680793
-3.058401409799704,-5.363307510803781,11.868853301601124
-3.299633497853817,-5.822218281578271,11.731929744310602
-3.5635046484620743,-6.321360526879483,11.628763248002427
-3.85182171203946,-6.863460840388229,11.563897225752806
-4.166472315466668,-7.451086671585235,11.542694132516218
-4.509395605736674,-8.086506723247508,11.571445871904483
-4.882540334279635,-8.771505101613071,11.657484226188046
-5.28780658710409,-9.50713875246365,11.809282625152797
-5.726966784037817,-10.29342707101695,12.036535948516056
-6.201560939709305,-11.128963028432517,12.350198928184211
-6.71276073763147,-12.010437557217474,12.762455950304014
-7.261196938554015,-12.932074472360632,13.286585788808992
-7.846745356813804,-13.884983427675516,13.936674681824622
-8.468268555896609,-14.856455133845687,14.727121708244738
-9.12331412872807,-15.829248050473012,15.67187446428249
-9.807776612563035,-16.780950003582802,16.783335157288104
-10.515539362823313,-17.683540688869105,18.070893948436066
-11.238125376353647,-18.503327056034628,19.539085673378235
-11.964401666929218,-19.201462545266647,21.185435616884938
-12.680398593189132,-19.735275104086877,22.998163413055636
-13.369319874921679,-20.06059321266295,24.95404502630943
-14.011825128258021,-20.13514771898815,27.016867951554058
-14.58665727169603,-19.922924340221524,29.137009885572617
-15.071655154726516,-19.399059018323143,31.25266468194477
-15.445134111131352,-18.554561756790385,33.293071304117916
-15.68753866139737,-17.399926730930762,35.1837464807354
-15.783187796561887,-15.966661807535308,36.85322633287832
-15.721868935906155,-14.306039802113794,38.24032026196739
-15.500018440214774,-12.484928157136613,39.30056186638651
-15.121271389224313,-10.579252012754186,40.01057152534545
-14.596267841075736,-8.666251240666053,40.36946863656146
-13.94174090687445,-6.816977296539861,40.39716718980248
-13.179043721370492,-5.090337441287802,40.130113194215625
-12.332360281655895,-3.5295050202874485,39.615527408589706
-11.426869203104692,-2.160878983890256,38.905363578806934
-10.487093025906102,-0.995219594189658,38.05100015976885
-9.535590084478965,-0.030257698524804866,37.09928913928517
-8.592058753722764,0.7459981970207528,36.090157805555094
-7.672848100011961,1.351912291007889,35.055624163883195
-6.790817192458027,1.8092699630784685,34.01989699778606
-5.955459766421793,2.1409443591550565,33.0001774137413
-5.173206815373155,2.3692270051874287,32.007817312192536
-4.447829463982337,2.5147582423790795,31.049573739483947
-3.7808809077128385,2.5959408469727068,30.128789718549456
-3.1721339291040764,2.6287089344725687,29.246410742399632
-2.619986333980754,2.6265367931389045,28.401803573058757
-2.1218191993850786,2.600595089950293,27.59338053431157
-1.674301881723868,2.5599862872605144,26.819052226089248
-1.2736437244675274,2.5120125979242443,26.076539581176153
-0.9157959958964876,2.4624467260769753,25.363576918614417
-0.5966094532115263,2.4157879470727437,24.678034494909063
-0.3119536424615429,2.375494476464025,24.017984266353867
-0.057804041967082,2.344188482338288,23.381727505231545
0.16969724967688157,2.323833368940794,22.76779827411839
0.3742021852084838,2.315884799415287,22.174952862440662
0.559134379030149,2.3214178472995135,21.602152195363626
0.727679904359068,2.3412330275012496,21.04854187973848
0.8827881477396011,2.3759439929692734,20.51343284365327
1.0271801485356549,2.4260495409358973,19.99628432986924
1.1633623367003672,2.4919923413545413,19.496690201133905
1.2936439974433858,2.5742065310543443,19.014369005721505
1.42015714095881,2.6731560378618564,18.549157952474218
1.544877745178148,2.7893652231770534,18.10101079240097
1.6696475759060416,2.9234431647140036,17.669999550767223
1.7961959776814649,3.0761026439948536,17.25632006476603
1.926161175623252,3.2481746534579727,16.8603013324795
2.061110737882018,3.4406189914752847,16.482418751402996
2.2025609237377983,3.654531264405651,16.123311406741113
2.35199468650239,3.8911463559075417,15.783803651328057
2.5108781148608537,4.1518381466437395,15.464931291803026
2.6806750817478013,4.438114962516739,15.167972750418322
2.862859825890832,4.751609885857264,14.89448559713221
3.058927116326841,5.094064670033351,14.64634882691962
3.2703995421061203,5.467305542364322,14.425811170893981
3.4988313248517176,5.873208653262103,14.23554554680551
3.7458078671987307,6.3136523256485795,14.078709433614698
4.012940021946032,6.790452580775563,13.959010441072175
4.301851792815583,7.305277682354736,13.880775566942615
4.614159858831144,7.859536692715764,13.84902150180042
4.951442956980611,8.454236353329867,13.869521746711387
5.315198778170896,9.089800125629125,13.9488641329698
5.706785661027508,9.765843176458416,14.094489457679494
6.127346061354844,10.480897795656269,14.314698286854433
6.577708619282671,11.23208565951041,14.618608521633924
7.05826577229651,12.014737128344093,15.01604122684926
7.568824455902968,12.82196416138826,15.517306918325621
8.10842874054124,13.644203297613066,16.13285986914657
8.675155574313145,14.46875924309625,16.872785523153265
9.26588846307086,15.27939825388579,17.74608808187892
9.876079208100752,16.056063074358857,18.759754876574398
10.499514859040996,16.77480533919662,19.917594954718087
11.128115595573222,17.408052169377523,21.218884926507705
11.751798499618697,17.925333103981963,22.656907358969917
12.358450451623453,18.29458043581972,24.217533657619274
12.934058037271859,18.484068237125854,25.878075376417705
13.463039935794557,18.464963739824643,27.60668720426457
13.928814199609178,18.214329853753664,29.362624987403386
14.31460671673078,17.71825704908028,31.09761358694231
14.604468476386359,16.974655171483814,32.75844128440022
14.784423036579112,15.995155925018306,34.290673043454156
14.843621728976476,14.805619193106393,35.64310373614163
14.775355702912957,13.444928778482387,36.772329292383226
14.577773044157325,11.96208233006109,37.6466876201918
14.25418187719932,10.411946427999462,38.24887777741981
13.81288248403913,8.850348038292227,38.57681143362457
13.266548823901864,7.329307694975423,38.642619355049945
12.631252560190255,5.893145948649534,38.47011296244893
11.925272553979173,4.575947569708267,38.0912725648661
11.167849619983837,3.400539788440594,37.54243283087834
10.378030759280998,2.37883689829156,36.86076372760531
9.573708500014074,1.5131999027844953,36.08145781140203
8.770912788065546,0.798382618220589,35.23581000605606
7.983367394194924,0.22366613645036426,34.350179772613764
7.222288080087285,-0.22512068279546882,33.44569415588786
6.496378784433039,-0.5638803372266454,32.538489638971285
5.811973850564456,-0.8089057794310711,31.64028696332824
5.173275615751763,-0.9759221858961771,30.75912426734391
4.58264375230224,-1.079467064531315,29.90011973955127
4.040902324161977,-1.1325430618953536,29.066181071433956
3.547640283884226,-1.1464744151079296,28.258617461471864
3.101489738679902,-1.1309049079610087,27.477638024503626
2.7003731841865406,-1.093886641800069,26.72273862317826
2.3417159703652155,-1.0420211745655354,25.992989275857745
2.022623731454447,-0.9806255916919288,25.287238692637835
1.7400266979319055,-0.9139050260685179,24.604253203710428
1.4907940399428772,-0.8451199338820766,23.942805966065816
1.271821955062583,-0.7767413100612431,23.301729977212002
1.0800993361976345,-0.7105903716193908,22.67994579367934
0.9127547068361951,-0.6479614326810692,22.0764723505785
0.7670878094903848,-0.5897280699704425,21.49042710353295
0.6405888586571057,-0.5364334890350152,20.921019933886218
0.5309480729002299,-0.4883664384917209,20.367543866072996
0.43605771265559296,-0.44562421507068756,19.82936459894185
0.3540084885733228,-0.4081643466195,19.305910092577072
0.2830818784233434,-0.3758464934597189,18.79666091936076
0.2217396021221181,-0.3484660095364545,18.301141728660564
0.16861125431198581,-0.32578047866304627,17.81891394298215
0.12248088025224363,-0.3075304036910819,17.3495696629975
0.08227310065367421,-0.29345508758774025,16.89272668120375
0.047039241122106584,-0.2833046113378995,16.448024467919424
0.015943798551538876,-0.27684868800892415,16.015120983583692
-0.011748523330769749,-0.2738830573088227,15.593690177175281
-0.036685057284532835,-0.27423398154362794,15.183420044767493
-0.059436606076656975,-0.27776131231844664,14.784011140084912
-0.08050802668144623,-0.2843605174144087,14.395175447535555
-0.10034796304702932,-0.2939639884645203,14.016635545917408
-0.11935775311969098,-0.30654189158556094,13.648124007029562
-0.13789955587829036,-0.3221027741158956,13.289382987477447
-0.15630375803825983,-0.34069410011678536,12.94016398409552
-0.17487572918847782,-0.36240285436438724,12.600227733851192
-0.19390199955617674,-0.3873563282642801,12.269344248168386
-0.21365593729296228,-0.4157231805838282,11.94729297968766
-0.2344030029074203,-0.4477148503095782,11.63386312694481
-0.2564056578583607,-0.48358738755995856,11.328854089684262
-0.27992800286348085,-0.5236437606548635,11.032076094909952
-0.30524021956025527,-0.5682366925703921,10.743351021703068
-0.3326228870779145,-0.6177720775574915,10.462513461708614
-0.3623712430636411,-0.6727130281943289,10.18941206244947
-0.39479945690930934,-0.7335846041219346,9.923911212755955
-0.4302449814466694,-0.8009792757384936,9.665893144160794
-0.4690730482660733,-0.8755631787389854,9.415260539758483
-0.5116813710633101,-0.9580832180699319,9.171939763540264
-0.5585051209746061,-1.0493750820119705,8.935884849518096
-0.6100222376051819,-1.1503722279373008,8.707082422153693
-0.6667591392030717,-1.262115899812401,8.48555775904136
-0.7292968948956005,-1.3857662323901276,8.271382255041056
-0.7982779206871441,-1.5226144864476983,8.064682605996172
-0.8744132584456998,-1.674096440910277,7.865652101992532
-0.9584904925923398,-1.8418069378850956,7.674564507344287
-1.0513823515599638,-2.027515530921395,7.4917911099618735
-1.154056028804056,-2.233183118947852,7.317821649534234
-1.267583239170872,-2.4609793498274493,7.153289985172574
-1.3931509979500962,-2.713300436833369,6.999005541683861
-1.532073068144743,-2.992786833168102,6.855991781500344
-1.6858019612230841,-3.302339933345965,6.725533186720058
-1.855941290942331,-3.6451365886235636,6.609232499591838
-2.0442581594980718,-4.024639701109997,6.509080251176465
-2.2526950880169103,-4.4446024518854985,6.427538888304372
-2.483380773266714,-4.909062764564306,6.367644054473424
-2.7386386387934145,-5.422323336341282,6.3331257333195365
-3.020991725487225,-5.988910900376272,6.328551929993043
-3.333161901923581,-6.613506225146039,6.359497199075707
-3.6780606311928494,-7.300833620338171,6.432737403704765
-4.058767567082251,-8.055495344456418,6.5564702785897016
-4.478492028332358,-8.881732307882721,6.740558196389696
-4.940510886517324,-9.783087997418146,6.996784350809738
-5.448074602290966,-10.761948051292704,7.339105517534843
-6.00427112008716,-11.818924295684717,7.783872598159663
-6.611835260756561,-12.952050973343042,8.349973179748341
-7.272889504398076,-14.155765118373719,9.058827453447588
-7.98860129853979,-15.419656814246164,9.934139939785863
-8.75874335120319,-16.72700439787216,11.00127635918879
-9.581148407570911,-18.053161986380353,12.286103033427523
-10.45106096979613,-19.363949493403325,13.813106635995581
-11.360407882403617,-20.614312579534243,15.602624365190119
-12.297039965563902,-21.74766566949231,17.66708724948862
-13.244038554779044,-22.69647922842816,20.006346455040795
-14.179230568407785,-23.38476620483566,22.602441546549542
-15.075103449720114,-23.733070335391293,25.41457642287584
-15.899337968186428,-23.666250187839317,28.375521995708315
-16.616155608845254,-23.12370819765249,31.39099717147745
-17.188581287031862,-22.070772370195314,34.34353867019655
-17.581540240489566,-20.508943550300145,37.101709887621176
-17.765464013902076,-18.48212744898114,39.53415844454577
-17.719843612066526,-16.076279998406733,41.526315901511026
-17.436038007054076,-13.41133514946551,42.99612619131944
-16.918709193550583,-10.62651603320972,43.904872630786585
-16.185527790515646,-7.8622638075653235,44.260331324479274
-15.265196679450916,-5.243060116285347,44.1117466991907
-14.19422879673623,-2.864885923314802,43.53851796408933
-13.013150596481895,-0.7892850392985036,42.63597746748392
-11.762822585155911,0.9561154189470893,41.50176018535934
-10.481405791078096,2.3723482416196395,40.225258415365225
-9.202251729330392,3.4814450719964762,38.881201423442995
-7.952751420697435,4.3184622510187545,37.5271392694822
-6.754008444411054,4.924587509882229,36.203874108771956
-5.6211184895629325,5.341964577781897,34.937676527577494
-4.563827736358496,5.610295109357305,33.743273412871666
-3.5873762597065038,5.764947246872268,32.62689375917343
-2.69338408654947,5.836178672744063,31.588963120532707
-1.8806886356157717,5.8490927345993855,30.626274099182126
-1.1460840041188836,5.824019127141629,29.733612935399574
-0.48494238610491813,5.777098548516386,28.90490365201681
0.10828313769946252,5.720929050134697,28.133963161543484
0.639664630575479,5.665191538758228,27.41496351094085
1.1154995404434034,5.617212855306244,26.74268583878535
1.5420893197050336,5.582450521399634,26.112633936390637
1.9255813663900714,5.564897895071531,25.521058585448696
2.271860945212537,5.567415880414381,24.964929375331145
2.586481772949269,5.592000335217638,24.441879181921212
2.8746259395835962,5.639994858797227,23.95013781583627
3.141085618666539,5.712257948166001,23.488465088956605
3.3902605378438637,5.80929230770489,23.056089190428477
3.62616643128547,5.9313427784241135,22.65265332801884
3.852450704639578,6.0784681091367725,22.278171677795505
4.072412344687913,6.250590700364706,21.932994480208578
4.28902373549149,6.447527530129816,21.61778138625761
4.504952532704268,6.669004709953343,21.33348171901815
4.722582125687269,6.914657502286465,21.081320047850756
4.944029506624665,7.184017141766433,20.86278528664729
5.171159587144387,7.4764854330832815,20.679621362713668
5.405595173723543,7.791297847318681,20.533817319599507
5.648721949863624,8.127475715102236,20.427594492412922
5.901687931815899,8.483768136770653,20.36338811976568
6.165396982278873,8.85858442338998,20.343820439215946
6.44049610100838,9.249918281360916,20.37166197642218
6.727356382376941,9.655265594385217,20.44977742591242
7.026047758902543,10.071538574887953,20.58105230177404
7.3363079588132365,10.494980276643973,20.76829650715803
7.65750651612456,10.921084981018044,21.014121261723083
7.988605200819343,11.344531747755918,21.320786596194708
8.328116893129279,11.75914034872603,21.69001805509645
8.674065702826766,12.157860679383452,22.122793525423084
9.023952001308654,12.532808254408643,22.619104377324103
9.374726927609922,12.87535910308212,23.177699416724963
9.722781744631618,13.176316738413908,23.795825395792775
10.063958008588003,13.426161278120002,24.468983640499186
10.393584681084382,13.61538569506456,25.190728046055433
10.706547842565362,13.734916242313105,25.952534217540553
10.997397350210521,13.77660344360235,26.743771553960435
11.260492475183892,13.733757428415185,27.551808134204453
11.490185230714793,13.601688382863022,28.36227112156104
11.681035929936119,13.37820180816498,29.159472475200612
11.82805088849061,13.0639919210353,29.926991574477395
11.926927737261542,12.662877568843038,30.64838488466369
11.974290318053619,12.181835225058053,31.307971379700064
11.967893398148727,11.630803028604406,31.891625344566958
11.906778081738825,11.022256299400139,32.387499598302774
11.791362074170543,10.37058429376603,32.7866050361624
11.62345463102151,9.691324694471618,33.083187306206874
11.406193356467043,9.000331100820492,33.27486626044935
11.143907888600964,8.312955812518371,33.362534003701505
10.841922676417171,7.643324349987752,33.35003710786622
10.5063164197092,7.003761192434838,33.24369237212293
10.143658605636686,6.404402194799415,33.051699602257784
9.760743744340852,5.853003156524453,32.7835179598652
9.36434168688296,5.354930803743846,32.44926566867814
8.960978468533801,4.913305348028457,32.05918920085953
8.556757289918233,4.529254253502734,31.623231167866518
8.157224330017542,4.202234576872897,31.150709416652074
7.767279711255767,3.930384711421121,30.65010576904892
7.391130502597755,3.7108734791798645,30.12895275667521
7.032280307868631,3.540223217932791,29.59380084298763
6.693548706590309,3.4145921547119547,29.050246471628956
6.377113430500937,3.330008865457402,28.50300191543259
6.0845684474827575,3.2825574601243717,27.955990307406445
5.8169918553327875,3.26851620142273,27.412452510001973
5.575018456925567,3.284454738417875,26.875055933732696
5.358912935801702,3.32729632690126,26.345998599729658
5.168640564462559,3.3943516654825183,25.82710441081509
5.003933286924479,3.483330619578309,25.319907667572586
4.864349786961127,3.5923373946739807,24.82572635887283
4.749328773322463,3.719853847249024,24.34572474715703
4.6582351886207976,3.8647147160841815,23.880966357655268
4.590399394323058,4.026077697269833,23.43245876885061
4.545149619384527,4.203390514700136,23.00119167858857
4.521838104334974,4.396356470267339,22.588169658885025
4.519861444723027,4.604899394515622,22.194440867166648
4.538675654141018,4.829128450408797,21.821122790170353
4.577806441370614,5.06930285730428,21.469425882734786
4.636855139698828,5.32579628557115,21.140675739726678
4.715500648028353,5.599060412143441,20.836334209293145
4.813497650011034,5.889586913850491,20.55801961715003
4.930671274603812,6.197867002376356,20.30752601786
5.066908253804583,6.52434747036598,20.086841110183848
5.2221445251325544,6.869382126053289,19.89816213809013
5.396349122165896,7.233177453753245,19.743908735053424
5.589504101503552,7.615731367122901,19.626731246388818
5.801580175813076,8.01676404755795,19.549512575721693
6.032507669412465,8.435640117652616,19.515361047291123
6.282142397429253,8.87128183591746,19.527591166974247
6.550226108046265,9.32207367018437,19.589688530373497
6.836341239925748,9.785759576244429,19.705254519627886
7.139859957980229,10.259335638187459,19.877925939159496
7.459887767817956,10.738942468603407,20.111264494528438
7.795202500927239,11.219763940150676,20.408611198030556
8.144190134066218,11.69594138617204,20.772901621039157
8.504779772125381,12.160515233356078,21.206439679241015
8.87438117826252,12.605408843532338,21.710630618728025
9.249829439251993,13.021471697705715,22.285678312127587
9.62734262021635,13.398600306701027,22.93025798819548
10.002499441199289,13.725954547938311,23.64118296842485
10.370244877553757,13.992283572258591,24.413092342498192
10.724931859722455,14.186368134603338,25.238194736662226
11.06040659797547,14.297574663029833,26.106109800228136
11.370143169800466,14.316500785144484,27.003851661762436
11.647429665149996,14.235673641569457,27.915995128483914
11.885603373388083,14.050243686908237,28.82505395780957
12.078326506223162,13.758601563558772,29.712080407701762
12.21988744071298,13.362838422993546,30.55746766446035
12.305506437849637,12.868974729521408,31.34190519033091
12.331620454009734,12.28690128965116,32.047407207981095
12.29612017663531,11.630008151159538,32.65831321836138
12.198514578621964,10.914517667060279,33.162152726323015
12.040004240775964,10.158579961719711,33.550277636542674
11.823453778977763,9.381223544829922,33.818194341311646
11.553264543015459,8.601273355427312,33.96556821565375
11.235159505703702,7.836349004766173,33.99591776869569
10.875901119503677,7.102038010104378,33.91605496516205
10.482968515417728,6.411307283780757,33.7353548916341
10.064222129271862,5.774178605435548,33.464948296218644
9.627581847761636,5.197658105535506,33.116925041254824
9.180739912162572,4.685882011726475,32.703619006967806
8.730923305615011,4.240424226732171,32.23702104097411
8.284713423954274,3.8607058977916164,31.72834173299986
7.847924516289413,3.5444509434980955,31.187724384177223
7.425537348939787,3.2881413367082835,30.62409294544963
7.02168108542142,3.0874385226520475,30.045110533192283
6.6396544622576945,2.9375500098845473,29.45722068646348
6.281976743211331,2.833531153127996,28.865744391401492
5.950459320482315,2.770520597152538,28.275009465651777
5.646289854176206,2.7439136186816375,27.688493748520425
5.37012219677883,2.749480983903049,27.108968612806983
5.1221668022708045,2.7834424403830265,26.538633919946196
4.902277708520568,2.842504134561957,25.979239332851854
4.710033410815604,2.923868581291578,25.432189778046506
4.544809969010695,3.025224697700769,24.898634863202513
4.405845501690024,3.144724126123036,24.379543342121735
4.292295831094714,3.2809487877490158,23.87576443840657
4.203281477290709,3.432873431416986,23.388078148534884
4.137926488556063,3.5998259176222898,22.917236679385596
4.095389766511366,3.7814471183227534,22.463999040460607
4.074889625613526,3.9776516096765113,22.029160584622506
4.075722339860626,4.188589768162616,21.613579025673932
4.097275393273181,4.414611427299997,21.218198188917675
4.1390360792925085,4.6562308890204305,20.84407048891213
4.200595998534863,4.914092789387394,20.49237888264132
4.281651892315726,5.188938074720145,20.164458813891436
4.382003126670959,5.481569137008046,19.861820437771584
4.501546012212208,5.792812976704536,19.58617118105612
4.640265011909781,6.123481101162913,19.33943843949585
4.798220754111817,6.474324728097227,19.123791920466434
4.975534634179577,6.845983751976732,18.94166478989778
5.172369658199673,7.238927861639062,18.79577235745816
5.388907061018602,7.653388194030816,18.689126515532084
5.625318125474762,8.089278008495796,18.625043521173424
5.88173055081691,8.546101119699834,18.60714196892147
6.158188681190722,9.022847302934178,18.63932695263154
6.454606930872986,9.517874668104554,18.725755485000025
6.770715859583165,10.028780187867978,18.870777296901935
7.106000593917783,10.552261268098892,19.07884428622043
7.459631701543965,11.083973563910924,19.35438130371761
7.830389249047387,11.618393235324772,19.701610908105486
8.216581656399544,12.148695489693422,20.124325539093427
8.61596213350115,12.66666542403089,20.625602672693546
9.025646953052293,13.162661502794034,21.207462409973953
9.442041537363593,13.625655846358818,21.870473046605362
9.860782200026351,14.043377886215321,22.613318740341278
10.27670317346729,14.402587555497863,23.43235432617036
10.683839940806843,14.689499500214163,24.32118489134004
11.075480431548634,14.890369350628601,25.27032032308756
11.444274815869372,14.992235951191207,26.266965107048186
11.782411933926564,14.98378984640698,27.295007762325014
12.081865471101603,14.856310314245114,28.335268717072534
12.334705819462933,14.604585107775147,29.36604711705979
12.533464644174526,14.227705123878724,30.36397503034333
12.671529607853975,13.7296177373334,31.305144153309733
12.7435381580942,13.119333760244537,32.16642189143146
12.745733701010474,12.41071664735209,32.92683050977455
12.676246631824768,11.621835841677804,33.568836148267636
12.535267600233302,10.773930094805317,34.07939301157505
12.325090894313679,9.890087788461674,34.450615559968604
12.05002043940584,8.99379553550703,34.68000405351948
11.716147071891045,8.107523154053133,34.77021530698507
11.331020478313306,7.251499148935736,34.72843610482539
10.903249866473551,6.4427908635100835,34.56546727714102
10.4420724618314,5.694748424159356,34.29465277627761
9.956928043788048,5.0168147602886695,33.93078814209606
9.457071926824549,4.41465685430815,33.48912102715101
8.951249822715972,3.8905429246450236,32.984521600088975
8.44744789919906,3.4438781167791266,32.43086218462709
7.952721828389309,3.0718147924320403,31.840611209636563
7.473100891586691,2.7698675809972806,31.224621111983836
7.01355783928596,2.5324824530587953,30.592074709547916
6.578032216198706,2.3535285889500446,29.950548776219367
6.169493904348482,2.226698709687183,29.306154790953435
5.790034188438048,2.145816358146146,28.663722426994358
5.440973156702004,2.105057139240212,28.026998925991577
5.122974238660941,2.0990956845029176,27.39884531471354
4.836158785804251,2.123191975846416,26.781417388701733
4.58021558139877,2.1732305661623514,26.176324992155592
4.354501885908737,2.245724966925463,25.58476725356648
4.158134029089517,2.3377976395256486,25.007644221358596
3.9900666461897614,2.447144038786967,24.44564702763213
3.8491604525744427,2.57198726290958,23.899329564819467
3.734239001968658,2.7110281923439405,23.369164942559145
3.644135225812901,2.863394598547609,22.855589909067866
3.5777287497521946,3.0285915709596356,22.35904013121488
3.533975067102965,3.206454719650969,21.879978842196536
3.511927650372294,3.3971069237755813,21.41892095825899
3.5107540258195145,3.6009188718795464,20.976454379626784
3.529746741788779,3.8184732416726956,20.55325984741949
3.5683300430545635,4.050532061052272,20.150130434836125
3.626062930446692,4.298006551217996,19.767991504513642
3.702639143969159,4.5619285538533205,19.407921755830362
3.7978844623542973,4.84342246931475,19.07117580326146
3.9117515644545025,5.143676467426608,18.75920855432648
4.044312548680098,5.46391156661318,18.47370147574338
4.195749055622917,5.805347004634021,18.216590629615066
4.366339785507289,6.16916014385348,17.990096106023564
4.5564450458438674,6.556438970599249,17.796752149912415
4.766487806151959,6.96812507467474,17.639436851576725
4.996930578071209,7.4049448553543336,17.521399712320406
5.248247285549911,7.867326632752116,17.446284680258714
5.520889150110245,8.355301406091778,17.4181453491222
5.8152435052588896,8.868385275183194,17.441447907518363
6.131584394514936,9.405442139418291,17.52105611857093
6.47001383180228,9.964526352795058,17.662191135153588
6.83039275564516,10.542706716946782,17.870357403928118
7.212261047569998,11.135875729530529,18.151224454289537
7.614746581036202,11.738551559448672,18.510453292912945
8.036464199733212,12.343684926687475,18.953455864296185
8.475406872372961,12.942488925711057,19.485077193613417
8.928833096359025,13.524316607402186,20.109193160831058
9.393156940050293,14.076618201016935,20.828223219072044
9.86384985225504,14.585016055358501,21.64256755842723
10.33536632335519,15.033538905065488,22.549992681197676
10.801108267123567,15.405055496555658,23.5450077977248
11.253445002903117,15.681938148115721,24.61829532686107
11.683806149040555,15.84696693469229,25.756278844543743
12.082862672767716,15.88445362558643,26.940925958443582
12.440805944236415,15.781522599704221,28.14988528039421
12.74772546149852,15.529438859502298,29.357039364103226
12.994073237038085,15.124830359484799,30.533514890000994
13.171187990570841,14.57062574631513,31.649128305984707
13.271837713411863,13.876532014489786,32.67416766135
13.290728096007772,13.058917770100127,33.58133506998798
13.224920045039472,12.140045818414011,34.34761918370235
13.074104396951151,11.14670100823162,34.955851815288376
12.840696359185246,10.108363110793935,35.39573731360924
12.529734155394856,9.055153856519269,35.66422352283128
12.148591686203876,8.015821275509557,35.76519116443183
11.706538601615227,7.016005203408853,35.708547691015056
11.21419835679584,6.076962744258079,35.5088959669758
10.682962723822941,5.2148412631667185,35.18399048005914
10.124419418412062,4.440493257014399,34.75319064117682
9.549839752171696,3.7597527161239097,34.2360810224656
8.969758689081129,3.1740478528912623,33.65136835031373
8.393663821923674,2.6812117649493574,33.01610184377533
7.829795452158767,2.2763644988401692,32.34521015927257
7.285048944326412,1.9527672255589397,31.65131163759425
6.7649634928988185,1.70258203884747,30.944735776555575
6.273778153508992,1.5175018308312909,30.23368993144435
5.814535688002776,1.3892395283891537,29.52451146100084
5.389216498320247,1.309883227041212,28.821957139947322
4.998887774759017,1.2721338972789908,28.129494864988914
4.643856241085178,1.2694468139669366,27.44957500106403
4.323816048119913,1.2960984001405211,26.783868852200893
4.03798616073325,1.3471983479420322,26.133469288992615
3.7852338725456147,1.4186638920438823,25.49905366781569
3.564182848534447,1.5071697891327538,24.881012255630782
3.3733053823305656,1.6100843943509653,24.279546931122024
3.210999436620014,1.7253994699910198,23.694745440751955
3.0756515941718474,1.8516590991171018,23.126636337440498
2.965687361301019,1.9878912980245989,22.5752292141896
2.8796104018895887,2.1335445698337567,22.040544170082416
2.816032292485022,2.2884306428620196,21.52263374369743
2.7736943192080696,2.4526739171520475,21.021599896202847
2.7514827162429025,2.626667633963619,20.537608061837414
2.7484385957742465,2.8110364303079365,20.07089982047858
2.763763655705646,3.006604698684891,19.62180538349667
2.7968225843932273,3.2143700055274955,19.19075680954032
2.847142917060146,3.4354807025872636,18.7783026667127
2.9144129396834213,3.6712167716377517,18.385124715828706
2.9984780839630614,3.922972856842635,18.012057090108293
3.09933611088319,4.192242346534795,17.660108374164732
3.2171312385535114,4.480601254939362,17.330486924054306
3.3521472297918584,4.7896905143642865,17.024629704522606
3.504799312960596,5.1211951111525105,16.744234831968036
3.675624662197718,5.476818277921107,16.491297881874868
3.865271006571565,5.858248687012597,16.268151823264
4.074482768280805,6.267118277071887,16.077510150231745
4.304083945069388,6.704947995078522,15.922512355177906
4.554956750399723,7.173078370326106,15.806770285372739
4.828014808318623,7.6725814923198286,15.734413091902502
5.124169474608456,8.20415070400466,15.710127359863831
5.444287634965692,8.767964242873688,15.739187542539078
5.78913913803094,9.363519310026051,15.827469961736407
6.159331893865801,9.989433825226683,15.98144136148845
6.555232663819268,10.643214707955538,16.20811035092753
6.976871766639565,11.3209942551145,16.514927184742028
7.423830437175518,12.01724046572325,16.909614509491835
7.895110535712574,12.72445339911564,17.399909492669174
8.388987877807622,13.432868160928221,17.993197007542893
8.902852799984846,14.130195940660037,18.696015505035675
9.433044825608926,14.801447200895236,19.513423465268293
9.974692480977476,15.428894302323172,20.448226704696804
10.521574280243772,15.992241976311911,21.50008697511782
11.066022195702383,16.469079094947016,22.664561021655338
11.598893694379534,16.835678749548343,23.93215546954556
12.109641322310445,17.0681897848961,25.287522383694508
12.586508124589683,17.14421690504212,26.708954828608125
13.016871052934693,17.044717492790998,28.16835896135496
13.387741509079104,16.75605776280649,29.631864735904827
13.686412069396242,16.271984625024885,31.06117912569506
13.901212975540268,15.595207244381266,32.41568056977235
14.022315297243537,14.73827166549644,33.6551128084145
14.042495944478386,13.723474184235826,34.742589520347714
13.95776970976037,12.581697041486485,35.64750978107748
13.767800412793836,11.350240123831588,36.34794919843442
13.47602823968886,10.069917947387667,36.832155597698836
13.089489612968338,8.781836683072411,37.09893336543298
12.61835100425559,7.52431811637384,37.15690740537541
12.075218656425173,6.330382996994983,37.02285855038318
11.47431329834218,5.226066785465717,36.71946379613622
10.830607904235338,4.229662286537641,36.27282703480859
10.159017881365656,3.3518169405239515,35.71015043329067
9.47371153504522,2.59629514729322,35.057799718640986
8.787581083564872,1.961162862795517,34.33989563486741
8.111887406422008,1.4401566396221281,33.577452109979454
7.456069731717211,1.0240433454060252,32.78799995458148
6.827696771668602,0.7018380787576397,31.98558968200126
6.2325284343878895,0.4618084874817745,31.181054034241036
5.674655844014649,0.29224301806171715,30.382420358837383
5.156690098780512,0.18199457583196116,29.595384667036843
4.679975141681182,0.12083037177961303,28.82378455970523
4.244805843752237,0.09962652449914887,28.07003174428968
3.8506379194736553,0.11044605856138506,27.335483843472215
3.496281060566282,0.14653465061581697,26.620748874939647
3.180070472883652,0.20226231843981887,25.925924608205897
2.9000148299949227,0.27303283133946193,25.250779958128085
2.653920631298125,0.35517682234027564,24.594887742815988
2.4394942335350294,0.44583977601330377,23.957718483205717
2.254423577563084,0.5428723133814077,23.338704210522547
2.096442003799934,0.6447273979437315,22.7372800167459
1.9633766593728277,0.7503670799708735,22.152909686166122
1.8531839393651222,0.8591800059894007,21.585100394442193
1.7639742408093135,0.9709099910826048,21.033410265674704
1.69402808850925,1.0855953558685687,20.497451582307715
1.6418054484537368,1.2035183693006122,19.976891651638873
1.6059497984148041,1.3251639395299863,19.47145272911591
1.5852882892684232,1.451186604895152,18.98091195543298
1.5788291120832445,1.5823848577937187,18.505101952266276
1.585756988795671,1.7196818589387604,18.043912512511838
1.6054275295244702,1.864111649281726,17.597293690961028
1.6373610468247246,2.0168100280514087,17.165260530649604
1.681236284919452,2.1790093278769747,16.74789963306766
1.7368844079695234,2.352036374142181,16.34537778520396
1.8042834930936,2.5373129592844403,15.957952884293045
1.8835536881699393,2.7363581881480745,15.585987445772027
1.974953118245536,2.9507920523209497,15.229965036596257
2.078874554227299,3.1823395639004124,14.890510040864596
2.1958427897643524,3.432834715876096,14.56841123396882
2.3265126028614933,3.704223429688066,14.264649710844772
2.471667103391693,3.998564491475455,13.980431777390883
2.632216181378937,4.318027256354709,13.717227462981786
2.809194668144614,4.664884602316613,13.476815333226297
3.003759696864907,5.041499228120034,13.261334256495994
3.2171865937243567,5.450300898389676,13.073342677405801
3.45086243795092,5.893751630648073,12.915885735675504
3.7062761905027113,6.37429508427124,12.792570184332044
3.9850039993083057,6.894285551298732,12.707646431744767
4.288687937650795,7.455890983388263,12.666096057841091
4.619006019337107,8.060963470194505,12.673721708508182
4.977630865048182,8.710869616919897,12.73723419785601
5.366173887185774,9.406272538485732,12.864328767825587
5.786111355387716,10.146856998623928,13.063738587320964
6.238688274098659,10.93099004122805,13.345248574167835
6.724795766934621,11.755311965237222,13.71964645916288
7.2448178044532865,12.614257602736947,14.198580882621508
7.798443898332954,13.499516725409965,14.794288840707491
8.384446173873778,14.399456308627904,15.519148275976974
9.000422466168558,15.29854746222149,16.385008300662058
9.642512243900974,16.176866545876745,17.40225295414562
10.30509965918267,17.009772209773296,18.578569319892974
10.980527992893585,17.767893923428016,19.917422893272516
11.658861776456352,18.41759491020051,21.41629740793184
12.327745519423107,18.92208019511632,23.064834818081508
12.97241851659015,19.243291283927952,24.843108542012065
13.575949438048735,19.344644841484484,26.720362487877864
14.119747075878719,19.194522991884007,28.654618567490292
14.584379786124142,18.770215640618673,30.593553631711107
14.950693489812041,18.061788224731806,32.476930880680314
15.201159643573522,17.075171144881995,34.24062093129708
15.321320774056199,15.833726346677684,35.82189076689421
15.301149110911851,14.377710592453278,37.165260873010546
15.136112890659682,12.76143073242131,38.227961168545335
14.827768963143555,11.048391846932315,38.98397787084657
14.383770339370056,9.305218978401797,39.425929432775995
13.81727811693829,7.595419587452619,39.5644832118875
13.145871795144233,5.974045718839344,39.4255726683038
12.390131719550602,4.484026795086633,39.04611620003678
11.572103147959275,3.1544950613244715,38.46914551008289
10.713839840702764,2.000976766143836,37.73919853336865
9.83617736881886,1.0270023877271433,36.89858923913921
8.957821502127464,0.22655310982422794,35.98484941480998
8.094773745131612,-0.41321085911684163,35.02935090670228
7.260067035928001,-0.9093634621000289,34.05692183901327
6.463754870469805,-1.2810251387407163,33.08617989078167
5.7130854976411864,-1.5476820462006646,32.13029960503853
5.0127947247436895,-1.728010695000034,31.19797590687276
4.365460773120493,-1.8391424021585143,30.2944117610242
3.771877802479729,-1.8962749610988807,29.422222842342265
3.23141790939931,-1.9125369598873048,28.582205055174267
2.74236278130841,-1.899021947898925,27.773948308344835
2.3021950469764643,-1.864926802873034,26.99630329469082
1.9078457078566342,-1.8177460354806028,26.247720272915423
1.55589822083234,-1.7634888004941025,25.526483460071635
1.2427523143345967,-1.7068971778872941,24.830864573193487
0.9647519257485011,-1.65165291464902,24.159216504294136
0.7182821422829637,-1.6005657805738922,23.510024538564437
0.4998400111693261,-1.5557406062338046,22.881928813560698
0.3060837732399557,-1.5187225112497862,22.273728337334266
0.13386461169874855,-1.4906212604744375,21.684374038521813
-0.01975551197857589,-1.4722164518850942,21.11295605551596
-0.15749688453467206,-1.464045587404477,20.558688744547197
-0.28186337087640023,-1.4664771710875846,20.02089561963763
-0.39514993437399487,-1.4797709248546203,19.498995542446497
-0.49945462834564786,-1.5041270772400785,18.99249087295779
-0.5966936810242098,-1.5397265064007983,18.500957899933166
-0.6886185878109294,-1.5867633292107954,18.024039633646048
-0.776834370224002,-1.645471337693639,17.561440916279118
-0.8628183653176535,-1.7161455000264,17.112925752705962
-0.947939077239889,-1.7991595697573652,16.678316760972688
-1.0334747585625577,-1.894980685160729,16.257496670035838
-1.1206314972274602,-2.004181690653599,15.850411840410597
-1.210560669108254,-2.1274517726111326,15.4570778438609
-1.3043756794671395,-2.2656058704720405,15.077587206727063
-1.4031679616046349,-2.41959319758675,14.712119495652622
-1.508022229785668,-2.5905050807762167,14.36095400339231
-1.620030997475723,-2.7795821979874558,14.02448537581896
-1.740308371767665,-2.988221153529221,13.703242609119483
-1.870003120626756,-3.2179801725302757,13.397911938024
-2.0103109804280606,-3.4705835111929138,13.109364230315988
-2.16248612550515,-3.7479239558364807,12.838687596669457
-2.327851656349243,-4.052062508051998,12.587226012175497
-2.5078088748147116,-4.385224009368145,12.356624816791127
-2.7038449980252,-4.7497870278739915,12.148884000432316
-2.91753881104713,-5.148265790152211,11.96642016006067
-3.150563563761653,-5.583281272277461,11.812137904415065
-3.404686170341234,-6.057517742203091,11.68951122409355
-3.6817614600226993,-6.573660056713814,11.602674865545026
-3.983719845190167,-7.1343058565149855,11.556524943691011
-4.312546308703069,-7.741845496027639,11.55682676051998
-4.670248063506895,-8.398301158859628,11.61032588631318
-5.058807610672047,-9.105115290096132,11.724855784240326
-5.480117242350574,-9.862877484902835,11.909431362502504
-5.935890359469072,-10.670978746529014,12.17431256010643
-6.4275444035263885,-11.527183246130027,12.531015208073185
-6.956049910500013,-12.427111376721804,12.992237924703552
-7.521740451021071,-13.36363535103967,13.571664034982712
-8.124079413672392,-14.32620154163721,14.283587445459734
-8.761382240383842,-15.30011404528905,15.142303113956414
-9.430497472705921,-16.265843092245206,16.161199804962084
-10.126457486666741,-17.198460190436887,17.351500678315272
-10.84212059802056,-18.067346848205464,18.720623221774712
-11.567840332342334,-18.836368209571326,20.270182260910595
-12.291214106387917,-19.464733137581256,21.993744661526236
-12.996979801313032,-19.90875691627776,23.874561772716792
-13.667140105678698,-20.124675547202173,25.88364243610323
-14.281394445313529,-20.072508387735688,27.97865289912457
-14.817939316824972,-19.720723090915858,30.104186865666783
-15.254654202967625,-19.05115371398969,32.19387514970756
-15.570621976325357,-18.063337554847315,34.174551030014385
-15.747849320616092,-16.77728623157261,35.97225789241844
-15.772974437575984,-15.233808906145502,37.51936667265859
-15.638703015890226,-13.491913003947918,38.761628386127306
-15.344722852717373,-11.623451827387973,39.663812123053496
-14.897921270611926,-9.705875381338013,40.212791803564116
-14.311853516549009,-7.81442299044868,40.41751593228231
-13.605550599545936,-6.015191104188844,40.30603617189084
-12.801870554279256,-4.360193407653499,39.920420913255235
-11.92565700135041,-2.8849462315342054,39.310729373208275
-11.001963747135575,-1.6084885390495234,38.52920331089785
-10.05454669425817,-0.5352818508620418,37.625528825472216
-9.104740202514934,0.341774360165494,36.64359209629622
-8.170750837810447,1.0379501780684697,35.61975636625246
-7.267335756281067,1.5734785450815991,34.58241651003511
-6.405793384503465,1.9708711983529759,33.552463439330744
-5.594179088128201,2.252890604277952,32.544284661795885
-4.837661673241903,2.4411659700026105,31.566991679307165
-4.138950145997605,2.555359220721053,30.62565560575059
-3.4987376832715498,2.6127553578899616,29.72241972616887
-2.9161268878993836,2.628153113519957,28.85742702562959
-2.3890148171713346,2.613950359669545,28.029548290916882
-1.914427204102933,2.5803430136834775,27.2369246693338
-1.4887988765343652,2.535579582693355,26.47735235813942
-1.1082021916016565,2.486232969429373,25.748541306759247
-0.7685280317123935,2.4374659181144405,25.048278444043
-0.46562518825578825,2.3932768943540985,24.374521837050054
-0.1954043027525431,2.3567201132458804,23.72544715567492
0.046087680818621996,2.33009776785446,23.099462889399625
0.26261711480964517,2.3151250578223865,22.495206443091124
0.4577325083550169,2.3130699881080097,21.911529708809635
0.6347485384073359,2.3248705399512244,21.34747997001901
0.7967417510118766,2.3512320072378508,20.802279955072105
0.9465550861935348,2.3927072328364103,20.27530939719759
1.08680888437837,2.449762289166595,19.76608945491539
1.2199164853702484,2.522829894786018,19.274270688926336
1.3481029155120547,2.6123525831709875,18.79962488649587
1.473425480198308,2.7188173615522033,18.342040798738555
1.5977953436394068,2.8427833260810873,17.90152375393716
1.722999391937717,2.9849034377551584,17.47819908961892
1.850721844846554,3.1459414106188626,17.072319377665043
1.9825652110235388,3.326784416566566,16.684275479079652
2.120070275271911,3.5284520646684494,16.31461154321481
2.2647348673671677,3.7521018609427994,15.964044149253349
2.4180311927972307,3.999031089193435,15.633485866674985
2.581421507300061,4.270674765897844,15.324073577691486
2.7563718896283396,4.568599001929946,15.03720194832091
2.944363809631589,4.894488739919741,14.774562442917567
3.1469030996370204,5.250128416665886,14.538188231687286
3.3655258134407386,5.637373614271096,14.330505217010133
3.6018002955284185,6.058111203195656,14.154389167713052
3.8573245797477957,6.514204842635057,14.013228553908423
4.13371798845285,7.007421996804686,13.910992056619435
4.4326055089396625,7.5393378767685935,13.852298806599162
4.755593186623997,8.11121098331529,13.842488087521456
5.104232403926145,8.723824310023367,13.887683405988403
5.479970532193711,9.377285937385663,13.99484336297412
5.884085091600493,10.070782972766498,14.171788548730806
6.3175982982127,10.802283954180568,14.427189664745674
6.7811688231813525,11.568187474358933,14.770497301848827
7.274957889890333,12.362919589339201,15.211788530413337
7.798467702540449,13.178490374324676,15.76150028903658
8.350351906042063,14.004031620240173,16.430015613451317
8.92820064052236,14.825353754216476,17.227067852853708
9.528307095507346,15.624580611562836,18.160932834131373
10.145428523784023,16.379944414546525,19.237392890658256
10.772562440682105,17.06584687056696,20.45848354438469
11.400767755188971,17.653309444396893,21.821076459373
12.019069689994652,18.110937086046153,23.315411490779734
12.614494457811594,18.406493048662124,24.92376139815353
13.172281726549226,18.50911630832829,26.619482266734096
13.676316292126016,18.392101620461922,28.366748823423205
14.109801806784901,18.036012534523735,30.12126773965768
14.456167501492063,17.43173635720313,31.832176090107176
14.700155894505,16.582964134779687,33.44515395825951
14.82899269502932,15.50754589178223,34.90652773801896
14.833501161707506,14.237278102095033,36.167870174798395
14.709005381031231,12.815934647371954,37.190399649108905
14.455880418165602,11.295705592359898,37.94842885328304
14.0796539833079,9.732560955512955,38.43125544628939
13.590635375704368,8.181295226405833,38.64319889319086
13.00312551521628,6.691053062409471,38.601876459740645
12.334326703034133,5.301978701016637,38.33515577852219
11.60310697647168,4.043335324124056,37.877422799786444
10.828775997326641,2.933110050262226,37.2658244869045
10.030002249735418,1.9788526257594237,36.53701388737884
9.223956771231846,1.1793466302938573,35.724711542237934
8.425720210579025,0.5266858433672411,34.858177721957965
7.647948431995657,0.008393296233893732,33.9615189942238
6.900762987640594,-0.39066934143225596,33.05365257178462
6.191817615253696,-0.6867393469342824,32.14871846626128
5.526488291146031,-0.8959802222745975,31.256743753572792
4.908138648372314,-1.033677159191961,30.3844031578685
4.338421104224659,-1.1137441771667678,29.535767608184777
3.8175839447099076,-1.1484739060583702,28.712975916355877
3.3447640048327294,-1.148462939947385,27.916798854896452
2.9182524819740125,-1.1226552060261237,27.147088555294555
2.5357275012333518,-1.0784579724296044,26.40312055651274
2.194451392026878,-1.0218970203396958,25.68384319845008
1.8914335060614322,-0.9577876908186336,24.988051615364224
1.6235611393010423,-0.8899065274343738,24.31450321176062
1.3877020287591009,-0.8211541584561426,23.661989579492094
1.1807822411418714,-0.7537042276635145,23.029377263918708
0.9998432562769768,-0.6891359843779918,22.415627170501715
0.8420818198855945,-0.6285499457762835,21.81980002376774
0.7048757980546898,-0.5726671464991843,21.241053280816324
0.5857988757169297,-0.5219131187170699,20.67863329133499
0.48262654484567447,-0.4764880633466637,20.131865259190437
0.3933354492942477,-0.43642479298564746,19.60014264486836
0.3160978054486604,-0.40163602521393793,19.082916993322264
0.24927230717856858,-0.37195253102334563,18.579688720400465
0.1913926516130651,-0.34715352944781525,18.089999092302214
0.14115458807154327,-0.32699058648821355,17.6134234446651
0.09740219361273483,-0.31120613711069584,17.149565577916313
0.05911391194607785,-0.2995476115307623,16.698053208337335
0.0253887543937594,-0.2917780161242329,16.258534331426738
-0.004567051319531227,-0.28768369803847954,15.830674352432734
-0.031452769829719,-0.28707991247048,15.414153849284427
-0.05588510240357149,-0.2898147132846352,15.008666849544642
-0.07840930155848454,-0.29577160119980694,14.613919521607661
-0.09950943468173504,-0.30487128880223036,14.229629198889725
-0.11961780833229937,-0.31707287748419966,13.85552367297781
-0.13912358918292178,-0.33237468724166264,13.49134070707165
-0.15838067481627588,-0.3508149351673537,13.136827734467776
-0.17771487931173308,-0.37247242149466187,12.791741718442697
-0.19743050600122952,-0.3974673522332616,12.455849159988512
-0.21781638397901307,-0.42596240388045625,12.128926248801905
-0.2391514467822526,-0.4581641175394524,11.810759161119702
-0.2617099318193185,-0.4943246962431783,11.501144515832808
-0.2857662781738005,-0.5347442696579939,11.19989000820006
-0.31159979880087113,-0.579773683984123,10.906815248835288
-0.33949920120390886,-0.6298178712000955,10.621752844881673
-0.3697670286934649,-0.6853398502887657,10.344549770874991
-0.4027240924745497,-0.7468654132382044,10.075069089237756
-0.43871396320464773,-0.814988549949392,9.813192095215015
-0.47810758937849995,-0.8903776682053778,9.55882097902855
-0.5213081089353758,-0.9737826670125498,9.311882119877922
-0.5687559198015341,-1.0660429232647404,9.072330153092846
-0.6209340745618469,-1.1680962519976255,8.840152984362346
-0.6783740639102758,-1.2809888984493454,8.615377964870731
-0.741662052672225,-1.4058866143363438,8.398079489949932
-0.8114456306091861,-1.5440868593219912,8.18838834339075
-0.8884411373248136,-1.697032149061936,7.986503182032383
-0.9734416155807539,-1.866324539998778,7.792704643180905
-1.0673254390802036,-2.053741193544041,7.607372663598142
-1.1710656477483248,-2.2612508920317196,7.43100772626765
-1.285740003625597,-2.4910312771893786,7.2642569029255135
-1.4125417508234714,-2.7454864371606105,7.1079457391629015
-1.5527910196781198,-3.0272642646466625,6.963117236566707
-1.7079467530216834,-3.33927272563119,6.831079422744426
-1.879618944317622,-3.6846937878461383,6.713463261525298
-2.069580853880426,-4.066993224672706,6.6122929324183115
-2.279780698115388,-4.489923787372072,6.530070780851088
-2.5123520714892553,-4.957518268350452,6.46987947328931
-2.7696220409942742,-5.474067689761784,6.43550402402688
-3.0541154220627895,-6.044078162570139,6.431576296250921
-3.3685531713303765,-6.672197781847256,6.463744167487529
-3.715842078087861,-7.363102170619002,6.538866559306912
-4.099051962223061,-8.121323903578904,6.6652336257990275
-4.521375353455672,-8.95100705699781,6.85280809441011
-4.986063108923985,-9.85556372274459,7.113478398518165
-5.496327630141586,-10.837204960055633,7.461305978878446
-6.0552033379209815,-11.896315291295378,7.912736932832851
-6.665352045266228,-13.030639195394091,8.486730975191575
-7.32879922023081,-14.234252952331204,9.20473761498594
-8.046586542584784,-15.496309966603302,10.090420594536699
-8.818327746382423,-16.799578356000886,11.168999003023998
-9.641660158941729,-18.118843490627132,12.466042772641522
-10.511595802045354,-19.41933247194611,14.005543142524722
-11.419795945396487,-20.655435550839957,15.807094960876562
-12.353823753872108,-21.770143881085684,17.882106011908
-13.29647150201092,-22.69576603200717,20.229122278441213
-14.22530800091154,-23.35656891775799,22.828652318305522
-15.112637783747303,-23.67392021474527,25.638280318637772
-15.926086835501152,-23.57418107955499,28.58929926154909
-16.63000362415421,-22.998938835778628,31.586401343734387
-17.187763243605406,-21.916230829726857,34.511881685039654
-17.564877778068098,-20.330448704608195,37.235110809980185
-17.732574183941175,-18.288081977063268,39.62667434818044
-17.671272844362555,-15.876842865189111,41.57489305366625
-17.373283897087077,-13.217200082145416,43.00111107219276
-16.84411533136529,-10.447561764023346,43.869926492181726
-16.10206690948267,-7.706393172114064,44.19176664228851
-15.17618382029542,-5.115479626572329,44.01747406935386
-14.103019290616123,-2.7679270636542443,43.42688352264301
-12.922874000633856,-0.7227053412842079,42.51475435098649
-11.676187074973647,0.9945226382340249,41.377459452628116
-10.400585970205737,2.38603461801608,40.102802291394056
-9.128854083228092,3.474439615756827,38.76390530106008
-7.887840036369024,4.2948488146521315,37.41690115644054
-6.698169637629591,4.8881557884585405,36.101466657641396
-5.574544635002049,5.2960187569111525,34.84305951944193
-4.526405173957458,5.557583088158136,33.65587545934478
-3.558767404908431,5.707669653338194,32.545839332523585
-2.673098451936725,5.776042887370171,31.51324010092078
-1.8681408383716915,5.787386579069723,30.55484780320669
-1.1406389762519336,5.76168800604461,29.66549710797743
-0.4859491609820671,5.714817025194309,28.839199548840458
0.10146721783339463,5.659162790107179,28.069876535170557
0.6276573902108132,5.6042485945001985,27.351807292215977
1.0988834051077092,5.557284912560914,26.679874268689208
1.5214052489314018,5.523645465360953,26.04967216241752
1.9013261064878229,5.507265258247451,25.457530380720502
2.2444866815917033,5.5109666574769385,24.900484647618427
2.556397481620748,5.536722451650465,24.376222250514644
2.842199915425049,5.585865349006066,23.883016975978105
3.106648797440117,5.659252679897043,23.419663693217746
3.354110335671428,5.757393901627838,22.98541830359691
3.5885709056486186,5.8805472185712,22.579945918958174
3.8136529006824067,6.0287904183968415,22.2032782711627
4.032634734359231,6.202069959365399,21.855780183900073
4.248472688502387,6.40023144088943,21.53812422396655
4.463822780057371,6.623033841312213,21.251272222473133
4.681061190495711,6.870149296758173,20.996462094060096
4.902302084255419,7.141149708317883,20.775198197355582
5.129411858037828,7.435481093448312,20.589243312697224
5.3640190277952176,7.75242634145792,20.440610123979567
5.607519091118099,8.09105690175599,20.331549857108023
5.861073815431014,8.450173946027368,20.264535439031462
6.125604513608748,8.828239729388791,20.24223620435243
6.401778996438483,9.22330026608875,20.267480813358908
6.689992055760603,9.63290107211291,20.343204698570524
6.990339554990618,10.053998648928,20.47237809425317
7.302586508148456,10.482871618512727,20.65791062268884
7.626129937151359,10.915036975470382,20.9025286439421
7.959957829134142,11.345178760967547,21.208622287592213
8.302606181835726,11.76709848299485,21.578060466213184
8.652116921443104,12.173698612360962,22.011974417783346
9.006000375750741,12.55701215997799,22.510513602905128
9.361206924523078,12.90829224193197,23.0725821690864
9.714113324221696,13.218175095830182,23.695569598173503
10.060529863218793,13.476927585432177,24.375095227784193
10.395734748080013,13.674785219010253,25.104792398425136
10.714541723508194,13.80237872029143,25.876162961457908
11.011405664017609,13.851236277518195,26.678535393659004
11.280568577129554,13.81433547923803,27.499158252825275
11.516245083307274,13.686665189721365,28.323453808438824
11.712842138764575,13.465745620095351,29.135443672802385
11.865202939226005,13.152047558847983,29.91833956994597
11.968860227160869,12.749252028508772,30.65526994768037
12.020280441219882,12.264301528099384,31.330090417130045
12.017078146514073,11.70721373736379,31.928207475567152
11.95818065130492,11.090656016199757,32.43733514313332
11.843925957221536,10.429309895696953,32.848106279543956
11.676082993660728,9.739083262518792,33.154475296752096
11.457790699296433,9.036248326882234,33.35387464371402
11.19342077067951,8.336591575699734,33.44711908944669
10.888376479020492,7.654656371250227,33.43808333123938
10.548845687624029,7.003141404989966,33.333203905632104
10.181529316493116,6.392493088376885,33.14087164740971
9.793366774055139,5.830702562758326,32.87078454240637
9.391277616540096,5.323293422103163,32.533323927029286
8.981934600692755,4.873468067540493,32.13900269428895
8.571578243330507,4.482370443839374,31.69801637294508
8.165877843492842,4.1494204493025855,31.21991029445423
7.769839332664016,3.8726789428821586,30.713361213843065
7.387756716028488,3.6492097740544245,30.186061115615573
7.023201419012113,3.475414440468824,29.644684778940675
6.679042519210352,3.3473240842232665,29.094920444730715
6.357490450918307,3.260841426168239,28.541543637626106
6.0601570812648955,3.211931351395129,27.988516766201098
5.788125829608575,3.1967630972751278,27.43910059566771
5.54202652064047,3.211809550521218,26.89596733184823
5.322110758613476,3.253910368876135,26.36130839991124
5.128324667765837,3.320305877954315,25.836932795056647
4.96037679017733,3.4086482932339184,25.32435404047298
4.81779973092049,3.5169960547004573,24.824865334770415
4.700004781310412,3.643796137794028,24.339603490676886
4.6063292409411964,3.787858253439554,23.869602866551414
4.536076514113357,3.948323953045261,23.41584077982994
4.488549296467348,4.124632853286988,22.979275961615375
4.463076314089307,4.316487505617409,22.56088154054191
4.4590331495967215,4.523817855692946,22.161673888734786
4.4758577048471695,4.7467457581826125,21.782738462484087
4.5130608222285105,4.985549618583056,21.42525354971899
4.570232527510079,5.240628910849084,21.09051260838363
4.6470442760274775,5.512468054329506,20.779945648380593
4.743247487574431,5.801598914801833,20.495139872348076
4.858668549282504,6.108561015050323,20.237859540007733
4.993200354473547,6.433858397568827,20.010064746834907
5.1467903330093945,6.777911978022722,19.813928498137155
5.3194248192216245,7.141006171830887,19.65185110143065
5.511109502054534,7.5232285839429975,19.52647048133899
5.721845615069722,7.924401648813001,19.44066653319057
5.951601460182323,8.344005329129256,19.39755707119941
6.20027883023867,8.781090374526425,19.40048230208255
6.467673917444915,9.234182262569252,19.45297408896028
6.753432387265359,9.701176859614476,19.55870561108594
7.05699848533799,10.17923011744374,19.721416453176037
7.377558356735976,10.664645823540289,19.944807797741266
7.713978223051495,11.15276758324969,20.232402420530384
8.06473871189312,11.637883812537156,20.587364834495123
8.427867485605184,12.113157452874326,21.012278472775282
8.800873373205873,12.570595143647395,21.508879553190095
9.180686442115539,13.001073282435145,22.077751508284386
9.563609777408843,13.394440138349788,22.717989769730547
9.945290026147099,13.739713117490602,23.426854206983776
10.320714798345675,14.025387426901347,24.19943520179051
10.684245505441194,14.23986577308682,25.028368232136796
11.029693819205464,14.372007678282975,25.903639369243468
11.35044830242924,14.41178147534331,26.81252812511759
11.639654629635247,14.350983084056109,27.73973220160807
11.89044810196227,14.18396566953183,28.66770871462478
12.096231088205656,13.908306987618005,29.57724726293942
12.250981201122759,13.525331264159494,30.44826252024229
12.349569437521572,13.040404313408255,31.26076106097755
12.388062432136135,12.462937164396019,31.995904528713485
12.363980677253691,11.806064603482954,32.63706616984014
12.276486003951014,11.086006796176717,33.1707670540743
12.126477122734533,10.32116706978233,33.58738639313416
11.916581052080117,9.531057737590809,33.881567412695354
11.651039474832285,8.73516998524039,34.05228157694608
11.335500565734646,7.951908109342662,34.10256118106696
10.976736654596866,7.1976924963228734,34.038953590633234
10.582314655995562,6.486304208341581,33.87078133734306
10.160248691594738,5.828504684232139,33.60930616044085
9.718662813495573,5.2319253996611375,33.26689170228555
9.265487009843117,4.701191302435197,32.85624256533415
8.80820298470815,4.238222356363968,32.38977263648886
8.353648892849973,3.8426502182782105,31.879129063042807
7.907885415995514,3.512289995456172,31.33487486452237
7.4761200602573314,3.243616855304956,30.766315752028607
7.062682694555261,3.032210426715752,30.181446185369346
6.6710431483899555,2.8731434711947292,29.58698540989522
6.303860916585914,2.761303208672396,28.988474713975798
5.963057330917103,2.691642942525012,28.390410716584352
5.649901582705002,2.6593680134021076,27.796394574439333
5.36510338594514,2.660063904538329,27.209282401203033
5.108906599007879,2.68977605628916,26.63132714742439
4.881179595683881,2.745051217929462,26.06430629717941
4.681499485874931,2.8229495063795005,25.509632867619505
4.509228381256797,2.92103517993733,24.96844939814085
4.3635807699350755,3.0373527746507096,24.441706026664523
4.243681719375529,3.1703938884126814,23.930224544989283
4.148616094840796,3.31905864573396,23.43475067301736
4.077469292473394,3.482614787115932,22.95599683921421
4.029360173309522,3.6606564148443734,22.494677617560818
4.003466975294879,3.8530636828323384,22.05153973430434
3.99904699901183,4.059964121193578,21.627388278760414
4.015450828995732,4.28169581141155,21.223110467124283
4.052131781600356,4.518772250009143,20.839698035873287
4.1086511739741916,4.77184843441607,20.47826908888491
4.184679895288179,5.041687454485475,20.140089988250732
4.279996636863137,5.329126660883265,19.826597655357
4.394483006348565,5.6350422955668735,19.539422424352427
4.528115615374914,5.960311302491381,19.28041134981359
4.680955092192691,6.305768886327844,19.051651597115985
4.853131832655914,6.672160257194069,18.85549321884784
5.044828166965632,7.060084901478386,18.694570223621184
5.256256489599216,7.469931673436495,18.571818354955308
5.487632781707169,7.901803041733604,18.490487399679512
5.739144858048985,8.35542699622532,18.454145125035296
6.010914607732805,8.830055486642413,18.46666909950415
6.302953488751975,9.324348908604323,18.53222170100875
6.615110606589524,9.836247173627546,18.65520260373184
6.947012890753014,10.362829411805388,18.840172051515715
7.297997221537156,10.900166473285472,19.091737422973363
7.6670349002912666,11.44317321113805,19.414395201572123
8.052649649608087,11.985471079103846,19.812320807029693
8.45283141845913,12.519275785571411,20.289100242443425
8.86494967486994,13.03532934737114,20.84740065942567
9.285671579212835,13.522900352934618,21.488582249156334
9.710892363450716,13.969879699996527,22.212261732995827
10.135687220822943,14.363000267264239,23.015848260452447
10.554295742868968,14.688206343776764,23.894085287273708
10.960151003878895,14.931190501886762,24.838645742572954
11.345965256534196,15.078100603263904,25.837840208010153
11.703882297648049,15.116397356436037,26.876505592352302
12.025702410515493,15.03581455977675,27.93614089159356
12.303179184216498,14.829343413285391,28.995343284540297
12.52837872016906,14.49413502946687,30.030569791137825
12.694081665455808,14.03219916629657,31.017207881788554
12.794198719313995,13.450779797264252,31.93088788653787
12.824162764695735,12.762314298577447,32.748920195832774
12.78125763565415,11.98393237128282,33.45170305241834
12.664846243898504,11.136516228887348,34.023933509201825
12.476469734449042,10.243412070987475,34.45547153241575
12.219803466906678,9.328938798530626,34.74175423841047
11.90047254989693,8.416869841996704,34.88372456178796
11.525746253539923,7.5290610369124185,34.88731114226476
11.10414382102672,6.684363695884808,34.7625576563798
10.64499181003013,5.897907237964577,34.52253789442707
10.157974314694343,5.180773977355782,34.18220251148583
9.652712871871477,4.540033541759759,33.75728719234907
9.138404219793866,3.9790653411114,33.26337818605781
8.623533496938686,3.4980782245266693,32.715190172359605
8.115669968801837,3.094735379297077,32.12607253331112
7.621343454186895,2.7648047143435894,31.507729549864255
7.145993110966513,2.5027743753555427,30.870120453062302
6.693976319957626,2.302394237021051,30.221496272204813
6.268623799067472,2.1571233720870366,29.56852984190236
5.872327260624039,2.060478550269175,28.916500276876988
5.506647294718925,2.0062891954096846,28.269500978603933
5.172431175843484,1.9888703285723575,27.630648695228043
4.869932521668377,2.0031277390372333,27.002278948212798
4.598926887747443,2.0446099666842734,26.38611955780364
4.35881928711469,2.1095205596541584,25.78343882547412
4.148741200064258,2.1947022024072593,25.195168253361675
3.967635872482858,2.2976021872947436,24.622001743431575
3.8143316157297447,2.4162266356072855,24.064474318886905
3.6876034616998625,2.549089027047974,23.523023830489844
3.586223944268367,2.6951570372642224,22.998039089881132
3.509004022118158,2.853800418743548,22.489897595025436
3.4548252715442462,3.0247416654235875,21.99899561155984
3.4226644973541775,3.2080104355286085,21.52577293577769
3.41161186407474,3.4039021265197915,21.070734243470202
3.4208835601393552,3.6129405590105583,20.634468551968364
3.4498298905656584,3.835844396365544,20.217668001240888
3.4979395600971737,4.073496672482191,19.821146893222846
3.564840766383441,4.3269165964374965,19.445861708985515
3.6502995761155272,4.597232628644523,19.092932638899235
3.754215908534517,4.885655662547338,18.763666996870818
3.8766173012068355,5.193450986174857,18.45958472937499
4.017650482141319,5.521907530305546,18.18244605482877
4.177570619322394,5.872302729885239,17.934281058254726
4.356727962535242,6.245861132985617,17.717420796957438
4.555551432371802,6.643704693824411,17.534529118934422
4.77452854805528,7.0667924989303295,17.388633927735075
5.014180921738427,7.515847526377946,17.28315601382952
5.275034387930113,7.991267971610725,17.221932781135163
5.55758269309418,8.493020755918902,17.209233199597797
5.862243559245172,9.020515158795028,17.24975909277012
6.189305882378158,9.57245520948042,17.348626427624897
6.538866868931211,10.146670697884998,17.511318656619405
6.910758101815284,10.739928615279945,17.74360247778878
7.3044599272806545,11.347729724550447,18.051394831769787
7.719004244330838,11.964098990243103,18.440568882010137
8.152866847742752,12.581383902560926,18.916686630479642
8.60385200947089,13.190081277434286,19.484647398427114
9.068974042839315,13.778720584207964,20.148245513573464
9.544343183717478,14.333839464380898,20.909638138911735
10.025066143651703,14.840093458505645,21.768736088570307
10.505174883841429,15.280544927120562,22.722547085247584
10.977600056563974,15.637172944351159,23.76452166642586
11.434207452835102,15.89163346696706,24.883974786353214
11.865915761047033,16.02627473126076,26.06567706313089
12.262910972194506,16.02537572442761,27.289722527322375
12.614966010559863,15.87652805560177,28.531777264315245
12.911863284627747,15.5720304117827,29.763788602072193
13.143903410423743,15.110121455605455,30.955183844595776
13.302467124343826,14.495855845863353,32.07451374453566
13.380582325888541,13.74144233585943,33.091410152260906
13.373437938682667,12.865919448165087,33.97864858887722
13.27878429602837,11.894138492469429,34.71405734029023
13.097168094701164,10.855138144581787,35.282013585857904
12.831968296495825,9.780102443572487,35.67432085930714
12.489224699628757,8.70016676965296,35.89036145720587
12.07727822421993,7.64435486984639,35.93653853404839
11.606265612987064,6.637890975016557,35.825135214781064
11.08752664693929,5.701047910413752,35.572795677143866
10.53298683308153,4.848589264179906,35.19886174758652
9.954573255553495,4.089767343555612,34.72377937320269
9.363708497501111,3.428768391230534,34.16773589160818
8.770910941099821,2.8654609430274283,33.54962040120965
8.18551297429215,2.396300277477369,32.88633350553548
7.615494404113643,2.015262696430533,32.19242124924614
7.067418168826803,1.7147165942410172,31.47997610887856
6.546449551490105,1.486172927450095,30.75873456098747
6.056437989880621,1.320888980894373,30.036301704863597
5.600041289191948,1.2103229004107143,29.31844324810454
5.17887452651993,1.1464517381229316,28.609398977747603
4.793669275461934,1.1219738332078268,27.91218605360655
4.444432294048557,1.1304190520484003,27.22887292880608
4.130596073463953,1.1661896128578215,26.560814475304873
3.851156409372519,1.2245514903575523,25.908845839286087
3.6047943535863847,1.3015928750141903,25.27343700648211
3.3899815482510847,1.3941625773287674,24.654812549167094
3.205069105855465,1.4997980233237944,24.053042105800557
3.0483609644111818,1.6166497576760737,23.468107293968615
2.9181731071381476,1.7434071895149583,22.899950356826697
2.8128802695655786,1.8792286396389484,22.348509166898836
2.730951830171618,2.02367750010231,21.813742442141653
2.670978545482684,2.1766654132944887,21.29564828003708
2.6316916861024175,2.338402739003819,20.794278447297014
2.6119759849090203,2.5093561371620123,20.309750302115223
2.6108776426108196,2.690212796265485,19.842257777610737
2.6276084624084683,2.881850639692454,19.3920825114776
2.6615470132000185,3.0853137107316075,18.959605953886232
2.7122375544800135,3.301791846078081,18.545323106942995
2.7793872980658256,3.5326036764204494,18.14985842783254
2.8628624323247505,3.779181925172495,17.773984348206024
2.962683192525464,4.043059898873265,17.418642809405412
3.0790181240729413,4.325857963750363,17.08497017220987
3.2121775506694834,4.629268672336082,16.77432581616685
3.362606123230758,4.955039033048722,16.488324681103897
3.5308741836087485,5.304948197021542,16.22887390335132
3.7176675255626455,5.680778565166128,15.998213538670836
3.9237749697979174,6.0842779932110895,15.798961114294553
4.150072986636254,6.517110398137108,15.634159377925751
4.3975063966105274,6.980791660826295,15.507326067457385
4.667063955952264,7.476607307055967,15.42250375762439
4.959747394431535,8.005508085474979,15.384306786445487
5.2765322274176825,8.567979333461256,15.397960857897386
5.618318431842392,9.163880062315762,15.469329094032782
5.985868890018437,9.792248195077226,15.604916025169704
6.379733417770094,10.45106962066188,15.811838262316513
6.800156280333923,11.137011037261304,16.097747480959455
7.246965467207959,11.845120373558476,16.470688097241364
7.719442784907034,12.56850436960312,16.938869101710875
8.216175204402814,13.298001102950284,17.5103277178251
8.734890055101566,14.021876098940641,18.19246306379404
9.272279762541375,14.725583960117328,18.991422451895566
9.823825983861148,15.39165218101358,19.911333354769937
10.383638143406193,15.99975774905018,20.953392457546055
10.944327168655246,16.527076438401032,22.114851075779832
11.496940916585139,16.948983852113184,23.3879734181452
12.03099208679577,17.240169560880727,24.75908760313441
12.534610549536204,17.376184803936003,26.207891589604877
12.994847878310885,17.33537698529596,27.707204966211023
13.398150569412113,17.101074257720942,29.22335694003622
13.730999054343908,16.663784619988085,30.717355292203298
13.980683203493333,16.023090900501245,32.14688207516187
14.136155262289117,15.188887362614823,33.46901589184892
14.188874339480748,14.18164389100749,34.643414133135565
14.13354036814859,13.03151140940593,35.6355454696661
13.96861663968128,11.776280789821385,36.419492274495624
13.696561634468095,10.458430962129928,36.979879312419335
13.323730365404355,9.121687382834242,37.31263163086791
12.859954625671119,7.807603328568424,37.424485655019915
12.317858941191375,6.552647379518586,37.33141072195589
11.712003758255145,5.386145175633007,37.05627872785145
11.05796264294071,4.329229173912003,36.6262044500111
10.371435118353975,3.3947556839309634,36.06996106110086
9.667475630274273,2.5880019712058537,35.41577903297561
8.959889438105266,1.9078810030684443,34.689703411775504
8.26081563217246,1.3484050347588084,33.914554669773516
7.580491758467001,0.900172088824829,33.109439166474345
6.927176693610556,0.5517162700725089,32.2896971316958
6.307198893957461,0.29063210048784366,31.467155973764662
5.725094641523556,0.10444086101732825,30.65056420011561
5.183803335713952,-0.01879243251390085,29.846104219635762
4.684892104685607,-0.09005912556427507,29.057910625698806
4.228788299579752,-0.11918173368090704,28.288547459546518
3.815004601733454,-0.11472030053940045,27.5394199201567
3.442346844794692,-0.08397164935405489,26.8111119533565
3.109098953065554,-0.03302971309992976,26.103651527543754
2.8131826055348923,0.0331176276972063,25.41671127615887
2.552291474976787,0.11047319197181092,24.749754806730717
2.324001344534481,0.19590916546772585,24.10213946630568
2.125858258308083,0.28704807351283346,23.47318559749532
1.9554472850643352,0.3821511889479506,22.86222094957622
1.8104446016735283,0.4800172543887969,22.268607338456277
1.6886555396035152,0.5798928503022417,21.691755124147353
1.5880410598352852,0.6813947150021009,21.131129723207863
1.50673488213937,0.7844436725811554,20.58625324811883
1.4430532296135503,0.8892094371320428,20.056703471095304
1.3954988819042997,0.9960653531742131,19.542111626712146
1.3627609748578005,1.1055520433669888,19.0421600650327
1.3437117485806511,1.2183489234017277,18.55658041099829
1.3374012340331787,1.335252581238501,18.085152644932204
1.3430506816279382,1.457161083347627,17.627705365612844
1.3600453734283167,1.585063350257223,17.184117408942992
1.387927321919653,1.7200328275891825,16.754320954153854
1.4263882407857098,1.8632247597563125,16.338306242477838
1.475263074115623,2.015876446249074,15.936128050713485
1.5345242872305918,2.179309920690307,15.547914097419092
1.6042770519810945,2.354936536836118,15.173875608150368
1.6847553989742583,2.5442629697869044,14.81432032531192
1.7763193557170052,2.748898140865624,14.469668315916698
1.879453039952912,2.97056054625297,14.140471005366852
1.994763628185745,3.211085406811142,13.827433945676061
2.122981066883125,3.4724309524117523,13.531443909973982
2.2649583340818524,3.7566829995322797,13.253600987754977
2.4216719874447694,4.066056764778311,12.995256430697626
2.594222645888347,4.40289456582309,12.758057056637638
2.7838349394588837,4.769657679126631,12.54399704335835
2.991856318910249,5.1689101327891205,12.35547791003866
3.219753934086122,5.6032915942143156,12.195377356839236
3.469108559445481,6.075475748615076,12.067127361045063
3.7416042560802976,6.588109644386829,11.974801439624512
4.039012102969923,7.14372840703468,11.923210184789317
4.363165898814884,7.7446385223416705,11.918002930627722
4.715927227701231,8.39276163405264,11.965771547944144
5.099136705472271,9.089429636299455,12.074149687312882
5.514547605459197,9.835121022859742,12.251897066605235
5.96373745791976,10.62912840391417,12.508953400159777
6.447992727922733,11.469148460425703,12.856440125398963
6.968161467342024,12.35078930586171,13.306580203718573
7.524469162042638,13.266997515116243,13.872497313029475
8.11629421861106,14.20741949721425,14.56784668905325
8.74190213825418,15.157731067433973,15.406222672266429
9.398141988718994,16.098996300840632,16.40028601878102
10.080115905958658,17.00715210930408,17.560562257005497
10.780842474654433,17.852756028329846,18.893887425048888
11.490947921870559,18.60117469438682,20.401526648434942
12.198434165532808,19.21341672163252,22.07706969280447
12.888587502173284,19.6478068893899,23.90431530121632
13.544101865104434,19.86263527878558,25.855480412708467
14.145490142369509,19.81977486994638,27.89018160675041
14.671839305901509,19.48903975955431,29.9556864646629
15.101925006644311,18.85278103567858,31.988864963174553
15.415638882971727,17.909958133722206,33.92004205505377
15.595605631452782,16.6787846645486,35.67856494928214
15.628794942342854,15.197133993120843,37.19942813648505
15.507889768776431,13.520250289074184,38.429892712756185
15.232178658140802,11.715888554851537,39.334864186833656
14.807804531613801,9.857633810113516,39.899966532996125
14.247313808107284,8.017604807624425,40.131751277144296
13.568578355813084,6.259861973808116,40.05514939902126
12.79327154254027,4.6355801110659955,39.70887877947753
11.945139668485943,3.180531031083893,39.1398664599466
11.048310999045514,1.914850203506207,38.39776069480863
10.125836164835658,0.8446186764320731,37.530353999782804
9.19857820695434,-0.03542746634063498,36.58035548087828
8.284492315566249,-0.7387486675115147,35.583581496268174
7.398272205407686,-1.2839576720744823,34.56836981888803
6.551300232812916,-1.692220023071653,33.55589098035637
5.751821432346158,-1.9852493225419607,32.56101070179008
5.005262255320637,-2.183905892987924,31.59340779708688
4.3146260119983655,-2.3073232718091825,30.658732090531885
3.6809127503769763,-2.3724508617505555,29.759667873369853
3.103527271199492,-2.393897586432393,28.896834896696987
2.58065278780008,-2.383975818175868,28.06950599820482
2.109578456270911,-2.352866218048067,27.27614953543545
1.6869766139888196,-2.308845749221579,26.51481986514526
1.3091305273307923,-2.2585396764656624,25.783424614463897
0.972116372747142,-2.207172759139142,25.079897217412512
0.6719446486717884,-2.1588052262070265,24.402299916422397
0.4046667283536779,-2.116546171160209,23.74887797658362
0.1664521849318978,-2.0827415323732508,23.11808130792532
-0.04635789038337659,-2.059136566216351,22.50856559571088
-0.23721692644228742,-2.0470142627340344,21.919181628253625
-0.40935423877125543,-2.047311927416706,21.348958822852403
-0.565768309240631,-2.06071845493529,20.797086921398424
-0.7092291316686868,-2.0877548474032155,20.26289835496324
-0.8422872848953609,-2.1288404042570463,19.74585274943739
-0.9672878389704449,-2.1843468081110595,19.245524358296183
-1.0863875807706949,-2.2546420945838506,18.76159277538907
-1.201574366718531,-2.340126248353491,18.293837029031632
-1.314687677750176,-2.441259925095666,17.842133033608626
-1.4274396710112074,-2.558587565058054,17.40645433537127
-1.5414361994455374,-2.6927559402177215,16.98687610552918
-1.6581974094663037,-2.844528962036819,16.583582385330494
-1.7791776325489295,-3.0147993677421696,16.196876660364985
-1.9057843623930557,-3.204597695317793,15.827195925147842
-2.039396157958486,-3.415098745179734,15.475128487361292
-2.181379336010045,-3.6476255025904707,15.141435848595552
-2.333103315697735,-3.9036502506002706,14.827079079805669
-2.495954452058994,-4.1847923284747885,14.533250178584497
-2.6713481440295888,-4.492811673442097,14.26140894279688
-2.860738923380734,-4.8295969110594665,14.013325908044315
-3.065628120669188,-5.19714631758358,13.791131855692663
-3.287568558482572,-5.5975394526533355,13.597374276230482
-3.528165535857572,-6.03289664079417,13.435080930655245
-3.7890731352437985,-6.505322759832571,13.307830236846966
-4.071984599735832,-7.016830978722915,13.21982754657488
-4.378615190346493,-7.569241202218793,13.175985378236458
-4.710675541932001,-8.164047084503338,13.182004213240242
-5.069833100994694,-8.802244680247194,13.244448410435975
-5.457658771341143,-9.484115300275482,13.370808989737842
-5.875555457970409,-10.208955232770549,13.569541337056727
-6.324664860735771,-10.974746132528114,13.850061191221808
-6.805748747097807,-11.777762709234255,14.222676616132695
-7.319041206801411,-12.612119704692718,14.698427304942904
-7.86406931200277,-13.469269058625953,15.288796186406527
-8.439441503011215,-14.337471698288477,16.005253220130275
-9.042606284316804,-15.20128739732254,16.85858967072764
-9.669588852559055,-16.041150738485086,17.85800629890781
-10.314720396063471,-16.833129935307213,19.009935083475607
-10.970384028402526,-17.548994058070566,20.316606071197086
-11.626812110039348,-18.15673532021216,21.77442266355086
-12.271980646054324,-18.621694561540522,23.372280707774376
-12.89165492474096,-18.90840477912901,25.090053024095177
-13.469642771980507,-18.983184904215367,26.897545008914495
-13.988303205104819,-18.81737706874048,28.75428032017778
-14.429334872722833,-18.39093568926094,30.6104615265324
-14.774829017648392,-17.695881710293925,32.409334919955064
-15.008519204600645,-16.738991982190424,34.09095882219443
-15.117104392906226,-15.543074957554937,35.597059087992776
-15.091478170978533,-14.146343649353954,36.87633168071592
-14.927681480964734,-12.599734592521232,37.88933066627609
-14.627420155166394,-10.96246256700986,38.61206174032627
-14.198051953407006,-9.296511477126531,39.03762608013226
-13.652036904368561,-7.661001946009839,39.175674176704824
-13.005936302835064,-6.107363671909047,39.04990347373919
-12.279115342809108,-4.675989955241456,38.69421454792826
-11.49233586905196,-3.3946638760380052,38.148321245927
-10.666416196380291,-2.278655758687241,37.45356896674773
-9.821093795150471,-1.3321095878415896,36.64950966861908
-8.974170003877498,-0.5502101352738947,35.771508789399796
-8.14095988063192,0.07836089469078211,34.84940776031895
-7.334026062403498,0.5690630717925627,33.907090176577206
-6.563147843408389,0.9394707843528942,32.9627135279844
-5.835464990911232,1.2076907255884421,32.02935653234333
-5.155736332821597,1.3912328100207991,31.115867233334466
-4.526661175059978,1.5062834581783782,30.22775262312936
-3.949222969903931,1.5673025288508693,29.368007505778206
-3.423026378764727,1.5868604713121188,28.537828073851394
-2.9466092193558464,1.575640765022344,27.737190483142008
-2.517719015525799,1.5425469274173362,26.965297050296765
-2.1335498879780004,1.494868498666225,26.220905008041257
-1.7909395975027127,1.4384739002955145,25.5025579504972
-1.4865290786613004,1.3780089097771469,24.808740792849132
-1.2168881893296295,1.317087606021293,24.13797725336904
-0.9786120035894373,1.2584683749116825,23.488885915337185
-0.7683920693807199,1.2042114219848208,22.860207698180318
-0.5830668407461773,1.155816713714418,22.25081453886507
-0.419655117394536,1.1143427735686873,21.659706480912273
-0.27537587358855936,1.080507611833679,21.08600225863713
-0.14765739133559375,1.0547734984419295,20.528926830957243
-0.03413816315492675,1.0374174537008956,19.987798102979248
0.06733838458491989,1.0285893378579942,19.46201420044428
0.15873366732678013,1.0283593346192452,18.95104205830612
0.24182686103690781,1.036756488758918,18.454407684577074
0.318229887519224,1.053799800213051,17.971688209406192
0.3894036273463911,1.0795232125738594,17.502505683741784
0.4566747207150938,1.11399567224637,17.04652251875308
0.5212524818473943,1.157337281208701,16.60343843204775
0.5842455880832963,1.2097324243153027,16.172988772273317
0.646678314529741,1.2714406227522126,15.754944118058818
0.7095061727296278,1.3428057488606484,15.349111082695265
0.7736308806083856,1.424264133587288,14.955334297753835
0.8399146438696217,1.5163520052123256,14.573499594450544
0.9091937685648002,1.6197126151877457,14.203538449952822
0.9822916528645822,1.7351033318929971,13.84543381699089
1.060031224809673,1.8634029134520658,13.499227509780987
1.1432469032992263,2.0056191035398343,13.165029378526421
1.2327961626410255,2.1628966258426643,12.84302857002985
1.3295707770480452,2.336525579307611,12.53350724471561
1.4345078104450344,2.5279501523608285,12.236857202047817
1.5486003982313044,2.738777473530673,11.953599958088326
1.6729083399967186,2.97078629044117,11.684410921355086
1.8085684836413105,3.225935009012083,11.430148425801418
1.956804829063615,3.506368417463093,11.191888500568451
2.1189382096582805,3.8144221498337867,10.970966380455092
2.2963953171188183,4.1526235919905385,10.769025880002907
2.490716712762585,4.523687476132001,10.588077852720893
2.703563308273016,4.9305038199119915,10.430569011112942
2.9367205898553808,5.376115111850792,10.299462355308211
3.192099589657919,5.86367869184042,10.198330291706332
3.47173326226856,6.39640909199178,10.131461135140942
3.7777664861884857,6.977493665598249,10.103978959808904
4.112437364691636,7.609973139718947,10.121975529986294
4.47804683503319,8.296576823511863,10.192651077618882
4.876912806054562,9.039500213563507,10.32445770970673
5.3113041463634785,9.840110915858686,10.52723486675003
5.7833488854336235,10.69856761764555,10.812320110370417
6.294910069115437,11.613337066731791,11.192610201296498
6.847422014052238,12.580596854006195,11.682536683371941
7.441679539519951,13.59351899006683,12.297907129824022
8.077573592562521,14.64144314781434,13.055548702251336
8.753769196203192,15.70897179365915,13.972676907619917
9.467326719130837,16.775054993167625,15.065903647867703
10.213276100151317,17.81218203417447,16.349801854258335
10.98416679427899,18.785858574379763,17.8349693130664
11.769634261678183,19.6546140603702,19.525594133480496
12.556046003503162,20.370837356023284,21.41663025210187
13.32631352418699,20.882749620029397,23.49084756740264
14.059975202059393,21.137753263864774,25.7162143304188
14.733659641830736,21.087205480895758,28.04425709701472
15.322018464735748,20.692337613213173,30.41014973197785
15.799162207321663,19.93061252386763,32.73520939019574
16.140541359298652,18.801391198646403,34.932141871391785
16.325099020851066,17.329544121134987,36.91277538784004
16.337411335341592,15.565776426975969,38.59727493484076
16.16946675868516,13.583024446473868,39.92319312122845
15.821750901999808,11.469218276850984,40.85248158887081
15.303412045366047,9.317684988682664,41.37493873842702
14.631460109924133,7.217108477891331,41.507438340822915
13.829145817857656,5.243004622864446,41.28935862089797
12.92381642438611,3.4521191390760144,40.775507198730566
11.944608469624608,1.880268780858313,40.02822282586505
10.920309999576757,0.5432824141609611,39.11018145098988
9.877630016971382,-0.5598687058460257,38.07891304641116
8.839992068532881,-1.442840721642263,36.983408463373
7.826858784365377,-2.1275393436744494,35.862678681707514
6.853516805358813,-2.640245107477661,34.74582477238333
5.93121223351851,-3.008568575595453,33.65308170180637
5.067519259303494,-3.2593045324154626,32.59734933346856
4.266837788420505,-3.417092646411765,31.585844653209342
3.530938804252711,-3.5037176802270418,30.621642374053533
2.8595008308771046,-3.537869162916154,29.704983837672508
2.250602552219,-3.5352014718370843,28.834314728892075
1.7011534788913933,-3.5085698945954333,28.007061675057763
1.2072563765764899,-3.4683537769891344,27.22018313253012
0.7645027107684224,-3.422808121137282,26.47053895282034
0.36820665136235387,-3.378408033777953,25.75512236775334
0.013585209315608082,-3.3401665814210486,25.071192663906388
-0.3041073424490084,-3.31191717934929,24.416339611545
-0.5894828827881766,-3.2965581010318554,23.78850351926347
-0.8469535243757771,-3.296260341572425,23.18596845264099
-1.080690097160144,-3.3126419057620575,22.607340988586774
-1.2945996972497653,-3.346912328734756,22.05152288335046
-1.49231784435904,-3.3999913468314316,21.51768307621596
-1.6772115789579785,-3.4726054137728517,21.00523234695985
-1.8523905134858956,-3.565365377852473,20.51380250561152
-2.02072343065164,-3.6788281970351897,20.04323105101426
-2.1848585029429723,-3.8135451203583757,19.593551651953835
-2.3472456005970166,-3.970098327835941,19.16499047191988
-2.5101594703891847,-4.149127603708535,18.75796819218701
-2.6757228138684055,-4.351348217836824,18.37310752498516
-2.8459284790568318,-4.57756080185007,18.011246002154103
-3.022660110728637,-4.828653623238833,17.67345383930202
-3.2077106864433746,-5.105597274464718,17.361056682899576
-3.4027984026036933,-5.409431398466517,17.075663023557638
-3.609579370027152,-5.7412426613227225,16.81919597938634
-3.829656534282528,-6.102132754811186,16.593928993467344
-4.0645841545086485,-6.493174768586391,16.402524719793817
-4.31586705814746,-6.915355823903685,16.2480759576527
-4.584953741798027,-7.369503430557086,16.134146893990398
-4.873222216621218,-7.856192656159705,16.064812079451595
-5.181957311167883,-8.37563094782658,16.04468944576455
-5.512317962781298,-8.927517421451753,16.078962222010738
-5.865292878484768,-9.51087377949071,16.173382791537122
-6.241642869087591,-10.12384493677181,16.334249350347243
-6.641828216000185,-10.763469190101313,16.56834374666087
-7.06591970126063,-11.425420685168842,16.88281627297031
-7.513492524898496,-12.103731373732794,17.285000785044407
-7.983503381085541,-12.790505955665118,17.78214190894316
-8.474152611520001,-13.47565167778815,18.381016137433136
-8.982735740676993,-14.146655226738853,19.087431514834094
-9.505491916397261,-14.788450667207446,19.90559785975979
-10.037460815528272,-15.383433942642192,20.837372679583915
-10.572364217864843,-15.911688222631726,21.881408385101196
-11.102533197506773,-16.351486406893105,23.032254415792053
-11.618905841947957,-16.680127390350638,24.27950177587415
-12.111122291069025,-16.875136128968077,25.607092613723836
-12.567742092938088,-16.915810632141298,26.992945561503674
-12.976601804098934,-16.78503245064155,28.40905705112224
-13.325317355777047,-16.471178621106244,29.822217153663622
-13.60191612764024,-15.96989833294819,31.195416347963018
-13.795559946491318,-15.285469677254385,32.48991671321588
-13.897296493413963,-14.431454841239596,33.66783101402569
-13.900758585659617,-13.430442045984396,34.69492451979967
-13.802724402909826,-12.312797481851185,35.54326472230261
-13.603461005791138,-11.114525561789316,36.19332751058601
-13.30679876256013,-9.874507319714333,36.63524078325578
-12.91992132043118,-8.631506331086195,36.868995963504155
-12.452896615859926,-7.421364432154918,36.903646060513275
-11.918009916570936,-6.274748672384851,36.75568446374844
-11.328982506169686,-5.215678996950897,36.446916602137804
-10.700165760170705,-4.260905032690192,36.00217405440992
-10.04579099185025,-3.420054096942199,35.44718185546751
-9.37933510407253,-2.69637227575808,34.80679950951359
-8.713036889601863,-2.0878373397166703,34.10374746310439
-8.057574474041878,-1.588429700630522,33.357832109854854
-7.421894841043239,-1.1893884872059102,32.58561106937892
-6.813173408300234,-0.88033498891706,31.800401496243765
-6.236875183086607,-0.6501998258737633,31.012523440177958
-5.696887900799347,-0.48793406017119234,30.22967922991967
-5.195700054624394,-0.38301469232347807,29.45738935760876
-4.734601225218387,-0.32577226283604965,28.699428028949715
-4.313887317553214,-0.3075753657933172,27.958222621549034
-3.933058331802017,-0.3209070890351837,27.23519834871432
-3.591000646144096,-0.3593646716978314,26.531061789823625
-3.2861492741610876,-0.41760822146080473,25.846024993279023
-3.0166281714435934,-0.4912785945139969,25.179976433143732
-2.780368503433209,-0.5768993093852945,24.532607160016994
-2.575205991155802,-0.6717729911877249,23.903500887586393
-2.3989591702832778,-0.7738793975567031,23.292196176470473
-2.249490763656594,-0.8817794850637054,22.698227804691978
-2.1247544863993966,-0.9945280961137788,22.121153172937703
-2.0228295600070254,-1.1115965300264263,21.560568378459873
-1.9419450694039069,-1.2328053703763409,21.01611750871852
-1.8804960990922295,-1.3582673594084098,20.487497798891745
-1.8370533614624718,-1.4883397499373956,19.974462573351303
-1.8103678020943592,-1.6235853581578932,19.47682333670066
-1.7993714460165446,-1.7647414376582529,18.994451971964292
-1.8031755427645895,-1.9126954597337213,18.527283716133653
-1.821066880421574,-2.0684668919077884,18.075321391699237
-1.8525029709263194,-2.2331940965707826,17.638641255189484
-1.8971066604114029,-2.4081255108986834,17.21740076193363
-1.9546605876866634,-2.5946143070527583,16.811848525742388
-2.025101798948734,-2.794115759470944,16.422336761621157
-2.1085167245666314,-3.0081865563923573,16.04933653018294
-2.20513663114622,-3.238485278618795,15.69345614705501
-2.315333575432259,-3.486773222835324,15.355463173139139
-2.439616802030171,-3.754914661975056,15.036310455979136
-2.5786294400950247,-4.044875502629376,14.737166741622085
-2.7331452602683,-4.358719109783906,14.459452410998399
-2.9040651469562846,-4.698597811491982,14.204880902199548
-3.0924128166899374,-5.066738258951516,13.975506342003005
-3.2993291643875753,-5.465418389305736,13.773777800996914
-3.526064439037133,-5.8969332094981155,13.602600370953063
-3.7739672317094457,-6.363545984487139,13.465402891642013
-4.044468995572728,-6.867420676482524,13.366211561261917
-4.339062505155352,-7.410530665436689,13.309727764135772
-4.659272299764707,-7.994537935876731,13.301407133035529
-5.0066147499892875,-8.620636138657177,13.347535001393219
-5.382544954694625,-9.289350395504087,13.455290847549199
-5.788387255737536,-10.000286676553825,13.632790946023107
-6.225245813830213,-10.7518244494102,13.88909411408521
-6.693891526827713,-11.54074864656302,14.234150170894328
-7.194621750331376,-12.361821593787878,14.678664709535218
-7.727090025930817,-13.20730333134834,15.233847572660471
-8.29010463453802,-14.06644077412701,15.911007130596769
-8.881397636226616,-14.924963283979155,16.720949986618773
-9.49737052498554,-15.764644773640999,17.673148963965883
-10.132829044371505,-16.563019445380768,18.774655061408602
-10.780728180651675,-17.29336645714099,20.028756034541228
-11.431958506730396,-17.92510167173924,21.433429460203524
-12.075215748804554,-18.424721674574027,22.979703144648628
-12.697004474748638,-18.757422495870063,24.650116504142552
-13.281830764848333,-18.8894483931415,26.41755994574803
-13.812633366372406,-18.791105472474207,28.244830879077686
-14.27148404079233,-18.440205827298,30.085250913186318
-14.640553387321853,-17.82551801731462,31.884604415435696
-14.90329028064384,-16.949642455719907,33.584464816972854
-15.045708905567343,-15.830674747799465,35.12668753936566
-15.057630551637015,-14.502125816287819,36.458529449360974
-14.933703744727405,-13.010850830091453,37.53760456679427
-14.674038646232972,-11.41314721951615,38.33580814564693
-14.284343191761849,-9.769599386954509,38.84149422996631
-13.775529548717753,-8.139535790740851,39.05954994037717
-13.16284969616582,-6.576023614705932,39.00946486124621
-12.464694256942764,-5.12214387806527,38.721899380937586
-11.701230648833555,-3.8089420499845437,38.23449153879243
-10.893058534552381,-2.655061912288082,37.58766220585528
-10.060028418540512,-1.6677605396229431,36.821018948227696
-9.220317306064901,-0.8448348497318424,35.97070566126028
-8.389799635364703,-0.1769682569583263,35.06778948747153
-7.581704685295742,0.34991117580394004,34.13758204553432
-6.806519814225719,0.7525377189424608,33.19968278878216
-6.0720830156503585,1.0486230704118875,32.268500808969115
-5.383805483934977,1.2556157357467614,31.354033618549387
-4.744970763585733,1.3898708227073422,30.462730877091865
-4.157067345623552,1.4661603152176954,29.598326823761855
-3.6201230188036,1.4974430835533847,28.762574680116213
-3.1330198415655692,1.4948186630914513,27.95585402954065
-2.693777277786002,1.4676012266129583,27.17764752625023
-2.299797572323407,1.4234647569613614,26.426898123432316
-1.9480719930404289,1.3686240939454186,25.702265077913665
-1.6353494886229742,1.3080278844570254,25.002298927552328
-1.3582710034407663,1.2455481740838452,24.325554568824895
-1.1134735128635844,1.1841576668231484,23.670659000238857
-0.8976680871872562,1.1260899959433963,23.03634722203275
-0.7076961787115998,1.0729811761410484,22.42147676626845
-0.5405680092021177,1.0259921697453929,21.825028664520637
-0.39348651765663933,0.9859135340417425,21.246100454891028
-0.26385987715398856,0.9532536709858597,20.683895094116806
-0.1493051445490282,0.928312448846777,20.13770832854594
-0.04764519035637156,0.911242025237541,19.606916121906167
0.043099320456362306,0.9020966495732166,19.090963066255956
0.12472145861729796,0.9008731094336951,18.58935224897428
0.1988419219028117,0.9075433404374896,18.101636756579058
0.2669243844209423,0.9220805620655641,17.6274128198768
0.33029160850028905,0.9444801439574393,17.16631450904048
0.39014179724414483,0.9747762554023293,16.718009845234125
0.44756480871222665,1.0130552089931038,16.28219818824293
0.5035579690803685,1.0594662797525747,15.85860877391083
0.5590413157241214,1.11423066430321,15.447000302130032
0.6148721753788065,1.177649140820205,15.047161510034492
0.6718590403942747,1.2501088989764382,14.658912702646706
0.7307747503051334,1.3320899288024335,14.282108252903662
0.7923690187812704,1.4241712869329535,13.91664012428517
0.8573803694447729,1.5270374963676052,13.562442512511932
0.9265475596100848,1.6414852796006614,13.21949774882736
1.0006205799374623,1.768430772400908,12.887843657437577
1.0803713211380053,1.9089173138625604,12.567582615204199
1.166603996714137,2.064123854297115,12.25889262425439
1.2601654033524714,2.235373962099303,11.962040779439068
1.361955087665831,2.4241453389903347,11.677399594129634
1.4729354686766025,2.6320796639009183,11.405466741083753
1.5941419383369295,2.860992471500338,11.146888870960861
1.7266929253902106,3.112882622246065,10.90249028960639
1.8717998580401618,3.389940724443562,10.67330740506601
2.030776894206211,3.6945556095283494,10.460629992659147
2.205050199311829,4.02931762001897,10.266050463766641
2.3961664337015085,4.397017021144219,10.091522447860859
2.6057999561481395,4.800635262786555,9.939430085514282
2.8357580455398645,5.243326063929768,9.812669447456148
3.0879831763608045,5.728382329310623,9.714743387211325
3.3645510392354003,6.259183698910791,9.64987082189988
3.6676625578755484,6.839118042755341,9.623110800276722
3.999627599883636,7.471468431956178,9.640500593181383
4.362837394739265,8.15925506726162,9.709205201224625
4.7597218488360244,8.905019427768512,9.837672815487455
5.192686991501193,9.710535741683156,10.035786507537061
5.664026734546333,10.576433210845018,10.314996316409218
6.175802069936568,11.501711987328283,10.688407475119222
6.729679937547993,12.483137896718702,11.170789406456866
7.326723564122454,13.5145071075254,11.778456265078058
7.967126575428506,14.585784816238618,12.528953861749914
8.649885306548303,15.682144620475912,13.440471725155367
9.37240841138814,16.78297084816478,14.530886888776532
10.130071224743322,17.86093709177653,15.816344782152497
10.9157354827861,18.881340059842234,17.30930300029843
11.719273664932562,19.80194200842528,19.01601948437702
12.527160934145847,20.57364074762601,20.933571842252807
13.322223794510451,21.14231338203114,23.046656960501515
14.083657252134836,21.45212557320825,25.324630202427727
14.787431742543015,21.450415887395685,27.719461177824513
15.407194869713342,21.093927522945712,30.165428854409715
15.915719462768386,20.355693092273192,32.58134252124955
16.286854409311314,19.23139150543278,34.875754320144466
16.49780903852619,17.743682166638095,36.95499634432517
16.531475585190993,15.943097600044503,38.733046488439015
16.37841187269167,13.90466533497418,40.141474936335335
16.038110239825322,11.72044588374106,41.13738808509987
15.519287065608918,9.489290298396476,41.70760137953422
14.839118471339603,7.305899569161834,41.868198291175766
14.02156441156392,5.251385274535297,41.65983721740849
13.095096135259546,3.386959988336068,41.14018618461872
12.090221136642525,1.7514039601697755,40.37534380199192
11.03717470867511,0.3619717354647858,39.431966125360034
9.964044966663197,-0.7822555972770906,38.37124728247482
8.895464364305113,-1.695783380736236,37.24519617596249
7.851877709920802,-2.4019455172234445,36.095065054184055
6.8493100295003035,-2.9287016995676747,34.95144010243802
5.899513740342395,-3.305351155621266,33.835396571782155
5.010366462863862,-3.560235120421088,32.76017859363801
4.186405713169609,-3.719320757444604,31.733000533605296
3.42941233362027,-3.8054784466194884,30.756716297696624
2.738981813953977,-3.8382520844043175,29.831228478317367
2.1130464840285605,-3.8339473444322234,28.954597865201162
1.5483298729202257,-3.8059024583683807,28.123867488163043
1.0407272387432722,-3.764845942422746,27.33564207761983
0.5856142585659481,-3.7192791541604477,26.586472669015468
0.17809030821971744,-3.6758466989309366,25.873094572474077
-0.18683522764573718,-3.639675089648143,25.192560416522024
-0.5141046969898622,-3.614671256706494,24.54230179731058
-0.8085134577739004,-3.6037792082485662,23.920145074486168
-1.074643021498469,-3.609196817876682,23.324299920283284
-1.3168194080745903,-3.6325564777812303,22.753333632976528
-1.539091083019572,-3.6750739754664687,22.20613994092236
-1.7452218013360614,-3.737669938561126,21.681907878322487
-1.9386945263123996,-3.8210678568119123,21.18009409252788
-2.1227233152720912,-3.925872214300029,20.70040043381799
-2.300270671281303,-4.052629745854727,20.242757697571466
-2.474068359617686,-4.201876317048226,19.807315784589274
-2.6466400921194633,-4.374171435964557,19.39444019957346
-2.8203248029465797,-4.570121940820875,19.00471463000028
-2.9972994862143234,-4.79039596673207,18.63894926990037
-3.179600748301609,-5.035727870663208,18.29819452427402
-3.369144352753529,-5.306914378552149,17.983759710717553
-3.567742109588031,-5.604801806298066,17.69723633341332
-3.7771154883923717,-5.930263792589612,17.440525412761772
-3.9989053200636127,-6.284168565816311,17.215868184147503
-4.234676899414357,-6.667334354615196,17.025879202558905
-4.48591971461648,-7.080471155433263,16.873580473794718
-4.754040915495044,-7.524106716655194,16.762434641908623
-5.040351499611725,-7.998494330697325,16.696374457878843
-5.3460440559040014,-8.503499910375398,16.679824698554576
-5.672160780024139,-9.038465962779258,16.71771136777745
-6.019550392494814,-9.602050601138579,16.815451383082568
-6.388812591970926,-10.192040836440324,16.97891406038578
-6.780228818663039,-10.80514129582824,17.214343651417586
-7.193678463049756,-11.436742490267465,17.52823016532028
-7.628540326890286,-12.080677072517409,17.927114069717565
-8.083580236777369,-12.728978407594022,18.417309772434393
-8.556827338475948,-13.37166328429122,19.00453382823176
-9.045443857999583,-13.996569477973456,19.693427633236585
-9.545596041568556,-14.589288362964082,20.486972167901055
-10.05233750878499,-15.133241351202553,21.38580529293732
-10.559520117698511,-15.609954158042594,22.387470928976548
-11.059751138322705,-15.999581388376713,23.48565387290832
-11.544418248033375,-16.281721736357603,24.669481966075267
-12.003804489688088,-16.436537551566502,25.923004310462673
-12.427312595688697,-16.44614983321365,27.22497297451388
-12.80381082057916,-16.296222875510146,28.54905683393713
-13.122100045276676,-15.977589432374916,29.864590591834265
-13.371484909014434,-15.48771124249545,31.137903953380423
-13.542412090723692,-14.831739270652765,32.33418755664546
-13.62712016684436,-14.022950750372289,33.41974668069652
-13.620232312564521,-13.082406006964039,34.364394670566156
-13.519219932468832,-12.037782532010457,35.1436743990309
-13.324674855622407,-10.921485133346813,35.74059242000259
-13.040349745743562,-9.768264635357534,36.14661621961629
-12.672957140598099,-8.612667179679987,36.361808399653384
-12.231750683753813,-7.4866569142376544,36.39412199789493
-11.727940510017856,-6.417703097235858,36.25801922655608
-11.174012679396588,-5.427516639578665,35.972668103095465
-10.583027350068523,-4.531492998043023,35.56000094430112
-9.96796284218786,-3.7388015910143393,35.04288883384038
-9.341156385830212,-3.0529804056024434,34.443615723098766
-8.71387191930344,-2.472857306284322,33.78274972237721
-8.096005291628737,-1.993622353162564,33.07842949832152
-7.4959208205754235,-1.6079056379175016,32.34602441922557
-6.920401918558243,-1.3067581383547295,31.598092867176778
-6.374692530313816,-1.0804767085414464,30.844551548124198
-5.8626045768862705,-0.9192508640826108,30.09297347847643
-5.386668187708621,-0.813635237274513,29.34894660121405
-4.9483049260312555,-0.7548674855777354,28.61644276167064
-4.548008397195436,-0.7350588876351934,27.89816398848638
-4.185520815308775,-0.7472863299571305,27.195847454855823
-3.859997838327373,-0.7856122125136159,26.510521337577114
-3.570157054054793,-0.845054821354404,25.842711151799698
-3.314407866631753,-0.9215271896279953,25.192600585645835
-3.0909622496996487,-1.0117581462091518,24.56015310973737
-2.8979270004684534,-1.1132055069144333,23.94520137820706
-2.7333788631913087,-1.2239683224020763,23.347511237673444
-2.5954242992108183,-1.3427027416138477,22.76682644465327
-2.482245856154859,-1.4685442928366716,22.202899254115266
-2.3921371048869378,-1.6010381155370588,21.65551106947944
-2.3235280257255195,-1.7400777864963641,21.124486444902175
-2.2750025764346438,-1.8858527787448716,20.609702956736914
-2.245309992656558,-2.0388041941660537,20.11109882981522
-2.233371176624037,-2.1995881601176306,19.628679711895984
-2.2382813350685695,-2.3690461310910917,19.162525621529607
-2.2593098401219383,-2.5481812538112916,18.71279883136908
-2.295898111986868,-2.7381399123583674,18.279753270619103
-2.34765616096517,-2.94019754918757,17.863745918186886
-2.4143582790007274,-3.1557478429725276,17.465250595727717
-2.495938235837037,-3.3862943025361925,17.084874542989947
-2.592484209862017,-3.6334432970990425,16.723378154354954
-2.704233565636174,-3.898897477016489,16.381698264081972
-2.8315674752944044,-4.184448436910566,16.06097537755406
-2.975005265281836,-4.491967325586611,15.76258524490018
-3.1351982485783223,-4.823391905426763,15.488175147609827
-3.3129226706406034,-5.18070829954321,15.239705200234738
-3.509071249420944,-5.565925330563794,15.019494834473003
-3.724642620614078,-5.981038946032042,14.8302744007082
-3.9607278036741325,-6.427983743049078,14.675241451431306
-4.218492578072745,-6.908568059742578,14.558120708865046
-4.499154400815978,-7.424388520410032,14.483225898756306
-4.8039522073789005,-7.976719357314992,14.45552047282742
-5.134107127490302,-8.56637137621164,14.480672651298534
-5.490771833535197,-9.193515231352801,14.56509809782116
-5.8749659573316855,-9.85746395181751,14.715980808302264
-6.287494817780281,-10.55641073583092,14.94125941152776
-6.7288486851914175,-11.287120342075589,15.24956209544176
-7.199080095158579,-12.044576517927752,15.650069010513096
-7.69765748917359,-12.821594470731869,16.15227676009607
-8.223294921720397,-13.608417075204512,16.765636377706667
-8.773759991087212,-14.39232680849694,17.499035475343018
-9.34566578178369,-15.157322308409094,18.36009913667165
-9.934257640267425,-15.883927972068332,19.354295341593563
-10.533212048235818,-16.54922456068514,20.4838522397902
-11.134472363959336,-17.12720353319422,21.746528918268677
-11.72815387848371,-17.589550442508255,23.13432898466307
-12.3025568646367,-17.906943816782434,24.632303961621705
-12.844328703672414,-18.050906096414444,26.217651790573743
-13.338811855738609,-17.99615682436895,27.859358105429088
-13.770600643475742,-17.723299098501553,29.518631940492057
-14.12430507672988,-17.22153655489933,31.150330423762355
-14.38548547242219,-16.491004429074387,32.70543565520309
-14.54168239893429,-15.544249717220103,34.13444979845542
-14.583431245855978,-14.406452970860109,35.39134921910769
-14.505130236503152,-13.11416352160168,36.43754877454403
-14.305634234139633,-11.712594650545656,37.245243141878355
-13.98847797267458,-10.251826156198266,37.79956017335227
-13.56168685909883,-8.782497991577666,38.09917908965498
-13.037198930009033,-7.351674047517085,38.155375672678026
-12.429981655402791,-5.999481983603927,37.989764530776654
-11.756967645035283,-4.756925223249348,37.63122566825909
-11.035946215829469,-3.644991728568283,37.112578756606894
-10.284534075235687,-2.674934446382082,36.467506763867426
-9.519315832738439,-1.8494301432765616,35.72807632600173
-8.755204535406909,-1.1642574044327785,34.92301712504188
-8.005033950926258,-0.6101565850466867,34.07675926053885
-7.279364535103923,-0.1746111163636957,33.209115912534635
-6.586466538376852,0.15661469069754236,32.335444459437426
-5.932435896018207,0.3982578672126321,31.467112294406608
-5.32139891386319,0.5646686727263405,30.612116790346107
-4.75576725373529,0.669219717393704,29.77574571305194
-4.236512613689936,0.7239593541236611,28.961202764561737
-3.763438792610062,0.7394513347738038,28.170155886547864
-3.335436315572811,0.7247470573766782,27.403190709900233
-2.9507109087563084,0.6874455569095343,26.66016807398391
-2.606981725018444,0.6338064232017905,25.94049421410733
-2.3016484622964986,0.5688901872857808,25.24331682515375
-2.0319286290676635,0.4967085484053331,24.56766145196303
-1.794967461002124,0.4203729072963415,23.912521899725032
-1.5879236234331657,0.3422341601223577,23.27691658631745
-1.4080340442321424,0.26400986813463007,22.659920621799536
-1.252661162758343,0.18689705444432644,22.06068128572984
-1.1193256622539056,0.11167026442119535,21.478422684256838
-1.0057274508887395,0.03876538142851178,20.912443790000854
-0.9097573205286861,-0.03164981748696,20.362112810839374
-0.8295013737163537,-0.09961712947748903,19.826859872419693
-0.7632399871415884,-0.16534008534092232,19.306169289851873
-0.7094427843798543,-0.22914547153465675,18.799572198425228
-0.6667608267306948,-0.291452948632902,18.306639965800652
-0.6340169999655733,-0.3527515972449259,17.826978579394474
-0.6101953759539124,-0.41358233703718555,17.360224060120352
-0.5944301595126359,-0.47452528567826713,16.906038871787473
-0.5859946897995941,-0.5361912451999322,16.46410925494945
-0.5842908492378741,-0.599216618971506,16.034143400720104
-0.5888391383499081,-0.6642611704859261,15.61587038402154
-0.5992695991141261,-0.7320081338995434,15.209039790105862
-0.6153137098169725,-0.8031662750010687,14.813421988591342
-0.636797328358297,-0.8784735797924155,14.428809033025178
-0.6636347263128285,-0.9587023162743703,14.055016189731877
-0.6958237307273465,-1.0446652736663626,13.69188412691369
-0.7334419728430965,-1.1372230325474677,13.339281823740079
-0.7766442310847032,-1.2372921596461124,12.997110290031607
-0.8256608483392295,-1.345854252456412,12.66530722095773
-0.8807971994965034,-1.4639657815153506,12.34385274901235
-0.9424341832733824,-1.5927686916948594,12.032776498683512
