1,1,1
0.980162129263799,1.01191248431442,0.955946112268275
0.960637248799529,1.02365182018113,0.913739386067245
0.941408938331945,1.03522071130355,0.873313376794314
0.922461408005671,1.04662170559679,0.834603201297456
0.903779484109598,1.05785720111515,0.797545574176164
0.885348594424583,1.06892945184673,0.762078835239379
0.867154753280095,1.07984057337137,0.728142968934212
0.849184546397646,1.09059254837922,0.695679616508253
0.83142511559145,1.10118723204787,0.66463208161858
0.81386414338992,1.11162635727669,0.63494533005249
0.796489837635167,1.12191153977749,0.606565984178612
0.779290916111747,1.13204428302138,0.579442312702566
0.76225659125034,1.14202598304196,0.553524216258863
0.745376554946952,1.15185793309556,0.528763209330214
0.728640963533493,1.16154132817966,0.505112398947083
0.71204042293123,1.17107726941064,0.4825264605839
0.6955659740146,1.1804667682629,0.460961611634173
0.67920907820921,1.18971075067094,0.440375582814415
0.66296160334446,1.19881006099688,0.420727587816621
0.646815809778157,1.20776546586558,0.401978291500662
0.630764336807701,1.21657765786998,0.384089776891552
0.614800189379839,1.22524725914934,0.367025511221881
0.598916725108699,1.23377482484313,0.350750311236804
0.583107641609707,1.24216084642344,0.335230307957675
0.567366964155103,1.25040575490894,0.320432911080759
0.551689033655065,1.25850992396326,0.30632677316919
0.536068494966938,1.26647367288091,0.292881753779572
0.520500285533679,1.27429726946392,0.280068883649101
0.504979624351429,1.28198093279195,0.267860329054885
0.489502001265027,1.28952483588934,0.256229356444031
0.474063166589343,1.29692910829189,0.245150297421125
0.458659121053449,1.30419383851649,0.234598514168767
0.443286106063912,1.31131907643672,0.224550365366825
0.427940594282873,1.31830483556724,0.214983172666967
0.412619280515992,1.32515109526,0.205875187770748
0.397319072904896,1.33185780281523,0.197205560151997
0.382037084418332,1.33842487550991,0.18895430545745
0.366770624635932,1.34485220254668,0.181102274613415
0.351517191818171,1.35113964692573,0.173631123660678
0.33627446525593,1.35728704724261,0.166523284334911
0.321040297892841,1.36329421941428,0.159761935405289
0.305812709213515,1.3691609583362,0.153330974780074
0.29058987839061,1.37488703947286,0.147214992384285
0.275370137683679,1.38047222038404,0.141399243811421
0.260151966082679,1.38591624218944,0.135869624748354
0.244933983189027,1.39121883097367,0.130612646170013
0.229714943327126,1.39637969913406,0.125615410298302
0.214493729879306,1.40139854667328,0.120865587317738
0.19926934983721,1.40627506243898,0.116351392838654
0.184040928562707,1.4110089253124,0.112061566097346
0.168807704751534,1.41559980534792,0.107985348881301
0.153569025592947,1.42004736486551,0.104112465166601
0.138324342118813,1.4243512594978,0.100433101453681
0.123073204735643,1.42851113919371,0.0969378877869143
0.107815258933262,1.43252664918015,0.0936178794428739
0.0925502411638978,1.4363974308836,0.0904645392716381
0.077277974885632,1.44012312281313,0.087469720675155
0.0619983667643137,1.44370336140634,0.0846256512063907
0.0467114030281612,1.44713778183975,0.0819249167728101
0.0314171459694454,1.45042601880508,0.0793604464276273
0.0161157305877927,1.45356770725277,0.0769254977322246
0.000807361369800709,1.45656248310408,0.0746136426731611
-0.01450769080019,1.45940998393303,0.0724187541172666
-0.029829091603171,1.46210984961942,0.0703349927884364
-0.0451564461272403,1.46466172297412,0.0683567947499093
-0.0604893015927787,1.46706525033772,0.0664788593760041
-0.0758271499655834,1.46932008215372,0.0646961377975238
-0.0911694304623676,1.47142587351718,0.0630038218052853
-0.10651553195289,1.4733822847,0.0613973331965152
-0.121864795262842,1.47518898165359,0.0598723135491429
-0.13721651538147,1.47684563649009,0.0584246144093349
-0.152569943577793,1.47835192794285,0.0570502878779361
-0.167924289429119,1.47970754180709,0.0557455775818174
-0.18327872276546,1.48091217136159,0.0545069100164686
-0.198632375533296,1.48196551777214,0.0533308862465213
-0.213984343582024,1.48286729047755,0.052214273951235
-0.229333688376312,1.48361720755894,0.051153999802333
-0.244679438637454,1.48421499609291,0.0501471421619244
-0.26002059191671,1.48466039248942,0.0491909240885999
-0.275356116103504,1.4849531428149,0.0482827066401405
-0.290684950871239,1.48509300310116,0.0474199824616228
-0.306006009063406,1.48507973964087,0.046600369648048
-0.32131817802253,1.48491312926991,0.0458216058709626
-0.336620320864422,1.48459295963736,0.045081542758869
-0.351911277700102,1.48411902946348,0.044378140521557
-0.367189866807669,1.48349114878628,0.0437094628088071
-0.382454885756302,1.48270913919703,0.0430736717942331
-0.397705112484482,1.48177283406526,0.0424690234753424
-0.412939306334473,1.48068207875364,0.0418938631811958
-0.428156209044969,1.47943673082314,0.0413466212793427
-0.443354545703787,1.47803666022887,0.0408258090739987
-0.45853302566237,1.47648174950693,0.0403300148877136
-0.473690343413831,1.47477189395273,0.0398579003190522
-0.488825179436151,1.47290700179101,0.0394081966690777
-0.503936201002128,1.47088699433791,0.0389797015296872
-0.519022062957567,1.46871180615549,0.0385712755271019
-0.534081408469164,1.46638138519885,0.0381818392140586
-0.549112869743465,1.46389569295621,0.0378103701044895
-0.564115068718228,1.46125470458228,0.0374558998447054
-0.579086617727449,1.45845840902502,0.0371175115153242
-0.594026120141283,1.4555068091462,0.0367943370584009
-0.608932170982013,1.45239992183584,0.0364855548244282
-0.623803357517172,1.44913777812092,0.0361903872340785
-0.638638259830912,1.44572042326839,0.0359080985497555
-0.653435451374604,1.44214791688283,0.0356379927522136
-0.668193499497673,1.43842033299889,0.0353794115176901
-0.682910965959577,1.43453776016865,0.0351317322911692
-0.697586407423842,1.43050030154418,0.0348943664515719
-0.712218375934986,1.42630807495536,0.0346667575648326
-0.726805419379153,1.42196121298321,0.0344483797209794
-0.741346081929236,1.41745986302877,0.0342387359514964
-0.755838904475228,1.41280418737781,0.0340373567233908
-0.770282425040505,1.40799436326137,0.0338437985065334
-0.784675179184725,1.40303058291237,0.0336576424109824
-0.79901570039398,1.39791305361833,0.0334784928911305
-0.813302520458824,1.39264199777037,0.0333059765136489
-0.827534169840755,1.38721765290857,0.0331397407863242
-0.841709178027714,1.38164027176381,0.0329794530450033
-0.855826073879135,1.37591012229623,0.0328247993959819
-0.869883385961058,1.37002748773027,0.0326754837112765
-0.883879642871772,1.36399266658656,0.0325312266743346
-0.897813373558474,1.35780597271063,0.0323917648738357
-0.911683107625356,1.35146773529856,0.0322568499433374
-0.925487375633562,1.34497829891958,0.0321262477446175
-0.939224709393386,1.33833802353584,0.0319997375926521
-0.952893642249121,1.33154728451931,0.0318771115202614
-0.966492709356879,1.32460647266582,0.0317581735805387
-0.980020447955764,1.31751599420648,0.0316427391852591
-0.993475397632687,1.31027627081641,0.0315306344775443
-1.00685610058115,1.30288773962082,0.0314216957371363
-1.0201611018543,1.29535085319861,0.0313157688167019
-1.0333889496125,1.28766607958342,0.0312127086076641
-1.0465381953657,1.27983390226228,0.0311123785341212
-1.05960739421087,1.27185482017179,0.0310146500734771
-1.07259510506471,1.26372934769198,0.0309194023024726
-1.08549989089187,1.25545801463788,0.0308265214673618
-1.09832031892888,1.24704136624874,0.0307359005770377
-1.11105496090404,1.23847996317508,0.0306474390179647
-1.12370239325334,1.22977438146346,0.0305610421898279
-1.13626119733279,1.22092521253912,0.0304766211608585
-1.14872995962712,1.21193306318651,0.0303940923418452
-1.16110727195513,1.20279855552762,0.0303133771778834
-1.17339173167185,1.19352232699831,0.0302344018569626
-1.18558194186755,1.18410503032255,0.0301570970345316
-1.19767651156388,1.1745473334846,0.030081397573222
-1.20967405590715,1.16484991969926,0.0300072422969509
-1.22157319635889,1.1550134873801,0.0299345737586591
-1.23337256088389,1.14503875010568,0.0298633380209766
-1.24507078413571,1.13492643658393,0.0297934844491429
-1.25666650763981,1.12467729061455,0.0297249655155394
-1.26815837997447,1.11429207104954,0.029657736615225
-1.27954505694936,1.10377155175181,0.0295917558918937
-1.29082520178218,1.09311652155198,0.0295269840737021
-1.30199748527315,1.08232778420335,0.0294633843184422
-1.31306058597753,1.07140615833493,0.0294009220675603
-1.32401319037631,1.06035247740282,0.0293395649085464
-1.33485399304504,1.04916758963965,0.0292792824452461
-1.34558169682087,1.03785235800234,0.0292200461756639
-1.35619501296786,1.02640766011803,0.0291618293768528
-1.36669266134071,1.01483438822827,0.0291046069965041
-1.37707337054674,1.0031334491315,0.0290483555508697
-1.3873358781064,0.991305764123746,0.0289930530286712
-1.39747893061222,0.979352268937645,0.0289386788006624
-1.40750128388623,0.967273913679742,0.028885213534536
-1.41740170313595,0.955071662766096,0.028832639114874
-1.42717896310895,0.942746494856205,0.028780938567863
-1.43683184824602,0.93029940278526,0.0287300959905055
-1.44635915283291,0.917731393494732,0.0286800964840762
-1.45575968115082,0.905043487961314,0.0286309260915815
-1.46503224762545,0.892236721124214,0.0285825717389975
-1.47417567697487,0.879312141810825,0.0285350211800702
-1.48318880435599,0.866270812660765,0.0284882629444743
-1.49207047550985,0.853113810048312,0.0284422862891389
-1.50081954690555,0.839842224003226,0.028397081152558
-1.50943488588308,0.826457158129992,0.0283526381119113
-1.51791537079478,0.812959729525464,0.0283089483428359
-1.52625989114568,0.799351068694942,0.0282660035816903
-1.53446734773256,0.785632319466681,0.0282237960901692
-1.54253665278183,0.77180463890484,0.0281823186221284
-1.55046673008624,0.757869197220888,0.0281415643924905
-1.55825651514032,0.743827177683463,0.0281015270481092
-1.56590495527475,0.729679776526709,0.0280622006404751
-1.57341100978937,0.715428202857083,0.0280235796001533
-1.5807736500852,0.701073678558653,0.0279856587128504
-1.5879918597951,0.686617438196893,0.0279484330970122
-1.59506463491334,0.672060728920978,0.0279118981828597
-1.601990983924,0.6574048103646,0.0278760496927781
-1.60876992792806,0.642650954545296,0.0278408836229746
-1.61540050076948,0.62780044576232,0.0278063962263295
-1.62188174915989,0.612854580493043,0.0277725839963671
-1.62821273280225,0.597814667287912,0.0277394436522771
-1.63439252451321,0.582682026663963,0.0277069721249227
-1.64042021034427,0.567457990996903,0.0276751665437751
-1.64629488970178,0.552143904411767,0.0276440242247141
-1.65201567546564,0.536741122672165,0.0276135426586449
-1.65758169410688,0.521251013068122,0.0275837195008768
-1.66299208580392,0.505674954302525,0.0275545525612175
-1.66824600455762,0.490014336376181,0.0275260397947385
-1.67334261830509,0.474270560471508,0.0274981792931675
-1.67828110903225,0.458445038834846,0.0274709692768697
-1.68306067288514,0.442539194657427,0.0274444080873798
-1.68768052027991,0.426554461954992,0.0274184941804495
-1.69213987601159,0.410492285446067,0.0273932261195776
-1.69643797936155,0.394354120428927,0.0273686025699914
-1.70057408420366,0.378141432657228,0.0273446222930509
-1.70454745910913,0.361855698214346,0.0273212841410475
-1.70835738745013,0.345498403386419,0.0272985870523721
-1.71200316750192,0.329071044534098,0.0272765300470282
-1.71548411254381,0.312575127963033,0.0272551122224676
-1.71879955095869,0.296012169793095,0.0272343327497272
-1.72194882633125,0.279383695826341,0.0272141908698468
-1.72493129754477,0.262691241413742,0.0271946858905497
-1.72774633887665,0.245936351320686,0.0271758171831686
-1.73039334009246,0.229120579591255,0.0271575841797997
-1.73287170653864,0.212245489411302,0.0271399863706701
-1.73518085923383,0.195312652970325,0.0271230233017039
-1.7373202349587,0.17832365132217,0.0271066945722744
-1.73928928634448,0.161280074244549,0.0270909998331275
-1.74108748195992,0.144183520097411,0.0270759387844676
-1.74271430639698,0.127035595680152,0.0270615111741915
-1.74416926035488,0.1098379160877,0.0270477167962634
-1.74545186072285,0.0925921045654769,0.027034555489218
-1.74656164066131,0.0752997923632397,0.0270220271347851
-1.74749814968163,0.0579626185878351,0.0270101316566261
-1.74826095372433,0.0405822300548618,0.0269988690191746
-1.74884963523588,0.0231602811392625,0.0269882392265732
-1.74926379324389,0.00569843362485556,0.0269782423217012
-1.74950304343083,-0.0118016434471801,0.0269688783852845
-1.74956701820626,-0.0293382739308535,0.0269601475350834
-1.74945536677741,-0.0469097747289304,0.0269520499251515
-1.74916775521833,-0.064514455947509,0.0269445857451614
-1.74870386653742,-0.0821506210515893,0.0269377552197913
-1.7480634007434,-0.0998165670216219,0.0269315586081686
-1.7472460749097,-0.117510584511022,0.0269259962033657
-1.74625162323731,-0.135230958004639,0.0269210683319446
-1.74507979711597,-0.152975965978157,0.0269167753535459
-1.7437303651838,-0.170743881058427,0.026913117660519
-1.74220311338532,-0.188532970184705,0.0269100956775904
-1.74049784502783,-0.206341494770787,0.0269077098615663
-1.73861438083615,-0.22416771086802,0.0269059607010684
-1.73655255900577,-0.242009869329186,0.0269048487162978
-1.73431223525433,-0.259866215973238,0.0269043744588264
-1.73189328287141,-0.277734991750861,0.0269045385114134
-1.72929559276672,-0.295614432910874,0.026905341487843
-1.72651907351661,-0.313502771167419,0.0269067840327842
-1.72356365140884,-0.331398233867958,0.0269088668216674
-1.72042927048573,-0.349299044162037,0.0269115905605798
-1.71711589258562,-0.367203421170811,0.026914955986174
-1.71362349738258,-0.385109580157325,0.026918963865592
-1.70995208242444,-0.403015732697508,0.0269236149964005
-1.70610166316915,-0.420920086851901,0.0269289102065378
-1.70207227301932,-0.438820847338064,0.0269348503542697
-1.69786396335511,-0.456716215703685,0.0269414363281547
-1.69347680356538,-0.47460439050034,0.0269486690470162
-1.68891088107706,-0.492483567457911,0.0269565494599217
-1.6841663013828,-0.510351939659644,0.0269650785461671
-1.67924318806688,-0.52820769771781,0.0269742573152661
-1.6741416828293,-0.546049029949986,0.0269840868069426
-1.66886194550818,-0.563874122555907,0.0269945680911277
-1.66340415410035,-0.581681159794898,0.0270057022679576
-1.65776850478015,-0.599468324163849,0.0270174904677737
-1.65195521191648,-0.617233796575736,0.027029933851124
-1.64596450808803,-0.634975756538649,0.0270430336087649
-1.63979664409676,-0.652692382335334,0.0270567909616621
-1.63345188897954,-0.67038185120321,0.0270712071609918
-1.62693053001798,-0.688042339514863,0.0270862834881403
-1.62023287274652,-0.705672022958984,0.0271020212547018
-1.61335924095864,-0.723269076721742,0.0271184218024745
-1.60630997671129,-0.740831675668578,0.0271354865034532
-1.59908544032746,-0.758357994526395,0.0271532167598206
-1.591686010397,-0.775846208066123,0.0271716140039334
-1.58411208377552,-0.793294491285663,0.0271906796983058
-1.57636407558155,-0.810701019593165,0.0272104153355886
-1.56844241919179,-0.828063968990638,0.0272308224385439
-1.56034756623456,-0.845381516257875,0.0272519025600145
-1.55207998658141,-0.862651839136665,0.0272736572828891
-1.54364016833685,-0.879873116515287,0.0272960882200612
-1.53502861782633,-0.897043528613259,0.0273191970143827
-1.52624585958221,-0.914161257166322,0.0273429853386114
-1.51729243632804,-0.931224485611655,0.0273674548953517
-1.5081689089609,-0.948231399273284,0.0273926074169896
-1.49887585653187,-0.965180185547684,0.0274184446656195
-1.48941387622471,-0.982069034089543,0.027444968432965
-1.47978358333265,-0.998896136997674,0.0274721805402914
-1.46998561123326,-1.01565968900107,0.0275000828383108
-1.46002061136159,-1.03235788764503,0.0275286772070787
-1.44988925318129,-1.04898893347748,0.027557965555883
-1.439592224154,-1.0655510302352,0.0275879498231237
-1.42913022970679,-1.08204238503029,0.027618631976184
-1.41850399319778,-1.09846120853656,0.0276500140112922
-1.40771425587987,-1.11480571517595,0.0276820979533742
-1.39676177686262,-1.13107412330502,0.0277148858558963
-1.38564733307225,-1.14726465540133,0.0277483798006977
-1.37437171920977,-1.16337553824984,0.0277825818978129
-1.36293574770728,-1.17940500312926,0.0278174942852835
-1.35134024868237,-1.19535128599827,0.0278531191289595
-1.33958606989065,-1.21121262768173,0.0278894586222883
-1.32767407667646,-1.22698727405672,0.0279265149860933
-1.31560515192168,-1.24267347623842,0.0279642904683403
-1.30338019599267,-1.25826949076595,0.0280027873438917
-1.2910001266854,-1.27377357978794,0.0280420079142483
-1.27846587916869,-1.28918401124795,0.0280819545072784
-1.26577840592557,-1.30449905906967,0.0281226294769335
-1.25293867669283,-1.31971700334196,0.0281640352029514
-1.23994767839872,-1.33483613050352,0.0282061740905442
-1.22680641509874,-1.34985473352741,0.0282490485700736
-1.21351590790967,-1.36477111210526,0.0282926610967105
-1.20007719494166,-1.37958357283112,0.0283370141500805
-1.1864913312286,-1.39429042938509,0.0283821102338938
-1.1727593886565,-1.4088900027165,0.0284279518755597
-1.15888245589019,-1.42338062122684,0.0284745416257851
-1.14486163829806,-1.43776062095224,0.0285218820581564
-1.13069805787508,-1.45202834574554,0.0285699757687047
-1.1163928531639,-1.46618214745803,0.0286188253754539
-1.10194717917421,-1.48022038612069,0.0286684335179514
-1.08736220730023,-1.49414143012497,0.02871880285678
-1.07263912523644,-1.50794365640312,0.0287699360730518
-1.05777913689144,-1.52162545060804,0.0288218358678835
-1.04278346230005,-1.53518520729261,0.0288745049618517
-1.02765333753364,-1.54862133008845,0.0289279460944286
-1.0123900146086,-1.56193223188421,0.0289821620233972
-0.996994761393071,-1.57511633500319,0.0290371555242464
-0.981468861511902,-1.5881720713805,0.0290929293895434
-0.965813614249798,-1.60109788273949,0.029149486428286
-0.950030334452727,-1.61389222076762,0.0292068294652312
-0.934120352427553,-1.62655354729171,0.0292649613402017
-0.918085013839922,-1.63908033445243,0.0293238849073689
-0.901925679610386,-1.65147106487825,0.0293836030345118
-0.885643725808796,-1.66372423185853,0.0294441186022519
-0.869240543546953,-1.67583833951605,0.0295054345032625
-0.852717538869529,-1.68781190297865,0.029567553641453
-0.836076132643276,-1.69964344855025,0.0296304789311268
-0.819317760444503,-1.71133151388099,0.0296942132961123
-0.802443872444865,-1.72287464813664,0.0297587596688671
-0.785455933295444,-1.73427141216717,0.0298241209895533
-0.768355422009136,-1.74552037867449,0.0298903002050857
-0.751143831841361,-1.75662013237934,0.0299573002681495
-0.733822670169098,-1.76756927018735,0.0300251241361888
-0.71639345836825,-1.77836640135411,0.0300937747703645
-0.698857731689356,-1.78901014764947,0.0301632551344812
-0.681217039131651,-1.79949914352082,0.0302335681938826
-0.663472943315487,-1.80983203625547,0.0303047169143135
-0.645627020353126,-1.82000748614203,0.0303767042607498
-0.627680859717909,-1.83002416663088,0.0304495331961943
-0.609636064111814,-1.83988076449358,0.0305232066804374
-0.591494249331414,-1.84957597998128,0.0305977276687836
-0.573257044132242,-1.85910852698213,0.0306730991107413
-0.554926090091574,-1.86847713317759,0.0307493239486761
-0.536503041469636,-1.87768054019773,0.0308264051164273
-0.517989565069262,-1.88671750377536,0.030904345537885
-0.499387340093985,-1.89558679389917,0.0309831481255298
-0.480698058004602,-1.90428719496562,0.0310628157789318
-0.461923422374202,-1.91281750592982,0.0311433513832095
-0.443065148741677,-1.92117654045513,0.0312247578074478
-0.42412496446373,-1.92936312706169,0.0313070379030735
-0.405104608565383,-1.93737610927367,0.0313901945021889
-0.386005831589004,-1.94521434576539,0.0314742304158608
-0.366830395441862,-1.95287671050618,0.031559148432366
-0.347580073242219,-1.96036209290397,0.0316449513153918
-0.328256649163978,-1.96766939794763,0.0317316418021895
-0.308861918279893,-1.97479754634811,0.0318192226016823
-0.289397686403353,-1.98174547467816,0.0319076963925255
-0.269865769928763,-1.98851213551083,0.0319970658211176
-0.250267995670515,-1.99509649755661,0.032087333499563
-0.230606200700584,-2.00149754579923,0.0321785020035843
-0.21088223218475,-2.0077142816301,0.0322705738703842
-0.191097947217452,-2.01374572298138,0.0323635515964553
-0.17125521265531,-2.01959090445761,0.0324574376353374
-0.151355904949301,-2.02524887746602,0.0325522343953225
-0.131401909975628,-2.03071871034535,0.0326479442371042
-0.111395122865277,-2.03599948849322,0.0327445694713734
-0.091337447832283,-2.04109031449208,0.0328421123563579
-0.0712307980007233,-2.04599030823367,0.0329405750953052
-0.0510770952304457,-2.05069860704199,0.0330399598339083
-0.0308782699415478,-2.05521436579477,0.0331402686576735
-0.0106362609376237,-2.05953675704341,0.0332415035892288
0.0096469847722083,-2.06366497113141,0.0333436665855729
0.0299695121524828,-2.0675982163112,0.0334467595352639
0.0503293583217532,-2.07133571885948,0.0335507842555462
0.0707245527341317,-2.07487672319089,0.0336557424894161
0.0911531173619883,-2.07822049197017,0.0337616359026245
0.111613066879794,-2.08136630622262,0.0338684660806154
0.132102408849088,-2.08431346544305,0.0339762345254015
0.152619143904567,-2.08706128770298,0.0340849426523738
0.173161265941256,-2.08960910975624,0.0341945917870466
0.193726762302773,-2.0919562871429,0.0343051831617357
0.214313613970652,-2.09410219429154,0.0344167179121702
0.234919795754715,-2.09604622461974,0.0345291970740365
0.255543276484474,-2.09778779063297,0.0346426215794546
0.276182019201554,-2.09932632402166,0.0347569922533856
0.296833981353107,-2.10066127575664,0.0348723098099709
0.317497114986215,-2.1017921161827,0.0349885748488003
0.338169366943255,-2.1027183351105,0.0351057878511117
0.358848679058209,-2.10343944190664,0.0352239491759192
0.379532988353913,-2.10395496558198,0.0353430590560708
0.400220227240213,-2.10426445487809,0.0354631175942349
0.420908323713017,-2.10436747835199,0.0355841247588149
0.441595201554233,-2.10426362445896,0.0357060803797924
0.46227878053256,-2.10395250163357,0.035828984144498
0.48295697660513,-2.10343373836886,0.03595283559331
0.503627702119968,-2.10270698329361,0.0360776341152811
0.524288866019263,-2.10177190524777,0.0362033789436919
0.544938374043436,-2.10062819335602,0.0363300691515323
0.565574128935964,-2.09927555709937,0.036457703646911
0.586194030648974,-2.09771372638489,0.0365862811683915
0.606795976549555,-2.09594245161355,0.0367158002802568
0.627377861626802,-2.09396150374604,0.0368462593677023
0.647937578699545,-2.09177067436673,0.0369776566319558
0.668473018624764,-2.08936977574562,0.0371099900853275
0.68898207050666,-2.08675864089838,0.0372432575461888
0.709462621906369,-2.08393712364431,0.0373774566338799
0.729912559052295,-2.08090509866247,0.0375125847635488
0.75032976705105,-2.07766246154566,0.0376486391409203
0.770712130098971,-2.07420912885248,0.0377856167569976
0.791057531694207,-2.07054503815738,0.0379235143826953
0.811363854849342,-2.06667014809863,0.038062328563407
0.831628982304555,-2.06258443842428,0.0382020556135066
0.851850796741271,-2.05828791003611,0.0383426916107857
0.872027180996303,-2.05378058503147,0.0384842323908282
0.892156018276465,-2.04906250674311,0.0386266735413225
0.912235192373616,-2.04413373977687,0.0387700103963143
0.932262587880143,-2.03899437004739,0.0389142380304001
0.95223609040484,-2.03364450481164,0.0390593512528641
0.97215358678917,-2.0280842727004,0.0392053446017605
0.9920129653239,-2.02231382374763,0.0393522123379416
1.01181211596607,-2.01633332941773,0.0394999484390363
1.03154893055627,-2.01014298263067,0.0396485465933782
1.05122130303629,-2.003742997785,0.039798000193889
1.07082712966693,-1.99713361077875,0.0399483023319166
1.09036430924616,-1.99031507902812,0.0400994457910325
1.10983074332753,-1.98328768148412,0.0402514230407913
1.12922433643873,-1.97605171864699,0.0404042262304536
1.14854299630036,-1.96860751257846,0.0405578471826773
1.16778463404494,-1.96095540691186,0.0407122773871796
1.18694716443602,-1.9530957668601,0.0408675079943734
1.2060285060874,-1.94502897922135,0.0410235298089814
1.22502658168253,-1.93675545238271,0.0411803332836322
1.24393931819392,-1.92827561632151,0.0413379085124421
1.26276464710271,-1.91958992260457,0.0414962452245862
1.28150050461817,-1.91069884438512,0.0416553327778648
1.30014483189735,-1.90160287639769,0.0418151601522667
1.31869557526462,-1.89230253495056,0.0419757159435375
1.33715068643125,-1.88279835791626,0.0421369883567554
1.35550812271496,-1.87309090471962,0.0422989651999199
1.37376584725933,-1.86318075632375,0.0424616338775596
1.39192182925321,-1.85306851521373,0.0426249813843643
1.40997404414995,-1.84275480537808,0.0427889942988459
1.42792047388654,-1.83224027228804,0.0429536587770359
1.4457591071026,-1.82152558287452,0.0431189605462237
1.46348793935912,-1.81061142550293,0.0432848848987441
1.48110497335711,-1.7994985099457,0.0434514166858177
1.4986082191559,-1.78818756735256,0.0436185403114542
1.51599569439133,-1.77667935021859,0.0437862397264227
1.53326542449354,-1.76497463235003,0.0439544984222982
1.55041544290454,-1.75307420882785,0.0441232994255898
1.56744379129545,-1.74097889596902,0.0442926252919606
1.5843485197834,-1.7286895312856,0.0444624581005445
1.60112768714803,-1.71620697344152,0.0446327794483699
1.61777936104769,-1.70353210220714,0.0448035704448972
1.63430161823509,-1.69066581841157,0.0449748117066797
1.65069254477268,-1.67760904389267,0.0451464833521559
1.6669502362474,-1.66436272144491,0.0453185649965818
1.68307279798512,-1.65092781476483,0.0454910357471131
1.69905834526441,-1.63730530839442,0.0456638741980462
1.71490500352988,-1.62349620766208,0.045837058426227
1.73061090860497,-1.60950153862145,0.0460105659866385
1.74617420690406,-1.59532234798793,0.0461843739081756
1.7615930556441,-1.580959703073,0.0463584586896182
1.77686562305553,-1.56641469171621,0.0465327962958125
1.79199008859257,-1.55168842221503,0.0467073621540712
1.80696464314281,-1.53678202325239,0.046882131150803
1.82178748923618,-1.52169664382198,0.0470570776283823
1.83645684125306,-1.50643345315135,0.0472321753822701
1.85097092563175,-1.49099364062278,0.0474073976583972
1.86532798107509,-1.47537841569182,0.0475827171508211
1.87952625875635,-1.45958900780377,0.0477581059996676
1.89356402252419,-1.44362666630777,0.04793353578937
1.90743954910687,-1.42749266036879,0.0481089775472146
1.92115112831554,-1.41118827887733,0.0482844017422084
1.93469706324657,-1.39471483035696,0.0484597782842772
1.94807567048305,-1.37807364286962,0.0486350765238078
1.96128528029527,-1.36126606391873,0.0488102652515464
1.97432423684025,-1.34429346035011,0.0489853126988647
1.98719089836022,-1.32715721825069,0.049160186538406
1.99988363738015,-1.30985874284507,0.0493348538851232
2.0124008409041,-1.29239945838985,0.0495092812977218
2.02474091061062,-1.27478080806584,0.0496834347805184
2.03690226304693,-1.25700425386809,0.0498572797857287
2.04888332982207,-1.23907127649373,0.0500307812161954
2.06068255779874,-1.22098337522768,0.0502039034285692
2.07229840928414,-1.20274206782626,0.050376610236954
2.08372936221943,-1.18434889039856,0.0505488649170288
2.09497391036804,-1.16580539728579,0.0507206302106574
2.10603056350269,-1.14711316093845,0.0508918683309978
2.11689784759113,-1.12827377179139,0.051062540968123
2.12757430498052,-1.10928883813678,0.0512326092951631
2.13805849458055,-1.09015998599502,0.0514020339749815
2.14834899204508,-1.07088885898347,0.0515707751673944
2.15844438995245,-1.05147711818322,0.0517387925369446
2.16834329798438,-1.03192644200371,0.0519060452612402
2.17804434310338,-1.01223852604535,0.0520724920398676
2.18754616972869,-0.99241508296005,0.0522380911038875
2.1968474399107,-0.972457842309768,0.0524028002259248
2.20594683350394,-0.952368550422988,0.0525665767308598
2.21484304833836,-0.932148970249215,0.0527293775071292
2.22353480038917,-0.911800881211468,0.0528911590186446
2.23202082394496,-0.891326079056784,0.0530518773173368
2.2402998717743,-0.87072637570474,0.0532114880563309
2.24837071529055,-0.850003599094028,0.0533699465037599
2.25623214471511,-0.829159593027065,0.0535272075572226
2.26388296923888,-0.808196217012681,0.0536832257588886
2.27132201718201,-0.787115346106874,0.0538379553112584
2.27854813615187,-0.765918870751659,0.0539913500935784
2.28556019319926,-0.744608696612024,0.0541433636789172
2.2923570749728,-0.723186744411006,0.0542939493519029
2.29893768787142,-0.701654949762893,0.0544430601271244
2.30530095819511,-0.680015263004583,0.0545906487681966
2.31144583229365,-0.658269649025105,0.0547366678074904
2.3173712767135,-0.636420087093313,0.0548810695665243
2.32307627834275,-0.614468570683782,0.0550238061770185
2.32855984455405,-0.592417107300908,0.0551648296026066
2.33382100334564,-0.570267718301243,0.0553040916612016
2.33885880348027,-0.548022438714063,0.0554415440480122
2.34367231462218,-0.525683317060202,0.0555771383592027
2.34826062747192,-0.503252415169165,0.0557108261161899
2.35262285389919,-0.480731807994528,0.0558425587905699
2.35675812707348,-0.458123583427654,0.0559722878296646
2.36066560159266,-0.435429842109742,0.0560999646826791
2.36434445360933,-0.412652697242216,0.0562255408274581
2.3677938809551,-0.389794274395485,0.0563489677978292
2.37101310326258,-0.366856711316089,0.0564701972115198
2.37400136208521,-0.343842157732241,0.0565891807986328
2.3767579210148,-0.320752775157801,0.0567058704306651
2.37928206579688,-0.297590736694687,0.0568202181500527
2.3815731044437,-0.274358226833747,0.0569321762002233
2.38363036734496,-0.251057441254114,0.0570416970561368
2.38545320737622,-0.227690586621062,0.0571487334552942
2.38704100000495,-0.204259880382384,0.0572532384291922
2.38839314339424,-0.180767550563315,0.0573551653351995
2.38950905850413,-0.15721583556001,0.0574544678888327
2.39038818919052,-0.13360698393162,0.0575511001964036
2.39103000230169,-0.109943254190959,0.0576450167880131
2.39143398777238,-0.0862269145938078,0.0577361726508621
2.39159965871544,-0.0624602429268618,0.057824523262852
2.39152655151096,-0.0386455262943524,0.0579100246264416
2.39121422589298,-0.0147850609033587,0.0579926333027319
2.39066226503368,0.0091188481521654,0.0580723064457436
2.38987027562506,0.0330638871086259,0.0581490018368547
2.38883788795811,0.0570477337512638,0.0582226779193626
2.38756475599941,0.0810680576338478,0.0582932938331349
2.38605055746521,0.10512252029956,0.0583608094493114
2.38429499389296,0.129208775503053,0.0584251854050202
2.38229779071022,0.153324469433654,0.0584863831380672
2.38005869730103,0.177467240939697,0.05854436492156
2.37757748706964,0.201634721753945,0.0585990938984258
2.37485395750172,0.225824536720103,0.05865053411578
2.37188793022284,0.250034304020369,0.0586986505591047
2.36867925105442,0.274261635404027,0.0587434091861924
2.36522779006702,0.298504136417031,0.0587847769608123
2.36153344163099,0.322759406632583,0.0588227218860539
2.35759612446449,0.347025039882652,0.0588572130373034
2.35341578167882,0.371298624490435,0.0588882205948065
2.3489923808212,0.395577743503719,0.0589157158757736
2.34432591391474,0.419859974929127,0.0589396713659789
2.33941639749591,0.444142891967216,0.0589600607508091
2.33426387264925,0.468424063248412,0.0589768589457133
2.32886840503939,0.49270105306975,0.0589900421260092
2.32323008494054,0.516971421632394,0.0589995877559975
2.31734902726316,0.541232725279915,0.0590054746173385
2.31122537157803,0.565482516737301,0.059007682836645
2.30485928213769,0.589718345350668,0.0590061939122449
2.29825094789517,0.613937757327663,0.059000990740067
2.29140058252005,0.638138295978509,0.0589920576386069
2.28430842441188,0.662317501957688,0.0589793803729255
2.27697473671097,0.686472913506231,0.058962946177639
2.26939980730648,0.710602066694581,0.0589427437788539
2.26158394884191,0.734702495666012,0.0589187634150076
2.25352749871791,0.758771732880583,0.0588909968565707
2.24523081909248,0.782807309359585,0.0588594374245719
2.23669429687855,0.806806754930477,0.0588240800079055
2.22791834373894,0.830767598472267,0.0587849210793839
2.21890339607866,0.854687368161322,0.0587419587104974
2.20964991503469,0.878563591717586,0.0586951925848473
2.20015838646315,0.902393796651168,0.0586446240102174
2.19042932092378,0.926175510509289,0.0585902559292518
2.18046325366203,0.949906261123545,0.0585320929287097
2.17026074458845,0.973583576857489,0.0584701412472663
2.15982237825559,0.997204986854471,0.0584044087818355
2.14914876383234,1.02076802128575,0.0583349050923878
2.1382405350758,1.0442702115988,0.0582616414052412
2.12709835030056,1.06770909076589,0.0581846306148047
2.11572289234553,1.09108219353273,0.0581038872837556
2.10411486853832,1.11438705666738,0.0580194276416346
2.09227501065707,1.13762121920923,0.0579312695818451
2.08020407488991,1.16078222271809,0.0578394326570446
2.06790284179193,1.18386761152336,0.0577439380729204
2.05537211623975,1.2068749329733,0.0576448086803418
2.04261272738369,1.22980173768424,0.0575420689658858
2.02962552859751,1.25264557978989,0.0574357450407354
2.01641139742583,1.27540401719061,0.0573258646279507
2.00297123552918,1.29807461180258,0.0572124570481175
1.98930596862665,1.320654929807,0.0570955532033805
1.97541654643633,1.34314254189913,0.05697518555987
1.96130394261334,1.36553502353726,0.056851388128534
1.94696915468561,1.38782995519156,0.0567241964443918
1.93241320398739,1.41002492259269,0.0565936475442255
1.91763713559053,1.43211751698036,0.0564597799427302
1.90264201823345,1.45410533535157,0.0563226336071463
1.88742894424797,1.4759859807087,0.0561822499303992
1.87199902948387,1.4977570623073,0.0560386717027753
1.85635341323132,1.51941619590368,0.0558919430821642
1.84049325814111,1.54096100400213,0.0557421095629027
1.82441975014273,1.56238911610187,0.0555892179432549
1.80813409836029,1.58369816894366,0.0554333162915681
1.79163753502641,1.60488580675606,0.0552744539111447
1.77493131539386,1.62594968150125,0.055112681303875
1.75801671764527,1.64688745312055,0.0549480501326748
1.74089504280067,1.66769678977943,0.0547806131827771
1.72356761462297,1.68837536811212,0.0546104243219269
1.70603577952147,1.70892087346571,0.0544375384595319
1.68830090645331,1.72933100014386,0.0542620115048225
1.67036438682286,1.74960345164983,0.0540839003240771
1.65222763437918,1.76973594092919,0.0539032626969703
1.63389208511149,1.78972619061181,0.0537201572721021
1.61535919714263,1.80957193325334,0.0535346435217703
1.59663045062062,1.82927091157613,0.0533467816960463
1.57770734760819,1.84882087870949,0.0531566327762183
1.55859141197051,1.86821959842932,0.052964258427666
1.53928418926085,1.8874648453971,0.0527697209522318
1.51978724660447,1.90655440539823,0.0525730832401539
1.50010217258052,1.92548607557961,0.0523744087216292
1.48023057710207,1.94425766468654,0.0521737613180725
1.4601740912943,1.96286699329893,0.0519712053931387
1.43993436737082,1.98131189406665,0.0517668057035777
1.41951307850805,1.99959021194421,0.0515606273499884
1.39891191871786,2.01769980442458,0.0513527357275402
1.37813260271833,2.03563854177219,0.0511431964767305
1.35717686580259,2.05340430725513,0.0509320754342436
1.33604646370603,2.07099499737649,0.0507194385839809
1.31474317247145,2.0884085221048,0.0505053520083255
1.29326878831258,2.10564280510356,0.0502898818397093
1.27162512747573,2.12269578395993,0.0500730942125465
1.24981402609959,2.13956541041235,0.0498550552155961
1.22783734007333,2.1562496505774,0.0496358308448173
1.20569694489279,2.17274648517546,0.0494154869567794
1.18339473551499,2.18905390975553,0.0491940892226835
1.1609326262108,2.20516993491902,0.0489717030830575
1.1383125504158,2.22109258654239,0.0487483937031785
1.11553646057941,2.23681990599891,0.0485242259292788
1.09260632801224,2.25234995037918,0.0482992642455883
1.06952414273163,2.26768079271065,0.0480735727322642
1.04629191330545,2.282810522176,0.0478472150242562
1.02291166669408,2.29773724433041,0.0476202542711563
0.999385448090712,2.31245908131759,0.0473927530980749
0.97571532075977,2.32697417208476,0.0471647735675872
0.951903365873646,2.34128067259631,0.0469363771427901
0.927951682347634,2.35537675604634,0.0467076246515058
0.903862386673096,2.36926061306993,0.0464785762516675
0.879637612748877,2.38293045195313,0.0462492913979201
0.855279511710938,2.39638449884168,0.0460198288094657
0.830790251760234,2.40962099794852,0.0457902464391797
0.806172017988823,2.42263821175982,0.0455606014440244
0.781427012204209,2.43543442123984,0.0453309501567793
0.756557452751921,2.44800792603433,0.0451013480591098
0.731565574336326,2.46035704467255,0.0448718497559889
0.706453627839679,2.472480114768,0.0446425089514868
0.681223880139409,2.48437549321757,0.0444133784259388
0.655878613923639,2.49604155639939,0.0441845100145011
0.630420127504943,2.50747670036916,0.0439559545870982
0.604850734632346,2.51867934105498,0.0437277620297684
0.579172764301552,2.52964791445073,0.0434999812274039
0.553388560563423,2.5403808768079,0.0432726600478883
0.527500482330689,2.55087670482586,0.0430458453276222
0.501510903182912,2.56113389584065,0.0428195828584349
0.475422211169681,2.57115096801203,0.0425939173758693
0.449236808612065,2.58092646050913,0.0423688925488301
0.422957111902311,2.59045893369428,0.0421445509705828
0.396585551301795,2.59974696930533,0.0419209341510843
0.370124570737226,2.60878917063625,0.0416980825106312
0.343576627595114,2.61758416271602,0.0414760353748029
0.316944192514501,2.62613059248589,0.0412548309706786
0.290229749177952,2.63442712897481,0.0410345064243048
0.263435794100835,2.64247246347319,0.0408150977593885
0.23656483641886,2.65026530970488,0.040596639897187
0.209619397673922,2.65780440399729,0.0403791666575678
0.182602011598217,2.6650885054498,0.0401627107612081
0.155515223896671,2.67211639610027,0.039947303832902
0.128361592027665,2.6788868810897,0.0397329764059432
0.101143684982079,2.68539878882504,0.0395197579275497
0.073864083060653,2.69165097114011,0.0393076767652961
0.0465253776496825,2.69764230345457,0.0390967602145165
0.0191301709950567,2.703371684931,0.0388870345066434
-0.00831892402535576,2.70883803862996,0.0386785248184441
-0.0358192841309572,2.71404031166317,0.0384712552821175
-0.0633682758692972,2.7189774753446,0.0382652489962129
-0.0909632558485645,2.72364852533957,0.0380605280373318
-0.118601570971679,2.72805248181189,0.0378571134725747
-0.146280558671975,2.73218838956878,0.0376550253726922
-0.173997547150455,2.73605531820389,0.0374542828259025
-0.201749855614606,2.73965236223814,0.0372549039523351
-0.229534794518766,2.74297864125838,0.0370569059190618
-0.257349665806008,2.74603330005406,0.0368603049556759
-0.285191763151552,2.74881550875164,0.0366651163703804
-0.31305837220766,2.75132446294682,0.0364713545665468
-0.340946770850023,2.75355938383466,0.0362790330597064
-0.3688542294256,2.75551951833741,0.0360881644949362
-0.396778011001906,2.7572041392301,0.0358987606646023
-0.424715371617721,2.75861254526399,0.0357108325264241
-0.452663560535203,2.7597440612876,0.0355243902218236
-0.480619820493388,2.76059803836555,0.0353394430945239
-0.508581387963054,2.76117385389506,0.0351559997093635
-0.53654549340292,2.76147091172017,0.034974067871292
-0.564509361517181,2.76148864224351,0.034793654644514
-0.592470211514324,2.76122650253584,0.034614766371751
-0.620425257367232,2.76068397644313,0.0344374086935885
-0.648371708074539,2.75986057469126,0.0342615865678796
-0.676306767923208,2.75875583498831,0.0340873042891755
-0.704227636752322,2.75736932212446,0.0339145655081556
-0.732131510218051,2.75570062806934,0.0337433732510301
-0.760015580059777,2.75374937206705,0.033573729938889
-0.787877034367346,2.7515152007286,0.0334056374069733
-0.815713057849429,2.74899778812189,0.0332390969238456
-0.843520832102955,2.74619683585919,0.0330741092104353
-0.871297535883605,2.74311207318208,0.0329106744589402
-0.899040345377323,2.73974325704382,0.0327487923515623
-0.926746434472825,2.73609017218922,0.0325884620790586
-0.954412975035085,2.73215263123189,0.0324296823590907
-0.982037137179756,2.72793047472895,0.0322724514543547
-1.00961608954851,2.72342357125304,0.0321167671904764
-1.03714699958525,2.71863181746184,0.0319626269736572
-1.0646270338132,2.7135551381649,0.0318100278080569
-1.09205335811283,2.70819348638779,0.0316589663129011
-1.1194231380005,2.70254684343364,0.0315094387393013
-1.14673353890802,2.69661521894202,0.0313614409867785
-1.1739817264628,2.69039865094509,0.0312149686194788
-1.20116486676877,2.6838972059211,0.0310700168820746
-1.22828012668802,2.67711097884515,0.0309265807153422
-1.25532467412304,2.67004009323722,0.0307846547714108
-1.28229567829955,2.66268470120754,0.0306442334286754
-1.30919031004998,2.65504498349909,0.0305053108063697
-1.33600574209751,2.64712114952751,0.0303678807787959
-1.36273914934052,2.63891343741806,0.0302319369892056
-1.38938770913771,2.63042211403998,0.0300974728633317
-1.41594860159353,2.6216474750379,0.0299644816225686
-1.44241900984413,2.61258984486062,0.0298329562967999
-1.46879612034365,2.60324957678691,0.0297028897368723
-1.49507712315096,2.59362705294865,0.0295742746267173
-1.52125921221664,2.58372268435102,0.0294471034951212
-1.54733958567031,2.57353691088997,0.0293213687271444
-1.57331544610825,2.56307020136672,0.0291970625751913
-1.59918400088125,2.55232305349954,0.029074177169736
-1.62494246238263,2.54129599393256,0.0289527045297033
-1.65058804833648,2.5299895782418,0.0288326365725109
-1.67611798208603,2.51840439093826,0.0287139651237754
-1.70152949288214,2.50654104546817,0.0285966819266871
-1.72681981617185,2.49440018421035,0.0284807786510568
-1.75198619388701,2.48198247847061,0.0283662469020418
-1.77702587473288,2.4692886284734,0.0282530782285533
-1.80193611447674,2.45631936335038,0.0281412641313535
-1.8267141762365,2.44307544112617,0.0280307960708461
-1.85135733076912,2.42955764870122,0.0279216654745668
-1.875862856759,2.41576680183163,0.0278138637443802
-1.90022804110621,2.40170374510621,0.0277073822633892
-1.92445017921453,2.38736935192044,0.0276022124025624
-1.9485265752793,2.37276452444766,0.0274983455270878
-1.97245454257496,2.35789019360716,0.0273957730024576
-1.99623140374245,2.34274731902946,0.0272944862002924
-2.01985449107617,2.32733688901861,0.0271944765039103
-2.04332114681066,2.31165992051146,0.0270957353136486
-2.06662872340695,2.29571745903411,0.0269982540519446
-2.08977458383841,2.27951057865534,0.0269020241681825
-2.11275610187629,2.26304038193708,0.026807037143313
-2.13557066237465,2.24630799988192,0.0267132844942529
-2.15821566155495,2.22931459187773,0.0266207577780716
-2.18068850728999,2.21206134563927,0.02652944859597
-2.20298661938734,2.19454947714681,0.0264393485970607
-2.22510742987219,2.17678023058188,0.0263504494819543
-2.24704838326954,2.15875487826001,0.0262627430061595
-2.26880693688578,2.1404747205605,0.0261762209833028
-2.29038056108954,2.12194108585327,0.0260908752881749
-2.31176673959184,2.10315533042276,0.0260066978596092
-2.33296296972554,2.08411883838882,0.0259236807032004
-2.3539667627239,2.06483302162472,0.0258418158938667
-2.37477564399846,2.04529931967216,0.0257610955782643
-2.39538715341597,2.02551919965337,0.0256815119770578
-2.41579884557453,2.00549415618022,0.0256030573870542
-2.43600829007876,1.98522571126043,0.0255257241832045
-2.4560130718141,1.96471541420085,0.0254495048204796
-2.47581079122007,1.94396484150775,0.025374391835625
-2.49539906456263,1.92297559678421,0.0253003778488003
-2.51477552420544,1.90174931062462,0.0252274555651079
-2.53393781888007,1.88028764050622,0.0251556177760166
-2.5528836139552,1.85859227067768,0.0250848573606836
-2.57161059170458,1.8366649120449,0.0250151672871818
-2.59011645157397,1.81450730205374,0.0249465406136344
-2.60839891044683,1.79212120456999,0.0248789704892633
-2.62645570290878,1.76950840975635,0.0248124501553539
-2.64428458151096,1.74667073394657,0.0247469729461422
-2.66188331703194,1.72361001951671,0.0246825322896265
-2.67924969873847,1.70032813475351,0.0246191217083084
-2.69638153464487,1.67682697371987,0.0245567348198672
-2.71327665177106,1.65310845611756,0.0244953653377705
-2.72993289639919,1.62917452714693,0.0244350070718247
-2.74634813432891,1.60502715736396,0.0243756539286695
-2.76252025113115,1.58066834253429,0.024317299912218
-2.77844715240042,1.5561001034846,0.0242599391240482
-2.79412676400574,1.53132448595103,0.0242035657637452
-2.80955703233983,1.50634356042486,0.0241481741292011
-2.82473592456694,1.48115942199542,0.0240937586168714
-2.83966142886899,1.45577419019015,0.0240403137219942
-2.85433155469014,1.43019000881192,0.0239878340387718
-2.86874433297971,1.40440904577356,0.0239363142605189
-2.88289781643341,1.37843349292971,0.0238857491797793
-2.89679007973294,1.3522655659058,0.0238361336884133
-2.91041921978378,1.32590750392441,0.0237874627776576
-2.9237833559513,1.29936156962884,0.0237397315381607
-2.93688063029508,1.27263004890404,0.0236929351599951
-2.94970920780139,1.24571525069479,0.0236470689326477
-2.96226727661386,1.21861950682117,0.0236021282449923
-2.97455304826233,1.19134517179148,0.0235581085852427
-2.98656475788973,1.16389462261238,0.0235150055408914
-2.99830066447712,1.13627025859644,0.0234728147986331
-3.00975905106678,1.10847450116708,0.0234315321442758
-3.0209382249833,1.08050979366084,0.02339115346264
-3.03183651805272,1.05237860112714,0.0233516747374489
-3.0424522868196,1.02408341012535,0.0233130920512088
-3.05278391276214,0.995626728519357,0.0232754015850826
-3.06282980250512,0.967011085269584,0.0232385996187578
-3.07258838803082,0.938239030222428,0.0232026825303078
-3.0820581268878,0.909313133897207,0.0231676467960513
-3.09123750239755,0.880235987270593,0.0231334889904068
-3.10012502385892,0.851010201558554,0.0231002057857469
-3.10871922675043,0.821638407995828,0.0230677939522503
-3.11701867293027,0.792123257612937,0.0230362503577548
-3.12502195083418,0.762467421010765,0.0230055719676102
-3.13272767567094,0.732673588132721,0.0229757558445336
-3.14013448961562,0.702744468034489,0.0229467991484667
-3.14724106200054,0.672682788651407,0.0229186991364362
-3.15404608950384,0.64249129656347,0.0228914531624183
-3.16054829633573,0.612172756757993,0.0228650586772077
-3.16674643442229,0.581729952389944,0.0228395132282917
-3.17263928358699,0.551165684539969,0.0228148144597301
-3.17822565172961,0.520482771970132,0.0227909601120418
-3.18350437500281,0.489684050877378,0.0227679480220976
-3.18847431798624,0.458772374644758,0.0227457761230216
-3.19313437385804,0.427750613590419,0.0227244424440997
-3.19748346456396,0.396621654714387,0.0227039451106967
-3.20152054098382,0.365388401443171,0.0226842823441828
-3.20524458309544,0.334053773372189,0.0226654524618692
-3.20865460013603,0.302620706006061,0.0226474538769536
-3.21174963076091,0.271092150496778,0.0226302850984753
-3.21452874319963,0.239471073379765,0.0226139447312825
-3.21699103540942,0.207760456307875,0.0225984314760084
-3.219135635226,0.175963295783318,0.0225837441290606
-3.22096170051168,0.144082602887567,0.0225698815826211
-3.22246841930075,0.112121403009248,0.0225568428246584
-3.22365500994215,0.0800827355700417,0.0225446269389523
-3.22452072123933,0.0479696537486323,0.022533233105131
-3.22506483258747,0.0157852242027049,0.0225226605987212
-3.22528665410779,-0.0164674732109646,0.0225129087912115
-3.22518552677906,-0.0487853457183141,0.0225039771501289
-3.22476082256639,-0.0811652879116657,0.0224958652391294
-3.22401194454705,-0.113604182035238,0.0224885727181026
-3.22293832703348,-0.146098898272478,0.0224820993432902
-3.22153943569345,-0.17864629503518,0.0224764449674188
-3.21981476766726,-0.211243219254376,0.0224716095398484
-3.21776385168205,-0.243886506672968,0.0224675931067342
-3.21538624816322,-0.276572982140072,0.0224643958112051
-3.21268154934281,-0.309299459907051,0.0224620178935563
-3.20964937936499,-0.342062743925218,0.0224604596914582
-3.20628939438855,-0.374859628145165,0.0224597216401806
-3.20260128268633,-0.407686896817715,0.022459804272833
-3.19858476474176,-0.440541324796445,0.0224607082206211
-3.19423959334224,-0.473419677841774,0.0224624342131192
-3.18956555366955,-0.506318712926575,0.0224649830785595
-3.18456246338718,-0.539235178543289,0.022468355744138
-3.17923017272458,-0.572165815012515,0.0224725532363367
-3.17356856455831,-0.605107354793042,0.0224775766812638
-3.16757755449014,-0.638056522793305,0.0224834273050103
-3.16125709092195,-0.671010036684219,0.0224901064340239
-3.15460715512756,-0.703964607213389,0.0224976154955009
-3.1476277613214,-0.736916938520638,0.0225059560177957
-3.140318956724,-0.769863728454846,0.0225151296308478
-3.13268082162435,-0.802801668892063,0.0225251380666269
-3.12471346943905,-0.835727446054864,0.0225359831595964
-3.11641704676825,-0.868637740832921,0.0225476668471953
-3.10779173344844,-0.901529229104761,0.0225601911703378
-3.09883774260194,-0.934398582060679,0.0225735582739328
-3.08955532068325,-0.967242466526782,0.0225877704074208
-3.07994474752208,-1.00005754529012,0.0226028299253311
-3.07000633636318,-1.03284047742489,0.0226187392878568
-3.05974043390291,-1.06558791861967,0.0226355010614505
-3.04914742032249,-1.09829652150568,0.0226531179194376
-3.03822770931801,-1.13096293598596,0.0226715926426511
-3.02698174812714,-1.16358380956558,0.0226909281200848
-3.01541001755257,-1.19615578768264,0.0227111273495665
-3.00351303198206,-1.2286755140403,0.022732193438452
-2.99129133940526,-1.26113963093952,0.0227541296043384
-2.97874552142716,-1.29354477961273,0.022776939175798
-2.96587619327821,-1.32588760055816,0.0228006255931328
-2.95268400382115,-1.35816473387509,0.0228251924091497
-2.93916963555438,-1.39037281959966,0.022850643289956
-2.9253338046121,-1.42250849804145,0.022876982015776
-2.91117726076101,-1.45456841012076,0.022904212481789
-2.89670078739369,-1.48654919770639,0.0229323386989882
-2.88190520151857,-1.51844750395414,0.0229613647950607
-2.86679135374652,-1.5502599736458,0.0229912950152893
-2.8513601282741,-1.58198325352869,0.0230221337234759
-2.83561244286342,-1.61361399265566,0.0230538854028868
-2.81954924881849,-1.64514884272564,0.0230865546572192
-2.80317153095837,-1.67658445842451,0.0231201462115905
-2.78648030758676,-1.70791749776643,0.0231546649135496
-2.76947663045822,-1.73914462243553,0.0231901157341102
-2.75216158474105,-1.77026249812791,0.0232265037688066
-2.73453628897669,-1.80126779489394,0.0232638342387722
-2.71660189503569,-1.83215718748082,0.0233021124918409
-2.69835958807036,-1.8629273556754,0.0233413440036706
-2.67981058646392,-1.89357498464714,0.0233815343788903
-2.66095614177621,-1.92409676529127,0.0234226893522695
-2.64179753868611,-1.95448939457207,0.0234648147899118
-2.62233609493037,-1.98474957586623,0.0235079166904708
-2.60257316123915,-2.01487401930629,0.0235520011863894
-2.58251012126806,-2.04485944212406,0.0235970745451632
-2.56214839152685,-2.07470256899411,0.0236431431706266
-2.54148942130456,-2.10440013237715,0.0236902136042634
-2.52053469259141,-2.13394887286332,0.0237382925265401
-2.49928571999712,-2.16334553951545,0.0237873867582639
-2.47774405066593,-2.19258689021208,0.0238375032619637
-2.4559112641881,-2.22166969199038,0.0238886491432956
-2.4337889725081,-2.25059072138875,0.0239408316524721
-2.41137881982928,-2.27934676478931,0.0239940581857153
-2.38868248251527,-2.30793461875998,0.0240483362867339
-2.3657016689878,-2.33635109039629,0.0241036736482246
-2.3424381196213,-2.36459299766286,0.0241600781133975
-2.31889360663396,-2.39265716973443,0.0242175576775251
-2.29506993397548,-2.42054044733653,0.024276120489516
-2.27096893721138,-2.44823968308565,0.0243357748535119
-2.24659248340399,-2.47575174182893,0.0243965292305094
-2.22194247098999,-2.50307350098329,0.0244583922400049
-2.19702082965463,-2.53020185087409,0.0245213726616643
-2.17182952020256,-2.55713369507306,0.0245854794370152
-2.14637053442531,-2.58386595073571,0.0246507216711644
-2.12064589496541,-2.610395548938,0.0247171086345379
-2.09465765517715,-2.63671943501235,0.0247846497646444
-2.06840789898404,-2.66283456888289,0.0248533546678629
-2.04189874073294,-2.68873792539994,0.0249232331212527
-2.01513232504478,-2.71442649467369,0.0249942950743865
-1.98811082666208,-2.73989728240705,0.0250665506512069
-1.9608364502931,-2.76514731022756,0.0251400101519047
-1.93331143045274,-2.79017361601848,0.0252146840548197
-1.90553803130005,-2.81497325424888,0.0252905830183639
-1.87751854647262,-2.83954329630275,0.0253677178829658
-1.84925529891755,-2.86388083080709,0.0254460996730366
-1.82075064071928,-2.88798296395899,0.0255257395989574
-1.79200695292412,-2.91184681985156,0.0256066490590866
-1.76302664536153,-2.9354695407988,0.0256888396417879
-1.73381215646223,-2.95884828765928,0.0257723231274779
-1.70436595307306,-2.98198024015865,0.0258571114906932
-1.67469053026863,-3.00486259721091,0.0259432169021759
-1.64478841115987,-3.02749257723843,0.0260306517309776
-1.61466214669928,-3.04986741849067,0.0261194285465808
-1.58431431548312,-3.07198437936161,0.0262095601210373
-1.55374752355042,-3.09384073870575,0.0263010594311228
-1.52296440417883,-3.11543379615279,0.0263939396605072
-1.49196761767743,-3.13676087242085,0.0264882142019393
-1.46075985117634,-3.15781930962816,0.0265838966594459
-1.42934381841331,-3.17860647160341,0.0266810008505433
-1.39772225951723,-3.19911974419441,0.0267795408084617
-1.36589794078853,-3.21935653557526,0.0268795307843797
-1.33387365447664,-3.23931427655196,0.0269809852496701
-1.30165221855429,-3.25899042086627,0.0270839188981534
-1.26923647648895,-3.27838244549804,0.0271883466483599
-1.23662929701114,-3.29748785096573,0.0272942836457982
-1.20383357387985,-3.3163041616253,0.0274017452652288
-1.17085222564502,-3.33482892596722,0.0275107471129413
-1.13768819540699,-3.35305971691179,0.0276213050290349
-1.1043444505731,-3.37099413210258,0.0277334350896987
-1.07082398261139,-3.38862979419796,0.0278471536094922
-1.03712980680136,-3.40596435116085,0.0279624771436224
-1.00326496198195,-3.42299547654644,0.0280794224902179
-0.969232510296579,-3.43972086978798,0.0281980066925959
-0.935035536935434,-3.45613825648058,0.0283182470415215
-0.900677149874926,-3.47224538866301,0.0284401610774572
-0.866160479614351,-3.48804004509737,0.0285637665927999
-0.831488678909804,-3.50352003154674,0.028689081634103
-0.796664922505342,-3.51868318105071,0.0288161245042827
-0.761692406861423,-3.53352735419867,0.0289449137648032
-0.726574349880647,-3.54805043940104,0.0290754682378419
-0.691313990630819,-3.56225035315815,0.0292078070084281
-0.65591458906535,-3.57612504032703,0.0293419494265552
-0.620379425741031,-3.58967247438575,0.0294779151092621
-0.584711801533185,-3.6028906576956,0.0296157239426807
-0.548915037348239,-3.61577762176084,0.0297553960840465
-0.512992473833727,-3.62833142748608,0.0298969519636691
-0.476947471085745,-3.64055016543136,0.0300404122868585
-0.440783408353897,-3.65243195606464,0.030185798035804
-0.404503683743735,-3.66397495001199,0.0303331304714014
-0.36811171391674,-3.67517732830516,0.0304824311350249
-0.331610933787847,-3.68603730262672,0.0306337218502389
-0.295004796220552,-3.6965531155526,0.0307870247244462
-0.258296771719625,-3.70672304079208,0.030942362150467
-0.221490348121447,-3.71654538342515,0.0310997568080447
-0.184589030282006,-3.72601848013726,0.0312592316652729
-0.147596339762567,-3.73514069945135,0.0314208099799396
-0.110515814513053,-3.7439104419573,0.0315845153007817
-0.073351008553155,-3.7523261405385,0.0317503714686451
-0.0361054916512024,-3.76038626059581,0.0319184026175446
0.00121715099918428,-3.76808930026869,0.0320886331756175
0.0386133191046272,-3.77543379065348,0.0322610878659643
0.0760793975996867,-3.78241829601893,0.0324357917073701
0.113611756976691,-3.78904141401883,0.0326127700149008
0.151206753617672,-3.79530177590172,0.0327920484003651
0.188860730128382,-3.80119804671776,0.0329736527726378
0.226570015674357,-3.80672892552261,0.0331576093378334
0.264330926319009,-3.81189314557833,0.033343944599326
0.302139765363709,-3.81668947455137,0.0335326853576037
0.33999282368984,-3.82111671470742,0.0337238587099521
0.377886380102781,-3.82517370310334,0.0339174920499559
0.415816701677812,-3.82885931177591,0.0341136130668111
0.453780044107886,-3.8321724479276,0.0343122497444372
0.491772652053266,-3.8351120541091,0.0345134303603813
0.529790759492972,-3.83767710839882,0.034717183484502
0.567830590078029,-3.83986662457913,0.034923537977425
0.605888357486475,-3.84167965230948,0.035132522988757
0.643960265780105,-3.84311527729624,0.0353441679550501
0.682042509762917,-3.84417262145935,0.0355585025975019
0.720131275341234,-3.84485084309571,0.035775556919382
0.758222739885469,-3.84514913703923,0.0359953612031714
0.796313072593507,-3.8450667348176,0.0362179460074023
0.834398434855669,-3.84460290480578,0.0364433421631857
0.872474980621227,-3.84375695237604,0.0366715807704131
0.910538856766453,-3.84252822004471,0.0369026931936184
0.94858620346415,-3.84091608761547,0.037136711057486
0.98661315455465,-3.83891997231925,0.03737366624199
1.02461583791825,-3.83653932895071,0.0376135908771499
1.06259037584903,-3.8337736500012,0.0378565173373866
1.10053288543009,-3.83062246578829,0.0381024782354632
1.13843947891003,-3.82708534458175,0.0383515064159934
1.1763062640809,-3.82316189272611,0.038603634948502
1.21412934465723,-3.81885175475948,0.038858897120018
1.25190482065647,-3.81415461352905,0.0391173264271842
1.28962878878058,-3.8090701903028,0.0393789565678637
1.32729734279881,-3.80359824487772,0.0396438214322254
1.36490657393164,-3.79773857568439,0.0399119550932884
1.40245257123582,-3.79149101988791,0.040183391796906
1.43993142199058,-3.78485545348515,0.040458165951168
1.4773392120848,-3.77783179139839,0.0407363121152024
1.51467202640532,-3.77041998756517,0.0410178649873526
1.55192594922613,-3.76262003502455,0.041302859392711
1.58909706459865,-3.75443196599952,0.0415913302699844
1.62618145674288,-3.74585585197571,0.0418833126576698
1.66317521043948,-3.73689180377642,0.0421788416795167
1.70007441142273,-3.7275399716337,0.0424779525292529
1.73687514677433,-3.71780054525581,0.0427806804545485
1.77357350531803,-3.70767375389075,0.0430870607401938
1.81016557801508,-3.697159866386,0.0433971286904675
1.84664745836033,-3.68625919124444,0.043710919610666
1.8830152427792,-3.67497207667639,0.0440284687877725
1.91926503102525,-3.66329891064776,0.0443498114702348
1.95539292657847,-3.65124012092436,0.0446749828468288
1.99139503704417,-3.63879617511227,0.0450040180245778
2.02726747455251,-3.62596758069431,0.0453369520057011
2.06300635615862,-3.61275488506257,0.0456738196635649
2.09860780424319,-3.59915867554702,0.0460146557176043
2.13406794691373,-3.58517957944015,0.0463594947071915
2.16938291840617,-3.57081826401761,0.0467083709644186
2.20454885948704,-3.55607543655494,0.0470613185857673
2.23956191785598,-3.54095184434025,0.0474183714026353
2.27441824854878,-3.52544827468287,0.0477795629506911
2.30911401434069,-3.50956555491811,0.0481449264380268
2.34364538615016,-3.49330455240781,0.0485144947120791
2.37800854344282,-3.47666617453697,0.0488883002252899
2.41219967463586,-3.45965136870632,0.0492663749994752
2.44621497750258,-3.44226112232077,0.0496487505888741
2.48005065957727,-3.42449646277384,0.0500354580418479
2.51370293856019,-3.40635845742797,0.0504265278611998
2.54716804272287,-3.38784821359076,0.050821989963086
2.58044221131347,-3.36896687848706,0.0512218736344904
2.6135216949623,-3.34971563922703,0.051626207489233
2.64640275608747,-3.33009572277001,0.0520350194224861
2.67908166930063,-3.31010839588425,0.0524483365637683
2.71155472181265,-3.28975496510253,0.0528661852283927
2.74381821383954,-3.26903677667363,0.0532885908673403
2.77586845900813,-3.24795521650963,0.0537155780155354
2.80770178476195,-3.22651171012902,0.0541471702384983
2.83931453276688,-3.20470772259569,0.0545833900773511
2.87070305931687,-3.18254475845368,0.0550242589921562
2.90186373573945,-3.16002436165778,0.0554697973035645
2.9327929488012,-3.1371481154999,0.0559200241327561
2.96348710111302,-3.11391764253125,0.0563749573396536
2.99394261153524,-3.09033460448032,0.0568346134593924
3.02415591558256,-3.06640070216664,0.0572990076370339
3.05412346582874,-3.04211767541027,0.0577681535605078
3.08384173231102,-3.01748730293712,0.0582420633917739
3.11330720293434,-2.99251140228,0.0587207476961938
3.1425163838752,-2.96719182967544,0.0592042153701081
3.17146579998523,-2.94153047995625,0.0596924735666143
3.20015199519439,-2.91552928643985,0.0601855276195443
3.22857153291388,-2.88919022081229,0.0606833809656454
3.2567209964385,-2.86251529300807,0.0611860350649681
3.28459698934878,-2.83550655108569,0.0616934893194698
3.31219613591252,-2.80816608109884,0.0622057409898471
3.33951508148594,-2.78049600696345,0.0627227851106108
3.36655049291431,-2.75249849032032,0.0632446144034236
3.39329905893204,-2.7241757303936,0.063771219188725
3.41975749056229,-2.69552996384489,0.0643025872956686
3.44592252151594,-2.66656346462309,0.0648387039704074
3.47179090858998,-2.63727854380994,0.0653795517827609
3.49735943206533,-2.60767754946129,0.0659251105313074
3.52262489610391,-2.57776286644406,0.0664753571469493
3.5475841291451,-2.54753691626889,0.0670302655950015
3.57223398430151,-2.51700215691853,0.0675898067758633
3.59657133975392,-2.48616108267187,0.068153948424336
3.62059309914554,-2.45501622392372,0.0687226550076576
3.64429619197545,-2.42357014700024,0.0692958876223296
3.66767757399116,-2.39182545397012,0.0698736038898194
3.6907342275804,-2.35978478245144,0.0704557578512282
3.71346316216192,-2.32745080541417,0.07104229986102
3.73586141457545,-2.29482623097844,0.0716331764799171
3.75792604947059,-2.26191380220848,0.0722283303670722
3.77965415969484,-2.22871629690226,0.0728277001716361
3.80104286668043,-2.19523652737681,0.073431220423849
3.8220893208302,-2.16147734024929,0.0740388214257894
3.84279070190234,-2.12744161621372,0.0746504291419238
3.86314421939387,-2.09313226981343,0.0752659650896103
3.88314711292308,-2.05855224920925,0.0758853462297139
3.9027966526106,-2.02370453594337,0.076508484857506
3.92209013945918,-1.98859214469894,0.0771352884940236
3.94102490573226,-1.9532181230554,0.0777656597780762
3.95959831533093,-1.91758555123952,0.0783994963590979
3.97780776416966,-1.88169754187222,0.079036690791049
3.99565068055041,-1.84555723971104,0.0796771304275834
4.01312452553518,-1.80916782138847,0.0803206973187053
4.03022679331703,-1.77253249514594,0.080967268109151
4.04695501158933,-1.73565450056361,0.0816167139387373
4.06330674191335,-1.69853710828597,0.0822689003449318
4.07927958008399,-1.66118361974313,0.0829236871679055
4.09487115649369,-1.62359736686799,0.0835809284583416
4.11007913649434,-1.58578171180916,0.0842404723882801
4.12490122075722,-1.54774004663969,0.0849021611652897
4.1393351456308,-1.50947579306167,0.0855658309502653
4.15337868349646,-1.47099240210661,0.0862313117791591
4.16702964312184,-1.43229335383171,0.0868984274889634
4.1802858700119,-1.39338215701197,0.0875669956482668
4.19314524675758,-1.35426234882825,0.0882368274927193
4.2056056933819,-1.31493749455107,0.0889077278657439
4.21766516768347,-1.27541118722055,0.089579495164843
4.22932166557721,-1.23568704732206,0.0902519212938527
4.24057322143242,-1.19576872245801,0.0909247916215048
4.25141790840771,-1.15565988701546,0.0915978849466605
4.26185383878309,-1.11536424182985,0.0922709734705873
4.27187916428881,-1.07488551384468,0.0929438227766516
4.28149207643097,-1.03422745576723,0.0936161918178047
4.29069080681376,-0.993393845720404,0.0942878329122428
4.29947362745819,-0.952388486890597,0.0949584917476211
4.30783885111719,-0.911215207171743,0.0956279073942066
4.31578483158696,-0.869877858805482,0.09629581232735
4.32330996401444,-0.82838031801752,0.0969619324596588
4.33041268520075,-0.786726484650207,0.0976259871832507
4.3370914739004,-0.744920281791352,0.0982876894224621
4.34334485111632,-0.702965655399329,0.0989467456973831
4.34917138039028,-0.660866573924503,0.0996028561985844
4.35456966808884,-0.618627027927008,0.100255714873393
4.35953836368441,-0.576251029690922,0.100905009524069
4.36407616003152,-0.533742612834887,0.101550421918215
4.3681817936379,-0.4911058319192,0.102191627911763
4.37185404493037,-0.448344762049438,0.10282829758483
4.37509173851535,-0.405463498476651,0.103460095390767
4.37789374343373,-0.362466156194171,0.104086680318669
4.38025897341007,-0.319356869531102,0.104707706069625
4.38218638709582,-0.276139791742519,0.105322821246944
4.3836749883065,-0.23281909459645,0.105931669560597
4.38472382625264,-0.189398967957686,0.10653389004607
4.38533199576415,-0.145883619368475,0.107129117297806
4.38549863750827,-0.102277273626169,0.107716981717404
4.38522293820055,-0.0585841723578757,0.108297109776678
4.38450413080897,-0.0148085735921789,0.108869124295696
4.38334149475084,0.0290452486720036,0.109432644735843
4.38173435608242,0.0729730048993598,0.109987287507956
4.37968208768098,0.116970390454854,0.110532666295514
4.37718410941921,0.161033086043053,0.111068392392858
4.37423988833175,0.205156758150043,0.111594075058343
4.3708489387737,0.249337059487854,0.112109321882329
4.36701082257088,0.293569629441321,0.112613739169834
4.36272514916178,0.3378500945173,0.113106932337651
4.35799157573087,0.38217406879617,0.113588506325694
4.3528098073333,0.426537154385518,0.114058066022273
4.34717959701065,0.470934941875944,0.11451521670296
4.34110074589769,0.515363010798889,0.114959564482671
4.33457310332,0.559816930086408,0.115390716780524
4.32759656688222,0.604292258532784,0.115808282796989
4.32017108254684,0.648784545257913,0.116211874002816
4.31229664470347,0.693289330172348,0.116601104639124
4.30397329622832,0.737802144443928,0.116975592228059
4.29520112853388,0.782318510965881,0.117334958093304
4.28598028160871,0.826833944826313,0.117678827889722
4.27631094404709,0.871343953778989,0.118006832141345
4.26619335306861,0.915844038715296,0.118318606786858
4.25562779452753,0.960329694137302,0.118613793731716
4.24461460291187,1.0047964086318,0.118892041405929
4.23315416133209,1.04923966534525,0.119153005326555
4.22124690149945,1.09365494245948,0.119396348663849
4.2088933036939,1.1380377136681,0.119621742810007
4.19609389672149,1.18238344865351,0.119828867949364
4.18284925786133,1.22668761356431,0.120017413628908
4.16916001280209,1.27094567149317,0.120187079327876
4.15502683556795,1.31515308295491,0.120337575025209
4.14045044843421,1.35930530636479,0.120468621763591
4.12543162183244,1.40339779851679,0.120579952208743
4.10997117424533,1.44742601506194,0.120671311202659
4.09406997209116,1.49138541098643,0.12074245630939
4.07772892959822,1.53527144108949,0.120793158352024
4.06094900866901,1.57907956046093,0.120823201939419
4.04373121873454,1.62280522495824,0.120832385981298
4.02607661659871,1.66644389168307,0.120820524190261
4.00798630627301,1.70999101945715,0.120787445569277
3.98946143880171,1.75344206929739,0.120732994883223
3.97050321207756,1.79679250489018,0.120657033113029
3.95111287064846,1.8400377930647,0.120559437891006
3.93129170551498,1.88317340426525,0.120440103915939
3.91104105391926,1.92619481302242,0.120298943346549
3.89036229912528,1.96909749842303,0.120135886171955
3.86925687019096,2.01187694457887,0.119950880557781
3.84772624173211,2.0545286410939,0.119743893166612
3.82577193367876,2.09704808353012,0.119514909451515
3.80339551102401,2.13943077387181,0.119263933921408
3.7805985835657,2.18167222098823,0.118990990377088
3.75738280564129,2.22376794109451,0.118696122116819
3.73374987585625,2.26571345821092,0.118379392110392
3.70970153680624,2.30750430462017,0.118040883140684
3.68523957479353,2.34913602132292,0.117680697911789
3.66036581953795,2.39060415849127,0.117298959122866
3.6350821438827,2.43190427592028,0.116895809506942
3.60939046349553,2.47303194347741,0.116471411833994
3.58329273656552,2.51398274154983,0.116025948877709
3.55679096349596,2.55475226148959,0.115559623345432
3.52988718659361,2.5953361060566,0.115072657770896
3.5025834897549,2.63572988985934,0.114565294369435
3.47488199814927,2.67592923979332,0.114037794855494
3.44678487790023,2.71592979547721,0.113490440222323
3.41829433576439,2.75572720968668,0.11292353048391
3.38941261880901,2.79531714878585,0.112337384379252
3.36014201408833,2.83469529315642,0.111732339039229
3.33048484831917,2.8738573376243,0.111108749616428
3.30044348755614,2.91279899188403,0.110466988878404
3.27002033686688,2.95151598092061,0.109807446764942
3.23921784000771,2.99000404542905,0.109130529910057
3.20803847909999,3.02825894223146,0.108436661129509
3.17648477430774,3.06627644469178,0.1077262788748
3.14455928351656,3.10405234312806,0.106999836654663
3.11226460201459,3.14158244522241,0.106257802425217
3.07960336217546,3.17886257642861,0.105500657950021
3.04657823314382,3.21588858037727,0.104728898131405
3.01319192052364,3.25265631927881,0.103943030314524
2.97944716606951,3.28916167432402,0.103143573565685
2.94534674738142,3.3254005460824,0.102331057926609
2.910893477603,3.36136885489829,0.10150602364633
2.87609020512366,3.3970625412847,0.10066902039256
2.8409398132848,3.43247756631509,0.0998206064443967
2.80544522009024,3.46760991201291,0.0989613478683217
2.76960937792108,3.50245558173907,0.0980918176795028
2.73343527325519,3.53701060057742,0.0972125949904677
2.69692592639132,3.5712710157181,0.0963242641492611
2.66008439117819,3.60523289683904,0.0954274138692368
2.62291375474841,3.63889233648544,0.0945226363526706
2.58541713725742,3.67224545044744,0.0936105264103999
2.5475976916275,3.70528837813591,0.0926916805797161
2.5094586032968,3.73801728295649,0.0917666962427391
2.47100308997354,3.77042835268186,0.0908361707475044
2.43223440139516,3.80251779982236,0.0899007005339854
2.39315581909251,3.83428186199493,0.0889608802672532
2.35377065615901,3.86571680229047,0.0880173019799524
2.31408225702467,3.89681890963962,0.0870705542262386
2.27409399723478,3.92758449917713,0.086121221249277
2.23380928323327,3.95800991260461,0.0851698821643582
2.19323155215057,3.98809151855201,0.0842171101596239
2.15236427159566,4.01782571293762,0.0832634717163335
2.11121093945229,4.04720891932681,0.0823095258505313
2.06977508367908,4.07623758928937,0.0813558233778919
2.02806026211325,4.10490820275571,0.0804029062034406
1.98607006227781,4.13321726837169,0.0794513066377509
1.94380810119186,4.16116132385235,0.0785015467411265
1.90127802518382,4.18873693633441,0.0775541376971723
1.85848350970719,4.21594070272764,0.0766095792170528
1.81542825915867,4.24276925006511,0.0756683589756264
1.77211600669823,4.26921923585228,0.0747309520805265
1.72855051407081,4.29528734841508,0.073797820575148
1.68473557142935,4.32097030724682,0.0728694129763721
1.64067499715888,4.3462648633541,0.0719461638477453
1.59637263770108,4.37116779960161,0.0710284934087001
1.55183236737932,4.39567593105588,0.0701168071802864
1.50705808822348,4.41978610532797,0.0692114956677503
1.46205372979436,4.44349520291511,0.0683129340801811
1.41682324900741,4.4668001375412,0.0674214820873168
1.37137062995512,4.48969785649631,0.0665374836134787
1.32569988372806,4.51218534097498,0.0656612666684878
1.27981504823397,4.53425960641348,0.0647931432152929
1.23372018801463,4.55591770282587,0.0639334090739294
1.18741939406019,4.57715671513893,0.0630823438613145
1.14091678362051,4.59797376352581,0.0622402109662773
1.09421650001337,4.61836600373856,0.0614072575591176
1.04732271242895,4.63833062743928,0.0605837146348918
1.00023961573051,4.65786486253,0.0597697970895257
0.952971430250813,4.67696597348125,0.0589657038277717
0.905522401584071,4.69563126165913,0.0581716179019386
0.857896800373038,4.71385806565101,0.0573877066802528
0.810098922091068,4.7316437615897,0.0566141220436328
0.76213308681882,4.74898576347602,0.0558510006095998
0.714003639015379,4.76588152349986,0.0550984639819867
0.66571494728355,4.78232853235942,0.0543566190250585
0.61727140412912,4.79832431957882,0.053625558160613
0.568677425713862,4.81386645382389,0.052905359686592
0.51993745160211,4.828952543216,0.0521960881157058
0.471055944500726,4.84358023564409,0.0514977945325455
0.422037389992294,4.85774721907455,0.0508105169676463
0.372886296261411,4.87145122185912,0.0501342807869489
0.323607193813944,4.88469001304057,0.0494690990951067
0.274204635189146,4.89746140265615,0.0488149731510858
0.224683194664532,4.9097632420388,0.0481718927945153
0.175047467953457,4.92159342411584,0.0475398368812584
0.125302071895307,4.93294988370533,0.0469187737266955
0.0754516441382891,4.94383059780982,0.0463086615552362
0.0255008428147665,4.95423358590746,0.0457094489546066
-0.0245456537908592,4.96415691024041,0.0451210753334936
-0.074683147581726,4.97359867610054,0.0445434713811703
-0.124906920995532,4.98255703211217,0.0439765595277652
-0.175212237358969,4.99103017051192,0.0434202544038914
-0.225594341249529,4.99901632742548,0.0428744632983985
-0.276048458864623,5.00651378314138,0.0423390866130669
-0.326569798397951,5.01352086238145,0.0418140183131189
-0.377153550423042,5.02003593456813,0.0412991463724825
-0.427794888283866,5.02605741408834,0.0407943532128018
-0.478488968492431,5.03158376055403,0.040299516135254
-0.529230931133239,5.03661347905916,0.0398145077442946
-0.580015900274493,5.04114512043317,0.0393391963625174
-0.63083898438592,5.04517728149074,0.0388734464358826
-0.681695276763074,5.04870860527793,0.0384171189286312
-0.732579855957972,5.0517377813144,0.0379700717072676
-0.783487786215931,5.05426354583197,0.0375321599130617
-0.834414117918412,5.056284682009,0.0371032363225812
-0.885353888031758,5.05780002020103,0.0366831516958315
-0.936302120561616,5.05880843816719,0.0362717551116422
-0.987253827012903,5.05930886129253,0.0358688942899984
-1.03820400685512,5.05930026280622,0.0354744159010769
-1.08914764799288,5.05878166399543,0.0350881658608013
-1.14007972724138,5.05775213441491,0.0347099896127869
-1.19099521080676,5.05621079209229,0.0343397323966005
-1.2418890547711,5.05415680372885,0.0339772395023068
-1.29275620558182,5.05158938489585,0.0336223565113257
-1.34359160054545,5.0485078002264,0.0332749295236666
-1.39439016832541,5.04491136360265,0.0329348053716503
-1.44514682944379,5.04079943833839,0.03260183182027
-1.4958564967868,5.03617143735702,0.0322758577543772
-1.54651407611386,5.03102682336473,0.0319567333529165
-1.59711446656999,5.02536510901895,0.0316443102504618
-1.64765256120148,5.019185857092,0.0313384416863372
-1.69812324747457,5.01248868062984,0.0310389826416311
-1.74852140779702,5.00527324310602,0.0307457899644356
-1.79884192004238,4.9975392585706,0.0304587224836642
-1.84907965807682,4.98928649179417,0.0301776411118175
-1.89922949228832,4.9805147584069,0.0299024089370839
-1.94928629011813,4.97122392503246,0.0296328913051735
-1.99924491659428,4.96141390941699,0.0293689558912945
-2.04910023486708,4.95108468055288,0.0291104727626905
-2.09884710674634,4.94023625879753,0.0288573144321605
-2.14848039324027,4.92886871598683,0.028609355902991
-2.19799495509597,4.91698217554364,0.0283664747057271
-2.24738565334115,4.90457681258086,0.028128550927214
-2.2966473498273,4.8916528539995,0.0278954672323342
-2.34577490777383,4.87821057858129,0.0276671088788669
-2.39476319231331,4.8642503170762,0.0274433637258859
-2.44360707103761,4.84977245228457,0.0272241222361122
-2.49230141454484,4.83477741913395,0.0270092774726236
-2.54084109698687,4.81926570475064,0.026798725090321
-2.5892209966176,4.80323784852589,0.0265923633225359
-2.63743599634157,4.78669444217669,0.0263900929631584
-2.68548098426297,4.76963612980127,0.0261918173446488
-2.73335085423505,4.75206360792914,0.0259974423122874
-2.78104050640956,4.73397762556578,0.0258068761950019
-2.82854484778644,4.71537898423189,0.0256200297731025
-2.87585879276347,4.6962685379972,0.0254368162432355
-2.92297726368588,4.67664719350893,0.0252571511808589
-2.96989519139586,4.6565159100147,0.0250809525005245
-3.01660751578179,4.63587569938003,0.0249081404142405
-3.0631091863273,4.61472762610042,0.0247386373881719
-3.10939516265989,4.59307280730788,0.0245723680979239
-3.1554604150992,4.57091241277205,0.0244092593826385
-3.20129992520472,4.54824766489581,0.0242492401981205
-3.24690868632307,4.52507983870539,0.0240922415691965
-3.29228170413456,4.501410261835,0.0239381965414972
-3.33741399719916,4.47724031450598,0.0237870401328375
-3.38230059750173,4.45257142950039,0.0236387092843613
-3.42693655099643,4.42740509212914,0.0234931428115993
-3.47131691815035,4.40174284019464,0.0233502813555829
-3.51543677448623,4.37558626394783,0.0232100673341389
-3.5592912111242,4.34893700603982,0.0230724448934846
-3.60287533532261,4.32179676146791,0.0229373598602284
-3.64618427101771,4.29416727751621,0.0228047596938718
-3.68921315936236,4.26605035369058,0.0226745934398999
-3.73195715926344,4.23744784164825,0.022546811683538
-3.77441144791824,4.20836164512176,0.022421366504241
-3.81657122134949,4.17879371983746,0.0222982114309776
-3.85843169493913,4.14874607342852,0.0221773013983614
-3.89998810396078,4.11822076534234,0.0220585927036726
-3.94123570411084,4.08721990674256,0.0219420429648103
-3.98216977203806,4.05574566040549,0.0218276110792064
-4.02278560587182,4.02380024061107,0.0217152571837268
-4.0630785257487,3.99138591302829,0.0216049426155809
-4.10304387433766,3.95850499459522,0.0214966298742536
-4.1426770173635,3.9251598533934,0.021390282584472
-4.18197334412875,3.89135290851688,0.021285865460211
-4.2209282680338,3.85708662993572,0.0211833442697423
-4.25953722709536,3.82236353835401,0.0210826858017234
-4.29779568446308,3.78718620506248,0.0209838578323233
-4.33569912893437,3.75155725178556,0.0208868290933781
-4.37324307546739,3.71547935052312,0.0207915692415642
-4.41042306569205,3.67895522338663,0.0206980488285789
-4.44723466841909,3.64198764242997,0.0206062392723132
-4.48367348014718,3.60457942947481,0.0205161128289998
-4.51973512556794,3.56673345593056,0.0204276425663202
-4.55541525806888,3.52845264260888,0.0203408023374493
-4.5907095602342,3.48973995953288,0.02025556675602
-4.62561374434339,3.45059842574084,0.0201719111719844
-4.66012355286767,3.41103110908464,0.02008981164835
-4.69423475896408,3.37104112602275,0.02000924493877
-4.72794316696729,3.33063164140798,0.0199301884659616
-4.76124461287906,3.28980586826974,0.0198526203009316
-4.79413496485525,3.24856706759113,0.0197765191429843
-4.82661012369045,3.20691854808062,0.0197018643004885
-4.85866602330003,3.1648636659385,0.0196286356723796
-4.89029863119968,3.12240582461797,0.0195568137303738
-4.92150394898242,3.07954847458105,0.0194863795018699
-4.95227801279284,3.03629511304919,0.019417314553517
-4.98261689379881,2.99264928374868,0.0193496009754246
-5.01251669866033,2.94861457665077,0.0192832213659921
-5.04197356999574,2.90419462770668,0.0192181588173365
-5.07098368684498,2.85939311857741,0.019154396901297
-5.09954326513004,2.81421377635829,0.0190919196559939
-5.12764855811257,2.76866037329854,0.0190307115729234
-5.1552958568484,2.72273672651557,0.018970757584566
-5.18248149063914,2.67644669770424,0.0189120430524917
-5.20920182748073,2.62979419284102,0.0188545537559402
-5.23545327450888,2.58278316188307,0.0187982758808606
-5.26123227844132,2.53541759846229,0.0187431960093911
-5.28653532601695,2.48770153957435,0.018689301109762
-5.31135894443172,2.43963906526269,0.0186365785266065
-5.33569970177118,2.39123429829758,0.0185850159716622
-5.35955420743981,2.34249140385018,0.0185346015148482
-5.38291911258685,2.2934145891617,0.0184853235757041
-5.40579111052884,2.24400810320767,0.0184371709151758
-5.4281669371686,2.19427623635725,0.018390132627734
-5.45004337141075,2.14422332002775,0.0183441981338149
-5.47141723557368,2.09385372633432,0.0182993571725668
-5.49228539579789,2.04317186773476,0.0182555997948947
-5.51264476245073,1.99218219666965,0.0182129163567879
-5.53249229052738,1.94088920519763,0.0181712975129228
-5.55182498004821,1.88929742462603,0.0181307342105274
-5.57063987645224,1.83741142513677,0.0180912176835005
-5.58893407098685,1.78523581540756,0.0180527394467737
-5.60670470109363,1.73277524222853,0.0180152912909082
-5.62394895079026,1.68003439011422,0.017978865276918
-5.64066405104852,1.62701798091092,0.0179434537313103
-5.6568472801682,1.57373077339961,0.0179090492413364
-5.67249596414709,1.52017756289422,0.0178756446504443
-5.68760747704677,1.46636318083552,0.0178432330539269
-5.70217924135436,1.41229249438051,0.0178118077947588
-5.71620872834005,1.35797040598737,0.0177813624596151
-5.72969345841043,1.30340185299606,0.0177518908750659
-5.7426310014576,1.24859180720456,0.0177233871039413
-5.75501897720395,1.19354527444074,0.0176958454418606
-5.76685505554258,1.13826729413002,0.0176692604139214
-5.77813695687342,1.08276293885869,0.0176436267715429
-5.78886245243486,1.02703731393313,0.0176189394894586
-5.79902936463094,0.971095556934697,0.0175951937628551
-5.80863556735409,0.914942837270627,0.0175723850046512
-5.81767898630323,0.858584355720714,0.0175505088429143
-5.82615759929741,0.802025343979975,0.0175295611184107
-5.83406943658472,0.745271064197267,0.0175095378822848
-5.84141258114665,0.688326808509914,0.0174904353938654
-5.84818516899767,0.631197898574383,0.0174722501185949
-5.85438538948011,0.573889685093037,0.0174549787260791
-5.86001148555427,0.516407547337019,0.0174386180882539
-5.86506175408375,0.458756892665299,0.0174231652776678
-5.86953454611586,0.400943156039926,0.0174086175658756
-5.87342826715722,0.342971799537529,0.0173949724219431
-5.87674137744444,0.284848311857099,0.0173822275110591
-5.87947239220974,0.226578207824113,0.0173703806932536
-5.88161988194178,0.168167027891018,0.0173594300222198
-5.88318247264123,0.10962033763414,0.0173493737442381
-5.88415884607148,0.0509437272470434,0.0173402102972014
-5.88454774000417,-0.00785718896959733,0.0173319383097383
-5.88434794845953,-0.0667767731215901,0.0173245566004349
-5.88355832194174,-0.125809364238219,0.0173180641771532
-5.88217776766887,-0.184949278792606,0.0173124602364434
-5.8802052497978,-0.244190811225387,0.0173077441630521
-5.87763978964376,-0.303528234471668,0.0173039155295225
-5.87448046589458,-0.362955800491198,0.0173009740958876
-5.87072641481972,-0.42246774080173,0.0172989198094549
-5.86637683047383,-0.48205826701551,0.0172977528046819
-5.86143096489501,-0.541721571378853,0.0172974734031427
-5.8558881282976,-0.601451827314756,0.0172980821135837
-5.84974768925959,-0.661243189968503,0.0172995796320695
-5.84300907490452,-0.721089796756204,0.0173019668422181
-5.83567177107789,-0.780985767916232,0.0173052448155249
-5.82773532251805,-0.8409252070635,0.017309414811776
-5.81919933302156,-0.900902201746533,0.0173144782795505
-5.81006346560289,-0.960910824007272,0.0173204368568114
-5.80032744264865,-1.02094513094359,0.017327292371586
-5.78999104606604,-1.08099916527442,0.0173350468427359
-5.77905411742577,-1.14106695590751,0.0173437024808162
-5.76751655809921,-1.20114251850968,0.0173532616890249
-5.75537832938988,-1.2612198560796,0.0173637270642425
-5.7426394526592,-1.32129295952294,0.0173751013981638
-5.72930000944649,-1.38135580823001,0.0173873876785192
-5.7153601415832,-1.4414023706556,0.0174005890903908
-5.70082005130132,-1.50142660490122,0.0174147090176194
-5.68568000133599,-1.56142245929944,0.0174297510443066
-5.66994031502228,-1.6213838730005,0.0174457189564119
-5.65360137638611,-1.68130477656099,0.0174626167434446
-5.63666363022923,-1.74117909253455,0.0174804486002538
-5.6191275822084,-1.80100073606469,0.0174992189289156
-5.60099379890859,-1.86076361547941,0.0175189323407205
-5.58226290791024,-1.92046163288784,0.0175395936582605
-5.5629355978506,-1.98008868477863,0.0175612079176191
-5.54301261847906,-2.03963866262019,0.0175837803706643
-5.52249478070653,-2.09910545346261,0.0176073164874476
-5.50138295664882,-2.15848294054126,0.0176318219587088
-5.47967807966393,-2.217765003882,0.0176573026984898
-5.45738114438341,-2.27694552090799,0.0176837648468595
-5.43449320673759,-2.33601836704792,0.0177112147727502
-5.4110153839748,-2.39497741634571,0.0177396590769085
-5.38694885467449,-2.45381654207164,0.0177691045949636
-5.36229485875425,-2.51252961733476,0.0177995584006134
-5.33705469747078,-2.57111051569654,0.0178310278089323
-5.31122973341473,-2.62955311178579,0.0178635203798021
-5.28482139049938,-2.6878512819147,0.0178970439214698
-5.25783115394323,-2.74599890469594,0.0179316064942328
-5.23026057024647,-2.80398986166084,0.017967216414257
-5.20211124716127,-2.86181803787853,0.0180038822575285
-5.17338485365589,-2.91947732257596,0.0180416128639423
-5.1440831198727,-2.9769616097588,0.0180804173415322
-5.11420783707995,-3.03426479883311,0.0181203050708438
-5.08376085761744,-3.09138079522779,0.0181612857094547
-5.05274409483594,-3.14830351101763,0.0182033691966451
-5.02115952303047,-3.20502686554704,0.0182465657582222
-4.98900917736736,-3.26154478605426,0.0182908859115033
-4.95629515380515,-3.31785120829612,0.0183363404704591
-4.92301960900925,-3.37394007717321,0.0183829405510242
-4.88918476026044,-3.42980534735538,0.0184306975765766
-4.85479288535714,-3.48544098390759,0.0184796232835916
-4.81984632251147,-3.54084096291599,0.0185297297274745
-4.78434747023918,-3.59599927211419,0.0185810292885768
-4.74829878724327,-3.65090991150963,0.0186335346783999
-4.71170279229149,-3.70556689401,0.0186872589459928
-4.6745620640876,-3.7599642460497,0.0187422154845478
-4.63687924113647,-3.81409600821623,0.0187984180381994
-4.59865702160293,-3.86795623587639,0.0188558807090332
-4.55989816316447,-3.92153899980233,0.0189146179643091
-4.52060548285778,-3.97483838679743,0.0189746446439062
-4.48078185691903,-4.02784850032166,0.0190359759679935
-4.44043022061804,-4.08056346111682,0.0190986275449353
-4.39955356808626,-4.13297740783111,0.019162615379436
-4.35815495213858,-4.18508449764334,0.0192279558809316
-4.31623748408903,-4.23687890688654,0.0192946658722357
-4.27380433356025,-4.28835483167093,0.0193627625984458
-4.2308587282869,-4.33950648850618,0.0194322637361194
-4.18740395391293,-4.39032811492296,0.0195031874027263
-4.1434433537827,-4.44081397009369,0.0195755521663852
-4.09898032872605,-4.49095833545231,0.0196493770558938
-4.0540183368372,-4.54075551531323,0.0197246815710614
-4.00856089324767,-4.59019983748919,0.0198014856933505
-3.96261156989304,-4.63928565390813,0.0198798098968407
-3.91617399527373,-4.68800734122882,0.0199596751595203
-3.86925185420972,-4.73635930145543,0.0200411029749191
-3.82184888758918,-4.78433596255073,0.0201241153640903
-3.77396889211127,-4.83193177904804,0.0202087348879532
-3.72561572002274,-4.87914123266178,0.0202949846600084
-3.67679327884871,-4.92595883289657,0.0203828883594346
-3.62750553111746,-4.97237911765485,0.0204724702445821
-3.57775649407925,-5.01839665384287,0.0205637551668723
-3.52755023941929,-5.06400603797515,0.0206567685851175
-3.47689089296479,-5.10920189677713,0.020751536580274
-3.4257826343861,-5.15397888778617,0.0208480858706414
-3.3742296968921,-5.19833169995067,0.0209464438275227
-3.32223636691967,-5.24225505422731,0.02104663849136
-3.26980698381742,-5.2857437041764,0.0211486985883598
-3.21694593952365,-5.32879243655515,0.0212526535476249
-3.16365767823849,-5.37139607190897,0.0213585335188077
-3.10994669609042,-5.41354946516055,0.0214663693903033
-3.05581754079698,-5.4552475061968,0.0215761928079975
-3.00127481131994,-5.49648512045356,0.0216880361945896
-2.94632315751473,-5.53725726949793,0.0218019327695077
-2.89096727977429,-5.57755895160833,0.0219179165694356
-2.83521192866736,-5.61738520235202,0.0220360224694718
-2.77906190457118,-5.65673109516021,0.0221562862049402
-2.72252205729875,-5.69559174190058,0.0222787443938755
-2.66559728572049,-5.73396229344718,0.0224034345602036
-2.60829253738059,-5.7718379402477,0.0225303951576406
-2.5506128081078,-5.80921391288794,0.0226596655943353
-2.49256314162096,-5.84608548265357,0.0227912862582776
-2.43414862912908,-5.88244796208895,0.0229252985434998
-2.37537440892624,-5.91829670555313,0.0230617448770966
-2.31624566598107,-5.95362710977279,0.0232006687470914
-2.25676763152113,-5.98843461439222,0.0233421147311769
-2.196945582612,-6.02271470252021,0.0234861285263592
-2.13678484173127,-6.05646290127374,0.0236327569795361
-2.07629077633745,-6.08967478231853,0.0237820481190411
-2.0154687984337,-6.12234596240631,0.0239340511871849
-1.95432436412666,-6.15447210390876,0.0240888166738293
-1.8928629731802,-6.18604891534807,0.0242463963510278
-1.83109016856432,-6.21707215192415,0.0244068433087686
-1.76901153599908,-6.24753761603822,0.0245702119918592
-1.70663270349374,-6.27744115781301,0.0247365582379893
-1.64395934088106,-6.3067786756092,0.0249059393170147
-1.58099715934691,-6.33554611653839,0.0250784139715014
-1.51775191095512,-6.3637394769722,0.0252540424585758
-1.45422938816773,-6.3913548030477,0.0254328865931236
-1.3904354233606,-6.41838819116903,0.0256150097923851
-1.32637588833452,-6.44483578850511,0.025800477121995
-1.26205669382181,-6.47069379348345,0.0259893553435161
-1.19748378898846,-6.49595845627998,0.0261817129635188
-1.13266316093195,-6.5206260793049,0.0263776202842605
-1.0676008341747,-6.54469301768435,0.0265771494560194
-1.00230287015324,-6.5681556797381,0.0267803745311412
-0.936775366703246,-6.59101052745291,0.0269873715198579
-0.871024457540365,-6.61325407695178,0.0271982184479402
-0.805056311736971,-6.63488289895886,0.0274129954162485
-0.738877133194909,-6.65589361926002,0.0276317846622478
-0.672493160114279,-6.67628291915913,0.0278546706235551
-0.605910664458315,-6.69604753592981,0.0280817400035927
-0.539135951414446,-6.71518426326277,0.0283130818394176
-0.472175358851592,-6.73368995170864,0.0285487875718073
-0.405035256773765,-6.75156150911619,0.0287889511176782
-0.337722046770051,-6.76879590106596,0.0290336689449206
-0.270242161461039,-6.78539015129927,0.0292830401497344
-0.202602063941764,-6.80134134214248,0.0295371665365545
-0.134808247221252,-6.81664661492651,0.0297961527006557
-0.0668672336587283,-6.83130317040162,0.0300601061135337
0.00121442560342862,-6.84530826914731,0.0303291372111586
0.0694301512099103,-6.85865923197738,0.0306033594852025
0.1377733361658,-6.87135344034003,0.0308828895773478
0.206237346412912,-6.88338833671309,0.0311678473767826
0.274815521409068,-6.89476142499419,0.0314583561209986
0.34350117471022,-6.9054702708859,0.0317545425000061
0.412287594555349,-6.91551250227583,0.0320565367640878
0.481168044454033,-6.92488580961162,0.0323644728352169
0.550135763776613,-6.93358794627077,0.0326784884222685
0.619183968346861,-6.94161672892527,0.0329987251401583
0.688305851037045,-6.94897003790111,0.0333253286330482
0.757494582365329,-6.95564581753237,0.0336584487017611
0.826743311095372,-6.96164207651025,0.0339982394355549
0.896045164838066,-6.96695688822656,0.0343448593484087
0.965393250655284,-6.97158839111203,0.0346984715199801
1.03478065566556,-6.97553478896917,0.0350592437413986
1.1042004476516,-6.97879435129976,0.0354273486660654
1.17364567566944,-6.98136541362685,0.0358029639656343
1.24310937065933,-6.98324637781134,0.0361862724913572
1.312584546058,-6.98443571236309,0.0365774624409815
1.38206419841236,-6.98493195274648,0.0369767275313923
1.45154130799451,-6.98473370168043,0.0373842671772031
1.52100883941782,-6.98383962943289,0.0378002866754995
1.59045974225412,-6.98224847410972,0.0382249973969511
1.65988695165177,-6.979959041938,0.0386586169835127
1.72928338895454,-6.97697020754365,0.0391013695529435
1.79864196232117,-6.97328091422348,0.0395534859103785
1.86795556734541,-6.96889017421154,0.0400152037671956
1.93721708767657,-6.96379706893981,0.0404867679674294
2.00641939564025,-6.95800074929319,0.0409684307219894
2.07555535285923,-6.95150043585877,0.0414604518509489
2.14461781087443,-6.94429541916944,0.0419630990341791
2.21359961176564,-6.93638505994169,0.0424766480706104
2.282493588772,-6.92776878930777,0.0430013831464122
2.35129256691206,-6.918446109042,0.04353759711239
2.41998936360319,-6.90841659178144,0.0440855917709083
2.48857678928037,-6.89767988124069,0.0446456781726549
2.55704764801393,-6.88623569242105,0.0452181769235724
2.62539473812637,-6.8740838118138,0.0458034185022908
2.69361085280784,-6.86122409759782,0.0464017435884044
2.76168878073033,-6.8476564798314,0.0470135034019438
2.8296213066602,-6.8333809606383,0.0476390600544057
2.89740121206909,-6.81839761438804,0.0482787869117079
2.96502127574277,-6.80270658787053,0.0489330689694494
3.03247427438801,-6.78630810046482,0.0496023032408632
3.09975298323711,-6.76920244430229,0.0502868991578557
3.16685017664998,-6.75138998442398,0.0509872789855402
3.23375862871352,-6.73287115893231,0.0517038782506747
3.30047111383816,-6.71364647913713,0.0524371461844269
3.36698040735132,-6.693716529696,0.0531875461798942
3.43327928608758,-6.67308196874897,0.0539555562648152
3.49936052897541,-6.6517435280476,0.0547416695899176
3.56521691762015,-6.6297020130785,0.0555463949333511
3.63084123688308,-6.60695830318125,0.0563702572216622
3.6962262754564,-6.58351335166073,0.0572137980677749
3.76136482643373,-6.55936818589407,0.0580775763264414
3.82624968787613,-6.53452390743197,0.0589621686676374
3.8908736633732,-6.50898169209471,0.0598681701683738
3.95522956259912,-6.48274279006272,0.0607961949234043
4.01931020186338,-6.45580852596174,0.0617468766753063
4.08310840465593,-6.42818029894272,0.0627208694644147
4.1466170021865,-6.39985958275647,0.0637188482990851
4.20982883391781,-6.37084792582303,0.0647415098467637
4.27273674809247,-6.34114695129591,0.0657895731463336
4.33533360225326,-6.31075835712122,0.0668637803422034
4.39761226375647,-6.27968391609171,0.0679648974405969
4.45956561027817,-6.2479254758959,0.0690937150884909
4.52118653031297,-6.21548495916214,0.0702510493756379
4.5824679236651,-6.18236436349794,0.0714377426600963
4.64340270193143,-6.14856576152443,0.0726546644176708
4.70398378897628,-6.1140913009061,0.073902712115651
4.76420412139755,-6.0789432043759,0.0751828121112063
4.82405664898407,-6.04312376975579,0.0764959205747758
4.88353433516368,-6.00663536997275,0.077843024438755
4.94263015744187,-5.96948045307044,0.0792251423717529
5.00133710783068,-5.93166154221649,0.0806433257786503
5.05964819326744,-5.89318123570557,0.0820986598266488
5.11755643602323,-5.85404220695839,0.0835922644974527
5.17505487410056,-5.81424720451657,0.085125295665671
5.23213656162013,-5.77379905203361,0.0866989462034689
5.28879456919626,-5.73270064826209,0.0883144471114327
5.34502198430079,-5.69095496703702,0.0899730686755397
5.400811911615,-5.64856505725566,0.0916761216500479
5.45615747336947,-5.60553404285387,0.0934249584660313
5.5110518096714,-5.56186512277892,0.0952209744651949
5.56548807881917,-5.51756157095924,0.0970656091584999
5.61945945760395,-5.47262673627084,0.0989603475090184
5.6729591415979,-5.42706404250081,0.100906721238315
5.72598034542892,-5.38087698830794,0.102906310155522
5.77851630304154,-5.33406914718052,0.104960743508133
5.83056026794376,-5.28664416739153,0.107071701353386
5.88210551343962,-5.23860577195137,0.109240915948943
5.9331453328473,-5.18995775855825,0.111470173161385
5.98367303970258,-5.14070399954628,0.113761313890875
6.03368196794734,-5.0908484418316,0.116116235510099
6.08316547210318,-5.04039510685656,0.118536893315414
6.13211692742986,-4.98934809053208,0.121025301987856
6.18052973006848,-4.93771156317841,0.123583537061446
6.22839729716941,-4.88548976946446,0.126213736395941
6.27571306700481,-4.83268702834577,0.128918101650887
6.32247049906586,-4.77930773300123,0.131698899757541
6.36866307414457,-4.72535635076896,0.134558464384893
6.41428429440043,-4.67083742308112,0.137499197395673
6.45932768341181,-4.61575556539813,0.140523570287867
6.50378678621249,-4.56011546714226,0.143634125616883
6.5476551693133,-4.50392189163083,0.146833478393077
6.59092642070937,-4.4471796760091,0.150124317448944
6.63359414987313,-4.38989373118305,0.153509406769806
6.6756519877336,-4.33206904175212,0.156991586781347
6.71709358664235,-4.27371066594218,0.160573775586853
6.75791262032669,-4.21482373553868,0.164258970146477
6.79810278383076,-4.15541345582021,0.168050247390284
6.83765779344515,-4.09548510549265,0.171950765256277
6.87657138662598,-4.03504403662384,0.175963763643971
6.91483732190413,-3.97409567457905,0.180092565273465
6.95244937878587,-3.91264551795725,0.184340576439294
6.98940135764585,-3.85069913852832,0.188711287647682
7.02568707961372,-3.78826218117114,0.193208274125076
7.06130038645573,-3.72534036381285,0.197835196185134
7.09623514045291,-3.66193947736911,0.202595799440583
7.13048522427723,-3.59806538568546,0.20749391484557
7.16404454086781,-3.53372402547987,0.212533458553354
7.19690701330888,-3.46892140628636,0.217718431573345
7.22906658471174,-3.40366361039969,0.223052919210695
7.26051721810287,-3.33795679282118,0.228541090270764
7.29125289632081,-3.27180718120537,0.234187196009956
7.32126762192424,-3.20522107580769,0.23999556881353
7.3505554171143,-3.13820484943278,0.245970620580136
7.37911032367406,-3.07076494738341,0.25211684079195
7.40692640292845,-3.00290788740987,0.2584387942484
7.43399773572814,-2.93464025965946,0.264941118440657
7.46031842246103,-2.86596872662598,0.271628520543164
7.4858825830954,-2.79690002309878,0.27850577399772
7.51068435725875,-2.72744095611112,0.285577714664795
7.534717904357,-2.65759840488752,0.292849236516027
7.55797740373849,-2.58737932078946,0.300325286841131
7.58045705490808,-2.51679072725915,0.308010860941792
7.60215107779621,-2.44583971976082,0.315910996284555
7.62305371308886,-2.37453346571881,0.324030766084151
7.64315922262384,-2.30287920445194,0.332375272288345
7.66246188985977,-2.23088424710347,0.340949637935001
7.680956020424,-2.15855597656574,0.349758998851876
7.69863594274613,-2.08590184739886,0.358808494669573
7.71549600878411,-2.01292938574236,0.368103259118108
7.73153059485025,-1.93964618921892,0.377648409577783
7.74673410254443,-1.86605992682915,0.387449035855428
7.7611009598025,-1.79217833883615,0.397510188157667
7.77462562206792,-1.71800923663887,0.407836864233619
7.78730257359478,-1.64356050263272,0.418433995660497
7.79912632889104,-1.56884009005622,0.4293064332468
7.81009143431051,-1.49385602282218,0.440458931529325
7.8201924698028,-1.41861639533174,0.451896132342063
7.82942405083032,-1.34312937226977,0.463622547437129
7.83778083046173,-1.2674031883798,0.475642540140353
7.84525750165139,-1.19144614821653,0.487960306026953
7.85184879971434,-1.11526662587418,0.500579852605857
7.8575495050067,-1.03887306468842,0.513504978004825
7.862354445821,-0.962273976909823,0.526739248652452
7.86625850150633,-0.885477943346557,0.540285975957535
7.86925660582295,-0.808493612974005,0.554148191991109
7.87134375054098,-0.731329702508766,0.568328624181728
7.87251498929248,-0.653994995944535,0.58282966904033
7.87276544168629,-0.576498344047194,0.59765336493724
7.87209029769437,-0.49884866380634,0.612801363960594
7.87048482231835,-0.421054937840424,0.628274902892652
7.8679443605443,-0.343126213752543,0.6440747733482
7.86446434259348,-0.265071603433871,0.660201291127399
7.86004028947585,-0.186900282311634,0.676654264844127
7.85466781885298,-0.108621488538437,0.693432963900011
7.84834265121565,-0.0302445221197089,0.710536085883898
7.84106061638092,0.048221256024019,0.727961723486599
7.83281766031239,0.126766425063379,0.745707331031079
7.82360985226617,0.205381505338333,0.763769690729111
7.81343339226396,0.284056959511673,0.782144878786442
7.80228461889346,0.362783193801269,0.800828231489897
7.79016001743455,0.441550559294503,0.819814311421385
7.77705622830856,0.520349353348289,0.839096873955418
7.762970055846,0.59916982107808,0.858668834208507
7.74789847736636,0.678002156939185,0.878522234620445
7.73183865256201,0.756836506403667,0.898648213359033
7.71478793317567,0.835662967736012,0.919036973751097
7.6967438729594,0.914471593870647,0.939677754953573
7.67770423790042,0.993252394394247,0.960558804088873
7.65766701669691,1.07199533763565,0.981667350078549
7.63663043146451,1.15069035286595,1.00298957941835
7.61459294865185,1.22932733261133,1.02451061414591
7.59155329014053,1.3078961350806,1.0462144922593
7.5675104445028,1.3863865867096,1.06808415085068
7.54246367838716,1.46478848482407,1.09010141222356
7.51641254799948,1.54309160042228,1.11224697326513
7.48935691064455,1.62128568107847,1.13450039834644
7.46129693629032,1.69936045396788,1.15684011602216
7.43223311911398,1.77730562901341,1.17924341979913
7.402166288987,1.85511090215399,1.20168647323779
7.37109762285305,1.93276595873391,1.22414431964333
7.33902865595051,2.01026047701211,1.24659089659328
7.30596129282894,2.08758413178983,1.26899905553606
7.27189781810633,2.16472659815457,1.29134058667968
7.23684090691222,2.24167755533767,1.31358624937161
7.20079363495966,2.31842669068238,1.33570580815026
7.16375948818739,2.39496370371853,1.3576680746242
7.12574237191234,2.47127831033959,1.37944095530894
7.0867466194312,2.54736024707683,1.40099150552117
7.04677700000931,2.62319927546531,1.42228598939776
7.00583872619449,2.69878518649513,1.44328994607176
6.96393746039345,2.77410780514121,1.46396826199952
6.92107932064858,2.84915699496402,1.48428524939279
6.87727088555408,2.92392266277308,1.50420473066684
6.832519198251,2.99839476334446,1.52369012877128
6.786831769443,3.07256330418284,1.54270456322366
6.74021657937629,3.14641835031817,1.56121095161834
6.69268207873022,3.21995002912639,1.57917211633451
6.64423718836781,3.29314853516295,1.59655089611773
6.59489129789925,3.3660041349977,1.61331026216021
6.54465426301565,3.4385071720389,1.62941343825583
6.49353640155455,3.51064807133397,1.64482402455772
6.44154848826426,3.58241734433383,1.65950612441943
6.38870174823923,3.65380559360792,1.67342447375584
6.33500784900488,3.72480351749608,1.68654457231746
6.28047889123669,3.79540191468373,1.69883281623239
6.22512739810498,3.86559168868641,1.71025663113454
6.16896630324418,3.93536385222982,1.72078460516479
6.11200893735252,4.0047095315113,1.73038662110492
6.05426901343592,4.07361997032886,1.73903398688211
5.99576061071772,4.14208653406414,1.74669956366531
5.93649815724364,4.21010071350571,1.75335789076481
5.87649641121969,4.27765412849952,1.75898530654153
5.81577044112871,4.34473853141364,1.76356006453582
5.75433560467896,4.41134581040515,1.76706244403428
5.69220752664662,4.4774679924771,1.7694748543097
5.62940207568098,4.54309724631464,1.7707819317923
5.56593534014915,4.60822588488975,1.77097062946095
5.50182360310364,4.67284636782495,1.77003029777986
5.43708331646317,4.73695130350708,1.76795275655041
5.37173107450295,4.80053345094341,1.76473235709797
5.30578358675633,4.86358572135306,1.76036603426952
5.23925765043492,4.92610117948776,1.75485334778049
5.17217012247822,4.98807304467735,1.74819651251542
5.10453789134783,5.04949469159617,1.74040041745912
5.03637784868407,5.1103596507478,1.73147263301003
4.96770686094475,5.17066160866698,1.72142340650585
4.8985417411475,5.23039440783831,1.71026564587226
4.8288992208373,5.2895520463331,1.69801489138799
4.75879592240043,5.34812867716643,1.68468927564213
4.6882483318452,5.40611860737801,1.67030947184283
4.61727277216731,5.46351629684163,1.65489863071801
4.54588537741525,5.520316356809,1.63848230632925
4.47410206756718,5.57651354819497,1.62108837119709
4.4019385243265,5.63210277961244,1.60274692121034
4.32941016793803,5.68707910516604,1.58349017086196
4.25653213512088,5.74143772201478,1.56335233941913
4.18331925820777,5.79517396771498,1.542369528695
4.10978604557313,5.84828331735536,1.5205795931435
4.0359466634252,5.90076138049735,1.49802200304577
3.96181491902891,5.95260389793399,1.47473770159746
3.88740424541813,6.00380673828192,1.45076895673953
3.81272768764716,6.05436589442114,1.42615920860134
3.73779789062237,6.10427747979785,1.40095291344324
3.66262708854567,6.15353772460623,1.37519538499713
3.58722709599267,6.20214297186495,1.34893263410718
3.51160930063875,6.25008967340484,1.32221120756888
3.43578465763765,6.29737438578394,1.29507802705423
3.35976368564784,6.3439937661464,1.26758022899277
3.28355646449338,6.38994456804143,1.23976500625461
3.20717263443747,6.43522363721862,1.21167945245084
3.13062139703878,6.47982790741552,1.18337040963129
3.05391151755278,6.52375439615305,1.15488432011878
2.97705132883309,6.56700020055417,1.12626708317324
2.90004873668094,6.60956249320046,1.09756391713
2.82291122658464,6.65143851804099,1.06881922760367
2.74564587178494,6.69262558636712,1.04007648229338
2.66825934259727,6.73312107286633,1.01137809286748
2.59075791691686,6.77292241176753,0.982765304346527
2.51314749182921,6.81202709308924,0.95427809234284
2.43543359624445,6.85043265900185,0.925955068454471
2.35762140447179,6.8881367003137,0.897833394050518
2.2797157506479,6.92513685309044,0.86994870262486
2.20172114393143,6.96143079541594,0.842335030836483
2.12364178437518,6.99701624430221,0.815024758297184
2.04548157938661,7.03189095275515,0.788048556112135
1.96724416068798,7.06605270700165,0.761435344125698
1.8889329016878,7.09949932388316,0.735212256774499
1.81055093517645,7.13222864841948,0.709404617402284
1.73210117126068,7.16423855154622,0.684035920846755
1.65358631545351,7.195526928028,0.659127824067592
1.57500888683883,7.22609169454904,0.634700144547357
1.49637123623246,7.25593078798178,0.610770866163103
1.41767556426499,7.28504216383348,0.587356152196223
1.33892393931501,7.3134237948701,0.564470365121579
1.26011831522493,7.34107366991581,0.542126092794035
1.1812605487358,7.36798979282614,0.520334180631378
1.10235241658145,7.39417018163195,0.499103769376959
1.02339563218661,7.41961286785076,0.478442338013309
0.944391861917996,7.44431589596183,0.458355751389278
0.865342740841916,7.46827732304022,0.438848312117787
0.786249887946208,7.49149521854541,0.41992281629896
0.707114920789088,7.51396766425887,0.401580612624027
0.627939469541777,7.53569275436521,0.383821664418737
0.548725190396315,7.55666859567093,0.36664461419105
0.469473778314309,7.57689330795442,0.350046850256176
0.390186979096651,7.59636502444107,0.334024575022641
0.310866600758414,7.61508189239653,0.318572874535568
0.23151452419716,7.63304207383157,0.303685788887724
0.152132713146783,7.65024374631153,0.289356383124787
0.0727232234127389,7.66668510386353,0.275576818288621
-0.00671178861197537,7.68236435797418,0.26233842226081
-0.0861700581473354,7.69727973867109,0.249631760088231
-0.165649204937429,7.71142949568102,0.237446703492711
-0.245146726863383,7.72481189965769,0.225772499287765
-0.324659994246519,7.73742524347268,0.214597836446786
-0.404186244827661,7.74926784356242,0.203910911588709
-0.483722579406213,7.76033804132488,0.193699492668987
-0.563265958120564,7.77063420455943,0.183950980685495
-0.642813197349499,7.78015472894379,0.174652469230592
-0.722360967212672,7.78889803954179,0.165790801741912
-0.801905789646748,7.79686259233643,0.157352626325398
-0.881444037032627,7.80404687578237,0.149324448044497
-0.960971931348113,7.81044941237264,0.141692678589255
-1.04048554381961,7.81606876021453,0.134443683258159
-1.11998079504577,7.82090351460961,0.127563825203878
-1.1994534555656,7.82495230963355,0.121039506911565
-1.27889914684317,7.82821381971122,0.114857208894926
-1.35831334264117,7.83068676118314,0.10900352561089
-1.43769137075528,7.83236989385955,0.103465198608337
-1.51702841508184,7.83326202255842,0.0982291469399039
-1.59631951799135,7.83336199862443,0.093282494878471
-1.67555958298104,7.83266872142567,0.0886125969913718
-1.75474337757999,7.83118113982563,0.0842070606358067
-1.83386553648125,7.8288982536278,0.0800537659482703
-1.91292056487593,7.82581911499084,0.0761408834090959
-1.99190284196518,7.82194282981226,0.0724568890704661
-2.07080662462688,7.81726855907897,0.0689905775424644
-2.14962605121462,7.81179552018308,0.0657310728369808
-2.22835514546793,7.8055229882018,0.0626678371735596
-2.30698782051336,7.79845029714026,0.0597906778546342
-2.38551788293742,7.79057684113636,0.0570897523200687
-2.46393903691324,7.78190207562707,0.0545555714925686
-2.54224488836407,7.77242551847548,0.0521790015263723
-2.62042894914785,7.76214675105829,0.0499512640717542
-2.69848464124814,7.75106541931367,0.0478639351672977
-2.77640530095787,7.73918123474913,0.0459089428706964
-2.85418418304336,7.72649397540977,0.0440785637370615
-2.93181446487737,7.7130034868068,0.0423654182514088
-3.00928925053073,7.69870968280685,0.0407624653192303
-3.0866015748133,7.68361254648229,0.0392629959158651
-3.16374440725589,7.66771213092311,0.0378606259918387
-3.2407106560259,7.65100856001087,0.0365492887274815
-3.31749317177014,7.63350202915543,0.0353232262260172
-3.39408475137932,7.61519280599497,0.034176980729987
-3.47047814166945,7.59608123106026,0.0331053854413794
-3.54666604297631,7.57616771840374,0.0321035550212213
-3.62264111265966,7.55545275619435,0.0311668758396938
-3.69839596851481,7.53393690727904,0.0302909960431006
-3.77392319208963,7.51162080971153,0.0294718154992759
-3.84921533190577,7.48850517724961,0.0287054756783129
-3.92426490658343,7.4645907998215,0.0279883495208337
-3.99906440786944,7.43987854396249,0.0273170313414619
-4.07360630356897,7.41436935322251,0.0266883268106958
-4.14788304038151,7.38806424854575,0.0260992430540567
-4.2218870466423,7.36096432862303,0.0255469789032098
-4.29561073497048,7.33307077021798,0.0250289153297418
-4.3690465048258,7.30438482846777,0.0245426060884479
-4.44218674497575,7.27490783715935,0.024085768593334
-4.51502383587539,7.24464120898193,0.0236562750460957
-4.58755015196211,7.2135864357566,0.0232521438335851
-4.65975806386808,7.18174508864389,0.0228715312077438
-4.73163994055282,7.14911881832991,0.0225127232586444
-4.80318815135881,7.11570935519198,0.0221741281886652
-4.87439506799295,7.08151850944439,0.0218542688934016
-4.94525306643663,7.04654817126488,0.0215517758527098
-5.01575452878761,7.01080031090276,0.0212653803332612
-5.08589184503629,6.97427697876897,0.0209939079021655
-5.15565741477964,6.93698030550896,0.0207362722495892
-5.22504364887541,6.89891250205885,0.0204914693168376
-5.29404297103966,6.8600758596854,0.0202585717250903
-5.36264781939042,6.82047275001033,0.020036723498854
-5.43085064794008,6.78010562501955,0.0198251350772371
-5.49864392803944,6.73897701705769,0.019623078605322
-5.56602014977585,6.69708953880833,0.0194298834972294
-5.63297182332806,6.65444588326053,0.0192449322619058
-5.69949148028015,6.61104882366188,0.0190676565822206
-5.765571674897,6.56690121345845,0.0188975336376218
-5.83120498536351,6.52200598622211,0.0187340826603594
-5.89638401498964,6.47636615556547,0.0185768617151314
-5.96110139338347,6.42998481504468,0.0184254646919384
-6.02534977759418,6.38286513805051,0.0182795185019288
-6.0891218532268,6.33501037768791,0.0181386804660827
-6.15241033553049,6.28642386664426,0.0180026358866973
-6.21520797046209,6.23710901704663,0.0178710957918088
-6.27750753572637,6.18706932030819,0.0177437948428889
-6.33930184179467,6.13630834696407,0.0176204893964047
-6.40058373290303,6.08482974649673,0.0175009557101003
-6.46134608803145,6.0326372471511,0.0173849882851605
-6.52158182186516,5.97973465573968,0.017272398335732
-6.58128388573929,5.92612585743768,0.0171630123776143
-6.64044526856785,5.87181481556836,0.0170566709282715
-6.69905899775805,5.81680557137873,0.0169532273106698
-6.75711814011087,5.76110224380573,0.0168525465537992
-6.81461580270866,5.704709029233,0.0167545043830924
-6.87154513379066,5.64763020123828,0.0166589862943064
-6.92789932361697,5.58987011033166,0.0165658867047845
-6.9836716053219,5.53143318368472,0.0164751081763545
-7.03885525575693,5.47232392485054,0.0163865607044601
-7.09344359632419,5.41254691347489,0.0163001610684442
-7.14742999380071,5.35210680499849,0.0162158322382227
-7.200807861154,5.29100833035039,0.0161335028328893
-7.25357065834937,5.22925629563276,0.0160531066270898
-7.30571189314928,5.16685558179689,0.0159745821012805
-7.3572251219052,5.10381114431063,0.0158978720322579
-7.40810395034211,5.04012801281728,0.0158229231206004
-7.45834203433605,4.97581129078595,0.0157496856519071
-7.50793308068489,4.91086615515347,0.0156781131889461
-7.55687084787252,4.84529785595795,0.0156081622920456
-7.60514914682667,4.77911171596392,0.0155397922652609
-7.65276184167054,4.71231313027923,0.0154729649260465
-7.6997028504684,4.64490756596365,0.0154076443963407
-7.7459661459651,4.57690056162923,0.0153437969131384
-7.79154575631996,4.50829772703258,0.0152813906567865
-7.83643576583469,4.43910474265889,0.0152203955953812
-7.88063031567575,4.36932735929798,0.0151607833437843
-7.9241236045911,4.29897139761221,0.0151025270359017
-7.96690988962129,4.22804274769641,0.0150456012089837
-8.00898348680506,4.15654736862985,0.0149899816988164
-8.05033877187942,4.08449128802027,0.0149356455447731
-8.09097018097423,4.01188060154002,0.0148825709037861
-8.13087221130125,3.93872147245432,0.0148307369723869
-8.17003942183775,3.86502013114174,0.0147801239160367
-8.20846643400453,3.79078287460688,0.014730712805045
-8.24614793233849,3.71601606598534,0.0146824855564368
-8.28307866515966,3.64072613404098,0.0146354248811911
-8.31925344523257,3.56491957265549,0.0145895142363262
-8.35466715042215,3.48860294031044,0.014544737781359
-8.38931472434387,3.41178285956165,0.0145010803387108
-8.42319117700831,3.33446601650608,0.0144585273576738
-8.45629158545998,3.25665916024123,0.0144170648815892
-8.48861109441035,3.17836910231711,0.014376679517924
-8.52014491686511,3.09960271618071,0.0143373584109625
-8.55088833474561,3.02036693661327,0.0142990892168601
-8.58083669950432,2.94066875916006,0.0142618600808278
-8.6099854327344,2.860515239553,0.0142256596162438
-8.63833002677321,2.77991349312606,0.0141904768855055
-8.66586604529981,2.69887069422336,0.0141563013824573
-8.69258912392627,2.61739407560027,0.014123123016244
-8.71849497078286,2.53549092781735,0.014090932096456
-8.74357936709698,2.45316859862727,0.0140597193194469
-8.76783816776577,2.37043449235473,0.0140294757557154
-8.79126730192239,2.28729606926945,0.0140001928382549
-8.81386277349589,2.20376084495225,0.0139718623517846
-8.83562066176458,2.11983638965433,0.0139444764227846
-8.85653712190287,2.03553032764969,0.0139180275102652
-8.87660838552152,1.95085033658089,0.0138925083972088
-8.89583076120123,1.86580414679809,0.013867912182628
-8.91420063501948,1.78039954069142,0.01384423227419
-8.93171447107066,1.69464435201686,0.0138214623813641
-8.94836881197927,1.60854646521553,0.0137995965090497
-8.96416027940631,1.52211381472653,0.0137786289516508
-8.97908557454862,1.43535438429339,0.0137585542875647
-8.99314147863129,1.34827620626414,0.0137393673740547
-9.0063248533929,1.26088736088511,0.0137210633424828
-9.01863264156369,1.17319597558846,0.0137036375938783
-9.03006186733651,1.08521022427362,0.013687085794821
-9.04060963683048,0.996938326582465,0.0136714038736213
-9.05027313854741,0.908388547168575,0.0136565880167806
-9.05904964382077,0.819569194960431,0.0136426346657162
-9.06693650725725,0.73048862241869,0.0136295405137375
-9.07393116717092,0.641155224787594,0.013617302503262
-9.08003114600968,0.551577439340572,0.0136059178232595
-9.08523405077429,0.461763744620097,0.013595383906916
-9.08953757342961,0.371722659671872,0.0135856984295068
-9.09293949130825,0.281462743273395,0.0135768593064729
-9.09543766750633,0.19099259315699,0.0135688646916926
-9.09703005127156,0.100320845227348,0.0135617129759423
-9.09771467838335,0.00945617277366319,0.0135554027855419
-9.09748967152506,-0.0815927143235736,0.0135499329811782
-9.09635324064828,-0.17281707039106,0.0135453026569034
-9.09430368332902,-0.264208114766366,0.0135415111393044
-9.09133938511595,-0.355757032606761,0.0135385579868396
-9.0874588198704,-0.447454975703094,0.0135364429893398
-9.08266055009828,-0.539293063298676,0.0135351661676718
-9.07694322727373,-0.631262382913074,0.0135347277735614
-9.07030559215454,-0.723353991170765,0.0135351282895744
-9.06274647508922,-0.815558914634551,0.013536368429255
-9.0542647963158,-0.907868150643682,0.0135384491374186
-9.0448595662521,-1.00027266815661,0.0135413715906005
-9.03452988577766,-1.09276340859827,0.0135451371976572
-9.02327494650717,-1.1853312867119,0.0135497476005228
-9.01109403105528,-1.27796719141515,0.0135552046751182
-8.99798651329298,-1.37066198666064,0.0135615105324142
-8.98395185859521,-1.46340651230067,0.0135686675196494
-8.96898962407997,-1.55619158495612,0.0135766782217018
-8.95309945883858,-1.6490079988895,0.0135855454626174
-8.93628110415734,-1.74184652688189,0.0135952723072947
-8.91853439373032,-1.83469792111394,0.0136058620633277
-8.89985925386342,-1.92755291405062,0.0136173182830078
-8.8802557036695,-2.02040221932978,0.013629644765488
-8.85972385525472,-2.11323653265441,0.0136428455591094
-8.83826391389588,-2.20604653268851,0.0136569249638931
-8.81587617820885,-2.29882288195641,0.0136718875342003
-8.79256104030804,-2.39155622774566,0.0136877380815621
-8.76831898595679,-2.48423720301313,0.013704481677682
-8.74315059470879,-2.57685642729453,0.0137221236576154
-8.71705654004033,-2.66940450761702,0.013740669623127
-8.69003758947355,-2.76187203941496,0.0137601254462312
-8.66209460469045,-2.85424960744868,0.0137804972729196
-8.63322854163782,-2.94652778672617,0.0138017915270768
-8.60344045062291,-3.03869714342768,0.0138240149145921
-8.57273147639994,-3.13074823583298,0.013847174427669
-8.54110285824733,-3.22267161525138,0.0138712773493378
-8.50855593003569,-3.31445782695432,0.0138963312581766
-8.47509212028647,-3.40609741111042,0.0139223440332455
-8.44071295222138,-3.497580903723,0.0139493238592391
-8.40542004380239,-3.58889883756992,0.0139772792318636
-8.36921510776243,-3.68004174314556,0.014006218963444
-8.33209995162673,-3.77100014960511,0.0140361521887682
-8.29407647772466,-3.86176458571077,0.0140670883711737
-8.25514668319232,-3.95232558077998,0.0140990373088847
-8.21531265996558,-4.04267366563556,0.0141320091416066
-8.17457659476371,-4.13279937355753,0.0141660143573851
-8.13294076906359,-4.22269324123677,0.0142010637997383
-8.09040755906438,-4.31234580973012,0.0142371686750698
-8.04697943564278,-4.40174762541715,0.014274340560372
-8.00265896429875,-4.49088924095822,0.014312591411228
-7.95744880509172,-4.57976121625397,0.0143519335701218
-7.9113517125673,-4.66835411940595,0.0143923797750675
-7.86437053567448,-4.75665852767846,0.014433943168567
-7.81650821767326,-4.84466502846144,0.0144766373069072
-7.76776779603277,-4.93236422023426,0.0145204761698087
-7.71815240231985,-5.01974671353042,0.0145654741704372
-7.66766526207802,-5.10680313190299,0.0146116461657903
-7.61630969469702,-5.19352411289078,0.0146590074674726
-7.56408911327265,-5.279900308985,0.0147075738528729
-7.51100702445717,-5.36592238859645,0.014757361576757
-7.45706702830009,-5.45158103702316,0.0148083873832922
-7.40227281807941,-5.53686695741821,0.0148606685185168
-7.3466281801233,-5.62177087175783,0.0149142227432734
-7.29013699362228,-5.7062835218096,0.0149690683466205
-7.23280323043177,-5.79039567010062,0.0150252241597417
-7.17463095486518,-5.87409810088563,0.0150827095703699
-7.11562432347743,-5.95738162111496,0.0151415445377462
-7.05578758483892,-6.04023706140213,0.0152017496081336
-6.99512507930007,-6.12265527699118,0.0152633459309064
-6.93364123874621,-6.20462714872346,0.0153263552752371
-6.87134058634315,-6.28614358400388,0.0153908000474048
-6.80822773627309,-6.36719551776648,0.0154567033087469
-6.74430739346124,-6.44777391343928,0.0155240887942821
-6.67958435329279,-6.52786976390824,0.0155929809320285
-6.61406350132063,-6.6074740924803,0.0156634048630453
-6.54774981296351,-6.68657795384533,0.0157353864622273
-6.4806483531949,-6.76517243503702,0.0158089523598811
-6.41276427622234,-6.8432486563924,0.0158841299641147
-6.34410282515761,-6.92079777251021,0.015960947484075
-6.27466933167736,-6.99781097320763,0.0160394339540642
-6.20446921567459,-7.07427948447564,0.016119619258575
-6.13350798490074,-7.15019456943271,0.0162015341582796
-6.06179123459858,-7.22554752927674,0.0162852103170125
-5.98932464712578,-7.30032970423522,0.0163706803297893
-5.91611399156939,-7.37453247451345,0.0164579777519039
-5.84216512335106,-7.4481472612408,0.0165471371291497
-5.7674839838231,-7.52116552741482,0.0166381940292121
-5.69207659985552,-7.59357877884316,0.0167311850742825
-5.61594908341393,-7.6653785650832,0.0168261479749451
-5.53910763112839,-7.73655648037934,0.0169231215653923
-5.4615585238533,-7.8071041645977,0.0170221458400247
-5.38330812621831,-7.87701330415834,0.0171232619914967
-5.30436288617031,-7.94627563296475,0.0172265124502702
-5.22472933450654,-8.01488293333062,0.0173319409257424
-5.14441408439886,-8.08282703690365,0.0174395924490177
-5.06342383090926,-8.15009982558655,0.0175495134173951
-4.98176535049658,-8.21669323245487,0.0176617516406488
-4.89944550051461,-8.28259924267172,0.0177763563891807
-4.81647121870148,-8.34780989439927,0.0178933784441307
-4.73284952266048,-8.41231727970692,0.0180128701495308
-4.6485875093324,-8.47611354547605,0.0181348854665977
-4.56369235445933,-8.53919089430121,0.0182594800302602
-4.47817131204007,-8.60154158538776,0.0183867112080237
-4.39203171377717,-8.6631579354458,0.0185166381612808
-4.30528096851569,-8.72403231958033,0.0186493219091785
-4.21792656167374,-8.78415717217747,0.0187848253951632
-4.12997605466483,-8.84352498778675,0.018923213556327
-4.04143708431212,-8.90212832199941,0.0190645533956876
-3.9523173622547,-8.95995979232243,0.0192089140575396
-3.86262467434583,-9.0170120790484,0.0193563669060222
-3.77236688004342,-9.07327792612111,0.0195069856070576
-3.68155191179259,-9.12875014199659,0.01966084621382
-3.59018777440064,-9.18342160049983,0.0198180272559058
-3.49828254440426,-9.23728524167678,0.0199786098323827
-3.40584436942929,-9.29033407264177,0.020142677708907
-3.31288146754298,-9.34256116842015,0.0203103174191057
-3.2194021265989,-9.39395967278605,0.0204816183704342
-3.12541470357457,-9.44452279909532,0.0206566729547281
-3.03092762390189,-9.49424383111342,0.0208355766636823
-2.93594938079056,-9.54311612383817,0.0210184282095011
-2.84048853454448,-9.59113310431748,0.0212053296509781
-2.74455371187129,-9.6382882724617,0.0213963865252779
-2.64815360518519,-9.68457520185072,0.0215917079857064
-2.5512969719031,-9.7299875405357,0.0217914069457734
-2.45399263373432,-9.77451901183525,0.0219956002298673
-2.35624947596378,-9.81816341512609,0.0222044087308789
-2.25807644672902,-9.86091462662818,0.0224179575751321
-2.15948255629108,-9.90276660018395,0.0226363762949976
-2.06047687629933,-9.94371336803201,0.0228597990095879
-1.96106853905049,-9.98374904157479,0.0230883646139541
-1.8612667367419,-10.0228678121404,0.0233222169772286
-1.76108072071926,-10.0610639517387,0.0235615051501856
-1.66051980071898,-10.0983318138105,0.0238063835827134
-1.55959334410521,-10.1346658339722,0.0240570123517275
-1.4583107751019,-10.1700605307524,0.0243135574000775
-1.35668157401989,-10.2045105063238,0.0245761907870392
-1.25471527647933,-10.238010447228,0.0248450909510124
-1.15242147262751,-10.270555125094,0.0251204429850856
-1.04980980635244,-10.3021393973507,0.0254024389261644
-0.946889974492241,-10.3327582079325,0.0256912780584041
-0.84367172604065,-10.3624065879786,0.0259871672317297
-0.740164861348809,-10.3910796565256,0.0262903211962727
-0.636379231323604,-10.4187726211938,0.0266009629536064
-0.532324736622773,-10.445480778866,0.0269193241257093
-0.42801132684703,-10.4711995163609,0.0272456453426496
-0.323448999729482,-10.4959243110985,0.0275801766500351
-0.218647800322586,-10.5196507317596,0.027923177937346
-0.11361782018295,-10.5423744389375,0.0282749193883269
-0.00836919655426438,-10.5640911857843,0.0286356819546941
0.0970878884513336,-10.5847968186486,0.0290057578544866
0.202743208673126,-10.6044872777075,0.0293854510964743
0.308586494722584,-10.6231585975916,0.0297750780321226
0.414607434804691,-10.6408069080018,0.0301749679367071
0.520795675539432,-10.6574284343209,0.030585463621271
0.627140822783084,-10.6730194982169,0.0310069220772257
0.733632442448892,-10.6875765182397,0.0314397151555058
0.840260061326691,-10.7010960104107,0.0318842302823124
0.94701316790106,-10.7135745888059,0.0323408712136086
1.0538812131675,-10.7250089661312,0.0328100588306657
1.16085361144618,-10.7353959542908,0.0332922319791095
1.2679197411927,-10.7447324649496,0.0337878483540699
1.37506894580535,-10.7530155100872,0.0342973854342082
1.48229053442829,-10.7602422025459,0.0348213414675717
1.58957378275004,-10.7664097565717,0.0353602365124205
1.69690793379663,-10.7715154883478,0.0359146135363743
1.80428219871877,-10.7755568165219,0.0364850395774457
1.91168575757233,-10.7785312627267,0.0370721069707613
2.01910776009136,-10.7804364520931,0.0376764346450207
2.1265373264529,-10.7812701137574,0.0382986694930139
2.23396354803272,-10.7810300813614,0.0389394878207984
2.34137548815109,-10.7797142935462,0.0395995968804509
2.44876218280779,-10.7773207944395,0.0402797364916279
2.55611264140515,-10.773847734137,0.0409806807575274
2.66341584745829,-10.7692933691768,0.0417032398812141
2.77066075929143,-10.7636560630082,0.0424482620886737
2.87783631071891,-10.7569342864547,0.0432166356653939
2.98493141171001,-10.7491266181708,0.0440092911137273
3.09193494903603,-10.7402317450934,0.0448272034387853
3.1988357868983,-10.7302484628873,0.045671394571144
3.30562276753569,-10.7191756763865,0.0465429359352026
3.4122847118101,-10.7070124000287,0.0474429511726481
3.51881041976815,-10.6937577582867,0.0483726190311246
3.62518867117742,-10.6794109860937,0.0493331764289058
3.73140822603541,-10.6639714292656,0.0503259217071137
3.83745782504909,-10.6474385449174,0.0513522180818264
3.94332619008309,-10.6298119018782,0.0524134973092782
4.04900202457422,-10.6110911811,0.053511263578272
4.15447401390997,-10.5912761760656,0.0546470976449121
4.25973082576839,-10.5703667931928,0.0558226612258223
4.36476111041676,-10.5483630522357,0.0570397016671488
4.46955350096609,-10.5252650866849,0.0583000569078617
4.57409661357842,-10.501073144166,0.0596056607571774
4.67837904762371,-10.4757875868366,0.0609585485073189
4.78238938578274,-10.4494088917835,0.0623608629043333
4.88611619409243,-10.421937651419,0.0638148605012985
4.98954802192953,-10.3933745738792,0.0653229184199726
5.09267340192859,-10.3637204834221,0.0668875415487949
5.19548084982954,-10.3329763208286,0.0685113702071354
5.29795886425031,-10.3011431438063,0.0701971883078165
5.40009592637911,-10.2682221273959,0.0719479320522208
5.50188049958113,-10.2342145643828,0.0737666991947481
5.60330102891369,-10.1991218657134,0.0756567589160149
5.70434594054365,-10.1629455609182,0.0776215623470091
5.80500364106035,-10.1256872985408,0.0796647537894376
5.90526251667706,-10.0873488465771,0.0817901826807441
6.00511093231325,-10.0479320929217,0.0840019163557531
6.10453723054957,-10.0074390458275,0.086304253660619
6.20352973044677,-9.96587183437484,0.0887017394787525
6.30207672621938,-9.92323270895629,0.0911991802326773
6.40016648575408,-9.87952404177495,0.0938016604303483
6.49778724896215,-9.83474832736015,0.0965145603293767
6.59492722595463,-9.78890818310136,0.0993435747978584
6.69157459502796,-9.74200634980233,0.102294733456133
6.78771750044706,-9.6940456922576,0.105374422189817
6.88334405001197,-9.6450291998533,0.108589406130895
6.97844231239298,-9.59495998719479,0.111946854210542
7.07300031421836,-9.54384129476339,0.115454365394708
7.16700603689757,-9.49167648960486,0.11911999672135
7.26044741316157,-9.43846906605249,0.122952293266608
7.35331232330075,-9.38422264648783,0.12696032017616
7.44558859107938,-9.32894098214203,0.131153696907558
7.53726397930413,-9.2726279539416,0.13554263383952
7.62832618502275,-9.21528757340186,0.140137971414989
7.71876283432703,-9.15692398357238,0.144951221996326
7.80856147673264,-9.09754146003823,0.149994614623231
7.89770957910633,-9.03714441198195,0.155281142877046
7.98619451910896,-8.97573738331062,0.160824616068867
8.07400357812076,-8.91332505385354,0.16663971398358
8.16112393361263,-8.84991224063579,0.172742045427366
8.24754265092502,-8.78550389923364,0.179148210842638
8.33324667441317,-8.72010512521813,0.185875869271604
8.41822281791461,-8.65372115569351,0.192943809967853
8.50245775449186,-8.58635737093776,0.200372028974451
8.58593800540012,-8.51801929615291,0.208181811007097
8.66864992822612,-8.44871260333341,0.216395817001844
8.75057970414097,-8.37844311326135,0.225038177708749
8.83171332420578,-8.30721679763794,0.234134593735598
8.91203657466482,-8.23503978136136,0.243712442469401
8.99153502115679,-8.16191834496178,0.253800892327698
9.07019399177015,-8.08785892720492,0.264431024816718
9.14799855886364,-8.01286812787667,0.275635964898996
9.22493351956822,-7.93695271076169,0.287451020198987
9.30098337488127,-7.86011960683015,0.299913829601373
9.37613230725839,-7.7823759176476,0.313064521822881
9.45036415660243,-7.70372891902382,0.326945884564238
9.52366239454313,-7.62418606491782,0.341603544874014
9.59601009689485,-7.54375499161719,0.357086161380154
9.66738991417306,-7.46244352221105,0.373445629067485
9.7377840400436,-7.38025967137734,0.390737297299729
9.80717417757222,-7.29721165050647,0.409020201802021
9.87554150313431,-7.21330787318454,0.428357311333602
9.94286662783825,-7.12855696106125,0.448815789789448
10.0091295563081,-7.04296775012866,0.470467274472885
10.0743096426647,-6.95654929743913,0.49338817127747
10.1383855435368,-6.86931088829188,0.517659967504059
10.2013351679271,-6.78126204392007,0.543369563016395
10.2631356237522,-6.69241252971144,0.570609620403587
10.3237631608678,-6.60277236399808,0.599478934768414
10.3831931103867,-6.51235182745242,0.630082823693757
10.4413998200912,-6.4211614731289,0.662533537852731
10.4983565857392,-6.32921213719261,0.696950692617904
10.554035578058,-6.23651495037842,0.733461720887511
10.6084077652225,-6.14308135022629,0.772202347177604
10.6614428306136,-6.04892309414053,0.813317082823732
10.7131090856546,-5.95405227332289,0.856959741888704
10.7633733775324,-5.85848132763143,0.903293977078217
10.8122009916164,-5.76222306141936,0.952493834617048
10.8595555484043,-5.66529066040946,1.0047443266277
10.9053988948378,-5.56769770966206,1.06024201907283
10.9496909898565,-5.46945821269554,1.11919563276377
10.9923897840872,-5.37058661182003,1.18182665429013
11.033451093599,-5.27109780974579,1.24836995298002
11.0728284677015,-5.17100719252833,1.31907439914556
11.1104730508129,-5.07033065391257,1.39420347789238
11.146333438492,-4.96908462113771,1.47403589166329
11.180355527799,-4.86728608226345,1.55886614343195
11.2124823622416,-4.76495261507618,1.64900509105054
11.2426539716638,-4.66210241763067,1.74478046167355
11.2708072075576,-4.55875434047913,1.84653731341583
11.2968755744132,-4.45492792063363,1.95463842944798
11.3207890578835,-4.35064341730133,2.06946462757567
11.3424739507227,-4.24592184942346,2.1914149659875
11.3618526776594,-4.14078503503807,2.32090682328526
11.3788436206039,-4.03525563247433,2.45837582813464
11.3933609458446,-3.9293571833704,2.60427561090273
11.4053144351848,-3.82311415748937,2.75907734649838
11.4146093232923,-3.71655199928606,2.92326905433109
11.4211461438934,-3.6096971761534,3.09735461789324
11.4248205878318,-3.50257722824823,3.28185248300549
11.4255233764413,-3.39522081976424,3.47729399031876
11.4231401541396,-3.28765779148224,3.68422129433366
11.4175514046395,-3.17991921438666,3.9031848180989
11.4086323956994,-3.07203744408952,4.13474019003057
11.3962531578715,-2.96404617575116,4.3794446071333
11.3802785032747,-2.85598049912864,4.63785256751415
11.3605680909851,-2.74787695331893,4.91051091471064
11.3369765462035,-2.63977358069429,5.1979531372923
11.3093536409105,-2.53170997945171,5.50069286976806
11.2775445442307,-2.42372735411758,5.8192165454012
11.2413901511805,-2.31586856326246,6.1539751584971
11.2007274988472,-2.20817816359085,6.50537510350626
11.1553902793,-2.10070244947714,6.8737680713122
11.1052094586408,-1.99348948692324,7.25943999978418
11.050014011521,-1.8865891408174,7.66259909647553
10.9896317801363,-1.78005309427969,8.08336297659904
10.9238904661234,-1.67393485878932,8.52174498937916
10.8526187628676,-1.56828977370662,8.9776398407097
10.7756476344407,-1.4631749937305,9.45080865969926
10.6928117456824,-1.3586494627754,9.94086370090035
10.6039510457674,-1.25477387271366,10.4472529222388
10.508912504927,-1.15161060541605,10.9692447299916
10.4075520008035,-1.04922365653848,11.5059132353103
10.2997363471868,-0.947678539553581,12.0561244200132
10.185345453632,-0.84704216861619,12.6185236604747
10.064274599719,-0.747382718987175,13.1915251047378
9.93643680255318,-0.64876946392592,13.7733034363472
9.80176525061267,-0.551272587200783,14.3617885853527
9.66021577136634,-0.454962970662838,14.9546639587066
9.51176929437708,-0.359911956681772,15.5493687550545
9.35643426608528,-0.266191085653518,16.1431048990007
9.19424896737686,-0.173871809254063,16.7328490740703
9.02528368065493,-0.0830251806273052,17.3153702492841
8.84964264974484,0.00627847675152837,17.8872529801086
8.66746577387072,0.0939699192129524,18.4449266205923
8.47892997643747,0.179981349110031,18.9847004115697
8.28425019069794,0.264246793600147,19.5028042137241
8.08367990779449,0.346702491905417,19.9954344400335
7.87751123827985,0.427287286437815,20.4588045177583
7.66607444609594,0.505943012713938,20.8891989856954
7.44973692406417,0.582614882612148,21.2830301194437
7.22890159203998,0.65725185526317,21.6368957883561
7.0040047127036,0.729806989732935,21.9476370952623
6.77551313507331,0.800237773669264,22.212394245735
6.54392099169891,0.868506422252243,22.4286590476586
6.30974589149981,0.934580142116957,22.5943224614857
6.07352466567175,0.998431355404711,22.7077157106225
5.83580873830269,1.06003787973643,22.767643619574
5.59715920563771,1.11938306067408,22.7734090700923
5.35814171771134,1.17645585412047,22.7248277435793
5.11932126283058,1.23125085707745,22.6222326385275
4.88125695879391,1.28376828620503,22.466468198895
4.64449695459343,1.33401390466507,22.2588742451476
4.40957354267388,1.38199889875708,22.0012602457475
4.17699857480244,1.42773970682601,21.6958707853184
3.94725926459436,1.47125780381074,21.3453433607747
3.72081444724324,1.51257944557894,20.9526598556673
3.49809135263061,1.55173537783812,20.5210931970433
3.27948293241435,1.58876051490738,20.0541507837841
3.06534576561865,1.62369359397077,19.5555162905803
2.85599855134865,1.65657681061036,19.0289914014495
2.65172118215255,1.68745544143804,18.4784389185028
2.45275437778381,1.7163774595223,17.9077285357004
2.25929984709785,1.74339314805274,17.3206863754775
2.07152093584706,1.76855471732151,16.7210491710117
1.8895437103878,1.7919159296477,16.1124237509851
1.71345842183121,1.81353173634999,15.4982522584725
1.54332129190099,1.83345793030812,14.8817833210307
1.37915656055525,1.8517508170647,14.2660491931705
1.22095873607051,1.86846690682707,13.6538487210551
1.06869499050637,1.88366262914952,13.0477358362168
0.922307646977057,1.89739407152515,12.450013172034
0.781716709648457,1.90971674260461,11.862730313643
0.646822392563808,1.92068536029459,11.2876861373871
0.517507609002785,1.93035366457761,10.7264346672788
0.393640388854942,1.93877425454026,10.1802938699565
0.275076197229725,1.94599844879884,9.65035682255024
0.161660133061503,1.95207616827004,9.13750471586654
0.0532289916668705,1.95705584004557,8.64242119460791
-0.0503868200229493,1.96098432099105,8.16560758345184
-0.149361522561921,1.96390683959546,7.70739859961132
-0.243872360688134,1.96586695454368,7.26797820631053
-0.33409815768674,1.96690652846508,6.8473953152396
-0.420218024807782,1.96706571532155,6.44557909777734
-0.502410220958229,1.96638295993238,6.06235371330673
-0.580851156181964,1.96489500818723,5.69745230741032
-0.655714531158431,1.96263692656735,5.35053017258009
-0.727170604042541,1.95964212967482,5.0211769990528
-0.795385575386427,1.95594241455714,4.70892817346173
-0.860521081579375,1.95156800070652,4.41327510832635
-0.922733787169636,1.94654757470721,4.13367460626114
-0.982175066547815,1.94090833859801,3.86955727953315
-1.03899076573714,1.93467606110973,3.62033505864957
-1.09332103541625,1.92787513102597,3.38540783344719
-1.14530022676486,1.92052861200108,3.16416927712255
-1.19505684224518,1.91265829824927,2.95601190820842
-1.24271353399143,1.9042847705938,2.76033144806623
-1.28838714305582,1.89542745243467,2.57653053238886
-1.33218877334004,1.88610466525707,2.40402183482194
-1.37422389461197,1.87633368336094,2.24223065940113
-1.41459246956129,1.86613078754464,2.0905970563195
-1.4533891003772,1.85551131752305,1.94857751279407
-1.49070319083127,1.84448972290259,1.81564626767408
-1.52661912031728,1.83307961257331,1.69129629507191
-1.56121642673354,1.82129380241098,1.57503999882086
-1.5945699954933,1.80914436121132,1.46640965606684
-1.62675025231363,1.79664265480342,1.36495764485723
-1.6578233577648,1.78379938831134,1.2702564872558
-1.68785140186109,1.7706246465513,1.18189873632771
-1.71689259724224,1.75712793256789,1.09949673233161
-1.74500146973393,1.74331820432583,1.02268225064442
-1.77222904528799,1.72920390958505,0.95110606133805
-1.7986230324904,1.71479301899588,0.884437417929565
-1.8242279999896,1.70009305745858,0.82236349063463
-1.8490855483414,1.68511113379704,0.764588757463461
-1.87323447589121,1.66985396880144,0.710834364700413
-1.89671093842267,1.65432792169744,0.660837466692467
-1.91954860239352,1.63853901510233,0.614350553426824
-1.94177879165896,1.62249295852971,0.571140773091592
-1.96343062764929,1.60619517050535,0.530989255673604
-1.98453116302451,1.58965079935678,0.493690442641622
-2.00510550887543,1.57286474273894,0.459051426879388
-2.02517695557904,1.55584166595759,0.42689130625983
-2.04476708744676,1.53858601915074,0.397040553578192
-2.06389589132935,1.52110205338726,0.36934040497773
-2.08258185936135,1.50339383574008,0.343642268497395
-2.1008420860425,1.48546526338954,0.319807153937782
-2.11869235986451,1.46732007681073,0.297705124871543
-2.1361472496983,1.4489618720964,0.277214773310068
-2.15322018616155,1.43039411246514,0.258222717272884
-2.16992353818771,1.41162013900221,0.240623121283875
-2.1862686850179,1.39264318067864,0.224317239633768
-2.20226608383468,1.37346636369162,0.209212982096343
-2.21792533325372,1.35409272016755,0.195224501662416
-2.23325523288467,1.33452519626674,0.182271803756806
-2.24826383916735,1.31476665972702,0.170280376325894
-2.26295851768314,1.29481990688122,0.159180840124016
-2.2773459921349,1.274687669182,0.148908618483144
-2.29143239018193,1.25437261926528,0.139403625819731
-2.30522328630884,1.23387737658199,0.130609974113299
-2.3187237419002,1.2132045126261,0.122475696581387
-2.33193834268497,1.1923565557853,0.114952487773491
-2.34487123370753,1.17133599583902,0.107995459311055
-2.35752615197445,1.15014528812716,0.101562910510483
-2.36990645691892,1.12878685741144,0.0956161131402729
-2.38201515881746,1.10726310144986,0.0901191095810737
-2.39385494528682,1.08557639430357,0.08503852367786
-2.4054282059816,1.0637290893942,0.0803433835958951
-2.41673705560723,1.04172352232871,0.0760049560161992
-2.42778335535597,1.01956201350738,0.0719965910313579
-2.43856873286793,0.997246870530004,0.068293577128323
-2.44909460081296,0.974780390414029,0.0648730056710509
-2.45936217418388,0.952164861637668,0.061713644322103
-2.46937248638588,0.929402566020072,0.0587958188684992
-2.4791264042022,0.906495780449913,0.0561013029429537
-2.48862464171104,0.883446778472924,0.0536132151570097
-2.49786777322406,0.860257831748257,0.051315923187388
-2.50685624531278,0.836931211382867,0.0491949543809878
-2.51559038798452,0.813469189152485,0.0472369124673505
-2.52407042506615,0.789874038617167,0.0454293999899698
-2.53229648384986,0.766148036138887,0.0437609460895577
-2.54026860405175,0.742293461808079,0.0422209392932406
-2.5479867461308,0.718312600285597,0.0407995649836422
-2.55545079901277,0.694207741566115,0.0394877472409115
-2.56266058726028,0.669981181668524,0.0382770947689698
-2.56961587772816,0.645635223258559,0.0371598506346028
-2.57631638573996,0.621172176208474,0.036128845564515
-2.58276178081959,0.596594358098261,0.0351774545611201
-2.58895169200952,0.571904094662593,0.0342995566126812
-2.59488571280483,0.547103720187377,0.033489497287469
-2.60056340573055,0.522195577859512,0.0327420540148916
-2.60598430658777,0.497182020073208,0.032052403869103
-2.61114792839221,0.472065408695976,0.0314160936824444
-2.61605376502738,0.446848115297163,0.0308290123272396
-2.62070129463285,0.421532521341726,0.0302873650149883
-2.62508998274682,0.396121018351718,0.0297876494719001
-2.62921928522069,0.370616008037799,0.0293266338590293
-2.6330886509223,0.345019902402899,0.0289013363140174
-2.63669752424297,0.319335123820031,0.0285090059996748
-2.64004534742297,0.29356410508608,0.028147105552341
-2.64313156270825,0.267709289453277,0.0278132948302036
-2.64595561435117,0.241773130639938,0.0275054158685332
-2.64851695046638,0.21575809282193,0.0272214789551474
-2.65081502475247,0.189666650606226,0.0269596497453656
-2.65284929808947,0.163501288987799,0.0267182373412807
-2.65461924002101,0.137264503291025,0.0264956832653846
-2.65612433012982,0.110958799096669,0.0262905512634497
-2.65736405931437,0.0845866921554635,0.0261015178761175
-2.65833793097385,0.0581507082891954,0.0259273637228971
-2.65904546210834,0.0316533832801609,0.02576696544624
-2.65948618434032,0.00509726274978941,0.0256192882670615
-2.65965964486338,-0.0215150979728349,0.025483379106534
-2.65956540732337,-0.0481811339918677,0.0253583602321935
-2.65920305263707,-0.0748982709943857,0.0252434233894091
-2.65857217975293,-0.101663925408269,0.0251378243820557
-2.65767240635803,-0.128475504567739,0.0250408780688409
-2.65650336953535,-0.15533040688606,0.02495195374416
-2.65506472637479,-0.182226022034923,0.0248704708746124
-2.65335615454149,-0.209159731130093,0.0247958951644134
-2.6513773528044,-0.236128906922915,0.0247277349248902
-2.64912804152803,-0.263130913997309,0.0246655377250673
-2.64660796313007,-0.290163108971905,0.0246088873020383
-2.64381688250724,-0.317222840707008,0.0245574007113877
-2.64075458743164,-0.344307450516086,0.0245107256993877
-2.63742088891987,-0.371414272381512,0.0244685382800487
-2.6338156215765,-0.398540633174308,0.0244305405013597
-2.62993864391405,-0.425683852877637,0.0243964583862213
-2.62578983865081,-0.452841244813847,0.0243660400346612
-2.62136911298825,-0.480010115874835,0.0243390538749217
-2.61667639886926,-0.507187766755562,0.0243152870519445
-2.61171165321857,-0.534371492190522,0.024294543942643
-2.60647485816656,-0.561558581193012,0.0242766447881492
-2.6009660212575,-0.588746317297043,0.0242614244339698
-2.59518517564333,-0.615931978801742,0.0242487311696708
-2.58913238026376,-0.643112839018119,0.024238425660348
-2.58280772001369,-0.670286166518065,0.0242303799627313
-2.57621130589867,-0.697449225385461,0.0242244766193169
-2.56934327517916,-0.724599275469291,0.0242206078244261
-2.56220379150421,-0.751733572638658,0.0242186746565589
-2.55479304503524,-0.778849369039589,0.0242185863718437
-2.54711125256049,-0.805943913353551,0.0242202597537828
-2.53915865760056,-0.833014451057587,0.0242236185148658
-2.53093553050569,-0.860058224685984,0.0242285927459659
-2.52244216854505,-0.887072474093399,0.0242351184097477
-2.51367889598859,-0.91405443671937,0.0242431368746122
-2.50464606418177,-0.941001347854137,0.0242525944859702
-2.49534405161342,-0.967910440905713,0.0242634421718897
-2.48577326397729,-0.994778947668131,0.0242756350803896
-2.47593413422731,-1.02160409859082,0.0242891322458692
-2.46582712262699,-1.04838312304903,0.024303896282355
-2.45545271679318,-1.07511324961529,0.024319893101433
-2.44481143173441,-1.10179170633179,0.0243370916528986
-2.43390380988399,-1.12841572098368,0.024355463686312
-2.42273042112807,-1.15498252137324,0.0243749835317911
-2.41129186282894,-1.18148933559483,0.024395627898504
-2.39958875984352,-1.20793339231058,0.0244173756894446
-2.38762176453741,-1.23431192102685,0.0244402078311891
-2.3753915567945,-1.26062215237136,0.0244641071174313
-2.3628988440223,-1.28686131837085,0.0244890580651922
-2.35014436115314,-1.31302665272947,0.0245150467826864
-2.33712887064129,-1.33911539110762,0.0245420608479093
-2.3238531624561,-1.36512477140133,0.024570089197082
-2.31031805407139,-1.39105203402213,0.0245991220221617
-2.29652439045088,-1.41689442217731,0.0246291506766879
-2.28247304403007,-1.44264918215061,0.0246601675892915
-2.26816491469438,-1.4683135635833,0.0246921661842506
-2.25360092975379,-1.4938848197555,0.0247251408085237
-2.23878204391391,-1.51936020786788,0.0247590866647374
-2.2237092392436,-1.54473698932357,0.0247939997496481
-2.20838352513921,-1.57001243001027,0.0248298767976356
-2.19280593828543,-1.59518380058266,0.0248667152288211
-2.17697754261282,-1.62024837674481,0.0249045131014363
-2.16089942925206,-1.64520343953286,0.024943269068099
-2.14457271648495,-1.67004627559766,0.0249829823356802
-2.12799854969225,-1.69477417748758,0.02502365262847
-2.11117810129821,-1.71938444393132,0.0250652801543765
-2.09411257071212,-1.74387438012064,0.0251078655739119
-2.0768031842666,-1.76824129799315,0.0251514099717386
-2.05925119515282,-1.792482516515,0.0251959148305696
-2.0414578833527,-1.81659536196345,0.0252413820072297
-2.02342455556803,-1.84057716820935,0.0252878137107051
-2.00515254514646,-1.86442527699942,0.0253352124820171
-1.98664321200465,-1.88813703823838,0.0253835811757738
-1.96789794254827,-1.91170981027083,0.0254329229432626
-1.94891814958912,-1.93514096016288,0.0254832412169582
-1.92970527225923,-1.95842786398355,0.0255345396963309
-1.910260775922,-1.98156790708574,0.02558682233485
-1.89058615208049,-2.00455848438704,0.0256400933280845
-1.87068291828272,-2.02739700064996,0.0256943571028114
-1.85055261802406,-2.05008087076194,0.0257496183070498
-1.83019682064677,-2.07260752001481,0.0258058818009457
-1.80961712123663,-2.09497438438388,0.0258631526484366
-1.78881514051672,-2.11717891080641,0.0259214361096331
-1.76779252473833,-2.13921855745974,0.0259807376338593
-1.74655094556903,-2.16109079403869,0.0260410628532954
-1.72509209997792,-2.18279310203253,0.0261024175771766
-1.70341771011804,-2.2043229750012,0.0261648077864988
-1.68152952320595,-2.22567791885106,0.0262282396291914
-1.6594293113986,-2.24685545210979,0.0262927194157181
-1.63711887166728,-2.26785310620074,0.0263582536150695
-1.61460002566894,-2.28866842571648,0.0264248488511145
-1.59187461961457,-2.30929896869161,0.0264925118992811
-1.56894452413501,-2.32974230687479,0.026561249683539
-1.54581163414385,-2.34999602599996,0.0266310692736562
-1.52247786869773,-2.37005772605669,0.0267019778827089
-1.49894517085381,-2.38992502155972,0.0267739828648204
-1.47521550752462,-2.40959554181752,0.0268470917131103
-1.45129086933012,-2.42906693120001,0.0269213120578346
-1.42717327044713,-2.44833684940521,0.0269966516647005
-1.40286474845608,-2.46740297172501,0.0270731184333382
-1.37836736418508,-2.4862629893099,0.0271507203959171
-1.35368320155129,-2.50491460943256,0.0272294657158912
-1.32881436739974,-2.52335555575054,0.0273093626868617
-1.30376299133947,-2.54158356856771,0.0273904197315453
-1.27853122557701,-2.55959640509462,0.0274726454008359
-1.25312124474732,-2.57739183970772,0.0275560483729522
-1.22753524574211,-2.59496766420736,0.0276406374526587
-1.20177544753559,-2.61232168807462,0.0277264215705532
-1.17584409100759,-2.62945173872685,0.0278134097824124
-1.14974343876422,-2.64635566177196,0.027901611268587
-1.12347577495595,-2.66303132126141,0.0279910353334394
-1.09704340509309,-2.67947659994189,0.0280816914048181
-1.07044865585888,-2.69568939950558,0.0281735890335606
-1.04369387492001,-2.71166764083915,0.0282667378930204
-1.01678143073461,-2.72740926427119,0.0283611477786113
-0.989713712357864,-2.74291222981834,0.0284568286073642
-0.962493129245115,-2.7581745174299,0.0285537904174899
-0.935122111052515,-2.77319412723089,0.0286520433679452
-0.907603107435269,-2.78796907976372,0.0287515977379955
-0.879938587843468,-2.80249741622818,0.0288524639267695
-0.852131041315509,-2.81677719871994,0.0289546524528034
-0.824182976269146,-2.8308065104674,0.0290581739535678
-0.796096920290174,-2.84458345606696,0.0291630391849748
-0.767875419918758,-2.85810616171655,0.0292692590208613
-0.739521040433433,-2.87137277544761,0.0293768444524435
-0.711036365632791,-2.88438146735519,0.0294858065877394
-0.682423997614865,-2.8971304298265,0.0295961566509558
-0.653686556554228,-2.90961787776752,0.0297079059818354
-0.624826680476835,-2.92184204882795,0.0298210660349606
-0.595847025032612,-2.9338012036243,0.0299356483790106
-0.566750263265817,-2.9454936259611,0.0300516646959674
-0.537539085383191,-2.95691762305034,0.0301691267802685
-0.508216198519912,-2.96807152572892,0.0302880465379003
-0.478784326503382,-2.9789536886742,0.0304084359854315
-0.449246209614848,-2.98956249061771,0.0305303072489804
-0.419604604348893,-2.99989633455671,0.0306536725631137
-0.389862283170807,-3.00995364796391,0.0307785442696727
-0.360022034271862,-3.01973288299511,0.0309049348165236
-0.330086661322499,-3.02923251669478,0.0310328567562275
-0.300058983223466,-3.03845105119961,0.0311623227446266
-0.269941833854913,-3.04738701393993,0.031293345539343
-0.239738061823463,-3.05603895783905,0.0314259379981859
-0.209450530207294,-3.06440546151041,0.0315601130774633
-0.17908211629923,-3.0724851294526,0.031695883830194
-0.148635711347888,-3.08027659224217,0.0318332634042161
-0.118114220296876,-3.08777850672427,0.0319722650401881
-0.0875205615220872,-3.09498955620094,0.032112902069477
-0.0568576665670879,-3.10190845061728,0.0322551879119312
-0.0261284798766444,-3.10853392674525,0.0323991360735321
0.00466404147160833,-3.11486474836514,0.0325447601439199
0.0355169280373235,-3.1208997064448,0.032692073793791
0.0664271982894075,-3.12663761931643,0.0328410907721598
0.0973918588797685,-3.13207733285101,0.0329918249034814
0.128407904918827,-3.13721772063039,0.0331442900846311
0.159472320252766,-3.14205768411687,0.0332985002817336
0.190582077742499,-3.14659615282039,0.0334544695268396
0.221734139544327,-3.15083208446325,0.033612211914442
0.252925457392272,-3.15476446514233,0.0337717415978282
0.284152972882052,-3.15839230948879,0.0339330727852629
0.315413617756685,-3.16171466082528,0.0340962197359954
0.346704314193686,-3.16473059132052,0.0342611967560856
0.378021975093847,-3.16743920214143,0.034428018194045
0.409363504371565,-3.16983962360252,0.0345966984362838
0.440725797246699,-3.1719310153128,0.0347672519023613
0.472105740537933,-3.17371256631994,0.0349396930400314
0.503500212957613,-3.17518349525188,0.0351140363200785
0.534906085408047,-3.17634305045566,0.0352902962309368
0.566320221279227,-3.17719051013365,0.0354684872730868
0.59773947674796,-3.177725182477,0.0356486239532234
0.629160701078385,-3.17794640579639,0.0358307207781876
0.660580736923834,-3.17785354865002,0.0360147922486569
0.691996420630035,-3.1774460099688,0.0362008528525859
0.72340458253961,-3.17672321917881,0.0363889170583924
0.754802047297863,-3.17568463632086,0.0365789993078799
0.78618563415981,-3.17432975216734,0.0367711140088906
0.817552157298449,-3.17265808833613,0.0369652755276825
0.848898426114227,-3.17066919740165,0.0371614981810217
0.880221245545684,-3.16836266300309,0.0373597962279844
0.911517416381247,-3.16573809994971,0.0375601838614592
0.942783735572153,-3.1627951543232,0.0377626751993453
0.974016996546469,-3.15953350357713,0.0379672842754353
1.00521398952418,-3.15595285663345,0.0381740250299786
1.03637150183333,-3.15205295397602,0.0383829112999153
1.06748631822718,-3.14783356774119,0.0385939568087745
1.09855522120236,-3.1432945018053,0.0388071751562278
1.12957499131797,-3.13843559186925,0.039022579807292
1.16054240751568,-3.13325670553999,0.0392401840811713
1.19145424744064,-3.12775774240899,0.0394600011397333
1.2223072877634,-3.12193863412766,0.0396820439756086
1.25309830450258,-3.11579934447964,0.0399063253999084
1.28382407334843,-3.10933986945004,0.0401328580295505
1.31448136998721,-3.10256023729162,0.0403616542741875
1.3450669704263,-3.09546050858774,0.0405927263227275
1.37557765132008,-3.08804077631227,0.040826086129442
1.40601019029657,-3.08030116588635,0.0410617453996504
1.43636136628468,-3.07224183523193,0.0412997155749767
1.46662795984225,-3.06386297482218,0.0415400078181674
1.49680675348464,-3.05516480772872,0.041782632997467
1.52689453201393,-3.04614758966564,0.0420276016705398
1.5568880828488,-3.03681160903031,0.0422749240679342
1.58678419635487,-3.02715718694094,0.0425246100760804
1.61657966617561,-3.01718467727099,0.042776669219815
1.64627128956377,-3.00689446668022,0.0430311106444268
1.67585586771328,-2.99628697464257,0.0432879430972158
1.70533020609157,-2.98536265347074,0.043547174908561
1.73469111477233,-2.97412198833746,0.0438088139724884
1.76393540876871,-2.96256549729356,0.0440728677267367
1.79305990836678,-2.95069373128262,0.0443393431323123
1.82206143945943,-2.9385072741524,0.044608246652531
1.85093683388054,-2.92600674266291,0.0448795842315393
1.8796829297394,-2.91319278649115,0.0451533612723132
1.90829657175544,-2.90006608823256,0.0454295826141292
1.93677461159316,-2.886627363399,0.0457082525095038
1.96511390819722,-2.87287736041354,0.0459893746006002
1.99331132812779,-2.85881686060174,0.046272951895097
2.02136374589595,-2.84444667817963,0.0465589867415197
2.04926804429924,-2.82976766023828,0.0468474808040315
2.07702111475729,-2.81478068672499,0.0471384350366839
2.10461985764754,-2.79948667042112,0.0474318496571262
2.1320611826409,-2.7838865569164,0.0477277241197744
2.15934200903749,-2.76798132457998,0.048026057088442
2.18645926610232,-2.75177198452794,0.0483268464084321
2.2134098934009,-2.73525958058744,0.0486300890780972
2.24019084113478,-2.71844518925742,0.0489357812198667
2.26679907047696,-2.70132991966587,0.0492439180507492
2.29323155390717,-2.68391491352361,0.0495544938523146
2.31948527554691,-2.66620134507474,0.0498675019401605
2.34555723149441,-2.64819042104348,0.0501829346328742
2.3714444301592,-2.62988338057769,0.0505007832204945
2.39714389259658,-2.61128149518886,0.0508210379324864
2.42265265284162,-2.59238606868862,0.0511436879052378
2.44796775824299,-2.57319843712185,0.0514687211490905
2.47308626979635,-2.55371996869624,0.051796124514919
2.49800526247737,-2.53395206370841,0.0521258836602722
2.52272182557435,-2.51389615446656,0.0524579830150925
2.54723306302035,-2.49355370520964,0.0527924057470316
2.57153609372494,-2.47292621202296,0.0531291337263806
2.59562805190533,-2.45201520275047,0.0534681474906352
2.61950608741701,-2.43082223690335,0.0538094262087176
2.64316736608384,-2.4093489055653,0.0541529476448801
2.6666090700275,-2.38759683129423,0.054498688122313
2.68982839799632,-2.36556766802045,0.054846622486487
2.71282256569347,-2.34326310094145,0.0551967240682562
2.73558880610435,-2.32068484641312,0.055548964646754
2.75812436982342,-2.29783465183751,0.055903314412113
2.78042652538007,-2.27471429554705,0.0562597419280451
2.80249255956385,-2.25132558668537,0.0566182140943164
2.82431977774874,-2.22767036508453,0.0569786961091557
2.84590550421667,-2.20375050113883,0.0573411514316386
2.86724708248005,-2.17956789567512,0.0577055417440867
2.88834187560334,-2.15512447981959,0.0580718269145301
2.9091872665238,-2.13042221486116,0.0584399649592767
2.92978065837101,-2.10546309211126,0.0588099120056406
2.95011947478553,-2.0802491327603,0.059181622254878
2.97020116023638,-2.05478238773052,0.0595550479453859
2.9900231803374,-2.02906493752547,0.0599301393162192
3.00958302216252,-2.00309889207599,0.0603068445709847
3.02887819455972,-1.9768863905827,0.0606851098421706
3.04790622846387,-1.95042960135515,0.0610648791559782
3.06666467720817,-1.92373072164736,0.0614460943977166
3.08515111683442,-1.89679197749006,0.0618286952778319
3.1033631464018,-1.86961562351944,0.062212619298638
3.12129838829428,-1.84220394280244,0.0625978017218238
3.13895448852665,-1.81455924665868,0.0629841755368091
3.15632911704901,-1.78668387447897,0.0633716714300285
3.17341996804971,-1.75858019354037,0.0637602177552205
3.19022476025678,-1.73025059881787,0.0641497405048056
3.20674123723768,-1.70169751279275,0.0645401632824354
3.22296716769741,-1.67292338525747,0.0649314072767997
3.23890034577495,-1.64393069311724,0.0653233912367792
3.25453859133783,-1.61472194018826,0.065716031448035
3.26987975027501,-1.58529965699253,0.066109241711126
3.28492169478785,-1.55566640054945,0.0665029333212487
3.29966232367913,-1.52582475416398,0.0668970150496957
3.31409956264021,-1.49577732721156,0.0672913931271304
3.32823136453613,-1.46552675491974,0.067685971228777
3.34205570968857,-1.43507569814649,0.0680806504616265
3.35557060615686,-1.40442684315526,0.0684753293537618
3.36877409001669,-1.37358290138681,0.0688699038459038
3.38166422563663,-1.34254660922776,0.0692642672852842
3.39423910595238,-1.31132072777596,0.0696583104219497
3.40649685273867,-1.27990804260267,0.070051921407604
3.4184356168788,-1.24831136351147,0.0704449857970941
3.43005357863164,-1.21653352429408,0.0708373865526478
3.44134894789622,-1.18457738248306,0.0712290040509698
3.45231996447368,-1.15244581910124,0.0716197160933028
3.46296489832658,-1.12014173840818,0.0720093979185617
3.47328204983556,-1.08766806764349,0.0723979222196452
3.4832697500532,-1.05502775676708,0.0727851591630314
3.49292636095504,-1.02222377819631,0.0731709764117615
3.50225027568776,-0.989259126540228,0.073555239151914
3.51123991881439,-0.956136818330733,0.0739378101226709
3.51989374655644,-0.922859891750745,0.0743185496500749
3.52821024703303,-0.889431406359473,0.074697315684575
3.53618794049678,-0.855854442814726,0.0750739638424546
3.54382537956655,-0.822132102592328,0.0754483474512324
3.55112114945684,-0.78826750770266,0.0758203175991264
3.55807386820379,-0.754263800404355,0.0761897231886636
3.56468218688788,-0.720124142915171,0.0765564109945158
3.57094478985294,-0.685851717120075,0.0769202257256391
3.57686039492175,-0.651449724276574,0.0772810100917864
3.58242775360787,-0.616921384717307,0.0776386048744601
3.58764565132386,-0.582269937549944,0.0779928490023659
3.59251290758559,-0.547498640354422,0.078343579631421
3.59702837621277,-0.512610768877542,0.0786906322293655
3.60119094552555,-0.47760961672497,0.07903384066502
3.60499953853703,-0.44249849505068,0.0793730373022209
3.60845311314178,-0.407280732243856,0.0797080530984629
3.61155066230014,-0.371959673613312,0.0800387177082663
3.61429121421836,-0.336538681069446,0.0803648595912794
3.61667383252433,-0.30102113280379,0.0806863061251185
3.61869761643911,-0.265410422966165,0.0810028837229387
3.62036170094385,-0.229709961339506,0.0813144179557164
3.62166525694232,-0.193923173012384,0.0816207336792192
3.62260749141879,-0.158053498049265,0.0819216551656254
3.62318764759132,-0.122104391158562,0.0822170062397447
3.62340500506028,-0.0860793213584956,0.0825066104197826
3.6232588799521,-0.0499817716408392,0.0827902910625789
3.62274862505823,-0.0138152386325647,0.0830678715132374
3.6218736299691,0.0224167677445498,0.083339175259056
3.62063332120317,0.0587107246163122,0.0836040260876496
3.61902716233092,0.0950630965004596,0.08386224824915
3.61705465409375,0.131470335652908,0.0841136666223518
3.6147153345177,0.167928882415856,0.0843581068846616
3.61200877902204,0.204435165567706,0.0845953956856946
3.60893460052251,0.240985602674734,0.0848253608243504
3.60549244952927,0.277576600444484,0.0850478314291856
3.60168201423955,0.314204555080811,0.0852626381418885
3.59750302062479,0.350865852640546,0.0854696133036478
3.59295523251243,0.387556869391714,0.0856685911441938
3.58803845166213,0.42427397217326,0.0858594079732777
3.5827525178365,0.461013518756233,0.0860419023743427
3.57709730886625,0.497771858206375,0.0862159154001246
3.57107274070975,0.534545331248053,0.086381290769912
3.56467876750696,0.571330270629496,0.0865378750681782
3.5579153816277,0.60812300148927,0.0866855179442895
3.55078261371427,0.644919841723941,0.0868240723129798
3.54328053271839,0.681717102356876,0.0869533945552722
3.53540924593236,0.71851108790812,0.0870733447195146
3.52716889901461,0.755298096765298,0.0871837867221896
3.51855967600947,0.792074421555488,0.0872845885481454
3.50958179936122,0.828836349518005,0.0873756224498876
3.50023552992245,0.865580162878048,0.087456765145562
3.49052116695666,0.902302139221143,0.0875278980152506
3.48043904813524,0.938998551868339,0.0875889072951961
3.46998954952865,0.975665670252097,0.0876396842695639
3.45917308559205,1.01229976029281,0.0876801254593433
3.44799010914522,1.0488970847759,0.0877101328079883
3.43644111134686,1.08545390372947,0.0877296138633905
3.42452662166337,1.12196647480238,0.0877384819557769
3.41224720783206,1.15843105364278,0.0877366563711225
3.3996034758188,1.19484389427699,0.0877240625196663
3.38659606977035,1.23120124948866,0.0877006320991204
3.37322567196118,1.26749937119825,0.0876663032521635
3.35949300273501,1.30373451084267,0.0876210207178122
3.34539882044106,1.33990291975504,0.0875647359762667
3.33094392136504,1.37600084954458,0.087497407386836
3.31612913965509,1.41202455247657,0.0874190003185471
3.30095534724258,1.44797028185228,0.0873294872730594
3.28542345375792,1.48383429238877,0.0872288479995049
3.26953440644155,1.51961284059873,0.087117069600893
3.25328919004999,1.55530218517004,0.0869941466317237
3.23668882675723,1.59089858734519,0.0868600811864695
3.21973437605155,1.62639831130043,0.0867148829785995
3.20242693462767,1.6617976245246,0.0865585694098319
3.18476763627457,1.69709279819767,0.0863911656293217
3.16675765175897,1.73228010756886,0.086212704582504
3.14839818870457,1.76735583233432,0.0860232270493335
3.12969049146723,1.80231625701435,0.085822781671683
3.11063584100609,1.83715767133013,0.0856114249696796
3.09123555475091,1.87187637057984,0.0853892213467858
3.07149098646558,1.90646865601423,0.0851562430834493
3.05140352610803,1.94093083521156,0.0849125703191753
3.03097459968664,1.97525922245181,0.0846582910228955
3.01020566911328,2.00945013909029,0.0843935009515374
2.98909823205301,2.04349991393039,0.0841183035967208
2.96765382177076,2.07740488359566,0.083832810119539
2.94587400697493,2.11116139290103,0.0835371392734081
2.92376039165816,2.14476579522318,0.0832314173149963
2.90131461493527,2.17821445287009,0.0829157779032754
2.8785383508787,2.2115037374497,0.0825903619867644
2.85543330835135,2.24463003023754,0.0822553176790664
2.83200123083711,2.27758972254358,0.0819108001228276
2.80824389626908,2.31037921607797,0.081556971342279
2.78416311685578,2.34299492331581,0.08119400008455
2.75976073890523,2.37543326786099,0.0808220616499733
2.73503864264725,2.40769068480885,0.0804413377116292
2.70999874205393,2.43976362110788,0.080052016124407
2.68464298465848,2.4716485359203,0.07965429072389
2.65897335137255,2.50334190098155,0.0792483611153974
2.63299185630206,2.53484020095865,0.0788344324535447
2.60670054656182,2.56613993380744,0.0784127152127112
2.58010150208875,2.59723761112867,0.0779834249488268
2.55319683545414,2.62812975852294,0.0775467820529177
2.52598869167477,2.65881291594443,0.0771030114968714
2.49847924802311,2.6892836380535,0.0766523425719056
2.47067071383662,2.71953849456801,0.0761950086202469
2.44256533032631,2.74957407061355,0.0757312467605425
2.41416537038454,2.77938696707229,0.0752612976075499
2.38547313839217,2.80897380093078,0.0747854049866629
2.35649097002513,2.83833120562634,0.0743038156438503
2.32722123206045,2.86745583139237,0.0738167789515941
2.29766632218178,2.89634434560225,0.0733245466114296
2.2678286687845,2.92499343311212,0.0728273723536952
2.23771073078043,2.95339979660228,0.0723255116351119
2.20731499740207,2.9815601569174,0.071819221334816
2.17664398800665,3.00947125340536,0.0713087594494739
2.14570025187968,3.03712984425495,0.0707943847881107
2.11448636803832,3.06453270683211,0.0702763566672833
2.08300494503433,3.09167663801496,0.0697549346072284
2.05125862075679,3.11855845452757,0.0692303780296125
2.01925006223445,3.14517499327231,0.0687029459575037
1.98698196543776,3.17152311166099,0.0681728967181801
1.95445705508057,3.1975996879446,0.0676404876493792
1.92167808442144,3.22340162154177,0.0671059748095802
1.88864783506452,3.2489258333659,0.0665696126929008
1.85536911676006,3.27416926615091,0.0660316539491738
1.82184476720439,3.29912888477569,0.0654923491097512
1.78807765183937,3.32380167658716,0.0649519463195672
1.75407066365127,3.34818465172197,0.0644106910759718
1.71982672296906,3.37227484342684,0.0638688259748221
1.68534877726192,3.39606930837753,0.0633265904643008
1.65063980093607,3.41956512699639,0.0627842206069025
1.61570279513071,3.44275940376853,0.062241948850006
1.5805407875131,3.46564926755655,0.0617000038054229
1.54515683207259,3.48823187191385,0.0611586100382864
1.50955400891372,3.51050439539657,0.060617987865614
1.47373542404798,3.53246404187396,0.0600783531648507
1.43770420918453,3.55410804083733,0.0595399171926668
1.40146352151947,3.57543364770761,0.0590028864142566
1.36501654352375,3.59643814414121,0.0584674623433509
1.32836648272953,3.61711883833458,0.0579338413931257
1.29151657151502,3.63747306532707,0.0574022147381585
1.25447006688754,3.65749818730231,0.0568727681875507
1.21723025026482,3.677191593888,0.0563456820693045
1.17980042725441,3.69655070245411,0.055821131126009
1.14218392743111,3.71557295840943,0.0552992844218612
1.10438410411232,3.73425583549649,0.054780305261015
1.06640433413116,3.75259683608485,0.0542643511172226
1.02824801760737,3.77059349146262,0.0537515735747007
0.989918577715823,3.78824336212631,0.0532421182801267
0.951419460452565,3.80554403806894,0.0527361249056416
0.912754134398297,3.8224931390663,0.0522337271227074
0.873926090479221,3.83908831496153,0.0517350525866426
0.834938841725145,3.85532724594772,0.0512402229316328
0.795795923024771,3.87120764284871,0.0507493537759889
0.756500890878083,3.88672724739804,0.0502625547374032
0.717057323145751,3.90188383251584,0.0497799294579338
0.677468818795485,3.91667520258386,0.049301575638422
0.637738997645249,3.93109919371846,0.0488275850820358
0.597871500103283,3.94515367404152,0.0483580437466092
0.557869986904857,3.95883654394935,0.0478930318054342
0.517738138845701,3.97214573637941,0.0474326237161469
0.477479656512047,3.98507921707496,0.0469768882973364
0.437098260007232,3.99763498484742,0.0465258888124944
0.396597688674819,4.0098110718366,0.0460796830609123
0.35598170081818,4.0216055437686,0.0456383234751253
0.315254073416506,4.03301650021142,0.0452018572244964
0.274418601837212,4.04404207482824,0.0447703263245283
0.2334790995447,4.05468043562823,0.0443437677514851
0.19243939780545,4.06492978521509,0.0439222135619077
0.151303345389423,4.07478836103293,0.0435056910166022
0.110074808267762,4.08425443560974,0.0430942227086836
0.0687576693067674,4.09332631679832,0.0426878266952586
0.0273558279581385,4.10200234801453,0.0422865166323334
-0.014126800054508,4.11028090847297,0.0418903019125407
-0.0556862830528596,4.11816041341993,0.0414991878052795
-0.0973186737248552,4.12563931436366,0.0411131755988772
-0.139020009449351,4.13271609930178,0.0407322627443818
-0.180786312624493,4.139389292946,0.0403564430006099
-0.222613590999772,4.14565745694388,0.0399857065800797
-0.264497838011755,4.15151919009776,0.0396200402954734
-0.306435033123441,4.15697312858068,0.0392594277062826
-0.348421142167245,4.16201794614941,0.038903849265304
-0.390452117691547,4.16665235435437,0.0385532824646658
-0.432523899310785,4.17087510274651,0.0382077019810781
-0.474632414059052,4.17468497908114,0.0378670798200155
-0.516773576747146,4.17808080951849,0.0375313854585545
-0.558943290323035,4.18106145882121,0.0372005859866035
-0.601137446235682,4.18362583054856,0.0368746462462779
-0.643351924802177,4.18577286724735,0.0365535289691888
-0.685582595578124,4.18750155063957,0.036237194911429
-0.72782531773123,4.18881090180667,0.0359256029860564
-0.770075940418029,4.18969998137049,0.0356187103928888
-0.812330303163674,4.19016788967069,0.0353164727454431
-0.854584236244754,4.1902137669388,0.0350188441948621
-0.896833561075048,4.18983679346871,0.0347257775506945
-0.939074090594162,4.18903618978366,0.0344372243984005
-0.981301629658974,4.18781121679965,0.0341531352134791
-1.02351197543782,4.18616117598522,0.0338734594721188
-1.06570091780735,4.18408540951768,0.033598145758296
-1.10786423975199,4.18158330043552,0.0333271418672514
-1.14999771776587,4.17865427278725,0.033060394905295
-1.19209712225733,4.17529779177644,0.0327978513858971
-1.23415821795564,4.17151336390298,0.0325394573220391
-1.27617676432011,4.16730053710058,0.0322851583148087
-1.31814851595145,4.1626589008704,0.0320348996382335
-1.3600692230052,4.15758808641085,0.0317886263203605
-1.40193463160725,4.15208776674347,0.0315462832205975
-1.44374048427141,4.14615765683492,0.0313078151033418
-1.48548252031883,4.13979751371502,0.031073166707932
-1.52715647629931,4.13300713659081,0.0308422828149645
-1.56875808641431,4.12578636695658,0.0306151083090276
-1.61028308294177,4.11813508869998,0.0303915882379096
-1.65172719666239,4.11005322820395,0.0301716678683465
-1.69308615728758,4.10154075444469,0.0299552927383798
-1.73435569388883,4.09259767908544,0.0297424087063996
-1.77553153532842,4.08322405656626,0.0295329619969561
-1.81660941069155,4.07341998418952,0.0293268992434217
-1.85758504971965,4.06318560220138,0.0291241675275948
-1.89845418324483,4.05252109386899,0.0289247144163373
-1.93921254362555,4.04142668555352,0.0287284879953399
-1.97985586518322,4.02990264677899,0.0285354369001123
-2.02037988463979,4.01794929029682,0.0283455103442988
-2.06078034155624,4.00556697214617,0.0281586581454178
-2.10105297877193,3.99275609170999,0.0279748307481278
-2.14119354284464,3.97951709176674,0.0277939792451203
-2.18119778449137,3.96585045853788,0.0276160553957434
-2.22106145902971,3.95175672173098,0.0274410116424562
-2.26078032681984,3.93723645457854,0.0272688011252158
-2.30035015370696,3.92229027387241,0.0270993776938983
-2.33976671146421,3.90691883999387,0.0269326959188508
-2.37902577823595,3.89112285693938,0.0267687110996749
-2.41812313898133,3.87490307234188,0.0266073792723368
-2.45705458591815,3.85826027748769,0.0264486572146979
-2.49581591896692,3.84119530732906,0.0262925024505601
-2.53440294619499,3.82370904049225,0.0261388732523148
-2.57281148426085,3.80580239928119,0.0259877286422841
-2.61103735885838,3.78747634967668,0.0258390283928399
-2.64907640516112,3.76873190133123,0.0256927330253839
-2.68692446826639,3.74957010755931,0.0255488038082684
-2.72457740363931,3.72999206532322,0.0254072027537362
-2.76203107755662,3.70999891521449,0.0252678926139534
-2.79928136755023,3.68959184143078,0.0251308368762087
-2.83632416285048,3.66877207174826,0.0249959997573464
-2.87315536482899,3.64754087748958,0.0248633461975004
-2.90977088744121,3.62589957348729,0.0247328418531922
-2.9461666576684,3.60384951804275,0.0246044530898533
-2.98233861595916,3.58139211288059,0.0244781469738299
-3.01828271667037,3.55852880309859,0.0243538912639232
-3.05399492850754,3.53526107711313,0.0242316544025189
-3.0894712349645,3.51159046660005,0.0241114055063542
-3.12470763476239,3.48751854643104,0.0239931143569679
-3.15970014228784,3.4630469346055,0.0238767513908787
-3.19444478803041,3.43817729217788,0.0237622876895321
-3.22893761901917,3.41291132318049,0.0236496949690541
-3.26317469925834,3.38725077454184,0.0235389455698487
-3.29715211016204,3.36119743600036,0.0234300124460722
-3.33086595098802,3.33475314001372,0.023322869155016
-3.36431233927035,3.30791976166351,0.0232174898464282
-3.39748741125101,3.28069921855554,0.0231138492517983
-3.43038732231044,3.2530934707155,0.0230119226736341
-3.4630082473968,3.22510452048017,0.0229116859747498
-3.49534638145411,3.19673441238413,0.0228131155675903
-3.52739793984904,3.16798523304193,0.0227161884036077
-3.55915915879646,3.13885911102575,0.0226208819627111
-3.59062629578366,3.10935821673863,0.022527174242803
-3.62179562999304,3.07948476228315,0.0224350437494191
-3.65266346272356,3.0492410013256,0.022344469485483
-3.68322611781053,3.01862922895575,0.0222554309411893
-3.71347994204396,2.98765178154206,0.0221679080840241
-3.74342130558536,2.95631103658247,0.0220818813489333
-3.77304660238286,2.92460941255072,0.0219973316286466
-3.80235225058474,2.89254936873822,0.0219142402641637
-3.83133469295121,2.86013340509141,0.0218325890354104
-3.85999039726447,2.82736406204479,0.0217523601520686
-3.88831585673702,2.79424392034945,0.0216735362445841
-3.91630759041809,2.76077560089716,0.021596100355358
-3.94396214359822,2.72696176454011,0.0215200359301221
-3.97127608821196,2.69280511190622,0.021445326809502
-3.99824602323855,2.65830838321003,0.0213719572207691
-4.02486857510072,2.62347435805927,0.0212999117697822
-4.0511403980613,2.58830585525702,0.0212291754331192
-4.07705817461789,2.55280573259951,0.0211597335504
-4.10261861589535,2.51697688666959,0.0210915718167982
-4.1278184620361,2.48082225262589,0.0210246762757424
-4.1526544825883,2.44434480398762,0.0209590333118056
-4.17712347689169,2.40754755241509,0.0208946296437802
-4.20122227446125,2.37043354748592,0.0208314523179387
-4.22494773536842,2.33300587646701,0.0207694887014764
-4.24829675062004,2.2952676640822,0.0207087264761343
-4.27126624253488,2.25722207227574,0.0206491536320007
-4.29385316511764,2.21887229997146,0.0205907584614879
-4.31605450443057,2.18022158282781,0.0205335295534813
-4.33786727896248,2.14127319298862,0.0204774557876593
-4.3592885399952,2.10203043882973,0.0204225263289787
-4.3803153719675,2.06249666470147,0.0203687306223257
-4.40094489283624,2.02267525066693,0.0203160583873267
-4.42117425443491,1.98256961223616,0.0202644996133172
-4.44100064282945,1.94218320009628,0.0202140445544656
-4.46042127867127,1.9015194998374,0.0201646837250477
-4.47943341754743,1.86058203167461,0.0201164078948709
-4.49803435032808,1.81937435016582,0.0200692080848418
-4.51622140351091,1.77790004392558,0.0200230755626778
-4.53399193956272,1.73616273533497,0.0199780018387558
-4.55134335725803,1.69416608024743,0.0199339786620979
-4.5682730920147,1.65191376769064,0.0198909980164894
-4.58477861622646,1.60940951956447,0.019849052116727
-4.60085743959241,1.56665709033503,0.0198081334049931
-4.61650710944341,1.52366026672477,0.019768234547355
-4.63172521106528,1.4804228673988,0.0197293484303841
-4.64650936801885,1.43694874264724,0.0196914681578947
-4.66085724245672,1.39324177406386,0.0196545870477972
-4.67476653543686,1.34930587422083,0.0196186986290649
-4.6882349872328,1.30514498633981,0.0195837966388116
-4.70126037764056,1.26076308395915,0.0195498750194757
-4.71384052628216,1.2161641705975,0.0195169279161118
-4.72597329290574,1.17135227941361,0.0194849496737834
-4.73765657768226,1.12633147286258,0.0194539348350578
-4.74888832149863,1.08110584234838,0.0194238781375988
-4.75966650624747,1.03567950787276,0.0193947745118567
-4.76998915511315,0.990056617680652,0.019366619078852
-4.77985433285439,0.944241347901941,0.0193394071480518
-4.78926014608316,0.898237902189724,0.0193131342153369
-4.79820474353993,0.852050511355092,0.0192877959610571
-4.80668631636525,0.80568343299843,0.0192633882481741
-4.81470309836761,0.759140951137277,0.0192399071204893
-4.82225336628755,0.712427375830788,0.0192173488009549
-4.82933544005792,0.665547042800809,0.0191957096900673
-4.83594768306041,0.618504313049615,0.0191749863643413
-4.84208850237819,0.571303572474328,0.0191551755748631
-4.84775634904461,0.523949231478059,0.0191362742459213
-4.85294971828804,0.476445724577798,0.0191182794737136
-4.8576671497728,0.428797510009091,0.0191011885251303
-4.86190722783599,0.381009069327528,0.0190849988366105
-4.8656685817204,0.333084907007092,0.0190697080130715
-4.86894988580336,0.285029550035379,0.0190553138269112
-4.87174985982151,0.236847547505755,0.0190418142170799
-4.87406726909145,0.188543470206449,0.0190292072882234
-4.87590092472628,0.140121910206647,0.0190174913098944
-4.87724968384801,0.0915874804396092,0.0190066647158332
-4.87811244979566,0.0429448142828409,0.0189967261033149
-4.87848817232932,-0.00580143486463163,0.0189876742325642
-4.8783758478298,-0.0546465940078569,0.0189795080262364
-4.87777451949408,-0.103585970984382,0.0189722265689639
-4.87668327752649,-0.152614854895471,0.0189658291069675
-4.87510125932547,-0.201728516540074,0.0189603150477333
-4.87302764966604,-0.250922208851519,0.0189556839597523
-4.8704616808779,-0.300191167336877,0.018951935572325
-4.86740263301903,-0.349530610518969,0.0189490697754288
-4.86384983404499,-0.398935740380981,0.0189470866196488
-4.85980265997364,-0.448401742813624,0.0189459863161707
-4.85526053504542,-0.497923788064837,0.0189457692368376
-4.85022293187916,-0.547497031191954,0.0189464359142679
-4.84468937162332,-0.597116612516326,0.0189479870420366
-4.83865942410263,-0.646777658080335,0.0189504234749181
-4.83213270796027,-0.696475280106778,0.0189537462291918
-4.82510889079532,-0.746204577460557,0.0189579564830093
-4.81758768929565,-0.795960636112661,0.0189630555768245
-4.80956886936619,-0.845738529606373,0.0189690450138857
-4.80105224625247,-0.895533319525677,0.0189759264607902
-4.79203768465947,-0.945340055965814,0.0189837017481018
-4.78252509886588,-0.995153778005944,0.018992372871031
-4.77251445283341,-1.04496951418388,0.0190019419901784
-4.76200576031161,-1.09478228297283,0.0190124114323419
-4.7509990849377,-1.14458709326015,0.0190237836913869
-4.73949454033173,-1.19437894482797,0.0190360614291816
-4.72749229018692,-1.24415282883581,0.0190492474765965
-4.71499254835514,-1.29390372830491,0.0190633448345691
-4.70199557892758,-1.34362661860448,0.0190783566752341
-4.68850169631055,-1.39331646793967,0.0190942863431197
-4.6745112652964,-1.4429682378412,0.0191111373564113
-4.66002470112956,-1.49257688365672,0.0191289134082817
-4.64504246956764,-1.54213735504376,0.01914761836829
-4.62956508693767,-1.59164459646427,0.0191672562838492
-4.61359312018733,-1.64109354768069,0.0191878313817632
-4.59712718693128,-1.69047914425345,0.0192093480698348
-4.58016795549249,-1.73979631803998,0.019231810938544
-4.56271614493862,-1.78903999769506,0.0192552247627993
-4.54477252511337,-1.83820510917255,0.0192795945037619
-4.52633791666287,-1.88728657622834,0.0193049253107438
-4.50741319105703,-1.93627932092461,0.0193312225231812
-4.48799927060585,-1.98517826413532,0.0193584916726845
-4.4680971284707,-2.03397832605271,0.0193867384851649
-4.44770778867056,-2.0826744266951,0.0194159688830404
-4.42683232608321,-2.13126148641553,0.0194461889875209
-4.4054718664413,-2.1797344264116,0.0194774051209753
-4.3836275863234,-2.22808816923612,0.0195096238093796
-4.36130071313995,-2.27631763930876,0.0195428517848507
-4.33849252511404,-2.32441776342849,0.0195770959882638
-4.31520435125726,-2.37238347128689,0.0196123635719573
-4.29143757134022,-2.42020969598221,0.0196486619025262
-4.26719361585815,-2.46789137453403,0.0196859985637047
-4.24247396599125,-2.5154234483988,0.0197243813593414
-4.21728015355999,-2.56280086398575,0.0197638183164666
-4.1916137609752,-2.61001857317351,0.0198043176884559
-4.16547642118315,-2.65707153382723,0.0198458879582896
-4.13886981760531,-2.70395471031608,0.0198885378419118
-4.11179568407314,-2.75066307403122,0.0199322762916898
-4.08425580475766,-2.79719160390414,0.0199771124999766
-4.05625201409382,-2.84353528692524,0.0200230559027779
-4.02778619669981,-2.88968911866273,0.0200701161835267
-3.9988602872912,-2.93564810378172,0.0201183032769672
-3.96947627058984,-2.98140725656345,0.0201676273731494
-3.93963618122774,-3.02696160142459,0.0202180989215394
-3.90934210364573,-3.07230617343671,0.0202697286352441
-3.87859617198691,-3.11743601884557,0.020322527495357
-3.8474005699851,-3.16234619559055,0.0203765067554235
-3.81575753084797,-3.20703177382383,0.0204316779460323
-3.78366933713518,-3.25148783642947,0.0204880528795324
-3.75113832063129,-3.29570947954229,0.020545643654881
-3.7181668622135,-3.33969181306651,0.0206044626626235
-3.68475739171438,-3.38342996119399,0.0206645225900095
-3.65091238777935,-3.42691906292223,0.0207258364262483
-3.6166343777191,-3.47015427257185,0.0207884174679054
-3.58192593735687,-3.51313076030369,0.0208522793244455
-3.5467896908706,-3.55584371263529,0.0209174359239237
-3.51122831063005,-3.5982883329569,0.020983901518829
-3.47524451702873,-3.64045984204683,0.0210516906920844
-3.43884107831076,-3.68235347858607,0.0211208183632052
-3.40202081039274,-3.72396449967228,0.0211912997946221
-3.36478657668041,-3.7652881813329,0.0212631505981708
-3.32714128788036,-3.80631981903753,0.021336386741753
-3.28908790180663,-3.84705472820933,0.0214110245561728
-3.25062942318226,-3.88748824473553,0.0214870807421529
-3.2117689034359,-3.92761572547698,0.021564572377535
-3.17250944049326,-3.96743254877658,0.0216435169246683
-3.1328541785637,-4.00693411496666,0.021723932237991
-3.09280630792173,-4.04611584687527,0.0218058365718108
-3.05236906468357,-4.08497319033112,0.0218892485882867
-3.01154573057875,-4.12350161466748,0.0219741873656198
-2.97033963271673,-4.16169661322455,0.0220606724064558
-2.92875414334865,-4.19955370385068,0.0221487236465072
-2.8867926796241,-4.23706842940201,0.0222383614633977
-2.844458703343,-4.2742363582408,0.0223296066857366
-2.80175572070264,-4.31105308473214,0.0224224806024282
-2.75868728203981,-4.34751422973917,0.022517004972222
-2.7152569815681,-4.38361544111662,0.0226132020335091
-2.67146845711036,-4.41935239420275,0.0227110945143729
-2.62732538982637,-4.45472079230952,0.0228107056428986
-2.58283150393573,-4.48971636721103,0.022912059157749
-2.5379905664359,-4.52433487963012,0.0230151793190127
-2.49280638681566,-4.5585721197231,0.0231200909193326
-2.44728281676364,-4.59242390756256,0.023226819295321
-2.40142374987231,-4.62588609361821,0.0233353903392686
-2.35523312133721,-4.65895455923568,0.0234458305111552
-2.30871490765154,-4.69162521711327,0.0235581668509696
-2.26187312629615,-4.72389401177656,0.023672426991347
-2.21471183542484,-4.75575692005082,0.0237886391705306
-2.16723513354518,-4.78720995153127,0.0239068322456678
-2.11944715919473,-4.81824914905095,0.0240270357064478
-2.07135209061266,-4.84887058914636,0.0241492796890899
-2.02295414540703,-4.87907038252068,0.0242735949906913
-1.97425758021742,-4.90884467450457,0.0244000130839443
-1.92526669037323,-4.93818964551449,0.0245285661322313
-1.87598580954752,-4.96710151150849,0.0246592870051072
-1.82641930940647,-4.99557652443947,0.0247922092941807
-1.77657159925446,-5.02361097270574,0.0249273673294021
-1.72644712567486,-5.05120118159896,0.0250647961957708
-1.67605037216649,-5.07834351374938,0.02520453175047
-1.62538585877586,-5.10503436956822,0.025346610640443
-1.57445814172509,-5.13127018768734,0.0254910703204189
-1.52327181303574,-5.15704744539599,0.0256379490714015
-1.4718315001484,-5.18236265907464,0.0257872860196321
-1.42014186553816,-5.20721238462588,0.0259391211560385
-1.36820760632602,-5.23159321790226,0.0260934953561816
-1.31603345388619,-5.25550179513117,0.0262504504007142
-1.26362417344939,-5.27893479333656,0.026410028996362
-1.21098456370217,-5.30188893075744,0.0265722747974426
-1.15811945638225,-5.32436096726336,0.0267372324279344
-1.10503371586995,-5.34634770476651,0.0269049475041091
-1.0517322387758,-5.36784598763057,0.027075466657743
-0.99821995352422,-5.38885270307629,0.0272488375599202
-0.944501819933466,-5.40936478158359,0.0274251089454431
-0.890582828791816,-5.42937919729035,0.0276043306378645
-0.836468001430014,-5.44889296838765,0.0277865535751576
-0.782162389290055,-5.46790315751156,0.0279718298360386
-0.72767107349033,-5.48640687213137,0.0281602126669581
-0.672999164387188,-5.50440126493419,0.0283517565097776
-0.618151801132942,-5.52188353420596,0.0285465170301479
-0.563134151230372,-5.53885092420874,0.0287445511466052
-0.507951410083774,-5.55530072555434,0.0289459170604042
-0.452608800546589,-5.57123027557409,0.029150674286103
-0.397111572465661,-5.5866369586849,0.02935888368292
-0.341465002222175,-5.60151820675144,0.0295706074868796
-0.285674392269319,-5.61587149944439,0.0297859093437656
-0.229745070666712,-5.62969436459485,0.0300048543429007
-0.173682390611654,-5.6429843785447,0.0302275090517723
-0.11749172996724,-5.65573916649299,0.0304539415515215
-0.0611784907873904,-5.66795640283831,0.0306842214733184
-0.00474809883884898,-5.67963381151702,0.0309184200356399
0.0517939968798072,-5.69076916633741,0.0311566100824735
0.10844232462209,-5.70136029130965,0.0313988661224651
0.165191390380406,-5.71140506097159,0.0316452643690326
0.222035678375689,-5.7209014007103,0.0318958827814663
0.278969651549819,-5.72984728707932,0.0321508011070365
0.335987752060756,-5.73824074811165,0.0324101009241305
0.393084401780351,-5.74607986362836,0.0326738656864398
0.450254002794776,-5.75336276554282,0.0329421807682194
0.507490937907511,-5.76008763816055,0.0332151335106416
0.56478957114484,-5.7662527184746,0.0334928132692643
0.622144248263799,-5.77185629645644,0.0337753114626392
0.679549297262521,-5.77689671534235,0.0340627216220777
0.73699902889291,-5.78137237191524,0.0343551394426002
0.794487737175608,-5.78528171678197,0.0346526628350888
0.85200969991717,-5.78862325464594,0.0349553919796663
0.909559179229413,-5.79139554457511,0.0352634293803226
0.967130422050863,-5.79359720026536,0.035576879920811
1.02471766067025,-5.7952268902991,0.0358958509218359
1.08231511325199,-5.79628333839918,0.0362204521995524
1.13991698436358,-5.79676532367801,0.0365507961254
1.19751746550485,-5.79667168088195,0.0368869976872901
1.25511073563907,-5.79600130063079,0.0372291745521678
1.3126909617257,-5.79475312965248,0.0375774471299683
1.37025229925491,-5.79292617101291,0.0379319386389855
1.42778889278364,-5.79051948434083,0.0382927751726736
1.48529487647326,-5.78753218604788,0.0386600857678971
1.54276437462871,-5.78396344954359,0.0390340024746478
1.60019150223901,-5.77981250544545,0.0394146604272433
1.6575703655192,-5.77507864178401,0.039802197917024
1.7148950624535,-5.76976120420292,0.0401967564665598
1.77215968333977,-5.76385959615394,0.040598480905381
1.82935831133506,-5.75737327908687,0.0410075194472437
1.88648502300229,-5.75030177263442,0.0414240237689391
1.94353388885797,-5.74264465479196,0.041848149090655
2.00049897392084,-5.73440156209214,0.0422800542578949
2.05737433826142,-5.72557218977437,0.0427199018249598
2.11415403755242,-5.71615629194913,0.0431678581399929
2.17083212361987,-5.70615368175708,0.0436240934315884
2.22740264499492,-5.695564231523,0.0440887818969599
2.28385964746634,-5.68438787290448,0.044562101791664
2.34019717463352,-5.67262459703542,0.0450442355208684
2.39640926845995,-5.6602744546642,0.0455353697321543
2.45248996982715,-5.64733755628668,0.0460356954098366
2.50843331908895,-5.63381407227385,0.046545407970783
2.56423335662604,-5.61970423299418,0.0470647073617086
2.61988412340075,-5.60500832893077,0.0475937981579189
2.67537966151197,-5.589726710793,0.048132889663469
2.73071401475014,-5.57385978962303,0.0486821960127023
2.7858812291523,-5.55740803689685,0.0492419362731259
2.84087535355705,-5.54037198461998,0.0498123345495764
2.89569044015937,-5.52275222541787,0.0503936200896209
2.95032054506536,-5.50454941262085,0.0509860273901349
3.00475972884657,-5.48576426034377,0.0515897963049888
3.0590020570942,-5.4663975435602,0.0522051721537704
3.11304160097276,-5.44645009817126,0.0528324058314621
3.16687243777339,-5.42592282106902,0.0534717539189828
3.22048865146667,-5.40481667019455,0.054123478794496
3.2738843332548,-5.38313266459048,0.0547878487453792
3.32705358212322,-5.36087188444818,0.0554651380807355
3.37999050539156,-5.33803547114954,0.0561556272443228
3.43268921926378,-5.31462462730324,0.0568596029277618
3.48514384937754,-5.29064061677572,0.0575773581838747
3.53734853135279,-5.26608476471658,0.0583091925399943
3.58929741133936,-5.24095845757863,0.0590554121110698
3.64098464656359,-5.21526314313248,0.0598163297123827
3.69240440587407,-5.18900033047567,0.060592264971674
3.74355087028622,-5.16217159003642,0.0613835444404653
3.79441823352575,-5.13477855357187,0.0621905017043459
3.84500070257114,-5.10682291416094,0.0630134774919772
3.89529249819471,-5.0783064261917,0.0638528197825529
3.94528785550269,-5.04923090534336,0.0647088839114318
3.99498102447386,-5.01959822856277,0.0655820326736452
4.04436627049706,-4.98941033403556,0.0664726364249582
4.09343787490722,-4.95866922115172,0.0673810731801448
4.14219013552023,-4.92737695046592,0.068307728708118
4.1906173671663,-4.89553564365227,0.0692529966235286
4.23871390222202,-4.86314748345371,0.0702172784744286
4.28647409114104,-4.83021471362599,0.0712009838255679
4.33389230298332,-4.79673963887618,0.0722045303368678
4.38096292594297,-4.76272462479587,0.0732283438365904
4.42768036787476,-4.72817209778881,0.0742728583886954
4.47403905681913,-4.6930845449933,0.075338516353845
4.52003344152593,-4.65746451419905,0.0764257684434933
4.56565799197675,-4.62131461375869,0.0775350737664617
4.61090719990585,-4.58463751249393,0.0786668998673729
4.65577557931992,-4.54743593959622,0.079821722756284
4.70025766701647,-4.50971268452207,0.0810000269288252
4.74434802310098,-4.47147059688303,0.082202305376115
4.78804123150299,-4.43271258633015,0.0834290595836908
4.83133190049094,-4.39344162243317,0.0846807995186547
4.87421466318607,-4.35366073455429,0.0859580436041973
4.91668417807531,-4.31337301171647,0.0872613186806262
4.95873512952327,-4.27258160246644,0.0885911599519849
5.00036222828347,-4.23128971473227,0.0899481109173082
5.04156021200891,-4.18950061567554,0.0913327232855213
5.082323845762,-4.14721763153809,0.092745556872947
5.1226479225241,-4.10444414748342,0.0941871794823439
5.16252726370477,-4.06118360743261,0.0956581667623568
5.2019567196508,-4.01743951389481,0.0971591020462169
5.24093117015529,-3.9732154277924,0.0986905761684884
5.27944552496686,-3.92851496828055,0.100253187258611
5.31749472429929,-3.88334181256146,0.10184754050995
5.3550737393416,-3.837699695693,0.103474247923018
5.39217757276898,-3.79159241039199,0.10513392802149
5.4288012592547,-3.74502380683182,0.106827205539596
5.4649398659832,-3.69799779243469,0.108554711079428
5.50058849316466,-3.65051833165814,0.110317080736662
5.53574227455138,-3.60258944577612,0.112114955693144
5.57039637795614,-3.55421521265435,0.113948981774782
5.60454600577284,-3.5053997665201,0.115819808973102
5.63818639549991,-3.4561472977262,0.117728090928836
5.67131282026655,-3.40646205250946,0.119674484375856
5.7039205893624,-3.35634833274316,0.121659648543732
5.73600504877084,-3.30581049568384,0.123684244517188
5.76756158170637,-3.25485295371217,0.125748934550685
5.79858560915644,-3.20348017406796,0.127854381336348
5.82907259042819,-3.15169667857909,0.13000124722345
5.85901802370051,-3.09950704338449,0.132190193387628
5.8884174465818,-3.04691589865099,0.134421878948032
5.91726643667406,-2.99392792828394,0.136696960030588
5.94556061214359,-2.94054786963165,0.139016088775558
5.97329563229906,-2.88678051318341,0.141379912287622
6.00046719817713,-2.83263070226115,0.143789071526683
6.02707105313654,-2.77810333270454,0.146244200137664
6.05310298346091,-2.72320335254946,0.148745923217589
6.07855881897098,-2.66793576169978,0.15129485601826
6.10343443364683,-2.61230561159231,0.15389160258295
6.1277257462607,-2.55631800485472,0.156536754315544
6.15142872102098,-2.49997809495649,0.159230888480671
6.17453936822807,-2.4432910858526,0.161974566633451
6.19705374494262,-2.38626223161985,0.164768332977564
6.21896795566695,-2.3288968360858,0.1676127126505
6.24027815304021,-2.27120025244996,0.170508209934931
6.26098053854799,-2.21317788289727,0.173455306395329
6.28107136324701,-2.15483517820359,0.176454458939093
6.30054692850558,-2.09617763733309,0.179506097801615
6.31940358676061,-2.03721080702733,0.182610624454932
6.33763774229163,-1.97794028138585,0.185768409439788
6.35524585201276,-1.91837170143809,0.18897979012119
6.37222442628313,-1.85851075470642,0.192245068367749
6.38857002973642,-1.79836317476013,0.195564508155398
6.40427928213034,-1.73793474076008,0.198938333096345
6.41934885921649,-1.67723127699382,0.20236672389442
6.43377549363139,-1.61625865240104,0.205849815728305
6.4475559758092,-1.55502278008897,0.209387695564494
6.46068715491679,-1.49352961683758,0.212980399402173
6.47316593981164,-1.43178516259435,0.216627909452619
6.48498930002326,-1.3697954599583,0.220330151256112
6.49615426675835,-1.307566593653,0.224086990739808
6.50665793393053,-1.24510468998843,0.227898231220426
6.51649745921472,-1.18241591631126,0.231763610356146
6.52567006512673,-1.11950648044337,0.235682797052533
6.53417304012834,-1.05638263010836,0.239655388327871
6.5420037397581,-0.993050652345598,0.243680906143789
6.54915958778801,-0.929516872911801,0.247758794207632
6.55563807740628,-0.865787655669593,0.251888414753577
6.56143677242619,-0.801869401962923,0.256069045310092
6.56655330852092,-0.737768549978984,0.260299875461915
6.57098539448441,-0.673491574096373,0.264580003615353
6.57473081351781,-0.609044984219189,0.2689084337763
6.57778742454142,-0.544435325096794,0.273284072351007
6.5801531635315,-0.479669175628958,0.277705724980265
6.58182604488156,-0.414753148156107,0.282172093418288
6.58280416278738,-0.349693887734403,0.286681772468209
6.58308569265505,-0.284498071395393,0.291233246986739
6.58266889253105,-0.219172407389973,0.295824888971138
6.58155210455336,-0.153723634416412,0.300454954742266
6.5797337564224,-0.0881585208322106,0.305121582238059
6.57721236289046,-0.0224838638495578,0.309822788432351
6.57398652726814,0.0432935112858125,0.3145564668945
6.57005494294607,0.109166752132571,0.319320385505781
6.56541639493024,0.175128979908718,0.324112184349009
6.56006976138876,0.241173290363655,0.328929373788253
6.5540140152081,0.307292754667524,0.333769332755932
6.54724822555626,0.373480420317949,0.338629307264892
6.53977155945057,0.439729312064266,0.343506409163357
6.53158328332722,0.506032432849305,0.348397615150852
6.52268276460985,0.572382764768765,0.353299766073362
6.51306947327393,0.638773270048196,0.358209566516039
6.50274298340387,0.705196892037565,0.363123584711764
6.4917029747393,0.771646556223338,0.368038252783793
6.47994923420701,0.838115171258015,0.372949867340484
6.46748165743474,0.904595630006953,0.377854590439842
6.45430025024275,0.971080810612349,0.382748450941218
6.4404051301093,1.03756357757414,0.387627346260966
6.42579652760541,1.1040367828476,0.392487044548277
6.41047478779482,1.17049326695733,0.397323187296634
6.39444037159426,1.23692586012725,0.402131292405489
6.3776938570894,1.30332738342635,0.406906757705763
6.36023594080176,1.36969064992954,0.411644864961644
6.34206743890136,1.43600846589336,0.416340784359911
6.32318928836027,1.50227363194579,0.420989579496633
6.30360254804171,1.56847894428975,0.425586212869541
6.28330839971966,1.63461719591952,0.430125551882761
6.26230814902354,1.70068117784944,0.434602375368768
6.24060322630277,1.76666368035413,0.439011380630534
6.21819518740586,1.83255749421948,0.443347191004783
6.19508571436863,1.89835541200334,0.447604363945106
6.17127661600645,1.96405022930536,0.451777399621417
6.14676982840512,2.02963474604461,0.455860750029815
6.12156741530539,2.09510176774425,0.459848828604457
6.09567156837594,2.16044410682203,0.463736020320425
6.06908460737006,2.22565458388556,0.46751669227394
6.04180898016123,2.29072602903106,0.471185204723509
6.01384726265303,2.35565128314455,0.474735922572811
5.98520215855911,2.42042319920402,0.478163227273292
5.95587649904914,2.48503464358135,0.481461529121557
5.92587324225684,2.54947849734265,0.484625279923811
5.89519547264677,2.6137476575455,0.487648985996673
5.8638464002365,2.67783503853178,0.490527221470904
5.83182935967161,2.74173357321457,0.493254641861741
5.79914780915085,2.80543621435759,0.495825997866825
5.76580532919969,2.86893593584571,0.498236149350041
5.73180562129064,2.93222573394494,0.500480079467057
5.69715250630917,2.99529862855038,0.502552908885902
5.66184992286482,3.05814766442051,0.504449910053702
5.62590192544735,3.12076591239634,0.506166521458536
5.58931268242836,3.18314647060365,0.507698361833506
5.5520864739095,3.24528246563699,0.509041244248393
5.51422768941879,3.30716705372366,0.510191190032821
5.47574082545727,3.36879342186625,0.511144442473625
5.4366304828987,3.43015478896217,0.511897480228173
5.3969013642458,3.49124440689866,0.512447030394741
5.35655827074684,3.55205556162185,0.512790081180676
5.31560609937729,3.61258157417835,0.512923894109028
5.27404983969168,3.67281580172816,0.512846015704658
5.23189457055149,3.73275163852737,0.512554288601386
5.18914545673536,3.79238251687956,0.51204686201278
5.14580774543875,3.85170190805458,0.511322201510459
5.10188676267044,3.91070332317355,0.510379098055479
5.05738790955394,3.96938031405922,0.509216676230392
5.01231665854259,4.02772647405041,0.507834401621942
4.96667854955719,4.08573543877991,0.506232087307109
4.92047918605592,4.14340088691489,0.504409899398254
4.87372423104643,4.20071654085914,0.502368361606528
4.82641940305056,4.25767616741661,0.500108358786412
4.77857047203242,4.31427357841557,0.49763113942827
4.7301832553008,4.37050263129329,0.49493831707007
4.68126361339748,4.42635722964062,0.492031870604001
4.63181744598263,4.48183132370664,0.488914143458465
4.58185068772945,4.53691891086304,0.485587841640922
4.53136930423948,4.59161403602851,0.482056030632253
4.48037928799082,4.6459107920532,0.478322131128579
4.42888665433099,4.69980332006361,0.474389913631948
4.37689743752635,4.7532858097684,0.47026349189678
4.32441768687988,4.80635249972547,0.465947315244539
4.27145346292892,4.85899767757124,0.461446159764665
4.21801083373427,4.91121568021265,0.456765118425347
4.16409587127176,4.96300089398304,0.451909590123181
4.10971464793711,5.01434775476265,0.44688526770617
4.05487323317453,5.06525074806505,0.441698125009727
3.99957769023895,5.11570440909066,0.436354402950453
3.9438340731015,5.16570332274866,0.430860594727287
3.88764842350711,5.21524212364872,0.425223430184274
3.83102676819268,5.26431549606404,0.419449859393522
3.77397511627359,5.31291817386737,0.413547035520974
3.71649945680556,5.36104494044153,0.407522297041311
3.65860575652843,5.40869062856631,0.401383149371674
3.60029995779736,5.45585012028346,0.395137245996815
3.54158797670654,5.50251834674169,0.388792369160895
3.48247570140943,5.54869028802352,0.382356410203245
3.42296899063888,5.59436097295597,0.375837349617125
3.36307367242977,5.63952547890715,0.369243236911763
3.30279554304565,5.68417893157055,0.362582170358762
3.24214036611048,5.72831650473924,0.355862276704286
3.18111387194529,5.77193342007201,0.349091690928318
3.11972175710913,5.81502494685331,0.342278536131708
3.0579696841425,5.85758640174922,0.335430903630674
2.99586328151102,5.89961314856132,0.328556833336945
2.93340814374596,5.94110059798051,0.321664294499828
2.87060983177769,5.9820442073427,0.314761166884131
2.80747387345733,6.02243948038834,0.307855222455155
2.74400576426107,6.0622819670275,0.300954107638864
2.68021096817106,6.10156726311259,0.29406532622185
2.61609491872611,6.14029101022009,0.287196222951953
2.55166302023474,6.17844889544339,0.280353967896272
2.48692064914262,6.21603665119797,0.273545541608963
2.42187315554606,6.25305005504069,0.266777721156579
2.35652586484243,6.2894849295046,0.260057067043954
2.2908840795082,6.32533714195046,0.253389911078567
2.22495308099503,6.36060260443652,0.24678234520629
2.15873813173358,6.39527727360743,0.240240211346118
2.09224447723499,6.42935715060357,0.233769092246225
2.0254773482794,6.46283828099163,0.227374303378361
1.95844196318088,6.49571675471738,0.221060885882251
1.89114353011792,6.52798870608132,0.214833600566393
1.82358724951887,6.55965031373796,0.208696922966407
1.7557783164913,6.59069780071909,0.202655039456972
1.68772192328474,6.62112743448174,0.196711844408389
1.61942326177602,6.65093552698086,0.190870938373978
1.55088752596682,6.68011843476722,0.185135627289869
1.48211991448318,6.70867255911044,0.179508922664301
1.4131256330669,6.73659434614729,0.173993542729373
1.34390989704909,6.76388028705512,0.168591914524208
1.27447793379663,6.79052691825032,0.163306176874857
1.20483498512223,6.81653082161145,0.158138184232879
1.1349863096498,6.84188862472671,0.153089511331464
1.06493718512662,6.86659700116537,0.148161458615212
0.994692910674796,6.89065267077257,0.143355058397262
0.924258808974593,6.91405239998689,0.138671081695342
0.853640228372961,6.93679300218007,0.134110045696582
0.782842544910967,6.95887133801813,0.129672221799487
0.711871164264432,6.98028431584302,0.125357644180373
0.640731523592584,7.00102889207406,0.121166118830819
0.569429093290099,7.02110207162821,0.11709723301226
0.497969378638442,7.04050090835813,0.113150365073705
0.426357921352972,7.05922250550728,0.109324694578794
0.354600301022823,7.07726401618072,0.105619212688852
0.28270213644111,7.09462264383086,0.102032732749419
0.21066908682354,7.11129564275684,0.0985639010287129
0.138506852914031,7.1272803186166,0.0952112075578438
0.0662211779764481,7.14257402895046,0.0919729970240445
-0.00618215132795959,7.15717418371505,0.0888474796699857
-0.0786973041773331,7.17107824582666,0.085832742154135
-0.151318404939688,7.18428373171258,0.0829267583292469
-0.224039532636153,7.19678821186957,0.0801273998983285
-0.296854720515609,7.20858931142829,0.0774324469098231
-0.369757955738994,7.21968471072249,0.0748395980562641
-0.442743179171193,7.23007214586201,0.0723464807432517
-0.515804285278069,7.23974940930848,0.0699506608982801
-0.58893512212595,7.24871435045263,0.0676496524916619
-0.662129491480544,7.25696487619239,0.065440926744553
-0.735381149002061,7.26449895151052,0.063321921001846
-0.808683804533076,7.27131460005108,0.061290047250456
-0.88203112247549,7.27740990469369,0.059342700266259
-0.955416722252762,7.28278300812472,0.0574772653756335
-1.02883417885349,7.28743211340464,0.0556911258201932
-1.10227702345223,7.2913554845306,0.0539816697158607
-1.17573874410353,7.2945514469936,0.0523462965999171
-1.24921278650479,7.29701838832951,0.0507824235620432
-1.32269255482391,7.29875475866313,0.0492874909576482
-1.39617141258734,7.29975907124485,0.0478589677039454
-1.46964268362436,7.30002990297915,0.046494356161271
-1.54309965306334,7.29956589494448,0.0451911966040541
-1.61653556837587,7.29836575290393,0.0439470712876176
-1.68994364046459,7.29642824780628,0.0427596081186245
-1.76331704479079,7.29375221627692,0.0416264839384777
-1.83664892253773,7.29033656109834,0.0405454274303288
-1.90993238180603,7.28618025167975,0.0395142216615566
-1.98316049883732,7.28128232451547,0.0385307062746387
-2.05632631926261,7.27564188363199,0.0375927793402594
-2.12942285937201,7.26925810102318,0.0366983988872778
-2.20244310740249,7.26213021707369,0.0358455841248292
-2.2753800248405,7.25425754097012,0.0350324163723458
-2.34822654773662,7.24563945110002,0.0342570397136749
-2.42097558802932,7.23627539543837,0.0335176613917407
-2.49362003487529,7.22616489192167,0.0328125519603548
-2.56615275598379,7.21530752880932,0.0321400452098264
-2.63856659895268,7.20370296503242,0.0314985378829741
-2.71085439260423,7.19135093052992,0.030886489197995
-2.78300894831835,7.17825122657201,0.0303024201944195
-2.85502306136181,7.16440372607089,0.0297449129180698
-2.92688951221147,7.14980837387886,0.0292126094605653
-2.99860106787029,7.13446518707379,0.0287042108684746
-3.07015048317451,7.11837425523205,0.028218475936721
-3.14153050209101,7.10153574068894,0.0277542199003037
-3.21273385900361,7.08394987878673,0.0273103130378152
-3.28375327998748,7.06561697811032,0.0268856791996156
-3.35458148407078,7.04653742071073,0.0264792942728851
-3.42521118448285,7.0267116623165,0.0260901845951082
-3.49563508988842,7.006140232533,0.0257174253268673
-3.56584590560724,6.98482373502995,0.0253601387941371
-3.63583633481893,6.96276284771712,0.0250174928095782
-3.70559907975262,6.9399583229084,0.0246886989816439
-3.77512684286123,6.91641098747442,0.0243730110196289
-3.8444123279803,6.89212174298374,0.0240697230421175
-3.91344824147134,6.86709156583283,0.0237781678956304
-3.98222729334961,6.84132150736492,0.0234977154896279
-4.05074219839652,6.8148126939779,0.0232277711534046
-4.11898567725682,6.78756632722138,0.0229677740198137
-4.1869504575206,6.75958368388302,0.0227171954401812
-4.25462927479044,6.73086611606426,0.0224755374342225
-4.32201487373405,6.70141505124563,0.0222423311782542
-4.38910000912244,6.67123199234174,0.0220171355344957
-4.45587744685423,6.64031851774597,0.0217995356237971
-4.52233996496622,6.60867628136518,0.0215891414436897
-4.58848035463076,6.57630701264434,0.0213855865332544
-4.65429142114009,6.54321251658136,0.0211885266859251
-4.71976598487828,6.50939467373213,0.0209976387109995
-4.78489688228089,6.47485544020589,0.0208126192443118
-4.84967696678304,6.4395968476511,0.0206331836082326
-4.91409910975601,6.40362100323175,0.0204590647208994
-4.97815620143295,6.36693008959442,0.0202900120543451
-5.04184115182409,6.32952636482595,0.0201257906409827
-5.10514689162163,6.291412162402,0.0199661801277171
-5.16806637309505,6.25258989112645,0.0198109738767933
-5.23059257097681,6.2130620350618,0.0196599781123475
-5.29271848333914,6.17283115345054,0.0195130111115088
-5.35443713246208,6.13189988062774,0.0193699024387957
-5.4157415656931,6.09027092592472,0.0192304922224689
-5.4766248562988,6.047947073564,0.0190946304714353
-5.53708010430877,6.00493118254558,0.0189621764312443
-5.59710043735209,5.96122618652451,0.0188329979776813
-5.65667901148663,5.91683509367997,0.0187069710464373
-5.71580901202151,5.87176098657576,0.0185839790973189
-5.7744836543329,5.8260070220123,0.0184639126114619
-5.83269618467347,5.77957643087027,0.0183466686200149
-5.8904398809756,5.73247251794576,0.0182321502627736
-5.94770805364873,5.68469866177721,0.0181202663752713
-6.00449404637084,5.63625831446395,0.0180109311028514
-6.06079123687441,5.58715500147648,0.0179040635402891
-6.11659303772694,5.53739232145864,0.0177995873955584
-6.17189289710624,5.48697394602143,0.0176974306763881
-6.22668429957049,5.43590361952887,0.0175975253982905
-6.28096076682343,5.38418515887556,0.0174998073127952
-6.33471585847457,5.33182245325632,0.0174042156546673
-6.38794317279465,5.27881946392767,0.0173106929069402
-6.44063634746644,5.22518022396138,0.017219184582643
-6.49278906033084,5.17090883798995,0.0171296390221529
-6.54439503012856,5.1160094819442,0.0170420072051552
-6.59544801723727,5.0604864027829,0.0169562425762435
-6.64594182440425,5.00434391821454,0.0168723008832412
-6.69587029747484,4.94758641641115,0.0167901400273773
-6.74522732611636,4.89021835571439,0.0167097199244953
-6.79400684453786,4.83224426433371,0.0166310023765215
-6.84220283220547,4.77366874003684,0.0165539509524649
-6.88980931455352,4.7144964498324,0.0164785308782638
-6.93682036369143,4.65473212964489,0.0164047089348373
-6.98323009910623,4.59438058398188,0.0163324533637398
-7.02903268836086,4.5334466855936,0.0162617337798567
-7.07422234778824,4.47193537512481,0.016192521090614
-7.11879334318094,4.40985166075913,0.0161247874212131
-7.16273999047658,4.34720061785569,0.0160585060454337
-7.20605665643895,4.28398738857827,0.0159936513215791
-7.24873775933466,4.22021718151685,0.0159301986331694
-7.2907777696055,4.15589527130176,0.0158681243340169
-7.33217121053629,4.09102699821018,0.0158074056973424
-7.37291265891831,4.02561776776536,0.0157480208686182
-7.41299674570826,3.95967305032829,0.0156899488218479
-7.45241815668261,3.89319838068207,0.0156331693190112
-7.49117163308742,3.82619935760884,0.0155776628724274
-7.52925197228349,3.75868164345946,0.0155234107098079
-7.56665402838688,3.69065096371585,0.0154703947417849
-7.60337271290468,3.62211310654606,0.0154185975317234
-7.63940299536596,3.55307392235212,0.015368002267636
-7.67473990394799,3.48353932331072,0.0153185927360366
-7.70937852609749,3.41351528290668,0.0152703532975805
-7.74331400914697,3.34300783545931,0.0152232688643523
-7.7765415609261,3.27202307564171,0.0151773248786744
-7.80905645036801,3.20056715799294,0.0151325072933171
-7.84085400811049,3.12864629642324,0.0150888025530053
-7.87192962709206,3.05626676371226,0.0150461975771204
-7.90227876314272,2.98343489100028,0.0150046797435095
-7.93189693556959,2.9101570672726,0.0149642368733179
-7.96077972773702,2.83643973883702,0.0149248572167687
-7.98892278764146,2.76228940879452,0.0148865294398224
-8.01632182848079,2.68771263650312,0.0148492426116492
-8.04297262921815,2.61271603703503,0.0148129861928599
-8.06887103514019,2.53730628062706,0.0147777500244393
-8.09401295840974,2.46149009212444,0.0147435243173348
-8.11839437861266,2.3852742504179,0.0147102996426552
-8.14201134329908,2.30866558787431,0.0146780669224391
-8.1648599685187,2.23167098976073,0.0146468174209553
-8.18693643935029,2.15429739366194,0.0146165427365017
-8.20823701042524,2.07655178889162,0.0145872347936704
-8.22875800644507,1.99844121589706,0.0145588858360517
-8.24849582269296,1.91997276565758,0.0145314884193491
-8.26744692553909,1.84115357907664,0.0145050354048833
-8.28560785293986,1.76199084636771,0.0144795199534616
-8.30297521493084,1.68249180643391,0.0144549355195928
-8.3195456941135,1.60266374624157,0.0144312758460303
-8.33531604613545,1.52251400018762,0.0144085349586249
-8.35028310016445,1.44204994946102,0.0143867071614722
-8.36444375935585,1.36127902139813,0.0143657870323418
-8.37779500131349,1.28020868883216,0.0143457694183725
-8.39033387854412,1.19884646943678,0.014326649432024
-8.40205751890509,1.11719992506382,0.014308422447273
-8.41296312604542,1.0352766610753,0.0142910840960428
-8.42304797984009,0.953084325669618,0.0142746302648593
-8.43230943681754,0.870630609202209,0.0142590570917224
-8.44074493058032,0.787923243500478,0.0142443609631866
-8.44835197221885,0.704970001173264,0.0142305385116437
-8.45512815071817,0.621778694914784,0.0142175866127991
-8.46107113335774,0.538357176803154,0.0142055023833384
-8.46617866610416,0.454713337593532,0.0141942831787768
-8.47044857399671,0.370855106005964,0.0141839265914869
-8.47387876152582,0.286790448007963,0.0141744304489006
-8.47646721300429,0.202527366091916,0.0141657928118801
-8.47821199293117,0.118073898547352,0.014158011973255
-8.47911124634844,0.0334381187281576,0.014151086456522
-8.47916319919026,-0.0513718656852177,0.0141450150147032
-8.47836615862481,-0.136347913428484,0.0141397966293611
-8.47671851338864,-0.221481850401111,0.014135430509768
-8.47421873411362,-0.30676547041873,0.0141319160922259
-8.47086537364622,-0.392190535970278,0.0141292530395375
-8.46665706735922,-0.477748778979819,0.0141274412406245
-8.46159253345583,-0.563431901572967,0.0141264808102922
-8.45567057326606,-0.649231576847854,0.0141263720891402
-8.44889007153537,-0.735139449650566,0.014127115643617
-8.44124999670558,-0.821147137354985,0.0141287122662182
-8.43274940118791,-0.907246230646962,0.0141311629758278
-8.42338742162823,-0.993428294312757,0.0141344690182019
-8.4131632791643,-1.07968486803167,0.0141386318665949
-8.4020762796752,-1.16600746717279,0.0141436532225286
-8.39012581402269,-1.25238758359582,0.014149535016703
-8.37731135828458,-1.33881668645584,0.0141562794100507
-8.36363247398007,-1.42528622301201,0.014163888794935
-8.34908880828693,-1.5117876194401,0.0141723657964921
-8.33368009425061,-1.59831228164878,0.014181713274118
-8.31740615098519,-1.68485159609957,0.0141919343231031
-8.30026688386604,-1.77139693063046,0.0142030322764126
-8.28226228471438,-1.85793963528299,0.0142150107066176
-8.26339243197347,-1.94447104313289,0.014227873427976
-8.24365749087651,-2.03098247112398,0.0142416244986658
-8.22305771360627,-2.11746522090553,0.0142562682231735
-8.20159343944625,-2.20391057967267,0.0142718091548384
-8.17926509492358,-2.29030982101014,0.0142882520985566
-8.15607319394338,-2.37665420573899,0.0143056021136459
-8.13201833791469,-2.46293498276633,0.0143238645168751
-8.10710121586799,-2.54914338993798,0.014343044885661
-8.08132260456414,-2.63527065489396,0.0143631490614345
-8.05468336859478,-2.72130799592678,0.0143841831531814
-8.02718446047424,-2.80724662284235,0.0144061535411597
-7.9988269207228,-2.89307773782354,0.0144290668807977
-7.96961187794134,-2.97879253629623,0.014452930106777
-7.93954054887745,-3.0643822077978,0.0144777504373039
-7.90861423848275,-3.14983793684801,0.014503535378575
-7.87683433996165,-3.2351509038221,0.0145302927294394
-7.84420233481134,-3.32031228582612,0.0145580305862647
-7.81071979285313,-3.40531325757437,0.0145867573480099
-7.77638837225499,-3.49014499226887,0.0146164817215121
-7.7412098195454,-3.5747986624807,0.0146472127269913
-7.70518596961841,-3.65926544103333,0.0146789597037806
-7.66831874572987,-3.74353650188761,0.0147117323162863
-7.63061015948496,-3.82760302102852,0.0147455405601856
-7.59206231081682,-3.91145617735348,0.0147803947688682
-7.5526773879564,-3.99508715356219,0.0148163056201293
-7.51245766739344,-4.07848713704796,0.0148532841431201
-7.47140551382867,-4.16164732079032,0.0148913417255649
-7.42952338011704,-4.24455890424889,0.0149304901212526
-7.3868138072022,-4.32721309425852,0.0149707414578103
-7.34327942404201,-4.40960110592541,0.0150121082447682
-7.2989229475252,-4.49171416352429,0.0150546033819257
-7.25374718237918,-4.57354350139654,0.0150982401680265
-7.20775502106886,-4.65508036484906,0.015143032309755
-7.16094944368667,-4.73631601105399,0.0151889939310625
-7.1133335178336,-4.81724170994897,0.0152361395828351
-7.06491039849136,-4.89784874513808,0.0152844842529146
-7.01568332788567,-4.97812841479317,0.0153340433764835
-6.96565563534052,-5.05807203255562,0.0153848328468281
-6.91483073712369,-5.13767092843842,0.0154368690264909
-6.8632121362832,-5.21691644972842,0.0154901687588266
-6.810803422475,-5.29579996188874,0.0155447493799759
-6.75760827178161,-5.37431284946119,0.0156006287312715
-6.70363044652197,-5.45244651696869,0.0156578251720918
-6.6488737950524,-5.53019238981745,0.015716357593178
-6.59334225155856,-5.60754191519904,0.0157762454304318
-6.53703983583869,-5.68448656299205,0.0158375086792104
-6.47997065307784,-5.76101782666336,0.015900167909138
-6.42213889361336,-5.83712722416895,0.0159642442794512
-6.3635488326914,-5.91280629885407,0.0160297595549006
-6.30420483021476,-5.98804662035276,0.016096736122226
-6.24411133048173,-6.06283978548658,0.0161651970072299
-6.18327286191623,-6.13717741916252,0.0162351658924695
-6.12169403678913,-6.21105117526993,0.0163066671355926
-6.05937955093082,-6.28445273757641,0.0163797257883407
-5.99633418343493,-6.3573738206226,0.0164543676162447
-5.93256279635342,-6.4298061706157,0.0165306191190418
-5.86807033438288,-6.50174156632177,0.0166085075518397
-5.80286182454215,-6.57317181995654,0.0166880609470585
-5.73694237584126,-6.64408877807479,0.0167693081371801
-5.67031717894174,-6.71448432245813,0.0168522787783381
-5.60299150580823,-6.78435037100113,0.0169370033747802
-5.53497070935158,-6.85367887859566,0.0170235133042394
-5.4662602230633,-6.92246183801345,0.0171118408442496
-5.39686556064152,-6.99069128078663,0.0172020191994438
-5.32679231560837,-7.05835927808633,0.0172940825298759
-5.25604616091891,-7.12545794159909,0.0173880659804057
-5.18463284856164,-7.19197942440114,0.0174840057111933
-5.1125582091505,-7.25791592183031,0.0175819389293465
-5.03982815150857,-7.32325967235565,0.0176819039217706
-4.96644866224339,-7.3880029584445,0.0177839400892692
-4.89242580531395,-7.45213810742706,0.0178880879819492
-4.81776572158942,-7.51565749235827,0.0179943893359854
-4.74247462839968,-7.57855353287701,0.0181028871118006
-4.66655881907761,-7.64081869606242,0.0182136255337226
-4.59002466249328,-7.70244549728737,0.0183266501311804
-4.51287860258004,-7.76342650106888,0.0184420077815062
-4.43512715785246,-7.82375432191551,0.0185597467544111
-4.35677692091645,-7.88342162517154,0.0186799167582091
-4.27783455797124,-7.94242112785792,0.0188025689878627
-4.19830680830357,-8.00074559950988,0.0189277561749315
-4.11820048377401,-8.05838786301108,0.0190555326395076
-4.03752246829544,-8.11534079542431,0.0191859543442227
-3.95627971730385,-8.17159732881855,0.0193190789504222
-3.87447925722141,-8.22715045109231,0.0194549658766002
-3.79212818491198,-8.28199320679336,0.0195936763591966
-3.709233667129,-8.33611869793438,0.0197352735158642
-3.62580293995595,-8.38952008480492,0.0198798224113143
-3.54184330823932,-8.44219058677917,0.0200273901258602
-3.45736214501424,-8.4941234831197,0.0201780458267799
-3.37236689092288,-8.54531211377705,0.0203318608426267
-3.28686505362557,-8.595749880185,0.0204889087406244
-3.20086420720475,-8.64543024605159,0.0206492654072874
-3.11437199156198,-8.69434673814558,0.0208130091324166
-3.02739611180783,-8.74249294707861,0.0209802206966279
-2.93994433764493,-8.78986252808256,0.0211509834625771
-2.8520245027442,-8.83644920178248,0.0213253834700568
-2.76364450411435,-8.88224675496459,0.0215035095351458
-2.6748123014647,-8.92724904133963,0.0216854533536042
-2.58553591656149,-8.97144998230122,0.0218713096087157
-2.49582343257769,-9.01484356767933,0.0220611760837895
-2.4056829934365,-9.05742385648867,0.0222551537795451
-2.31512280314855,-9.09918497767202,0.0224533470366162
-2.22415112514296,-9.14012113083833,0.0226558636634204
-2.13277628159235,-9.18022658699565,0.0228628150696558
-2.04100665273191,-9.21949568927863,0.0230743164057004
-1.94885067617266,-9.25792285367073,0.0232904867082013
-1.85631684620897,-9.29550256972095,0.0235114490521612
-1.76341371312054,-9.33222940125498,0.0237373307098418
-1.67014988246887,-9.36809798708082,0.023968263316823
-1.57653401438845,-9.40310304168874,0.0242043830455759
-1.48257482287272,-9.43723935594548,0.0244458307869242
-1.38828107505499,-9.47050179778269,0.0246927523397934
-1.29366159048444,-9.50288531287956,0.0249452986096635
-1.19872524039734,-9.53438492533947,0.0252036258161703
-1.10348094698367,-9.56499573836074,0.0254678957103182
-1.00793768264931,-9.59471293490131,0.0257382758017995
-0.91210446927386,-9.62353177833743,0.026014939596937
-0.815990377464459,-9.65144761311609,0.0262980668478002
-0.719604525805538,-9.67845586540139,0.0265878438130725
-0.622956080104891,-9.7045520437146,0.026884463531283
-0.526054252636141,-9.72973173956794,0.027188126107047
-0.428908301377837,-9.75399062809207,0.0274990390109994
-0.331527529249379,-9.77732446865719,0.0278174173941424
-0.233921283343981,-9.79972910548769,0.0281434844173696
-0.136098954158897,-9.82120046827036,0.0284774715969737
-0.0380699748231337,-9.8417345727561,0.02881961916699
0.0601561796771083,-9.86132752135511,0.0291701764592782
0.158569993275022,-9.87997550372546,0.0295294023022962
0.257161909601546,-9.8976747973551,0.0298975654395757
0.355922332765214,-9.91442176813723,0.0302749449689677
0.454841628133229,-9.93021287093897,0.0306618308037889
0.553910123113463,-9.94504465016342,0.0310585241570663
0.653118107937075,-9.95891374030491,0.031465338050147
0.752455836441443,-9.97181686649764,0.0318825978470167
0.851913526853066,-9.98375084505751,0.0323106418157475
0.951481362570095,-9.99471258401717,0.0327498217185826
1.05114949294413,-10.0046990836545,0.0332005034322538
1.15090803406091,-10.0137074370138,0.0336630676002237
1.25074706951949,-10.0217348304213,0.0341379103186459
1.35065665120949,-10.0287785439925,0.0346254438579441
1.450626800086,-10.0348359521339,0.0351260974220275
1.55064750694168,-10.0399045240371,0.0356403179472789
1.65070873317556,-10.0439818241675,0.0361685709435849
1.75080041155805,-10.0470655127445,0.0367113413798144
1.85091244699168,-10.0491533462164,0.0372691346162979
1.95103471726689,-10.0502431777283,0.0378424773870184
2.05115707381251,-10.050332957583,0.0384319188343901
2.1512693424401,-10.0494207336963,0.039038031599678
2.25136132408163,-10.0475046520441,0.0396614129723011
2.35142279551981,-10.0445829571051,0.0403026861014636
2.45144351011041,-10.0406539922958,0.0409625012737688
2.55141319849567,-10.0357162003991,0.0416415372607041
2.65132156930825,-10.0297681239876,0.0423405027401218
2.75115830986469,-10.0228084058401,0.0430601377961042
2.85091308684764,-10.0148357893518,0.043801215501873
2.95057554697584,-10.0058491189394,0.0445645435906984
3.05013531766107,-9.99584734043969,0.0453509662200752
3.14958200765076,-9.98482950150247,0.0461613658347652
3.24890520765551,-9.97279475197831,0.0469966651346613
3.34809449096013,-9.95974234430049,0.0478578291538057
3.44713941401711,-9.94567163386185,0.0487458674572974
3.54602951702134,-9.93058207938654,0.0496618364632539
3.64475432446446,-9.9144732432968,0.0506068418974484
3.74330334566784,-9.89734479207508,0.0515820413887328
3.84166607529226,-9.87919649662168,0.0525886472138747
3.93983199382303,-9.86002823260806,0.0536279292009909
4.03779056802874,-9.83983998082618,0.0547012178013516
4.13553125139184,-9.8186318275341,0.0558099073399544
4.23304348450924,-9.79640396479806,0.0569554594559434
4.33031669546093,-9.77315669083145,0.0581394067446572
4.42734030014444,-9.74889041033086,0.0593633566138556
4.52410370257305,-9.72360563480975,0.060628995367483
4.62059629513517,-9.69730298292985,0.0619380925311941
4.71680745881262,-9.66998318083098,0.0632925054347853
4.81272656335493,-9.64164706245946,0.0646941840676609
4.90834296740698,-9.61229556989568,0.066145176224506
5.00364601858695,-9.58192975368132,0.0676476329594524
5.09862505351129,-9.55055077314674,0.0692038143682136
5.19326939776353,-9.51815989673894,0.0708160957189237
5.28756836580312,-9.48475850235089,0.0724869739537654
5.38151126081072,-9.45034807765271,0.074219074584903
5.47508737446569,-9.41493022042542,0.0760151590097598
5.56828598665161,-9.37850663889788,0.0778781322723066
5.66109636508523,-9.34107915208781,0.0798110512987499
5.75350776486398,-9.30264969014755,0.0818171336378492
5.84550942792694,-9.26322029471549,0.0838997667380427
5.93709058242371,-9.22279311927411,0.0860625177956415
6.02824044198545,-9.1813704295154,0.0883091442105535
6.11894820489187,-9.138954603715,0.0906436046883483
6.20920305312751,-9.09554813311582,0.0930700710299603
6.29899415132049,-9.05115362232257,0.0955929406529711
6.38831064555615,-9.00577378970826,0.0982168498912162
6.47714166205771,-8.95941146783404,0.100946688122434
6.56547630572558,-8.91206960388387,0.103787612776828
6.65330365852643,-8.86375126011529,0.10674506528275
6.74061277772237,-8.81445961432815,0.109824788009245
6.82739269393029,-8.76419796035278,0.113032842268941
6.91363240900061,-8.7129697085594,0.116375627448719
6.9993208937039,-8.66077838639087,0.119859901339761
7.08444708521348,-8.60762763892054,0.123492801742999
7.16899988437081,-8.5535212294376,0.127281869430617
7.25296815272024,-8.49846304006201,0.131235072549155
7.33634070929843,-8.44245707239168,0.135360832554904
7.419106327163,-8.38550744818427,0.139668051777704
7.50125372964393,-8.32761841007652,0.144166142714908
7.58277158630039,-8.26879432234403,0.148865059163237
7.66364850856438,-8.2090396717045,0.153775329302459
7.7438730450515,-8.14835906816795,0.158908090851322
7.82343367651807,-8.08675724593722,0.16427512842294
7.90231881044242,-8.02423906436272,0.169888913213853
7.9805167752068,-7.96080950895518,0.175762645168302
8.05801581385518,-7.89647369246091,0.181910297766781
8.13480407740042,-7.83123685600382,0.188346665595747
8.21086961765294,-7.76510437029917,0.195087414863341
8.28620037954128,-7.69808173694398,0.202149137034184
8.36078419289335,-7.63017458978961,0.20954940576466
8.43460876364509,-7.5613886964022,0.217306837328546
8.50766166444176,-7.49172995961703,0.225441154731403
8.57993032459477,-7.42120441919323,0.233973255720674
8.65140201935513,-7.3498182535758,0.242925284906877
8.72206385846239,-7.27757778177207,0.252320710219641
8.79190277392578,-7.2044894653503,0.262184403930346
8.86090550699184,-7.13055991056876,0.272542728480859
8.9290585942508,-7.05579587064364,0.283423627364973
8.99634835283115,-6.98020424816521,0.294856721315696
9.06276086462976,-6.90379209767171,0.306873410057137
9.128281959522,-6.82656662839141,0.319506979884275
9.1928971974943,-6.74853520716345,0.332792717337111
9.25659184963836,-6.66970536154912,0.346768029237305
9.31935087794429,-6.59008478314554,0.361472569355019
9.38115891382696,-6.5096813311145,0.376948371971023
9.44200023531766,-6.42850303593996,0.393239992593722
9.50185874285046,-6.34655810342838,0.410394656082083
9.56071793357064,-6.26385491896675,0.428462412413085
9.61856087409021,-6.18040205205396,0.44749630031551
9.67537017161369,-6.09620826112219,0.467552518970075
9.7311279433555,-6.01128249866532,0.488690607948227
9.78581578416913,-5.92563391669272,0.510973635527583
9.83941473230709,-5.83927187252722,0.534468395479969
9.89190523323017,-5.75220593496714,0.559245612377309
9.94326710138458,-5.66444589083303,0.585380155399952
9.99347947986638,-5.57600175192065,0.612951260560202
10.0425207978939,-5.48688376238244,0.642042761169289
10.0903687260114,-5.39710240656093,0.672743326277276
10.1370001289506,-5.30666841729768,0.705146706700655
10.1823910160819,-5.21559278474295,0.739351988119788
10.2265164893927,-5.12388676569112,0.775463850575805
10.2693506889378,-5.03156189346826,0.813592833521913
10.3108667357183,-4.93862998839831,0.853855605384882
10.3510366719543,-4.84510316887508,0.896375236366218
10.3898313987346,-4.75099386306729,0.941281472956564
10.4272206110392,-4.65631482128447,0.988711012348283
10.4631727301551,-4.56107912903094,1.03880777460711
10.4976548335253,-4.46530022077552,1.09172317010112
10.5306325821009,-4.36899189446338,1.14761635928107
10.5620701452958,-4.27216832679643,1.20665450145711
10.5919301236823,-4.17484408930678,1.26901298872044
10.6201734696032,-4.07703416524693,1.33487566061125
10.6467594059284,-3.9787539673178,1.40443499453426
10.6716453432328,-3.88001935625379,1.47789226626774
10.6947867957351,-3.7808466602805,1.55545767420006
10.7161372964041,-3.68125269545745,1.63735042015793
10.7356483117144,-3.5812547869135,1.72379873886362
10.7532691566177,-3.48087079097748,1.81503986717546
10.7689469103887,-3.38011911820051,1.91131994332995
10.7826263341085,-3.27901875725926,2.01289382541956
10.7942497906574,-3.17758929972132,2.12002481731593
10.8037571682183,-3.07585096564426,2.23298428919192
10.8110858084175,-2.97382462996961,2.35205117872344
10.8161704403812,-2.87153184966035,2.47751135797823
10.8189431221349,-2.76899489151749,2.60965684994695
10.8193331909422,-2.66623676059553,2.74878487766781
10.8172672243496,-2.56328122911993,2.89519672797282
10.8126690138906,-2.46015286579078,3.04919641107934
10.8054595535896,-2.35687706533615,3.2110890966119
10.7955570456021,-2.25348007815601,3.38117930621917
10.7828769255246,-2.14998903987281,3.55976884281053
10.7673319101069,-2.04643200057815,3.74715443664678
10.7488320702884,-1.94283795353617,3.94362508915706
10.7272849326667,-1.83923686307379,4.14945909650659
10.7025956126734,-1.73565969135519,4.36492073669965
10.6746669828816,-1.63213842370392,4.59025660647116
10.6433998799837,-1.52870609210053,4.82569159750067
10.6086933540644,-1.42539679644676,5.07142450568346
10.5704449638204,-1.3222457231502,5.32762327241689
10.5285511213603,-1.21928916054608,5.59441986320788
10.4829074901166,-1.11656451063545,5.87190479646523
10.4334094392299,-1.01411029658403,6.16012134417799
10.3799525574897,-0.911966165392109,6.45905943634341
10.3224332295373,-0.810172885115745,6.76864931250117
10.2607492765312,-0.708772335993696,7.08875497652101
10.1948006628404,-0.607807494814151,7.41916752478447
10.1244902695481,-0.507322411842154,7.7595984329412
10.0497247346094,-0.407362179624011,8.10967290226905
9.97041535841009,-0.307972892990465,8.46892338300123
9.88647907221026,-0.209201599597846,8.83678340838373
9.79783946553116,-0.111096240377234,9.21258188916996
9.70442786696708,-0.0137055793076337,9.59553803312342
9.60618447118359,0.0829208780082543,9.98475706716039
9.50305950302896,0.178732977406591,10.3792269502102
9.39501440776205,0.273680021204694,10.7778162718209
9.28202305443058,0.367710885445259,11.1792735340661
9.16407293746558,0.460774149425465,11.5822280114862
9.04116635965038,0.552818237434992,11.9851923747331
8.91332157784177,0.643791572449189,12.3865672474824
8.78057389124095,0.733642741328594,12.7846478424026
8.64297665071235,0.82232067086614,13.177632790103
8.50060216671006,0.909774813801779,13.5636352349088
8.35354249287721,0.995955343694981,13.9406962232645
8.2019100624088,1.08081335731346,14.306800355192
8.04583815488241,1.16430108296702,14.6598936076322
7.88548117251778,1.24637209299473,14.997903172225
7.72101470676319,1.32698151840877,15.3187590811809
7.55263537873731,1.40608626351546,15.620417325768
7.38056044036874,1.48364521818085,15.9008841053896
7.20502712703078,1.55961946529113,16.1582407842211
7.026291756994,1.63397248088345,16.3906690800171
6.8446285780136,1.70667032439514,16.5964759689511
6.66032836669994,1.77768181650435,16.7741177639523
6.47369679183489,1.84697870211367,16.9222228141799
6.28505255831744,1.91453579616306,17.0396122816632
6.09472535376322,1.98033111014771,17.1253184785453
5.90305362475168,2.04434595745786,17.1786002947283
5.71038221412708,2.10656503594674,17.1989553100102
5.51705989444366,2.16697648646293,17.1861282650441
5.32343683545588,2.22557192644728,17.1401156588054
5.12986204537651,2.28234645808178,17.0611663431323
4.93668082638419,2.33729865087923,16.9497780931767
4.7442322845256,2.39043049900693,16.8066902418283
4.55284693273862,2.44174735403341,16.6328725718464
4.36284442327956,2.49125783416542,16.4295107572542
4.17453144246745,2.53897371139098,16.1979887316782
3.98819979649638,2.58490977825692,15.939868432552
3.80412471227384,2.62908369627664,15.6568674241056
3.62256337200037,2.6715158281819,15.3508349373684
3.44375369470357,2.71222905639688,15.0237268815655
3.2679133723696,2.75124859022164,14.6775803787228
3.09523916285754,2.78860176426647,14.3144883533098
2.92590643660375,2.82431783067904,13.9365746733597
2.76006896936537,2.85842774765747,13.5459702912372
2.59785896903002,2.89096396664791,13.1447907740031
2.43938732091712,2.92196022049212,12.7351155482081
2.28474403306859,2.95145131462324,12.3189691150073
2.13399886079795,2.97947292321594,11.8983044216138
1.98720208823129,3.00606139198463,11.4749885069146
1.84438544370573,3.03125354909929,11.0507904747654
1.70556312564052,3.05508652545812,10.6273717898433
1.57073291580029,3.07759758532548,10.2062788392648
1.43987735765537,3.0988239681185,9.78893765932279
1.31296497872852,3.11880274190934,9.3766506910615
1.18995153731939,3.13757066900753,8.97059540102246
1.07078127573575,3.15516408379959,8.57182458406271
0.955388164056462,3.1716187828541,8.18126815310921
0.843697120435352,3.18696992715024,7.79973621533734
0.735625195964779,3.20125195615772,7.42792323467903
0.631082714099083,3.21449851338541,7.06641308585266
0.529974356547311,3.22674238292462,6.71568481432213
0.432200189346668,3.23801543644045,6.37611892882556
0.337656624496948,3.24834859000875,6.0480040675119
0.246237314053973,3.2577717701568,5.73154389451813
0.15783397493607,3.26631388844003,5.42686410033433
0.0723371438874781,3.27400282387489,5.13401939597016
-0.0103631369329108,3.28086541254571,4.8530004072833
-0.0903767024048752,3.28692744371176,4.58374039149201
-0.167812712897616,3.29221366175595,4.32612171259239
-0.242779166102741,3.29674777333891,4.07998202594338
-0.315382469193125,3.30055245914952,3.8451201345482
-0.385727067926381,3.30364938967368,3.62130149048839
-0.453915129089671,3.30605924443752,3.40826332454692
-0.52004627255004,3.30780173421641,3.20571939531838
-0.584217349118591,3.30889562573828,3.01336435610675
-0.646522260445347,3.30935876844652,2.83087774373539
-0.707051817223291,3.30920812292463,2.65792759813582
-0.765893632084542,3.30845979062052,2.49417372534361
-0.823132043709587,3.30712904454352,2.33927061942096
-0.878848068833797,3.30523036064018,2.19287006094997
-0.933119379016954,3.30277744958689,2.05462341120392
-0.986020299235052,3.29978328876711,1.92418362200244
-1.03762182555395,3.29626015422908,1.8012069816807
-1.0879916593474,3.29221965244575,1.68535461763621
-1.1371942557236,3.28767275172286,1.57629377563304
-1.18529088402256,3.28262981312294,1.47369889550868
-1.23233969843799,3.2771006207936,1.37725250220008
-1.27839581700157,3.27109441160628,1.28664593013422
-1.3235114073421,3.26461990402851,1.20157989805476
-1.36773577779702,3.25768532616775,1.12176495031838
-1.41111547260801,3.2502984429378,1.04692177961986
-1.45369437007646,3.24246658231104,0.976781445019076
-1.49551378268726,3.23419666063011,0.911085498065517
-1.53661255833201,3.22549520696175,0.849586028760975
-1.57702718187485,3.21636838648394,0.792045642081823
-1.61679187640636,3.20682202290419,0.738237374806309
-1.65593870362365,3.19686161991312,0.687944561466525
-1.69449766285889,3.18649238168258,0.64096065737273
-1.73249678835369,3.17571923242196,0.597089025842076
-1.7699622444446,3.16454683501021,0.556142696005192
-1.8069184183852,3.15297960872391,0.51794409686249
-1.84338801058413,3.14102174608447,0.482324772616152
-1.87939212208565,3.12867722884944,0.449125083711923
-1.91495033916131,3.11594984317449,0.418193897484768
-1.95008081491815,3.10284319397392,0.389388271811458
-1.98480034786057,3.08936071850814,0.362573134728563
-2.01912445737122,3.07550569922737,0.337620962573058
-2.05306745610002,3.06128127590098,0.31441145884184
-2.08664251927112,3.04669045706191,0.292831235642976
-2.11986175093521,3.03173613079554,0.272773499322379
-2.15273624720932,3.01642107490216,0.254137741592228
-2.18527615655866,3.00074796646149,0.236829437258828
-2.21749073718539,2.98471939082754,0.220759749445434
-2.24938841159728,2.96833785008119,0.205845243027247
-2.28097681843614,2.9516057709672,0.192007606839089
-2.31226286165093,2.93452551234167,0.179173385079145
-2.34325275710425,2.91709937215514,0.167273718212594
-2.37395207670398,2.89932959399555,0.156244093575144
-2.40436579015312,2.88121837321458,0.146024105786835
-2.4344983044124,2.86276786265984,0.136557227009431
-2.46435350096991,2.84398017803457,0.127790587014904
-2.49393477101203,2.82485740290555,0.119674762976715
-2.52324504858865,2.80540159337917,0.112163578848608
-2.55228684186466,2.78561478246439,0.10521391415652
-2.58106226254769,2.76549898414099,0.0987855219969913
-2.6095730535802,2.74505619714997,0.0928408560092879
-2.63782061518163,2.72428840852277,0.0873449060676476
-2.66580602932411,2.70319759686477,0.0822650424238884
-2.69353008272226,2.68178573540781,0.0775708680185261
-2.72099328841519,2.66005479484588,0.0732340786699709
-2.74819590601593,2.63800674596711,0.0692283308458566
-2.77513796070049,2.61564356209472,0.0655291167176652
-2.80181926100625,2.5929672213488,0.0621136461991703
-2.8282394155061,2.56997970874016,0.0589607356705083
-2.85439784842217,2.54668301810675,0.0560507030925927
-2.88029381424013,2.52307915390277,0.0533652692208618
-2.90592641138201,2.49917013284981,0.0508874646327613
-2.93129459499318,2.47495798545892,0.0486015422897046
-2.95639718889599,2.45044475743195,0.0464928953613613
-2.98123289676035,2.42563251094995,0.0445479800478252
-3.00580031253883,2.4005233258561,0.0427542431433883
-3.03009793021132,2.37511930074004,0.0411000540941684
-3.0541241528822,2.34942255393004,0.0395746413106086
-3.07787730127036,2.3234352243993,0.038168032504792
-3.10135562163053,2.29715947259176,0.0368709988315303
-3.12455729314194,2.27059748117317,0.0356750026212062
-3.14748043479862,2.24375145571206,0.0345721485013417
-3.17012311183359,2.21662362529558,0.0335551377127647
-3.1924833417071,2.18921624308436,0.0326172254350196
-3.21455909968787,2.16153158681072,0.0317521809442848
-3.23634832405395,2.13357195922382,0.0309542504354864
-3.25784892093873,2.10533968848553,0.0302181223485145
-3.27905876884578,2.07683712852018,0.0295388950464387
-3.29997572285492,2.04806665932146,0.0289120467013682
-3.3205976185405,2.0190306872192,0.0283334072510945
-3.34092227562149,1.98973164510892,0.0277991322968914
-3.36094750136192,1.96017199264644,0.0273056788198162
-3.3806710937388,1.93035421641018,0.0268497825995561
-3.40009084439383,1.900280830033,0.0264284372262968
-3.41920454138388,1.8699543743059,0.0260388746022545
-3.43800997174444,1.83937741725529,0.0256785468354086
-3.45650492387927,1.80855255419564,0.0253451094336084
-3.47468718978844,1.77748240775914,0.0250364057126034
-3.49255456714652,1.74616962790387,0.0247504523366696
-3.51010486124136,1.71461689190189,0.0244854259153814
-3.52733588678367,1.68282690430856,0.0242396505847121
-3.54424546959664,1.65080239691429,0.0240115865050507
-3.56083144819431,1.61854612867983,0.0237998192128952
-3.57709167525673,1.58606088565618,0.0236030497669418
-3.59302401900944,1.55334948089004,0.023420085633032
-3.60862636451432,1.52041475431573,0.023249832255965
-3.62389661487812,1.48725957263432,0.0230912852695276
-3.638832692385,1.45388682918093,0.0229435232992542
-3.65343253955832,1.42029944378068,0.0228057013154112
-3.66769412015716,1.38650036259409,0.0226770444965071
-3.68161542011225,1.35249255795251,0.0225568425662746
-3.69519444840581,1.31827902818412,0.0224444445695621
-3.70842923789937,1.28386279743105,0.0223392540549087
-3.72131784611352,1.24924691545811,0.0222407246337764
-3.73385835596301,1.21443445745349,0.0221483558884779
-3.74604887645061,1.17942852382201,0.022061689602772
-3.75788754332258,1.14423223997109,0.0219803062909148
-3.76937251968871,1.10884875609004,0.021903822002655
-3.7805019966095,1.07328124692275,0.0218318853832527
-3.79127419365275,1.03753291153427,0.0217641749690895
-3.80168735942191,1.00160697307147,0.0217003967008315
-3.81173977205808,0.965506678518087,0.0216402816374046
-3.82142973971773,0.929235298444356,0.0215835838552587
-3.83075560102763,0.892796126751474,0.0215300785185299
-3.83971572551878,0.856192480411119,0.0214795601067639
-3.84830851404067,0.819427699200201,0.0214318407878544
-3.85653239915731,0.782505145431018,0.0213867489247616
-3.86438584552623,0.745428203677001,0.0213441277054356
-3.87186735026156,0.708200280494196,0.0213038338861598
-3.87897544328228,0.670824804138628,0.0212657366392724
-3.88570868764661,0.633305224279681,0.0212297164969072
-3.89206567987338,0.595645011709627,0.0211956643830364
-3.89804505025121,0.557847658049418,0.0211634807266889
-3.90364546313622,0.519916675450846,0.0211330746497653
-3.90886561723901,0.481855596295191,0.021104363223386
-3.91370424590148,0.443667972888432,0.0210772707871752
-3.91816011736404,0.405357377153138,0.021051728326325
-3.9222320350238,0.366927400317104,0.02102767290169
-3.92591883768416,0.328381652598825,0.0210050471285339
-3.92921939979626,0.289723762889886,0.0209837986999024
-3.93213263169269,0.250957378434332,0.0209638799509121
-3.93465747981375,0.212086164505103,0.0209452474605472
-3.93679292692676,0.173113804077583,0.0209278616878255
-3.93853799233853,0.134043997500337,0.0209116866394514
-3.93989173210134,0.0948804621630996,0.0208966895663051
-3.94085323921279,0.055626932162061,0.0208828406863358
-3.94142164380948,0.0162871579625175,0.0208701129316214
-3.94159611335503,-0.0231350939410648,0.0208584817175443
-3.94137585282242,-0.0626360413675202,0.0208479247322001
-3.94076010487086,-0.102211886793937,0.0208384217443108
-3.93974815001742,-0.141858817703046,0.02082995442806
-3.93833930680344,-0.181573006932995,0.0208225062033965
-3.93653293195596,-0.221350613029468,0.0208160620904753
-3.9343284205442,-0.261187780600093,0.0208106085770179
-3.9317252061312,-0.301080640671112,0.0208061334974727
-3.92872276092079,-0.34102531104625,0.020802625922956
-3.92532059589981,-0.381017896667754,0.0208000760610334
-3.92151826097588,-0.421054489979555,0.0207984751644891
-3.91731534511054,-0.461131171292516,0.0207978154482966
-3.91271147644801,-0.501244009151718,0.0207980900140755
-3.9077063224395,-0.541389060705747,0.020799292781378
-3.90229958996319,-0.581562372077951,0.0208014184252081
-3.8964910254399,-0.621759978739608,0.0208044623192233
-3.89028041494445,-0.661977905884988,0.0208084204841219
-3.88366758431276,-0.70221216880825,0.0208132895407569
-3.87665239924478,-0.742458773282154,0.0208190666675607
-3.86923476540315,-0.782713715938535,0.0208257495618993
-3.86141462850773,-0.822972984650501,0.0208333364050097
-3.85319197442596,-0.863232558916332,0.0208418258302021
-3.844566829259,-0.903488410245025,0.0208512168940393
-3.83553925942386,-0.94373650254345,0.0208615090502288
-3.82610937173129,-0.98397279250509,0.0208727021259869
-3.81627731345957,-1.02419323000031,0.0208847963006574
-3.80604327242427,-1.06439375846813,0.0208977920863829
-3.79540747704379,-1.10457031530948,0.0209116903106493
-3.78437019640082,-1.1447188322818,0.0209264921005353
-3.7729317402998,-1.18483523589515,0.020942198868519
-3.76109245932013,-1.22491544780958,0.0209588122997005
-3.74885274486535,-1.26495538523378,0.0209763343403199
-3.73621302920824,-1.30495096132512,0.0209947671874527
-3.72317378553179,-1.3448980855908,0.021014113279782
-3.70973552796604,-1.38479266429025,0.0210343752893522
-3.69589881162084,-1.42463060083869,0.0210555561142189
-3.68166423261453,-1.46440779621177,0.0210776588719164
-3.66703242809843,-1.50412014935135,0.0211006868936738
-3.65200407627729,-1.54376355757221,0.021124643719313
-3.63657989642556,-1.58333391696986,0.0211495330927728
-3.62076064889958,-1.62282712282929,0.0211753589582037
-3.6045471351456,-1.66223907003459,0.0212021254565873
-3.58794019770372,-1.70156565347947,0.0212298369228344
-3.57094072020765,-1.74080276847867,0.0212584978833248
-3.55354962738033,-1.77994631118012,0.0212881130538503
-3.53576788502544,-1.81899217897784,0.0213186873379298
-3.51759650001475,-1.85793627092563,0.0213502258254667
-3.49903652027126,-1.89677448815141,0.0213827337917208
-3.48008903474829,-1.93550273427214,0.0214162166965724
-3.46075517340433,-1.97411691580947,0.0214506801840547
-3.44103610717375,-2.01261294260581,0.0214861300821354
-3.42093304793338,-2.050986728241,0.0215225724027302
-3.40044724846482,-2.08923419044949,0.0215600133419305
-3.37958000241275,-2.12735125153783,0.0215984592804322
-3.35833264423887,-2.16533383880269,0.021637916784151
-3.33670654917183,-2.20317788494917,0.0216783926050134
-3.3147031331529,-2.24087932850943,0.0217198936819118
-3.29232385277746,-2.2784341142616,0.0217624271418143
-3.26957020523237,-2.31583819364894,0.0218060003010214
-3.24644372822908,-2.35308752519915,0.0218506206665598
-3.22294599993262,-2.39017807494386,0.0218962959377086
-3.19907863888642,-2.42710581683823,0.0219430340076499
-3.17484330393288,-2.46386673318061,0.0219908429652392
-3.15024169412984,-2.50045681503218,0.0220397310968903
-3.12527554866281,-2.53687206263668,0.0220897068885703
-3.09994664675309,-2.57310848583997,0.0221407790279008
-3.07425680756164,-2.60916210450955,0.022192956406362
-3.04820789008883,-2.6450289489539,0.0222462481215966
-3.02180179307002,-2.6807050603417,0.0223006634798107
-2.99504045486695,-2.71618649112075,0.0223562119982694
-2.96792585335499,-2.75146930543663,0.0224129034078858
-2.94046000580618,-2.78654957955112,0.0224707476559007
-2.91264496876822,-2.82142340226019,0.0225297549086523
-2.8844828379392,-2.8560868753116,0.0225899355544342
-2.85597574803821,-2.89053611382212,0.0226513002064418
-2.82712587267191,-2.92476724669419,0.0227138597058045
-2.7979354241968,-2.95877641703215,0.0227776251247052
-2.7684066535775,-2.99255978255779,0.022842607769585
-2.73854185024084,-3.02611351602541,0.0229088191844341
-2.70834334192587,-3.05943380563613,0.0229762711541675
-2.67781349452971,-3.09251685545162,0.0230449757080873
-2.64695471194941,-3.12535888580692,0.0231149451234301
-2.61576943591959,-3.15795613372271,0.0231861919289997
-2.58426014584607,-3.19030485331654,0.0232587289088878
-2.55242935863545,-3.22240131621336,0.0233325691062794
-2.52027962852059,-3.25424181195507,0.0234077258273473
-2.48781354688201,-3.2858226484091,0.0234842126452328
-2.45503374206533,-3.3171401521761,0.0235620434041162
-2.42194287919462,-3.34819066899648,0.0236412322233756
-2.38854365998172,-3.37897056415595,0.0237217935018363
-2.35483882253164,-3.40947622288991,0.0238037419221106
-2.32083114114384,-3.43970405078674,0.0238870924550297
-2.28652342610964,-3.46965047418977,0.0239718603641677
-2.2519185235056,-3.49931194059815,0.0240580612104602
-2.21701931498295,-3.52868491906632,0.0241457108569163
-2.1818287175531,-3.55776590060221,0.0242348254734271
-2.14634968336923,-3.58655139856405,0.0243254215416711
-2.11058519950392,-3.61503794905579,0.0244175158601165
-2.07453828772293,-3.64322211132105,0.0245111255491231
-2.03821200425509,-3.67110046813556,0.0246062680561447
-2.00160943955832,-3.6986696261981,0.0247029611610316
-1.96473371808177,-3.72592621651981,0.0248012229814365
-1.92758799802422,-3.75286689481195,0.0249010719783237
-1.89017547108856,-3.77948834187194,0.0250025269615828
-1.85249936223256,-3.8057872639677,0.0251056070957488
-1.81456292941577,-3.83176039322029,0.0252103319058288
-1.77636946334279,-3.8574044879847,0.0253167212832379
-1.73792228720267,-3.88271633322888,0.0254247954918438
-1.69922475640468,-3.90769274091085,0.0255345751741227
-1.66028025831033,-3.93233055035395,0.0256460813574267
-1.62109221196174,-3.95662662862005,0.0257593354603646
-1.58166406780636,-3.9805778708809,0.0258743592992968
-1.54199930741799,-4.00418120078735,0.0259911750949452
-1.50210144321426,-4.02743357083651,0.0261098054791205
-1.46197401817048,-4.05033196273687,0.0262302735015658
-1.42162060552991,-4.07287338777115,0.0263526026369193
-1.38104480851053,-4.09505488715711,0.0264768167917973
-1.3402502600082,-4.11687353240594,0.0266029403119965
-1.29924062229643,-4.1383264256786,0.0267309979898184
-1.25801958672256,-4.15941070013963,0.0268610150715165
-1.21659087340057,-4.18012352030878,0.0269930172648658
-1.17495823090043,-4.20046208241017,0.0271270307468572
-1.13312543593407,-4.22042361471903,0.027263082171516
-1.09109629303789,-4.24000537790597,0.027401198677846
-1.04887463425206,-4.25920466537879,0.0275414078978994
-1.0064643187964,-4.2780188036217,0.027683737964974
-0.963869232742949,-4.29644515253197,0.0278282175219356
-0.921093288685349,-4.31448110575394,0.0279748757296695
-0.878140425404905,-4.33212409101044,0.0281237422756579
-0.835014607533477,-4.34937157043144,0.0282748473826863
-0.791719825213171,-4.36622104087999,0.0284282218176761
-0.748260093752878,-4.38267003427544,0.0285838969006457
-0.704639453281682,-4.39871611791375,0.0287419045137988
-0.660861968399167,-4.41435689478507,0.028902277110739
-0.61693172782267,-4.42959000388835,0.0290650477258115
-0.572852844031477,-4.44441312054312,0.0292302499835703
-0.528629452908026,-4.4588239566982,0.0293979181083705
-0.484265713376127,-4.47282026123754,0.0295680869340843
-0.439765807036241,-4.48639982028298,0.02974079191394
-0.39513393779784,-4.49956045749393,0.0299160691304824
-0.350374331508892,-4.51230003436403,0.0300939553056534
-0.305491235582491,-4.52461645051457,0.0302744878109896
-0.260488918620676,-4.53650764398487,0.0304577046779374
-0.215371670035463,-4.54797159151935,0.0306436446082806
-0.170143799667125,-4.55900630885147,0.0308323469846803
-0.124809637399762,-4.5696098509843,0.0310238518813222
-0.0793735327741821,-4.57978031246787,0.0312182000746704
-0.0338398545981369,-4.58951582767316,0.0314154330543223
0.011787009446059,-4.59881457106271,0.031615593033962
0.0575026531964856,-4.60767475745786,0.0318187229624083
0.103302652409121,-4.61609464230253,0.0320248665347525
0.149182565157851,-4.62407252192355,0.0322340682035804
0.195137932236957,-4.6316067337875,0.0324463731902754
0.241164277566037,-4.63869565675401,0.0326618274963955
0.287257108597327,-4.64533771132551,0.0328804779151183
0.333411916725391,-4.6515313598934,0.0331023720427481
0.379624177699139,-4.65727510698057,0.0333275582902784
0.425889352036131,-4.66256749948031,0.033556085895001
0.472202885439139,-4.66740712689151,0.0337880049321557
0.51856020921493,-4.67179262155014,0.0340233663266097
0.56495674069522,-4.67572265885707,0.0342622218645603
0.611387883659776,-4.67919595750196,0.034504624205249
0.657849028761617,-4.68221127968358,0.0347506268926776
0.704335553954287,-4.68476743132605,0.0350002843673154
0.750842824921148,-4.68686326229146,0.0352536519777855
0.79736619550667,-4.68849766658843,0.0355107859925179
0.843901008149664,-4.68966958257688,0.0357717436113565
0.89044259431843,-4.69037799316878,0.0360365829771052
0.936986274947781,-4.69062192602499,0.0363053631869995
0.983527360877894,-4.69040045374811,0.0365781443040874
1.03006115329497,-4.68971269407127,0.036854987368502
1.07658294417361,-4.68855781004292,0.037135954408611
1.12308801672099,-4.68693501020752,0.0374211084520214
1.16957164582262,-4.68484354878219,0.0377105135364224
1.21602909848978,-4.68228272582918,0.0380042347202451
1.26245563430858,-4.67925188742425,0.0383023380931166
1.30884650589056,-4.67575042582084,0.0386048907860874
1.35519695932476,-4.67177777961008,0.0389119609816062
1.40150223463137,-4.66733343387659,0.0392236179232188
1.44775756621675,-4.66241692035002,0.0395399319249628
1.49395818332986,-4.65702781755236,0.0398609743804317
1.54009931052006,-4.65116575094094,0.040186817771478
1.58617616809625,-4.64483039304715,0.0405175356765259
1.6321839725873,-4.63802146361082,0.0408532027784596
1.67811793720364,-4.63073872971028,0.0411938948720558
1.7239732723002,-4.622982005888,0.0415396888709228
1.76974518584039,-4.61475115427191,0.041890662813911
1.81542888386127,-4.60604608469225,0.0422468958709547
1.86101957093982,-4.59686675479406,0.0426084683483061
1.90651245066023,-4.58721317014515,0.0429754616931175
1.95190272608221,-4.57708538433962,0.0433479584973294
1.99718560021033,-4.56648349909697,0.0437260425008166
2.04235627646419,-4.5554076643566,0.0441097985937454
2.08740995914964,-4.54385807836786,0.0444993128180906
2.13234185393072,-4.53183498777552,0.0448946723682607
2.17714716830254,-4.51933868770068,0.0452959655907766
2.2218211120649,-4.50636952181719,0.0457032819829456
2.26635889779669,-4.49292788242332,0.0461167121904742
2.310755741331,-4.47901421050897,0.0465363480039548
2.35500686223092,-4.46462899581817,0.0469622823541648
2.39910748426602,-4.449772776907,0.0473946093061105
2.44305283588942,-4.43444614119677,0.0478334240517463
2.48683815071546,-4.41864972502261,0.048278822901298
2.53045866799794,-4.40238421367732,0.0487309032731155
2.57390963310887,-4.38565034145055,0.0491897636819773
2.6171862980177,-4.36844889166326,0.049655503725767
2.66028392177105,-4.3507806966974,0.0501282240704395
2.70319777097281,-4.33264663802095,0.0506080264331889
2.74592312026477,-4.31404764620808,0.0510950135637319
2.78845525280743,-4.2949847009546,0.0515892892236133
2.83078946076136,-4.27545883108869,0.052090958163438
2.87292104576873,-4.25547111457665,0.0526001260979339
2.91484531943522,-4.23502267852407,0.0531168996787417
2.95655760381218,-4.21411469917196,0.0536413864648292
2.99805323187901,-4.19274840188822,0.0541736948904219
3.03932754802579,-4.17092506115413,0.0547139342303389
3.08037590853611,-4.1486460005461,0.055262214562621
3.12119368207009,-4.12591259271243,0.0558186467283329
3.16177625014752,-4.10272625934525,0.0563833422884194
3.20211900763118,-4.07908847114763,0.0569564134774923
3.24221736321025,-4.05500074779562,0.0575379731544213
3.2820667398839,-4.03046465789556,0.0581281347495978
3.32166257544486,-4.00548181893631,0.0587270122087403
3.36100032296319,-3.98005389723665,0.0593347199331032
3.40007545126999,-3.95418260788767,0.0599513727159525
3.43888344544128,-3.92786971469024,0.060577085675163
3.47741980728185,-3.90111703008747,0.0612119741817948
3.51568005580915,-3.87392641509225,0.0618561537845006
3.55365972773728,-3.84629977920972,0.0625097401296129
3.59135437796087,-3.81823908035485,0.0631728488767583
3.62875958003913,-3.78974632476487,0.0638455956098458
3.66587092667977,-3.76082356690683,0.0645280957432687
3.70268403022303,-3.73147290938003,0.0652204644231633
3.7391945231257,-3.70169650281339,0.0659228164235628
3.77539805844515,-3.67149654575792,0.0666352660372831
3.81129031032331,-3.64087528457393,0.0673579269613782
3.84686697447082,-3.6098350133133,0.0680909121769996
3.88212376865105,-3.57837807359666,0.0688343338234939
3.91705643316428,-3.54650685448542,0.0695883030665743
3.95166073133181,-3.51422379234873,0.0703529299603995
3.98593244998022,-3.48153137072534,0.0711283233033948
4.01986739992566,-3.44843212018032,0.0719145904876509
4.05346141645819,-3.41492861815666,0.0727118373417387
4.08671035982629,-3.38102348882166,0.0735201679667763
4.11961011572139,-3.34671940290829,0.0743396845655928
4.1521565957626,-3.31201907755124,0.0751704872648291
4.18434573798158,-3.2769252761179,0.0760126739298266
4.21617350730753,-3.24144080803408,0.0768663399721525
4.24763589605247,-3.20556852860453,0.0777315781496206
4.27872892439663,-3.1693113388283,0.078608478358667
4.30944864087414,-3.1326721852088,0.0794971274189509
4.33979112285901,-3.09565405955865,0.0803976088500542
4.36975247705134,-3.05825999879928,0.081310002640163
4.3993288399639,-3.02049308475524,0.0822343850066241
4.42851637840908,-2.98235644394322,0.0831708281482753
4.45731128998613,-2.94385324735584,0.0841193999894637
4.48570980356894,-2.90498671024,0.0850801639156747
4.51370817979416,-2.86576009187004,0.0860531785007078
4.54130271154983,-2.82617669531545,0.0870384972253489
4.56848972446456,-2.78623986720329,0.0880361681875055
4.59526557739716,-2.7459529974752,0.0890462338037833
4.62162666292694,-2.70531951913903,0.0900687305025051
4.6475694078445,-2.66434290801506,0.0911036884081866
4.67309027364327,-2.6230266824768,0.0921511310175071
4.69818575701164,-2.58137440318633,0.0932110748668322
4.72285239032577,-2.53938967282421,0.0942835291913698
4.7470867421432,-2.49707613581392,0.0953684955760627
4.77088541769713,-2.45443747804071,0.0964659675983481
4.79424505939151,-2.41147742656508,0.0975759304629419
4.81716234729693,-2.36819974933062,0.0986983606288302
4.8396339996473,-2.32460825486633,0.0998332254286859
4.86165677333742,-2.28070679198338,0.100980482680955
4.88322746442134,-2.23649924946624,0.102140080294895
4.90434290861167,-2.19198955575827,0.10331195586887
4.92499998177964,-2.1471816786416,0.104496036282271
4.9451956004562,-2.10207962491138,0.105692237281428
4.96492672233388,-2.0566874400444,0.106900463059958
4.98419034676957,-2.011009207862,0.108120605834003
5.00298351528818,-1.96504905018719,0.109352545412881
5.02130331208717,-1.91881112649619,0.110596148765694
5.03914686454187,-1.87229963356405,0.111851269584497
5.05651134371166,-1.82551880510464,0.11311774784467
5.0733939648469,-1.77847291140477,0.114395409363189
5.08979198789659,-1.7311662589525,0.115684065355541
5.10570271801676,-1.68360319005966,0.116983511992068
5.12112350607946,-1.63578808247849,0.11829352995459
5.13605174918231,-1.58772534901242,0.119613883994204
5.15048489115853,-1.539419437121,0.120944322491206
5.16442042308745,-1.49087482851887,0.122284577018139
5.17785588380524,-1.44209603876886,0.123634361907031
5.19078886041588,-1.39308761686917,0.124993373821925
5.20321698880222,-1.34385414483455,0.126361291337886
5.21513795413701,-1.29440023727163,0.127737774527688
5.2265494913937,-1.24473054094815,0.129122464557478
5.23744938585691,-1.19484973435632,0.130514983292745
5.24783547363242,-1.14476252727017,0.13191493291597
5.25770564215644,-1.09447366029691,0.13332189555742
5.26705783070394,-1.04398790442227,0.13473543294056
5.27589003089597,-0.993310060549902,0.136155086043637
5.28420028720552,-0.942444959034732,0.137580374779034
5.29198669746192,-0.891397459210371,0.139010797692022
5.29924741335327,-0.840172448910508,0.140445831680607
5.30598064092686,-0.788774843984332,0.1418849317382
5.31218464108704,-0.737209587805995,0.143327530720874
5.31785773009048,-0.685481650778116,0.144773039141018
5.32299828003829,-0.633596029829348,0.14622084498922
5.32760471936467,-0.581557747906034,0.147670313586247
5.33167553332192,-0.529371853457968,0.149120787467019
5.33520926446109,-0.477043419918298,0.150571586298473
5.33820451310819,-0.424577545177592,0.152022006833247
5.3406599378353,-0.371979351052115,0.153471322901123
5.34257425592626,-0.319253982746348,0.154918785440151
5.34394624383642,-0.266406608309802,0.156363622569384
5.34477473764601,-0.213442418088171,0.157805039705156
5.34505863350659,-0.160366624168887,0.159242219722789
5.34479688808006,-0.107184459821127,0.16067432316561
5.34398851896976,-0.053901178930346,0.162100488503117
5.34263260514298,-0.000522055427407062,0.163519832440093
5.34072828734444,0.0529476172876191,0.16493145027841
5.33827476850008,0.106502526926897,0.16633441633322
5.33527131411053,0.160137342901427,0.167727784405129
5.33171725263378,0.213846716912701,0.169110588309912
5.32761197585616,0.267625283549317,0.170481842467205
5.32295493925131,0.321467660888446,0.171840542549515
5.3177456623262,0.375368451102028,0.173185666192801
5.31198372895369,0.429322241067575,0.174516173769716
5.3056687876909,0.483323602983465,0.175831009226521
5.29880055208273,0.537367094988573,0.177129100984488
5.29137880094979,0.591447261786105,0.178409362906491
5.28340337866014,0.645558635271484,0.179670695329303
5.27487419538397,0.699695735164131,0.180911986161947
5.26579122733077,0.753853069642966,0.182132112050262
5.25615451696801,0.808025135985469,0.183329939607643
5.24596417322088,0.862206421210113,0.184504326711732
5.23522037165225,0.916391402721987,0.185654123866574
5.22392335462221,0.970574548961406,0.186778175629585
5.21207343142652,1.02475032005532,0.187875322102386
5.19967097841336,1.07891316847129,0.188944400484372
5.18671643907757,1.13305753967384,0.18998424668758
5.17321032413201,1.18717787278298,0.190993697011205
5.15915321155518,1.24126860123458,0.191971589873827
5.14454574661467,1.29532415344246,0.192916767601149
5.12938864186585,1.34933895346193,0.193828078266776
5.1136826771252,1.40330742165452,0.194704377583277
5.09742869941794,1.45722397535357,0.195544530840517
5.08062762289927,1.51108302953062,0.19634741488794
5.06328042874899,1.56487899746212,0.19711192015721
5.04538816503907,1.61860629139629,0.197836952721365
5.02695194657369,1.67225932321993,0.198521436386317
5.00797295470167,1.72583250512472,0.199164314810309
4.98845243710085,1.77932025027292,0.199764553646636
4.9683917075343,1.83271697346204,0.200321142704696
4.94779214557826,1.88601709178834,0.20083309812419
4.92665519632161,1.93921502530867,0.201299464557052
4.90498237003694,1.99230519770064,0.201719317351433
4.88277524182314,2.04528203692052,0.202091764731904
4.86003545121976,2.09813997585886,0.202415949969792
4.8367647017931,2.15087345299335,0.202691053537405
4.81296476069445,2.20347691303872,0.202916295239751
4.78863745819053,2.25594480759343,0.203090936317169
4.76378468716682,2.30827159578271,0.203214281512227
4.73840840260383,2.36045174489789,0.203285681094084
4.7125106210271,2.41247973103159,0.203304532833479
4.68609341993139,2.46435003970851,0.203270283921437
4.65915893717964,2.51605716651168,0.203182432824773
4.63170937037759,2.56759561770372,0.203040531071468
4.60374697622464,2.61895991084308,0.202844184959022
4.57527406984193,2.67014457539476,0.202593057178983
4.54629302407861,2.72114415333557,0.202286868350886
4.51680626879712,2.77195319975345,0.201925398459022
4.48681629013872,2.82256628344074,0.201508488185582
4.45632562977033,2.87297798748124,0.201036040133898
4.42533688411385,2.92318290983081,0.200508019935756
4.39385270355924,2.97317566389126,0.19992445723698
4.3618757916627,3.02295087907754,0.19928544655579
4.32940890433123,3.07250320137794,0.198591148008725
4.29645484899514,3.12182729390709,0.197841787899306
4.26301648376975,3.1709178374519,0.197037659164953
4.22909671660808,3.21976953101001,0.196179121678098
4.19469850444578,3.26837709232088,0.195266602397858
4.15982485234015,3.31673525838931,0.194300595369087
4.12447881260466,3.36483878600136,0.193281661566129
4.08866348394075,3.41268245223269,0.192210428579067
4.05238201056847,3.46026105494914,0.191087590140826
4.01563758135775,3.50756941329968,0.189913905494003
3.97843342896185,3.55460236820156,0.188690198596874
3.94077282895479,3.60135478281791,0.187417357168609
3.90265909897433,3.64782154302761,0.186096331574302
3.86409559787231,3.69399755788751,0.184728133551014
3.82508572487386,3.73987776008725,0.183313834776657
3.78563291874726,3.78545710639649,0.181854565284114
3.74574065698594,3.83073057810488,0.180351511723623
3.70541245500423,3.8756931814547,0.178805915477045
3.6646518653484,3.92033994806651,0.177219070628218
3.62346247692453,3.96466593535772,0.175592321794213
3.58184791424452,4.00866622695442,0.173927061822851
3.53981183669171,4.0523359330966,0.172224729362404
3.49735793780742,4.09567019103687,0.170486806309967
3.45448994459957,4.13866416543299,0.168714815145452
3.41121161687468,4.18131304873441,0.166910316158694
3.36752674659421,4.22361206156293,0.165074904577601
3.32343915725629,4.26555645308788,0.163210207605696
3.27895270330384,4.30714150139599,0.161317881377833
3.23407126955974,4.34836251385616,0.159399607843201
3.18879877068995,4.3892148274795,0.157457091585071
3.14313915069506,4.42969380927482,0.155492056587009
3.09709638243094,4.4697948565999,0.153506242955555
3.05067446715877,4.50951339750884,0.151501403609524
3.00387743412493,4.54884489109568,0.149479300946266
2.95670934017079,4.58778482783476,0.147441703495333
2.90917426937268,4.62632872991787,0.14539038257005
2.86127633271192,4.66447215158876,0.143327108927499
2.81301966777478,4.70221067947505,0.14125364944742
2.76440843848228,4.73953993291804,0.139171763840412
2.71544683484942,4.77645556430055,0.137083201395719
2.66613907277338,4.81295325937322,0.134989697778706
2.61648939385022,4.84902873757943,0.1328929718879
2.56650206521944,4.88467775237922,0.130794722781211
2.51618137943566,4.91989609157238,0.128696626680645
2.46553165436657,4.9546795776211,0.126600334064465
2.41455723311627,4.98902406797236,0.124507466855359
2.36326248397301,5.02292545538025,0.122419615712772
2.3116518003802,5.05637966822864,0.120338337437053
2.25972960092958,5.08938267085423,0.11826515249263
2.2075003293753,5.12193046387032,0.116201542656838
2.15496845466761,5.15401908449149,0.114148948800526
2.10213847100479,5.1856446068593,0.112108768805957
2.049014897902,5.2168031423693,0.110082355626948
1.99560228027542,5.24749083999942,0.108071015495549
1.94190518854037,5.27770388664001,0.106076006278963
1.88792821872176,5.30743850742546,0.104098535989764
1.83367599257529,5.33669096606777,0.102139761451805
1.77915315771796,5.36545756519196,0.100200787123594
1.72436438776607,5.39373464667356,0.0982826640802403
1.66931438247934,5.42151859197811,0.0963863891544415
1.6140078679093,5.44880582250293,0.0945129042363479
1.55844959655057,5.47559279992091,0.0926630957315079
1.50264434749324,5.50187602652669,0.0908377941754891
1.44659692657495,5.5276520455849,0.0890377740031744
1.39031216653089,5.5529174416807,0.0872637534701571
1.33379492714045,5.57766884107249,0.0855163947231037
1.27705009536884,5.60190291204677,0.0837963040154291
1.22008258550227,5.62561636527509,0.082104032064125
1.16289733927531,5.64880595417301,0.0804400745431142
1.10549932598912,5.67146847526106,0.0788048727080648
1.04789354261903,5.69360076852753,0.0771988141471926
0.990085013910532,5.71519971779295,0.075622233652211
0.932078792462226,5.73626225107633,0.0740754142032535
0.873879958794745,5.75678534096273,0.0725585880612979
0.815493621404559,5.77676600497233,0.0710719379613639
0.75692491680167,5.79620130593059,0.0696155983995356
0.6981790095303,5.81508835233949,0.0681896570066787
0.63926109217171,5.83342429874964,0.0667941560015837
0.580176385328404,5.85120634613304,0.0654290937161587
0.520930137589021,5.86843174225639,0.0640944261852344
0.461527625473297,5.88509778205459,0.062790068793513
0.401974153356577,5.90120180800445,0.0615158979722038
0.342275053373395,5.91674121049823,0.0602717529379311
0.282435685299758,5.93171342821687,0.0590574374665782
0.222461436413817,5.94611594850263,0.0578727216948437
0.162357721334683,5.95994630773109,0.056717343942425
0.102129981839244,5.97320209168206,0.0555910125479184
0.041783686656868,5.98588093590933,0.0544934077117203
-0.018675668758014,5.99798052610899,0.0534241833394382
-0.0792425624754166,6.00949859848611,0.0523829688795677
-0.139911446361285,6.02043294011956,0.0513693711494565
-0.200676746370794,6.03078138932466,0.0503829761438644
-0.261532862863246,6.04054183601361,0.0494233508207293
-0.322474170938273,6.04971222205334,0.0484900448590651
-0.383495020793028,6.05829054162056,0.0475825923842468
-0.444589738099988,6.06627484155393,0.0467005136562735
-0.505752624404935,6.07366322170298,0.0458433167169449
-0.566977957544662,6.08045383527369,0.045010498992238
-0.628259992083913,6.08664488917046,0.0442015488465204
-0.689592959770994,6.09223464433427,0.0434159470855909
-0.750971070011527,6.09722141607698,0.0426531684058889
-0.81238851035973,6.1016035744113,0.0419126827875628
-0.873839447026617,6.10537954437655,0.0411939568294305
-0.93531802540449,6.10854780635986,0.0404964550242013
-0.99681837060706,6.11110689641267,0.0398196409726574
-1.05833458802455,6.11305540656238,0.0391629785358092
-1.1198607638931,6.11439198511905,0.0385259329243499
-1.18139096587778,6.11511533697687,0.0379079717250254
-1.24291924366852,6.11522422391036,0.0373085658638193
-1.30443962958838,6.11471746486519,0.0367271905061203
-1.36594613921328,6.11359393624332,0.0361633258942907
-1.42743277200265,6.1118525721826,0.035616458123292
-1.48889351194036,6.1094923648304,0.0350860798552431
-1.55032232818513,6.10651236461148,0.0345716909739918
-1.61171317572984,6.10291168048972,0.0340727991809672
-1.67305999606916,6.09868948022383,0.0335889205337498
-1.73435671787475,6.09384499061673,0.0331195799289512
-1.79559725767751,6.0883774977588,0.0326643115311297
-1.85677552055623,6.08228634726458,0.0322226591495914
-1.91788540083214,6.07557094450316,0.0317941765650259
-1.97892078276872,6.06823075482195,0.0313784278080174
-2.03987554127625,6.06026530376396,0.030974987391541
-2.10074354262065,6.05167417727833,0.030583440499615
-2.16151864513603,6.04245702192432,0.0302033831343192
-2.22219469994057,6.03261354506837,0.0298344222234221
-2.28276555165514,6.02214351507457,0.0294761756908745
-2.34322503912438,6.01104676148813,0.0291282724924313
-2.40356699613978,5.99932317521211,0.028790352618659
-2.46378525216435,5.98697270867722,0.0284620670675636
-2.52387363305851,5.97399537600468,0.0281430777890517
-2.58382596180692,5.96039125316213,0.0278330576033972
-2.64363605924591,5.94616047811265,0.0275316900958435
-2.70329774479116,5.93130325095669,0.0272386694894177
-2.76280483716544,5.91581983406708,0.0269537004979766
-2.82215115512602,5.89971055221695,0.0266764981614374
-2.88133051819173,5.88297579270074,0.0264067876650807
-2.94033674736919,5.86561600544805,0.0261443041447362
-2.99916366587818,5.84763170313054,0.0258887924795869
-3.05780509987594,5.82902346126177,0.0256400070742472
-3.11625487918019,5.80979191828996,0.0253977116316903
-3.17450683799069,5.78993777568374,0.0251616789185132
-3.23255481560931,5.76946179801088,0.0249316905239481
-3.29039265715837,5.74836481300989,0.0247075366139423
-3.34801421429721,5.72664771165471,0.0244890156815431
-3.40541334593686,5.70431144821221,0.024275934294744
-3.46258391895268,5.68135704029283,0.0240681068428625
-3.51951980889497,5.65778556889405,0.0238653552824414
-3.57621490069746,5.63359817843694,0.0236675088835828
-3.63266308938353,5.60879607679566,0.0234744039775517
-3.68885828077025,5.58338053531998,0.0232858837064051
-3.74479439217007,5.55735288885079,0.0231017977753346
-3.80046535309021,5.53071453572865,0.0229220022083404
-3.8558651059296,5.50346693779533,0.0227463591077845
-3.91098760667353,5.47561162038848,0.022574736418312
-3.96582682558578,5.4471501723292,0.0224070076955659
-4.02037674789835,5.41808424590282,0.0222430518800635
-4.07463137449871,5.38841555683265,0.0220827530765513
-4.1285847226146,5.35814588424685,0.0219260003391
-4.1822308264963,5.32727707063837,0.0217726874621592
-4.23556373809647,5.29581102181807,0.0216227127777418
-4.28857752774742,5.26374970686079,0.0214759789588715
-4.34126628483591,5.23109515804473,0.0213323928293861
-4.39362411847547,5.19784947078385,0.0211918651801555
-4.44564515817612,5.16401480355344,0.0210543105917416
-4.49732355451165,5.12959337780888,0.0209196472634982
-4.54865347978434,5.09458747789753,0.0207877968490822
-4.59962912868717,5.05899945096386,0.0206586842983243
-4.65024471896345,5.02283170684767,0.0205322377053865
-4.70049449206398,4.98608671797564,0.0204083881631151
-4.75037271380163,4.94876701924604,0.0202870696234796
-4.79987367500336,4.91087520790662,0.0201682187639777
-4.84899169215966,4.87241394342583,0.0200517748598692
-4.89772110807152,4.83338594735725,0.0199376796620961
-4.94605629249468,4.79379400319729,0.0198258772807331
-4.99399164278136,4.75364095623615,0.0197163140738095
-5.04152158451939,4.71292971340213,0.0196089385413359
-5.0886405721687,4.67166324309916,0.0195037012243638
-5.13534308969514,4.62984457503772,0.0194005546089074
-5.18162365120167,4.58747680005905,0.0192994530345494
-5.22747680155684,4.54456306995272,0.0192003526075576
-5.27289711702064,4.50110659726754,0.019103211118334
-5.3178792058675,4.45711065511588,0.0190079879630238
-5.36241770900665,4.4125785769713,0.0189146440691097
-5.40650730059959,4.36751375645967,0.0188231418248208
-5.45014268867491,4.32191964714365,0.0187334450121892
-5.49331861574006,4.27579976230061,0.0186455187435893
-5.53602985939044,4.22915767469396,0.0185593294015979
-5.57827123291546,4.18199701633804,0.0184748445820214
-5.62003758590173,4.13432147825638,0.0183920330399355
-5.66132380483325,4.08613481023351,0.0183108646385907
-5.70212481368856,4.03744082056024,0.0182313103010425
-5.74243557453491,3.98824337577255,0.0181533419643665
-5.78225108811928,3.93854640038391,0.0180769325363273
-5.82156639445629,3.88835387661126,0.0180020558543744
-5.86037657341294,3.83766984409451,0.0179286866468412
-5.89867674529014,3.78649839960968,0.0178568004962317
-5.93646207140096,3.73484369677566,0.017786373804482
-5.97372775464562,3.68270994575458,0.0177173837600903
-6.01046904008309,3.63010141294583,0.0176498083070124
-6.04668121549931,3.57702242067386,0.0175836261152276
-6.08235961197198,3.52347734686958,0.0175188165528804
-6.11749960443185,3.46947062474549,0.0174553596599118
-6.15209661222049,3.41500674246466,0.017393236123096
-6.18614609964445,3.36009024280335,0.0173324272524048
-6.21964357652578,3.30472572280752,0.0172729149586235
-6.25258459874895,3.24891783344314,0.0172146817321486
-6.28496476880389,3.19267127924029,0.0171577106229008
-6.31677973632537,3.1359908179312,0.0171019852212886
-6.34802519862851,3.07888126008219,0.0170474896401652
-6.37869690124036,3.02134746871941,0.0169942084977207
-6.40879063842759,2.96339435894872,0.0169421269012583
-6.43830225372018,2.90502689756939,0.0168912304318032
-6.46722764043106,2.84625010268186,0.0168415051294985
-6.49556274217164,2.78706904328955,0.0167929374797444
-6.52330355336323,2.72748883889474,0.0167455144000377
-6.55044611974424,2.66751465908846,0.0166992232274743
-6.5769865388731,2.60715172313461,0.016654051706878
-6.60292096062696,2.54640529954818,0.0166099879795201
-6.62824558769593,2.48528070566767,0.0165670205724004
-6.65295667607297,2.42378330722168,0.0165251383880556
-6.67705053553932,2.36191851788985,0.0164843306948713
-6.70052353014538,2.29969179885799,0.0164445871178671
-6.7233720786871,2.23710865836758,0.0164058976299333
-6.7455926551776,2.1741746512596,0.0163682525434935
-6.76718178931433,2.11089537851276,0.0163316425025735
-6.7881360669413,2.04727648677617,0.0162960584752544
-6.80845213050669,1.9833236678964,0.0162614917464918
-6.82812667951553,1.91904265843916,0.0162279339112834
-6.84715647097756,1.85443923920538,0.0161953768681677
-6.86553831985017,1.78951923474196,0.016163812813039
-6.88326909947628,1.72428851284708,0.016133234233263
-6.90034574201731,1.6587529840702,0.016103633902081
-6.91676523888093,1.59291860120671,0.0160750048732878
-6.93252464114381,1.52679135878734,0.0160473404761738
-6.9476210599691,1.46037729256235,0.0160206343107177
-6.96205166701873,1.39368247898049,0.0159948802430216
-6.97581369486037,1.32671303466284,0.0159700724009769
-6.98890443736913,1.25947511587161,0.0159462051701531
-7.00132125012385,1.19197491797375,0.0159232731899002
-7.01306155079796,1.12421867489967,0.0159012713496577
-7.02412281954485,1.05621265859696,0.0158801947854616
-7.03450259937777,0.987963178479102,0.0158600388766427
-7.04419849654411,0.919476580869449,0.0158407992427114
-7.0532081808941,0.850759248440244,0.0158224717404196
-7.06152938624381,0.781817599646925,0.0158050524609976
-7.06915991073248,0.712658088157665,0.0157885377275585
-7.07609761717411,0.643287202278235,0.015772924092666
-7.08234043340316,0.573711464372214,0.0157582083360601
-7.08788635261452,0.503937430276614,0.0157443874625391
-7.09273343369753,0.433971688712959,0.0157314586999898
-7.09687980156408,0.36382086069387,0.0157194194975664
-7.10032364747075,0.293491598925213,0.0157082675240117
-7.10306322933492,0.222990587203844,0.0156980006661193
-7.10509687204481,0.15232453981103,0.0156886170273331
-7.10642296776344,0.0815002009015701,0.0156801149264811
-7.10703997622645,0.0105243438886859,0.0156724928966424
-7.10694642503374,-0.060596229175269,0.0156657496841438
-7.10614090993483,-0.131854688222228,0.0156598842476847
-7.10462209510805,-0.203244175795904,0.0156548957575882
-7.10238871343337,-0.274757807683303,0.0156507835951767
-7.09943956675886,-0.346388673550197,0.0156475473522716
-7.09577352616089,-0.41812983758051,0.0156451868308133
-7.09138953219776,-0.489974339119552,0.0156437020426034
-7.08628659515698,-0.561915193321049,0.0156430932091663
-7.08046379529607,-0.633945391797913,0.0156433607617289
-7.07392028307671,-0.706057903276689,0.0156445053413198
-7.0666552793925,-0.778245674255626,0.0156465277989858
-7.05866807579,-0.850501629666312,0.0156494291961252
-7.04995803468318,-0.922818673538814,0.0156532108049393
-7.04052458956121,-0.995189689670256,0.0156578741090002
-7.03036724518957,-1.06760754229679,0.0156634208039355
-7.01948557780435,-1.14006507676891,0.0156698527982309
-7.00787923529993,-1.21255512022995,0.0156771722141497
-6.99554793740972,-1.28507048229792,0.0156853813887706
-6.98249147588021,-1.35760395575035,0.0156944828751433
-6.96870971463802,-1.4301483172123,0.0157044794435641
-6.95420258995024,-1.50269632784732,0.0157153740829704
-6.93897011057771,-1.57524073405144,0.0157271700024572
-6.92301235792144,-1.64777426814997,0.015739870632914
-6.90632948616206,-1.72028964909719,0.015753479628786
-6.88892172239227,-1.79277958317875,0.0157680008699589
-6.87078936674223,-1.8652367647168,0.0157834384637698
-6.85193279249797,-1.93765387677777,0.0157997967471448
-6.83235244621272,-2.01002359188265,0.0158170802888664
-6.81204884781111,-2.08233857271981,0.0158352938919708
-6.79102259068626,-2.15459147286029,0.0158544425962787
-6.7692743417898,-2.2267749374754,0.0158745316810603
-6.74680484171464,-2.29888160405666,0.0158955666678373
-6.72361490477059,-2.37090410313793,0.0159175533233246
-6.69970541905281,-2.44283505901975,0.0159404976625137
-6.675077346503,-2.51466709049581,0.0159644059519001
-6.64973172296336,-2.58639281158131,0.0159892847128587
-6.62366965822329,-2.65800483224347,0.0160151407251685
-6.59689233605881,-2.72949575913379,0.0160419810306913
-6.56940101426469,-2.8008581963222,0.0160698129372065
-6.54119702467927,-2.87208474603296,0.0160986440224055
-6.51228177320194,-2.94316800938221,0.0161284821380503
-6.48265673980331,-3.01410058711717,0.0161593354142985
-6.45232347852798,-3.08487508035691,0.0161912122641996
-6.42128361748996,-3.1554840913345,0.0162241213883671
-6.38953885886075,-3.22592022414065,0.0162580717798289
-6.35709097884995,-3.29617608546867,0.0162930727290625
-6.32394182767851,-3.36624428536065,0.0163291338292185
-6.2900933295446,-3.43611743795487,0.0163662649815374
-6.25554748258195,-3.50578816223429,0.016404476400965
-6.22030635881088,-3.57524908277613,0.0164437786219719
-6.1843721040818,-3.64449283050239,0.0164841825045815
-6.14774693801128,-3.71351204343127,0.016525699240614
-6.11043315391073,-3.78229936742944,0.0165683403601508
-6.07243311870751,-3.85084745696502,0.0166121177382263
-6.03374927285867,-3.91914897586132,0.0166570436017537
-5.99438413025715,-3.9871965980511,0.0167031305366907
-5.95434027813058,-4.05498300833141,0.0167503914954535
-5.91362037693251,-4.1225009031189,0.016798839804585
-5.87222716022627,-4.18974299120546,0.0168484891726858
-5.83016343456127,-4.25670199451428,0.0168993536986151
-5.78743207934184,-4.323370648856,0.016951447879971
-5.74403604668864,-4.38974170468517,0.0170047866218567
-5.69997836129253,-4.45580792785668,0.0170593852459442
-5.65526212026101,-4.52156210038232,0.0171152594998417
-5.60989049295717,-4.58699702118715,0.0171724255667775
-5.56386672083118,-4.65210550686583,0.0172309000756075
-5.51719411724433,-4.71688039243875,0.0172907001111587
-5.4698760672856,-4.78131453210777,0.0173518432249188
-5.42191602758079,-4.84540080001171,0.017414347446083
-5.3733175260942,-4.90913209098137,0.01747823129297
-5.32408416192291,-4.97250132129399,0.0175435137848193
-5.27421960508359,-5.03550142942721,0.0176102144539824
-5.22372759629194,-5.09812537681227,0.0176783533585208
-5.17261194673472,-5.1603661485866,0.0177479510952254
-5.12087653783433,-5.22221675434546,0.01781902881307
-5.06852532100616,-5.28367022889277,0.0178916082271153
-5.01556231740838,-5.34471963299099,0.0179657116328778
-4.96199161768459,-5.40535805410989,0.0180413619211797
-4.90781738169896,-5.46557860717431,0.0181185825934968
-4.85304383826417,-5.5253744353106,0.0181973977778215
-4.79767528486199,-5.5847387105919,0.0182778322450593
-4.74171608735663,-5.64366463478204,0.018359911425976
-4.6851706797008,-5.70214544007801,0.0184436614287181
-4.62804356363451,-5.76017438985098,0.0185291090569234
-4.57033930837672,-5.81774477938569,0.0186162818284449
-4.51206255030972,-5.87484993661826,0.01870520799471
-4.45321799265636,-5.93148322287225,0.0187959165607366
-4.3938104051502,-5.9876380335929,0.0188884373058309
-4.33384462369841,-6.04330779907959,0.0189828008049923
-4.27332555003769,-6.09848598521627,0.0190790384510487
-4.21225815138303,-6.15316609419987,0.0191771824775526
-4.15064746006952,-6.20734166526673,0.0192772659824629
-4.08849857318706,-6.2610062754167,0.0193793229526436
-4.02581665220816,-6.31415354013514,0.0194833882892079
-3.96260692260872,-6.36677711411253,0.019589497833742
-3.89887467348196,-6.41887069196169,0.0196976883954379
-3.83462525714544,-6.47042800893258,0.0198079977791734
-3.76986408874119,-6.52144284162451,0.0199204648145722
-3.7045966458291,-6.5719090086958,0.0200351293860823
-3.63882846797348,-6.6218203715707,0.0201520324641117
-3.57256515632292,-6.67117083514355,0.0202712161372624
-3.50581237318337,-6.71995434848021,0.0203927236457034
-3.43857584158468,-6.76816490551644,0.0205165994157279
-3.37086134484043,-6.81579654575341,0.0206428890955402
-3.30267472610123,-6.86284335495014,0.0207716395923204
-3.23402188790146,-6.9092994658128,0.0209028991106161
-3.16490879169951,-6.95515905868083,0.021036717192114
-3.09534145741169,-7.00041636220985,0.0211731447568452
-3.02532596293956,-7.04506565405113,0.0213122341458802
-2.9548684436911,-7.08910126152775,0.0214540391655748
-2.88397509209547,-7.13251756230728,0.0215986151334257
-2.81265215711156,-7.17530898507087,0.0217460189256023
-2.74090594373038,-7.21747001017877,0.0218963090262213
-2.66874281247125,-7.25899517033215,0.0220495455784334
-2.59616917887202,-7.29987905123119,0.0222057904373965
-2.52319151297312,-7.34011629222933,0.0223651072252113
-2.44981633879577,-7.37970158698368,0.0225275613878989
-2.37605023381424,-7.41862968410141,0.0226932202545037
-2.30189982842223,-7.45689538778217,0.0228621530984095
-2.22737180539358,-7.49449355845644,0.023034431200959
-2.15247289933713,-7.53141911341969,0.0232101279174713
-2.07720989614603,-7.56766702746232,0.0233893187457584
-2.00158963244141,-7.60323233349539,0.0235720813972422
-1.9256189950106,-7.63811012317192,0.0237584958707822
-1.84930492023988,-7.67229554750385,0.0239486445293265
-1.7726543935418,-7.70578381747447,0.0241426121795047
-1.69567444877734,-7.73857020464637,0.0243404861542862
-1.61837216767276,-7.77065004176479,0.0245423563988344
-1.54075467923134,-7.80201872335625,0.024748315559691
-1.46282915914006,-7.83267170632257,0.0249584590774332
-1.38460282917132,-7.86260451053004,0.0251728852829509
-1.30608295657979,-7.89181271939376,0.0253916954974997
-1.22727685349441,-7.92029198045714,0.0256149941366917
-1.14819187630574,-7.94803800596636,0.0258428888185934
-1.06883542504863,-7.97504657343995,0.0260754904761083
-0.98921494278044,-8.00131352623319,0.0263129134738305
-0.909337914954745,-8.02683477409743,0.0265552757295632
-0.829211868790799,-8.0516062937343,0.0268026988407061
-0.748844372638712,-8.07562412934461,0.027055308215724
-0.66824303534053,-8.09888439317202,0.0273132332109213
-0.587415505587299,-8.12138326604137,0.0275766072727538
-0.506369471272213,-8.14311699789163,0.0278455680859246
-0.425112658839986,-8.16408190830345,0.0281202577275194
-0.343652832632537,-8.18427438702119,0.0284008228274487
-0.261997794231127,-8.20369089446947,0.0286874147354798
-0.180155381795054,-8.2223279622641,0.0289801896951521
-0.0981334693970502,-8.24018219371746,0.0292793090248839
-0.0159399663554999,-8.25725026433819,0.0295849393065951
0.0664171834363903,-8.27352892232517,0.0298972525821839
0.148930002184322,-8.28901498905576,0.0302164265582124
0.231590478869403,-8.30370535956831,0.0305426448191742
0.314390569927258,-8.31759700303877,0.0308760970497331
0.397322199929619,-8.33068696325152,0.0312169792663424
0.480377262268214,-8.34297235906424,0.0315654940586732
0.563547619840826,-8.35445038486693,0.031921850841302
0.646825105739327,-8.36511831103488,0.0322862661161271
0.730201523939545,-8.37497348437575,0.0326589637460105
0.813668649992768,-8.38401332857055,0.0330401752401613
0.897218231718718,-8.39223534460859,0.0334301400518057
0.980841989899798,-8.39963711121643,0.0338291058887123
1.06453161897643,-8.40621628528061,0.0342373290371727
1.1482787877433,-8.41197060226437,0.0346550747000621
1.23207514004622,-8.41689787661817,0.0350826173496401
1.31591229547955,-8.42099600218407,0.0355202410957806
1.3997818500838,-8.42426295259396,0.0359682400703556
1.48367537704331,-8.42669678166156,0.0364269188285327
1.56758442738364,-8.42829562376824,0.0368965927677831
1.65150053066862,-8.42905769424267,0.0373775885654376
1.73541519569655,-8.4289812897342,0.037870244635667
1.8193199111956,-8.42806478858005,0.0383749116068092
1.9032061465178,-8.42630665116628,0.0388919528200089
1.98706535233164,-8.42370542028254,0.0394217448501846
2.07088896131281,-8.42025972147062,0.0399646780503872
2.15466838883283,-8.41596826336675,0.0405211571206672
2.23839503364523,-8.41082983803776,0.0410916017026236
2.32206027856906,-8.40484332131103,0.0416764470008633
2.40565549116925,-8.39800767309827,0.0422761444326642
2.48917202443351,-8.39032193771315,0.0428911623071962
2.57260121744552,-8.38178524418286,0.0435219865357208
2.65593439605388,-8.37239680655347,0.0441691213742653
2.73916287353647,-8.36215592418936,0.0448330902003335
2.82227795125989,-8.35106198206651,0.0455144363252998
2.90527091933344,-8.33911445105988,0.0462137238442099
2.98813305725729,-8.32631288822479,0.046931538524797
3.07085563456432,-8.31265693707247,0.0476684887376146
3.15342991145517,-8.29814632783967,0.0484252064292755
3.23584713942599,-8.28278087775265,0.049202348140889
3.31809856188844,-8.26656049128526,0.050000596073888
3.40017541478126,-8.24948516041152,0.050820659205546
3.48206892717295,-8.23155496485258,0.0516632744565969
3.56377032185499,-8.21277007231817,0.0525292079134874
3.64527081592488,-8.19313073874263,0.0534192561079145
3.72656162135847,-8.17263730851574,0.0543342473564312
3.80763394557078,-8.15129021470818,0.0552750431630364
3.88847899196483,-8.12908997929199,0.056242539687806
3.96908796046748,-8.10603721335607,0.0572376692847701
4.04945204805179,-8.08213261731667,0.0582614021123946
4.12956244924483,-8.05737698112332,0.0593147478201838
4.20941035662044,-8.03177118446004,0.0603987573150922
4.28898696127574,-8.00531619694215,0.0615145246116025
4.36828345329074,-7.97801307830879,0.0626631887695146
4.44729102217004,-7.94986297861129,0.0638459359236744
4.52600085726549,-7.92086713839762,0.0650640014100722
4.60440414817911,-7.89102688889303,0.0663186719929445
4.68249208514479,-7.8603436521772,0.0676112881977244
4.76025585938806,-7.82881894135795,0.0689432467549116
4.83768666346241,-7.79645436074186,0.0703160031601576
4.91477569156119,-7.76325160600197,0.0717310743561055
4.9915141398037,-7.72921246434286,0.0731900415417671
5.06789320649412,-7.69433881466325,0.0746945531154771
5.14390409235202,-7.65863262771656,0.0762463277577302
5.21953800071281,-7.62209596626957,0.0778471576604765
5.29478613769681,-7.58473098525958,0.0794989119097366
5.36963971234516,-7.5465399319504,0.081203540028685
5.44408993672114,-7.50752514608731,0.0829630756886502
5.51812802597494,-7.46768906005172,0.0847796405957861
5.59174519837027,-7.42703419901545,0.0866554485614851
5.66493267527086,-7.38556318109546,0.0885928097649216
5.73768168108481,-7.34327871750908,0.0905941352164479
5.80998344316492,-7.30018361273038,0.0926619414308942
5.88182919166272,-7.25628076464814,0.0947988553201682
5.953210159334,-7.2115731647257,0.0970076193148923
6.02411758129361,-7.16606389816351,0.0992910967251657
6.09454269471701,-7.11975614406453,0.101652277350888
6.16447673848611,-7.07265317560337,0.104094283352436
6.23391095277674,-7.02475836019957,0.106620375392822
6.30283657858514,-6.9760751596956,0.109233959062845
6.37124485719038,-6.92660713054034,0.111938591601035
6.43912702955012,-6.87635792397862,0.114737988920586
6.50647433562624,-6.82533128624753,0.117636032955755
6.57327801363752,-6.77353105878024,0.120636779340551
6.6395292992358,-6.72096117841807,0.12374446543281
6.70521942460233,-6.66762567763169,0.126963518697059
6.77033961746067,-6.61352868475211,0.130298565459803
6.83488110000249,-6.5586744242126,0.133754440051111
6.89883508772244,-6.50306721680212,0.137336194346568
6.96219278815817,-6.44671147993158,0.141049107723821
7.02494539953132,-6.38961172791355,0.144898697448027
7.08708410928537,-6.33177257225682,0.148890729500625
7.14860009251593,-6.27319872197657,0.153031229865784
7.209484510289,-6.21389498392155,0.157326496288858
7.26972850784259,-6.15386626311925,0.161783110521013
7.32932321266697,-6.0931175631404,0.16640795106394
7.38825973245862,-6.03165398648406,0.171208206428256
7.44652915294299,-5.96948073498454,0.176191388918736
7.50412253556084,-5.90660311024172,0.181365348958937
7.56103091501307,-5.84302651407599,0.186738289967093
7.61724529665865,-5.77875644900949,0.192318783794267
7.67275665376023,-5.71379851877504,0.198115786734722
7.72755592457203,-5.64815842885451,0.204138656117263
7.78163400926442,-5.5818419870482,0.210397167484829
7.83498176667953,-5.51485510407698,0.216901532368006
7.8875900109124,-5.44720379421902,0.223662416656142
7.93944950771198,-5.37889417598284,0.230690959567624
7.99055097069625,-5.30993247281875,0.237998793218307
8.04088505737613,-5.24032501387048,0.245598062784292
8.09044236498246,-5.17007823476912,0.253501447252034
8.13921342609075,-5.09919867847145,0.261722180745152
8.18718870403849,-5.02769299614474,0.270274074413316
8.23435858812989,-4.9555679481003,0.27917153886405
8.2807133886233,-4.88283040477792,0.288429607113311
8.32624333149671,-4.80948734778363,0.298063958025158
8.37093855298732,-4.73554587098303,0.308090940204647
8.41478909390118,-4.66101318165261,0.318527596301362
8.45778489368982,-4.58589660169148,0.329391687673475
8.49991578429114,-4.51020356889607,0.340701719354089
8.54117148373241,-4.43394163830016,0.352476965252585
8.58154158949415,-4.35711848358282,0.364737493513938
8.62101557163448,-4.27974189854683,0.377504191948219
8.65958276567427,-4.20181979867006,0.390798793430883
8.69723236524489,-4.12336022273237,0.404643901161795
8.73395341450118,-4.04437133452056,0.41906301365724
8.76973480030392,-3.96486142461379,0.434080549334365
8.80456524417731,-3.884838912252,0.449721870531543
8.83843329404904,-3.80431234728966,0.466013306790939
8.87132731578185,-3.72329041223718,0.482982177211165
8.90323548450802,-3.64178192439212,0.500656811658109
8.93414577578018,-3.5597958380624,0.519066570600981
8.9640459565544,-3.47734124688338,0.538241863318119
8.99292357602413,-3.39442738623055,0.558214164193247
9.02076595632664,-3.31106363572956,0.579016026797583
9.04756018314667,-3.22725952186474,0.600681095426518
9.07329309624548,-3.14302472068734,0.623244113731466
9.09795127994729,-3.05836906062425,0.646740930058043
9.1215210536192,-2.97330252538765,0.671208499070924
9.14398846218484,-2.88783525698556,0.696684879213726
9.16533926671685,-2.80197755883316,0.723209225519057
9.1855589351583,-2.71573989896375,0.750821777249718
9.20463263322848,-2.62913291333831,0.779563839816999
9.22254521557402,-2.54216740925139,0.80947776038634
9.23928121723277,-2.45485436883101,0.840606896544577
9.25482484548385,-2.36720495262904,0.872995577366814
9.26915997216422,-2.27923050329821,0.906689056185095
9.28227012653933,-2.19094254935056,0.941733454325771
9.29413848882272,-2.10235280899171,0.978175695048406
9.30474788444716,-2.01347319402399,1.01606342688661
9.31408077919826,-1.92431581381046,1.05544493556111
9.32211927532945,-1.83489297929083,1.09636904360823
9.32884510878621,-1.74521720703884,1.13888499684363
9.33423964767594,-1.65530122334944,1.1830423367625
9.33828389212887,-1.56515796834263,1.22889075796442
9.34095847570456,-1.47480060006932,1.27647994968452
9.34224366850731,-1.38424249860291,1.32585942051453
9.34211938218297,-1.29349727009859,1.37707830540745
9.34056517697839,-1.20257875080063,1.43018515408101
9.33756027105309,-1.11150101097591,1.48522769996806
9.33308355224093,-1.02027835874997,1.54225260890851
9.32711359246706,-0.928925343819974,1.60130520683898
9.31962866503223,-0.837456761016552,1.66242918581477
9.3106067649823,-0.745887653684577,1.72566628779561
9.30002563278585,-0.654233316850387,1.79105596574351
9.28786278154604,-0.562509300140875,1.85863502172019
9.274095527975,-0.470731410417386,1.92843722183443
9.25870102735917,-0.378915714085057,2.00049288807709
9.24165631274223,-0.287078539035861,2.07482846729713
9.22293833854796,-0.195236476181296,2.15146607781418
9.20252402885884,-0.103406380528346,2.23042303443579
9.18039033055642,-0.011605371750182,2.3117113529496
9.15651427151662,0.080149165799076,2.39533723549337
9.13087302403691,0.171839583678135,2.48130053856888
9.10344397365212,0.26344797061524,2.56959422585897
9.07420479347137,0.354956154483779,2.66020380842867
9.04313352414003,0.446345705054019,2.75310677534007
9.01020865949744,0.537597937579226,2.8482720181835
8.97540923796305,0.628693917275057,2.945659253521
8.93871493964048,0.719614464751325,3.04521844774752
8.9001061890808,0.810340162455041,3.14688924939547
8.85956426359298,0.900851362182883,3.25060043443149
8.81707140693056,0.991128193719966,3.35626937061422
8.77261094812008,1.08115057465986,3.46380150748795
8.72616742512776,1.17089822145824,3.57308989906975
8.67772671298791,1.26035066176919,3.68401476673569
8.62727615593866,1.34948724810935,3.79644311021248
8.57480470302965,1.43828717288978,3.9102283749204
8.5203030465817,1.52672948485035,4.02521018417868
8.4637637627927,1.61479310692425,4.14121414495943
8.40518145369563,1.70245685555325,4.25805173594698
8.3445528895878,1.78969946146576,4.37552028661004
8.28187715096351,1.87649959192054,4.49340305581067
8.21715576889886,1.96283587440888,4.61146941814254
8.15039286275802,2.04868692179704,4.72947516569867
8.08159527401638,2.13403135887907,4.84716293230638
8.01077269493058,2.21884785029768,4.9642627464249
7.93793779072819,2.30311512977768,5.08049271787536
7.86310631394545,2.38681203060296,5.19555986236101
7.78629720950878,2.46991751725382,5.30916106634072
7.7075327091392,2.55241071810736,5.42098419324748
7.62683841365836,2.63427095908888,5.53070933030798
7.54424336179266,2.71547779814823,5.63801017333634
7.45978008410978,2.79601106042055,5.74255554486722
7.37348464077993,2.87585087391747,5.84401103888817
7.28539664193411,2.95497770558173,5.94204078326204
7.19555924949344,3.03337239752585,6.03630930873418
7.10401915946745,3.11101620326476,6.12648351123926
7.01082656386464,3.18789082374243,6.21223469210339
6.91603509152496,3.26397844294441,6.29324065872748
6.81970172736946,3.33926176288164,6.3691878664866
6.7218867097655,3.41372403772681,6.43977358093727
6.62265340592467,3.48734910688162,6.50470803803787
6.52206816548102,3.56012142675365,6.56371657900209
6.42020015263748,3.6320261010235,6.61654173566274
6.31712115751396,3.70304890918757,6.66294524185711
6.21290538757749,3.77317633316916,6.7027099463839
6.10762924027957,3.84239558179991,6.73564160354384
6.00137105826359,3.91069461298599,6.76157051817001
5.89421086873149,3.97806215338754,6.78035302337936
5.78623010876983,4.04448771545683,6.79187277102042
5.67751133862691,4.10996161169891,6.79604181693097
5.56813794510018,4.17447496603946,6.79280148561931
5.45819383733464,4.23801972220631,6.78212300179938
5.34776313744387,4.30058864905476,6.76400787929024
5.23692986844469,4.36217534279111,6.73848806107329
5.12577764204202,4.42277422607403,6.70562580771951
5.01438934881065,4.48238054399866,6.66551333488287
4.90284685329647,4.54099035699398,6.61827220403163
4.79123069650025,4.59860053068885,6.56405247398491
4.67961980811448,4.6552087228264,6.50303162406556
4.56809123075929,4.71081336733008,6.43541326270757
4.45671985831005,4.76541365564606,6.36142563810599
4.34557819022954,4.81900951550768,6.28131996991861
4.23473610361538,4.87160158728542,6.19536862307758
4.12426064445262,4.92319119810272,6.10386314641486
4.01421583932593,4.97378033391183,6.00711220002473
3.90466252860025,5.02337160973564,5.90543939606997
3.79565822182771,5.0719682382908,5.79918107808593
3.68725697588572,5.119573997214,5.68868406375916
3.57950929610126,5.16619319511779,5.57430337567557
3.47246206037332,5.21183063670372,5.4563999836759
3.36615846607219,5.25649158716047,5.33533858125947
3.26063799927524,5.3001817360713,5.21148541698464
3.1559364256953,5.34290716105045,5.08520620006948
3.05208580247339,5.38467429132113,4.95686409745125
2.94911450984316,5.42548987143889,4.82681783746584
2.84704730153167,5.46536092535416,4.69541993311015
2.74590537264105,5.50429472099576,4.5630150355989
2.64570644365771,5.54229873554505,4.42993842666892
2.54646485916118,5.57938062155607,4.29651465585976
2.44819169975128,5.61554817406344,4.16305632684856
2.35089490568089,5.65080929880458,4.02986303487039
2.25457941066959,5.68517198166811,3.89722045534187
2.15924728438012,5.71864425946513,3.7653995820464
2.06489788206343,5.75123419210533,3.6346561116516
1.97152799991658,5.78294983624505,3.50522996992336
1.87913203474983,5.81379922046048,3.37734497378444
1.78770214662281,5.84379032198533,3.251208622339
1.69722842318199,5.8729310450395,3.12701200914703
1.60769904451269,5.90122920076288,3.00492984737762
1.51910044740435,5.92869248875706,2.88512059898975
1.43141748801864,5.95532848022729,2.76772669877165
1.34463360204239,5.98114460270705,2.6528748639035
1.25873096150126,6.00614812633914,2.54067647967734
1.17369062750366,6.03034615167927,2.43122805209936
1.08949269827673,6.05374559898105,2.32461171829683
1.00611645194591,6.07635319891555,2.22089580593935
0.923540483596398,6.09817548467326,2.1201354332484
0.841742836237293,6.11921878539193,2.02237314159341
0.760701125367898,6.13948922085049,1.92763955314587
0.680392656918565,6.1589926973662,1.83595404657056
0.600794538407019,6.17773490483041,1.74732544426496
0.521883783213759,6.19572131481663,1.66175270520248
0.443637407937561,6.21295717969402,1.57922561798454
0.366032522843951,6.22944753267903,1.49972548925186
0.28904641546605,6.24519718875825,1.42322582314012
0.212656627458352,6.26021074641602,1.34969298798388
0.136841024840139,6.27449259010169,1.27908686697055
0.061577861796458,6.28804689337251,1.21136148991966
-0.0131541617687748,6.30087762265002,1.1464656438092
-0.0873758487107231,6.31298854152979,1.0843434600881
-0.16110745891754,6.3243832155862,1.02493497720113
-0.234368669130672,6.33506501761671,0.968176677108855
-0.307178538050906,6.34503713327207,0.914001994910767
-0.379555476461589,6.35430256702181,0.8623418009748
-0.451517222095321,6.36286414840675,0.813124855241626
-0.52308081896784,6.3707245385331,0.766278233608881
-0.594262600902528,6.37788623676511,0.721727726509683
-0.665078178970587,6.38435158757631,0.679398209983197
-0.735542432575376,6.39012278752174,0.639213989693965
-0.805669503914291,6.39520189229619,0.601099118493057
-0.875472795557741,6.39959082384627,0.564977688229396
-0.944964970892082,6.40329137750638,0.530774096615592
-1.01415795718149,6.40630522913123,0.498413290030966
-1.08306295101266,6.40863394219987,0.467820983206744
-1.15169042589572,6.41027897486852,0.438923856786323
-1.22005014180454,6.41124168695147,0.411649733788347
-1.28815115644997,6.41152334681166,0.385927736023778
-1.35600183808978,6.41112513814441,0.361688421531244
-1.42360987968984,6.4100481666395,0.338863904099147
-1.49098231426122,6.40829346650885,0.317387955939342
-1.55812553120884,6.4058620068686,0.297196094566732
-1.62504529353731,6.40275469796581,0.278225654922871
-1.69174675576991,6.3989723972418,0.260415847760406
-1.75823448244664,6.39451591522517,0.243707805279825
-1.82451246707703,6.38938602124916,0.228044614981127
-1.89058415143265,6.38358344898888,0.213371342661415
-1.95645244507358,6.37710890181528,0.199635045455495
-2.0221197450117,6.36996305796366,0.186784775781015
-2.08758795542214,6.36214657551527,0.174771577012761
-2.15285850732235,6.35366009719181,0.163548471672986
-2.21793237814572,6.34450425496289,0.15307044288635
-2.28281011114428,6.33467967446767,0.143294409809526
-2.34749183456158,6.32418697925219,0.134179197707048
-2.41197728052377,6.31302679482465,0.125685503306749
-2.47626580360269,6.30119975253131,0.117775856030372
-2.54035639901096,6.28870649325611,0.110414575657805
-2.60424772039411,6.27554767094764,0.103567726947057
-2.66793809719018,6.26172395597712,0.0972030716965698
-2.73142555153186,6.24723603833162,0.0912900187020692
-2.79470781467047,6.23208463064693,0.0857995720266847
-2.85778234290543,6.21627047108448,0.080704277970884
-2.92064633300642,6.19979432605713,0.0759781710976833
-2.98329673711895,6.18265699280858,0.0715967196387992
-3.04573027714725,6.16485930185144,0.0675367705788668
-3.10794345861119,6.14640211926875,0.0637764946876005
-3.16993258397668,6.12728634888405,0.0602953317438287
-3.23169376546121,6.10751293430505,0.0570739361706938
-3.29322293731851,6.08708286084571,0.0540941232779737
-3.35451586760798,6.06599715733188,0.0513388162854443
-3.41556816945641,6.04425689779525,0.0487919942804373
-3.47637531182097,6.02186320306043,0.0464386412432597
-3.53693262976354,5.99881724223003,0.0442646962558765
-3.59723533424789,5.97512023407211,0.0422570049922191
-3.65727852147192,5.95077344831482,0.0404032725726155
-3.71705718174805,5.9257782068524,0.0386920178501265
-3.77656620794544,5.90013588486693,0.0371125291829701
-3.83580040350847,5.87384791186996,0.0356548217346947
-3.8947544900659,5.84691577266804,0.0343095963322671
-3.95342311464591,5.81934100825591,0.0330681999017535
-4.01180085651185,5.7911252166413,0.0319225874917268
-4.06988223363429,5.76227005360465,0.0308652858859016
-4.12766170881422,5.73277723339747,0.0298893587987343
-4.18513369547288,5.70264852938234,0.0289883736407773
-4.2422925631231,5.67188577461791,0.0281563698344124
-4.29913264253702,5.64049086239188,0.0273878286551487
-4.35564823062482,5.60846574670471,0.0266776445689267
-4.41183359503879,5.57581244270682,0.0260210980317667
-4.46768297851667,5.54253302709201,0.0254138297146002
-4.52319060297792,5.50862963844932,0.024851816113183
-4.57835067338624,5.47410447757585,0.0243313465005681
-4.63315738139094,5.4389598077526,0.0238490011776731
-4.68760490875985,5.40319795498554,0.0234016309759759
-4.74168743061545,5.36682130821369,0.0229863379652726
-4.79539911848591,5.32983231948626,0.0226004573186985
-4.84873414318193,5.29223350411045,0.0222415402868122
-4.90168667751003,5.2540274407715,0.0219073382324414
-4.95425089883237,5.21521677162675,0.0215957876781565
-5.00642099148269,5.17580420237484,0.0213049963186393
-5.05819114904762,5.13579250230165,0.0210332299508331
-5.10955557652201,5.09518450430406,0.0207789002755549
-5.16050849234656,5.05398310489285,0.0205405535252113
-5.21104413033564,5.01219126417572,0.0203168598733503
-5.26115674150263,4.96981200582147,0.0201066035829921
-5.31084059578988,4.92684841700639,0.0199086738519834
-5.36008998370969,4.88330364834365,0.0197220563150021
-5.40889921790281,4.83918091379649,0.0195458251632752
-5.45726263462001,4.79448349057611,0.0193791358445633
-5.5051745951323,4.74921471902479,0.0192212183074751
-5.55262948707502,4.70337800248513,0.0190713707557146
-5.59962172573042,4.65697680715571,0.0189289538794011
-5.64614575525335,4.61001466193406,0.0187933855321456
-5.69219604984419,4.56249515824725,0.0186641358240907
-5.73776711487286,4.51442194987066,0.0185407226026322
-5.7828534879577,4.46579875273532,0.0184227072940237
-5.82744974000237,4.41662934472437,0.0183096910805139
-5.87155047619411,4.36691756545885,0.0182013113890844
-5.91515033696607,4.31666731607327,0.0180972386692276
-5.95824399892652,4.26588255898129,0.0179971734385355
-6.00082617575742,4.21456731763177,0.0179008435761542
-6.04289161908451,4.16272567625544,0.0178080018453943
-6.08443511932121,4.11036177960257,0.017718423627971
-6.1254515064881,4.05747983267174,0.0176319048534864
-6.16593565100992,4.00408410042996,0.0175482601088433
-6.20588246449163,3.95017890752437,0.017467320913318
-6.24528690047508,3.89576863798577,0.0173889341459932
-6.28414395517763,3.84085773492394,0.0173129606131868
-6.32244866821408,3.78545070021514,0.0172392737443887
-6.36019612330288,3.72955209418178,0.0171677584060476
-6.39738144895791,3.67316653526453,0.0170983098233365
-6.43399981916657,3.6162986996868,0.0170308326007563
-6.47004645405521,3.55895332111196,0.0169652398331331
-6.50551662054252,3.50113519029314,0.0169014522992107
-6.54040563298185,3.44284915471595,0.0168393977306477
-6.57470885379285,3.38410011823408,0.0167790101497948
-6.60842169408313,3.32489304069782,0.0167202292701576
-6.64153961426056,3.2652329375758,0.0166629999539432
-6.67405812463645,3.20512487956979,0.016607271721546
-6.70597278602032,3.14457399222275,0.0165529983082565
-6.73727921030639,3.08358545552021,0.0165001372638691
-6.76797306105234,3.02216450348498,0.0164486495912325
-6.79805005405044,2.96031642376536,0.0163984994201243
-6.82750595789154,2.89804655721674,0.016349653713145
-6.85633659452199,2.83536029747688,0.0163020820006126
-6.88453783979377,2.77226309053469,0.016255756141709
-6.912105624008,2.70876043429274,0.0162106501093692
-6.93903593245206,2.64485787812343,0.016166739796635
-6.96532480593031,2.580561022419,0.0161240028423958
-6.99096834128868,2.5158755181353,0.0160824184746336
-7.01596269193322,2.45080706632943,0.016041967369459
-7.04030406834253,2.38536141769132,0.0160026315243881
-7.06398873857444,2.31954437206925,0.0159643941444512
-7.0870130287667,2.25336177798941,0.0159272395398599
-7.10937332363193,2.18681953216944,0.0158911530340804
-7.13106606694677,2.1199235790262,0.0158561208812688
-7.15208776203536,2.05267991017753,0.0158221301921275
-7.17243497224702,1.98509456393832,0.0157891688673322
-7.1921043214283,1.9171736248108,0.015757225537761
-7.21109249438928,1.84892322296904,0.0157262895108354
-7.22939623736423,1.78034953373786,0.0156963507223482
-7.24701235846657,1.71145877706608,0.0156673996932188
-7.26393772813806,1.64225721699421,0.0156394274906692
-7.28016927959234,1.57275116111656,0.0156124256933685
-7.29570400925273,1.5029469600379,0.0155863863601363
-7.31053897718421,1.4328510068247,0.0155613020018401
-7.32467130751972,1.36246973645092,0.0155371655561564
-7.33809818888055,1.29180962523848,0.0155139703649026
-7.35081687479095,1.22087719029243,0.0154917101536727
-7.36282468408685,1.1496789889309,0.0154703790135428
-7.37411900131871,1.07822161810977,0.0154499713846321
-7.38469727714843,1.00651171384226,0.0154304820413307
-7.3945570287402,0.934555950613384,0.0154119060790244
-7.40369584014551,0.862361040789337,0.0153942389021644
-7.41211136268196,0.789933734021906,0.0153774762135464
-7.4198013153061,0.717280816647901,0.0153616140046783
-7.42676348498005,0.644409111083697,0.0153466485471279
-7.43299572703204,0.571325475214919,0.0153325763847545
-7.43849596551072,0.498036801781331,0.0153193943267388
-7.4432621935332,0.424550017756969,0.0153070994413327
-7.44729247362689,0.350872083725594,0.0152956890502636
-7.4505849380649,0.277009993251493,0.0152851607237291
-7.45313778919518,0.202970772245702,0.0152755122759312
-7.45494929976323,0.128761478327692,0.0152667417610987
-7.4560178132283,0.0543892001825842,0.0152588474699581
-7.45634174407323,-0.0201389430860598,0.015251827926612
-7.45591957810767,-0.0948158026078065,0.015245681885794
-7.45474987276476,-0.169634200401231,0.0152404083304677
-7.45283125739122,-0.244586930034044,0.0152360064697453
-7.4501624335308,-0.319666757287414,0.0152324757371007
-7.44674217520105,-0.394866420824419,0.0152298157888577
-7.44256932916332,-0.47017863286258,0.0152280265029329
-7.43764281518611,-0.545596079850401,0.0152271079778198
-7.43196162630152,-0.621111423147874,0.0152270605317975
-7.4255248290549,-0.696717299710875,0.0152278847023521
-7.41833156374771,-0.772406322779395,0.0152295812458007
-7.41038104467331,-0.848171082569546,0.0152321511371069
-7.40167256034602,-0.924004146969277,0.0152355955698801
-7.392205473723,-0.999898062237744,0.0152399159565519
-7.38197922241926,-1.07584535370826,0.0152451139287216
-7.37099331891559,-1.15183852649479,0.0152511913376674
-7.35924735075938,-1.22787006620185,0.0152581502550169
-7.34674098075839,-1.30393243963788,0.0152659929735745
-7.33347394716732,-1.38001809553191,0.0152747220083011
-7.31944606386724,-1.45611946525346,0.0152843400974445
-7.30465722053781,-1.53222896353571,0.0152948502038181
-7.2891073828223,-1.60833898920174,0.0153062555162259
-7.27279659248524,-1.68444192589391,0.0153185594510331
-7.25572496756294,-1.76053014280614,0.0153317656538812
-7.23789270250655,-1.83659599541925,0.0153458780015479
-7.21930006831782,-1.91263182623907,0.0153609006039507
-7.19994741267752,-1.9886299655374,0.0153768378062958
-7.17983516006641,-2.06458273209566,0.0153936941913712
-7.15896381187879,-2.14048243395126,0.0154114745819875
-7.13733394652865,-2.21632136914653,0.0154301840435643
-7.11494621954826,-2.29209182648015,0.015449827886867
-7.09180136367935,-2.3677860862611,0.0154704116708927
-7.06790018895667,-2.4433964210649,0.0154919412059095
-7.04324358278412,-2.51891509649229,0.0155144225566501
-7.01783251000322,-2.59433437193003,0.0155378620456621
-6.99166801295405,-2.66964650131392,0.015562266256818
-6.96475121152855,-2.74484373389396,0.015587642038988
-6.93708330321624,-2.81991831500146,0.0156139965098779
-6.90866556314224,-2.89486248681817,0.0156413370600358
-6.87949934409768,-2.96966848914725,0.0156696713570309
-6.8495860765624,-3.04432856018607,0.0156990073498085
-6.81892726872,-3.11883493730075,0.0157293532732246
-6.78752450646514,-3.19317985780233,0.0157607176527644
-6.75537945340312,-3.26735555972458,0.0157931093094494
-6.72249385084176,-3.34135428260329,0.0158265373649369
-6.6888695177755,-3.41516826825698,0.0158610112468175
-6.65450835086175,-3.48878976156906,0.0158965406941153
-6.61941232438947,-3.56221101127115,0.0159331357629957
-6.58358349023997,-3.63542427072774,0.0159708068326873
-6.54702397783989,-3.70842179872192,0.0160095646116227
-6.50973599410645,-3.78119586024218,0.0160494201438047
-6.47172182338482,-3.85373872727022,0.016090384815404
-6.43298382737768,-3.92604267956965,0.0161324703615953
-6.39352444506703,-3.99810000547556,0.0161756888736385
-6.35334619262807,-4.06990300268477,0.0162200528062118
-6.31245166333532,-4.14144397904687,0.016265574985005
-6.27084352746091,-4.21271525335577,0.0163122686145798
-6.22852453216498,-4.28370915614183,0.016360147286506
-6.18549750137823,-4.35441803046442,0.0164092249877813
-6.14176533567675,-4.42483423270487,0.0164595161095448
-6.09733101214885,-4.49495013335969,0.0165110354560913
-6.05219758425413,-4.564758117834,0.0165637982541983
-6.00636818167472,-4.63425058723516,0.0166178201627735
-5.95984601015866,-4.70341995916639,0.0166731172828348
-5.91263435135541,-4.7722586685204,0.0167297061678324
-5.86473656264362,-4.8407591682729,0.0167876038343249
-5.81615607695097,-4.90891393027601,0.0168468277730211
-5.76689640256626,-4.97671544605133,0.0169073959601985
-5.71696112294365,-5.04415622758271,0.0169693268695133
-5.66635389649916,-5.1112288081086,0.0170326394842129
-5.61507845639925,-5.17792574291395,0.0170973533097656
-5.56313861034173,-5.2442396101215,0.017163488386922
-5.51053824032885,-5.3101630114824,0.0172310653052223
-5.4572813024326,-5.37568857316617,0.0173001052169653
-5.40337182655229,-5.44080894654983,0.0173706298516556
-5.3488139161644,-5.50551680900607,0.0174426615309444
-5.29361174806464,-5.56980486469058,0.0175162231840833
-5.23776957210239,-5.63366584532825,0.0175913383639074
-5.18129171090736,-5.69709251099826,0.0176680312633678
-5.12418255960864,-5.760077650918,0.017746326732633
-5.06644658554606,-5.82261408422565,0.0178262502967795
-5.00808832797391,-5.88469466076148,0.0179078281740924
-4.94911239775702,-5.94631226184764,0.0179910872950003
-4.88952347705933,-6.00745980106647,0.0180760553216647
-4.82932631902475,-6.06813022503716,0.0181627606682511
-4.76852574745059,-6.12831651419085,0.0182512325219048
-4.70712665645339,-6.1880116835438,0.0183415008644587
-4.64513401012728,-6.2472087834689,0.0184335964949002
-4.58255284219482,-6.30590090046517,0.0185275510526256
-4.51938825565047,-6.36408115792526,0.0186233970415122
-4.45564542239655,-6.42174271690092,0.0187211678548386
-4.39132958287189,-6.47887877686634,0.0188208978010852
-4.32644604567306,-6.53548257647921,0.0189226221306505
-4.26100018716829,-6.59154739433947,0.0190263770635151
-4.19499745110413,-6.64706654974578,0.0191321998178936
-4.1284433482048,-6.70203340344938,0.01924012863991
-4.06134345576433,-6.75644135840555,0.0193502028343378
-3.99370341723153,-6.81028386052235,0.0194624627964467
-3.92552894178783,-6.86355439940675,0.0195769500449977
-3.85682580391789,-6.91624650910796,0.0196937072564344
-3.78759984297333,-6.96835376885785,0.0198127783003155
-3.71785696272925,-7.01986980380861,0.0199342082760399
-3.64760313093387,-7.07078828576722,0.0200580435509144
-3.5768443788512,-7.12110293392701,0.0201843317996193
-3.50558680079679,-7.17080751559596,0.0203131220451271
-3.43383655366668,-7.21989584692185,0.0204444647011338
-3.36159985645948,-7.26836179361408,0.020578411616064
-3.28888298979176,-7.31619927166209,0.0207150161187138
-3.2156922954067,-7.3634022480504,0.0208543330655997
-3.1420341756761,-7.40996474147007,0.020996418890081
-3.0679150930958,-7.45588082302661,0.0211413316533327
-2.99334156977453,-7.5011446169442,0.0212891310972421
-2.91832018691633,-7.54575030126615,0.0214398786993108
-2.8428575842965,-7.5896921085516,0.0215936377296466
-2.76696045973118,-7.63296432656832,0.0217504733101306
-2.69063556854065,-7.6755612989815,0.0219104524758538
-2.61388972300639,-7.71747742603862,0.0220736442389163
-2.53672979182193,-7.75870716525013,0.0222401196546924
-2.45916269953761,-7.799245032066,0.0224099518906633
-2.38119542599931,-7.83908560054808,0.0225832162979304
-2.30283500578117,-7.87822350403807,0.022759990485521
-2.22408852761248,-7.91665343582117,0.02294035439761
-2.14496313379861,-7.95437014978533,0.0231243903937799
-2.06546601963639,-7.9913684610759,0.0233121833324552
-1.98560443282358,-8.02764324674582,0.023503820657645
-1.90538567286296,-8.06318944640104,0.0236993924891419
-1.82481709046075,-8.0980020628414,0.0238989917163274
-1.74390608691974,-8.13207616269659,0.0241027140957418
-1.66266011352692,-8.16540687705739,0.0243106583525872
-1.581086670936,-8.19798940210195,0.0245229262863352
-1.49919330854473,-8.22981899971718,0.0247396228806245
-1.41698762386708,-8.26089099811506,0.0249608564176387
-1.33447726190054,-8.29120079244391,0.0251867385971655
-1.2516699144885,-8.32074384539454,0.0254173846605476
-1.16857331967792,-8.34951568780116,0.0256529135197468
-1.08519526107219,-8.3775119192371,0.0258934478917524
-1.00154356717962,-8.40472820860516,0.0261391144385769
-0.917626110757349,-8.43116029472263,0.0263900439130945
-0.833450808150969,-8.4568039869009,0.0266463713109892
-0.749025618629915,-8.48165516551962,0.0269082360290934
-0.664358543718775,-8.50570978259522,0.0271757820304115
-0.579457626524615,-8.52896386234402,0.0274491580161386
-0.494330951060458,-8.55141350173961,0.0277285176049971
-0.408986641565057,-8.57305487106455,0.0280140195202336
-0.323432861819081,-8.5938842144564,0.0283058277846335
-0.237677814457865,-8.61389785044798,0.0286041119239285
-0.151729740280859,-8.63309217250174,0.028909047178993
-0.065596917557944,-8.65146364953836,0.029220814727242
0.0207123386672656,-8.66900882645942,0.0295396019136691
0.107189677276941,-8.68572432466407,0.0298656024919788
0.193826711781241,-8.70160684255985,0.0301990168762967
0.280615021023009,-8.71665315606734,0.0305400524039623
0.367546149884817,-8.73086011911886,0.0308889236099341
0.454611609998145,-8.74422466415104,0.0312458525133686
0.541802880454534,-8.75674380259127,0.0316110689169568
0.629111408518519,-8.768414625338,0.0319848107196375
0.716528610342123,-8.77923430323486,0.0323673242433364
0.804045871680735,-8.78920008753857,0.0327588645744124
0.891654548610136,-8.79830931038059,0.0331596959205304
0.979345968244464,-8.80655938522254,0.0335700919837137
1.06711142945489,-8.81394780730538,0.033990336350373
1.15494220358876,-8.82047215409215,0.0344207228991451
1.24282953518897,-8.8261300857046,0.0348615562274218
1.33076464271329,-8.83091934535332,0.0353131520974944
1.41873871925344,-8.83483775976161,0.0357758379032859
1.50674293325356,-8.837883239583,0.0362499531586979
1.59476842922781,-8.8400537798124,0.036735850008648
1.6828063284769,-8.84134746019094,0.0372338937639346
1.77084772980306,-8.84176244560435,0.0377444634611241
1.85888371022334,-8.84129698647512,0.0382679524487166
1.9469053256807,-8.83994941914825,0.0388047690009177
2.03490361175271,-8.83771816627063,0.0393553369604077
2.12286958435741,-8.83460173716419,0.039920096411579
2.210794240456,-8.83059872819265,0.0404995043857864
2.29866855875192,-8.82570782312207,0.0410940356002399
2.38648350038593,-8.81992779347511,0.0417041832322544
2.47423000962683,-8.81325749887901,0.0423304597306614
2.56189901455728,-8.80569588740751,0.0429733976662874
2.64948142775426,-8.79724199591646,0.0436335506234999
2.73696814696384,-8.78789495037344,0.0443114941349337
2.82435005576953,-8.77765396618125,0.0450078266616189
2.91161802425385,-8.7665183484954,0.045723170620853
2.99876290965253,-8.7544874925357,0.0464581734642841
3.0857755570007,-8.74156088389188,0.0472135088088027
3.17264679977059,-8.72773809882346,0.0479898776229793
3.25936746049998,-8.71301880455389,0.0487880094719321
3.34592835141088,-8.69740275955895,0.0496086638236606
3.43232027501759,-8.68088981384969,0.050452631420045
3.51853402472364,-8.66347990924987,0.051320735715882
3.60456038540658,-8.64517307966801,0.0522138343895052
3.69039013399013,-8.62596945136419,0.0531328209287307
3.77601404000263,-8.60586924321181,0.054078626296064
3.86142286612104,-8.58487276695426,0.0550522206773169
3.94660736869957,-8.56298042745676,0.0560546153180016
4.03155829828197,-8.54019272295354,0.0570868644521007
4.11626640009649,-8.5165102452904,0.0581500673280566
4.20072241453255,-8.49193368016295,0.0592453703370797
4.28491707759783,-8.46646380735062,0.0603739692491417
4.36884112135484,-8.44010150094668,0.0615371115623063
4.4524852743357,-8.41284772958445,0.0627360989713441
4.5358402619338,-8.38470355665992,0.0639722899618898
4.61889680677111,-8.35567014055107,0.0652471025367291
4.70164562903969,-8.32574873483398,0.0665620170811419
4.78407744681599,-8.29494068849615,0.0679185793745917
4.86618297634639,-8.26324744614728,0.0693184037564246
4.94795293230236,-8.23067054822768,0.0707631764536385
5.02937802800356,-8.19721163121477,0.0722546590791928
5.11044897560717,-8.16287242782789,0.073794692309765
5.19115648626151,-8.12765476723181,0.0753851997523087
5.27149127022204,-8.09156057523931,0.077028192009241
5.35144403692771,-8.05459187451318,0.0787257709525816
5.4310054950355,-8.01675078476809,0.0804801342178757
5.51016635241085,-7.97803952297272,0.0822935799292739
5.58891731607175,-7.93846040355262,0.0841685116676971
5.66724909208383,-7.89801583859431,0.0861074436945956
5.74515238540393,-7.85670833805103,0.0881130064444167
5.82261789966951,-7.8145405099508,0.0901879522995202
5.89963633693081,-7.77151506060727,0.092335161661933
5.97619839732293,-7.72763479483395,0.0945576493370057
6.05229477867464,-7.68290261616247,0.0968585712447317
6.12791617605052,-7.63732152706557,0.0992412314752073
6.20305328122302,-7.59089462918541,0.101709089705455
6.27769678207082,-7.543625123568,0.10426576899559
6.35183736189958,-7.49551631090452,0.106915063983106
6.42546569868119,-7.44657159178035,0.109660949494836
6.49857246420717,-7.39679446693257,0.112507589597001
6.57114832315202,-7.34618853751697,0.115459347104551
6.64318393204171,-7.29475750538537,0.1185207935719
6.71466993812267,-7.24250517337443,0.121696719787991
6.78559697812609,-7.1894354456067,0.124992146799495
6.85595567692238,-7.13555232780539,0.128412337486846
6.92573664606018,-7.08085992762364,0.131962808718668
6.99493048218421,-7.02536245498979,0.135649344111029
7.06352776532594,-6.96906422246975,0.139478007418811
7.13151905706075,-6.91196964564788,0.143455156587334
7.19889489852508,-6.85408324352779,0.147587458493191
7.26564580828674,-6.7954096389545,0.151881904404015
7.33176228006119,-6.73595355905957,0.156345826187675
7.39723478026643,-6.6757198357307,0.160986913302048
7.46205374540886,-6.61471340610765,0.165813230597175
7.52620957929187,-6.55293931310623,0.170833236962106
7.58969265003915,-6.4904027059721,0.176055804849233
7.65249328692382,-6.4271088408665,0.181490240709206
7.71460177699458,-6.36306308148594,0.187146306369761
7.77600836148961,-6.29827089971787,0.19303424139181
7.83670323202857,-6.23273787633474,0.199164786436048
7.89667652657297,-6.16646970172864,0.205549207672978
7.95591832514455,-6.09947217668915,0.212199322268715
8.01441864529139,-6.03175121322674,0.219127524978096
8.07216743729084,-5.96331283544465,0.226346815875494
8.12915457907832,-5.89416318046172,0.23387082925231
8.18536987089068,-5.82430849938945,0.241713863708231
8.24080302961266,-5.75375515836595,0.249890913461111
8.29544368281469,-5.68250963965015,0.258417700897582
8.34928136247011,-5.61057854277951,0.267310710383226
8.40230549833994,-5.53796858579451,0.276587223347267
8.45450541101284,-5.4646866065336,0.28626535465224
8.50587030458837,-5.39073956400215,0.296364090253796
8.5563892589912,-5.31613453981921,0.306903326149802
8.60605122190432,-5.24087873974603,0.31790390861088
8.65484500030927,-5.16497949530034,0.329387675676649
8.70275925162182,-5.0884442654605,0.341377499892902
8.7497824744117,-5.01128063846396,0.353897332254767
8.79590299869552,-4.93349633370425,0.366972247309454
8.84110897579258,-4.85509920373122,0.380628489359257
8.88538836773402,-4.7760972363589,0.394893519691132
8.92872893621655,-4.69649855688608,0.409796064743043
8.97111823109299,-4.61631143043398,0.425366165099422
9.01254357839331,-4.53554426440637,0.441635225188243
9.05299206787097,-4.45420561107672,0.458636063530293
9.09245054007127,-4.37230417030773,0.476402963367016
9.13090557292027,-4.28984879240805,0.494971723466698
9.16834346783485,-4.20684848113138,0.514379708879543
9.20475023535744,-4.123312396823,0.53466590138021
9.2401115803212,-4.03924985971881,0.555870949301476
9.27441288655513,-3.95467035340166,0.578037216424619
9.30763920114187,-3.86958352842008,0.601208829550862
9.33977521824515,-3.7839992060739,0.625431724333398
9.37080526252825,-3.69792738237148,0.65075368890119
9.40071327218986,-3.61137823216272,0.677224404753626
9.42948278164929,-3.524362113452,0.704895484349125
9.45709690391889,-3.43688957189462,0.733820504750847
9.48353831270863,-3.34897134548012,0.764055036628677
9.50878922431475,-3.26061836940516,0.795656667848568
9.5328313793528,-3.17184178113843,0.828685020808201
9.55564602440394,-3.08265292567887,0.863201762601759
9.57721389365316,-2.99306336100837,0.899270607016589
9.59751519060834,-2.90308486373881,0.936957307280786
9.61652957000033,-2.81272943495263,0.97632963839365
9.63423611997638,-2.72200930623483,1.01745736778083
9.65061334471224,-2.63093694589335,1.06041221292338
9.6656391475823,-2.53952506536331,1.10526778451544
9.67929081504166,-2.44778662578905,1.1520995136099
9.6915450013904,-2.35573484477648,1.20098456111548
9.70237771460661,-2.26338320330624,1.25200170791462
9.7117643034525,-2.17074545279633,1.30523122377888
9.71967944607672,-2.07783562230064,1.36075471317108
9.72609714035503,-1.98466802582755,1.41865493594084
9.73099069623187,-1.89125726976001,1.47901560084631
9.73433273034607,-1.79761826035599,1.54192112977115
9.73609516324523,-1.70376621130509,1.60745639045543
9.73624921951527,-1.6097166513138,1.6757063955251
9.7347654311733,-1.51548543168863,1.74675596559021
9.73161364469408,-1.42108873388264,1.82068935419128
9.72676303206209,-1.32654307696689,1.89758983240999
9.72018210626213,-1.2318653249844,1.97753923102936
9.71183874164179,-1.13707269413972,2.0606174382343
9.70170019959789,-1.04218275977284,2.14690185099133
9.68973316005621,-0.947213463061397,2.23646677844173
9.6759037592286,-0.852183117390078,2.32938279589023
9.66017763414387,-0.75711041432146,2.42571604827853
9.64251997445708,-0.662014429097001,2.5255275024039
9.62289558204682,-0.566914625591902,2.62887214758412
9.60126893890929,-0.471830860642238,2.73579814498639
9.5776042838526,-0.376783387657511,2.84634592643399
9.55186569848169,-0.281792859426642,2.96054724418518
9.52401720294527,-0.186880330020413,3.07842417394715
9.49402286188788,-0.092067255688586,3.1999880742458
9.46184690101337,0.00262450535453428,3.32523850622093
9.42745383461945,0.0971726943663868,3.45416211895471
9.39080860440476,0.191554654848109,3.58673150656574
9.35187672978084,0.285747336768908,3.72290404450637
9.31062446983942,0.379727302361733,3.86262071377864
9.26701899703023,0.473470733610445,4.00580492312197
9.22102858249624,0.566953441548899,4.15236134060948
9.17262279289039,0.660150877491511,4.30217474749911
9.12177269836128,0.753038146312638,4.45510892859888
9.06845109124441,0.845590021888509,4.61100561479355
9.01263271483156,0.93778096481018,4.76968349471313
8.9542945014133,1.02958514246909,4.93093731376387
8.89341581860127,1.12097645160798,5.09453707985185
8.82997872273737,1.21192854341915,5.26022739606302
8.7639682179902,1.30241485125935,5.42772694127609
8.69537251952614,1.39240862103549,5.59672812012754
8.62418331892676,1.48188294429841,5.76689690387084
8.55039604980971,1.57081079406258,5.93787288342744
8.47401015139989,1.65916506334795,6.10926955526574
8.39502932759682,1.7469186064171,6.28067485962509
8.31346179889704,1.83404428265455,6.45165198898503
8.22932054436219,1.92051500300844,6.62174048253721
8.14262353067976,2.00630377888505,6.79045761972817
8.05339392525011,2.09138377335692,6.95730012269803
7.96166029015465,2.17572835451338,7.12174617365071
7.86745675382322,2.25931115075069,7.28325774887777
7.77082315722702,2.34210610776629,7.44128326636251
7.67180517148245,2.42408754699024,7.59526053867314
7.57045438386468,2.50523022515504,7.74462001729276
7.4668283494001,2.58550939467595,7.88878830872949
7.36099060543652,2.66490086448531,8.02719193681776
7.25301064687928,2.74338106093954,8.15926131969629
7.14296386012944,2.82092708839506,8.28443492417577
7.03093141416497,2.89751678903083,8.40216355474656
6.91700010766306,2.97312880148123,8.51191472948665
6.80126217156575,3.04774261783328,8.61317709077463
6.68381502703525,3.12133863853829,8.70546479514851
6.56476099932008,3.19389822478931,8.7883218240246
6.44420698864962,3.26540374792306,8.86132615542802
6.32226409988015,3.33583863541829,8.92409373649213
6.19904723321892,3.40518741308213,8.9762821973324
6.07467463894135,3.47343574304112,9.01759424903144
5.94926743957654,3.54057045718527,9.04778071189019
5.82294912355567,3.60657958574966,9.06664312476874
5.69584501478462,3.67145238076048,9.07403589218426
5.56808172300387,3.735179334118,9.0698679327371
5.43978658012697,3.79775219013927,9.0541038002498
5.31108706799431,3.85916395243613,9.02676425754442
5.18211024313542,3.91940888505909,8.98792629184387
5.05298216419746,3.97848250789408,8.93772257013566
4.92382732766629,4.03638158635522,8.87634034224508
4.79476811738268,4.09310411547322,8.80401980858877
4.66592427314002,4.14864929853259,8.72105197838726
4.53741238334944,4.2030175204633,8.62777605228666
4.4093454063787,4.25621031624038,8.52457637068035
4.28183222472288,4.30823033459003,8.41187897536321
4.15497723565855,4.3590812973399,8.29014783736123
4.02887998148,4.40876795478623,8.15988080776229
3.90363482182947,4.45729603747901,8.0216053510742
3.77933065002578,4.50467220484944,7.87587412203764
3.65605065468054,4.55090399112081,7.72326044694759
3.53387212728055,4.59599974895448,7.56435376944612
3.4128663158211,4.63996859128755,7.3997551185322
3.29309832400799,4.68282033181759,7.23007265330816
3.17462705501647,4.72456542458317,7.05591733488605
3.05750519830998,4.76521490307737,6.87789877106339
2.94177925758771,4.804780319315,6.69662127400853
2.82748961755198,4.84327368325392,6.51268016543623
2.71467064686757,4.88070740294669,6.32665835776523
2.60335083442709,4.91709422577235,6.13912323368585
2.49355295583848,4.9524471810682,5.95062384056881
2.3852942669132,4.98677952445128,5.76168841034342
2.27858672085195,5.02010468408642,5.57282220997383
2.17343720579716,5.05243620912547,5.38450572255472
2.0698477994429,5.08378772050925,5.19719315440605
1.96781603745818,5.11417286429153,5.01131125941825
1.86733519258422,5.14360526761231,4.82725846831962
1.76839456140391,5.17209849741768,4.64540430752032
1.67097975594696,5.19966602199398,4.46608908973219
1.57507299748197,5.22632117535709,4.28962385665679
1.48065341005038,5.25207712451185,4.11629055264999
1.38769731151342,5.27694683957361,3.94634240737566
1.29617850010555,5.30094306672239,3.78000450501237
1.20606853471337,5.32407830394134,3.61747451752881
1.11733700732294,5.34636477947418,3.45892357984737
1.02995180629852,5.36781443292194,3.30449728532024
0.943879369367896,5.38843889888659,3.15431678079903
0.859084925392669,5.40824949305888,3.00847994163864
0.77553272419364,5.4272572006392,2.86706260819316
0.693186253880228,5.44547266697375,2.73011986669363
0.612008445298301,5.46290619028318,2.59768735880594
0.531961863361797,5.4795677163577,2.46978260561686
0.453008885169987,5.49546683509077,2.3464063332584
0.375111864934168,5.5106127787227,2.22754378882772
0.298233285845164,5.52501442166616,2.11316603667193
0.222335899106801,5.53868028178712,2.0032312264652
0.147382850440913,5.55161852301713,1.89768582579705
0.0733377944374162,5.56383695917591,1.7964658112042
0.000164997179062321,5.57534305888731,1.69949781270719
-0.0721705723841869,5.58614395147559,1.60670020795238
-0.143703161800985,5.59624643373405,1.51798416300732
-0.214466164688198,5.60565697746281,1.43325461771346
-0.28449205994979,5.61438173767795,1.3524112142647
-0.353812360079706,5.62242656139962,1.27534916835772
-0.422457567979045,5.62979699693212,1.20196008285274
-0.490457141719007,5.63649830355454,1.13213270439664
-0.557839466687078,5.64253546154628,1.06575362389918
-0.624631834563985,5.64791318247662,1.00270792212272
-0.690860428592482,5.65263591969356,0.942879761951929
-0.756550314615343,5.65670787895179,0.886152929158665
-0.821725437378529,5.66013302912482,0.832411323673493
-0.8864086216159,5.66291511295133,0.781539403525183
-0.950621577453527,5.66505765777016,0.733422583717969
-1.01438490969432,5.66656398620291,0.687947592388519
-1.07771813056694,5.66743722674732,0.645002786625034
-1.1406396755466,5.66768032424856,0.604478430344027
-1.20316692187875,5.66729605021931,0.566266936610177
-1.26531620946045,5.66628701298297,0.530263076754773
-1.32710286375694,5.66465566761773,0.496364158602018
-1.38854122045386,5.66240432568226,0.464470176052787
-1.4496446515672,5.65953516470652,0.434483932204974
-1.51042559275466,5.65605023743403,0.406311138110624
-1.57089557159234,5.65195148080427,0.379860489184748
-1.6310652366003,5.647240724666,0.355043721190761
-1.69094438681927,5.64191970021471,0.331775647634466
-1.7505420017586,5.6359900481487,0.30997418030374
-1.80986627155242,5.62945332654075,0.289560334595677
-1.86892462717666,5.62231101842309,0.270458221177854
-1.92772377059496,5.61456453908546,0.252595025436399
-1.98626970471519,5.6062152430868,0.235900976071303
-2.04456776305175,5.5972644309825,0.220309304109441
-2.1026226390008,5.58771335577012,0.205756193518466
-2.16043841464743,5.57756322905723,0.192180724520423
-2.21801858903396,5.5668152269558,0.179524810622895
-2.27536610582877,5.55547049570849,0.167733130307776
-2.33248338034378,5.54353015705242,0.156753054243656
-2.38937232585749,5.53099531332662,0.146534568817169
-2.44603437920767,5.5178670523299,0.137030196711719
-2.50247052562538,5.50414645193604,0.128194915198524
-2.55868132278784,5.48983458447347,0.119986072745094
-2.61466692407403,5.47493252087699,0.112363304489811
-2.67042710101183,5.45944133461899,0.105288447078289
-2.72596126491038,5.44336210542799,0.098725453307446
-2.78126848767591,5.42669592280207,0.0926403069767154
-2.83634752181261,5.40944388932514,0.0870009383023252
-2.89119681961405,5.39160712379368,0.0817771402101048
-2.94581455155352,5.37318676416158,0.0769404857845814
-3.00019862388409,5.35418397031084,0.0724642471171806
-3.05434669546204,5.33459992665551,0.0683233157639608
-3.10825619380883,5.31443584458621,0.0644941249933991
-3.16192433042888,5.29369296476259,0.0609545739771681
-3.21534811540165,5.27237255926063,0.0576839540514856
-3.26852437126796,5.25047593358175,0.0546628771533621
-3.32144974623132,5.22800442853038,0.0518732065148036
-3.37412072669587,5.20495942196647,0.0492979896786289
-3.42653364916325,5.18134233043926,0.0469213938819378
-3.47868471151104,5.15715461070828,0.0447286438372975
-3.53056998367571,5.13239776115759,0.0427059619273161
-3.58218541776329,5.10707332310873,0.0408405108153303
-3.63352685761078,5.08118288203787,0.039120338463371
-3.68459004782143,5.05472806870234,0.0375343255382806
-3.7353706422968,5.02771056018155,0.0360721351777692
-3.78586421228802,5.00013208083693,0.0347241650802152
-3.83606625398873,4.97199440319559,0.0334815018750717
-3.88597219569129,4.9432993487619,0.0323358777247513
-3.93557740452777,4.91404878876117,0.0312796291037595
-3.98487719281649,4.88424464481933,0.0303056576965602
-4.03386682403436,4.85388888958233,0.0294073933521198
-4.08254151843467,4.82298354727883,0.02857875903023
-4.13089645832939,4.79153069422935,0.0278141376724893
-4.17892679305438,4.75953245930535,0.0271083409291788
-4.22662764363516,4.72699102434086,0.0264565796721411
-4.2739941071704,4.69390862449978,0.025854436223115
-4.32102126094937,4.66028754860134,0.0252978382267459
-4.36770416631914,4.62613013940625,0.0247830340976343
-4.41403787231653,4.59143879386588,0.0243065699712687
-4.46001741907905,4.55621596333678,0.0238652680894635
-4.50563784104861,4.52046415376246,0.0234562065519648
-4.55089416998098,4.48418592582449,0.023076700367151
-4.59578143777324,4.44738389506464,0.0227242837362168
-4.6402946791212,4.4100607319799,0.022396693506858
-4.68442893401763,4.37221916209185,0.0220918537342398
-4.72817925010207,4.3338619659919,0.021807861288912
-4.77154068487197,4.29499197936387,0.0215429724533118
-4.81450830776464,4.25561209298502,0.0212955904505321
-4.85707720211884,4.21572525270696,0.0210642538511356
-4.89924246702433,4.1753344594174,0.0208476258059226
-4.94099921906718,4.13444276898387,0.0206444840547113
-4.98234259397818,4.09305329218029,0.0204537116633465
-5.02326774819131,4.05116919459739,0.0202742884433021
-5.0637698603186,4.00879369653781,0.0201052830103748
-5.10384413254755,3.96593007289651,0.019945845441072
-5.14348579196657,3.92258165302744,0.0197952004873668
-5.1826900918239,3.87875182059693,0.0196526413125197
-5.22145231272478,3.83444401342454,0.0195175237126466
-5.25976776377145,3.78966172331186,0.0193892607906362
-5.2976317836503,3.74440849585985,0.0192673180508888
-5.33503974166997,3.6986879302752,0.0191512088851503
-5.37198703875432,3.65250367916608,0.0190404904214622
-5.40846910839332,3.60585944832781,0.0189347597099176
-5.44448141755529,3.55875899651878,0.0188336502205263
-5.4800194675633,3.51120613522688,0.0187368286300282
-5.51507879493835,3.46320472842702,0.0186439918759685
-5.54965497221193,3.4147586923297,0.0185548644577485
-5.58374360871012,3.36587199512125,0.0184691959657032
-5.61734035131154,3.3165486566957,0.0183867588205237
-5.65044088518077,3.26679274837874,0.0183073462065455
-5.68304093447937,3.21660839264386,0.0182307701835624
-5.71513626305589,3.16599976282093,0.0181568599628998
-5.74672267511647,3.11497108279734,0.0180854603344967
-5.77779601587742,3.06352662671201,0.0180164302327015
-5.80835217220094,3.01167071864224,0.0179496414293836
-5.83838707321529,2.95940773228372,0.0178849773438088
-5.86789669092028,2.90674209062374,0.0178223319595151
-5.8968770407792,2.85367826560775,0.0177616088391686
-5.92532418229789,2.8002207777994,0.0177027202290705
-5.95323421959198,2.74637419603415,0.0176455862456334
-5.98060330194273,2.6921431370666,0.0175901341367478
-6.00742762434237,2.63753226521155,0.0175362976115235
-6.03370342802941,2.58254629197897,0.0174840162324101
-6.05942700101444,2.52718997570293,0.0174332348641903
-6.08459467859704,2.47146812116457,0.017383903174787
-6.10920284387401,2.41538557920913,0.0173359751832457
-6.13324792823953,2.35894724635727,0.017289408850639
-6.1567264118775,2.30215806441053,0.0172441657099996
-6.17963482424636,2.24502302005121,0.0172002105317167
-6.20196974455669,2.18754714443655,0.0171575110211377
-6.22372780224189,2.12973551278742,0.0171160375453993
-6.2449056774221,2.07159324397145,0.0170757628867681
-6.26550010136158,2.01312550008079,0.0170366620200134
-6.2855078569197,1.95433748600435,0.0169987119115517
-6.30492577899578,1.89523444899487,0.0169618913383042
-6.32375075496778,1.83582167823055,0.0169261807243948
-6.3419797251251,1.77610450437152,0.0168915619939839
-6.35960968309545,1.71608829911113,0.0168580184386902
-6.37663767626602,1.65577847472203,0.0168255345981929
-6.39306080619887,1.5951804835972,0.0167940961527385
-6.40887622904079,1.53429981778596,0.0167636898263939
-6.42408115592746,1.47314200852489,0.0167343032999966
-6.43867285338217,1.4117126257639,0.0167059251328505
-6.45264864370897,1.35001727768727,0.0166785446923074
-6.46600590538033,1.28806161022995,0.016652152090455
-6.47874207341943,1.22585130658892,0.016626738127208
-6.49085463977689,1.16339208672987,0.0166022942391651
-6.5023411537021,1.10068970688904,0.0165788124536584
-6.51319922210914,1.03774995907054,0.0165562853474765
-6.52342650993721,0.974578670538809,0.0165347060097933
-6.53302074050564,0.911181703306686,0.0165140680088806
-6.54197969586342,0.847564953618786,0.0164943653622259
-6.55030121713331,0.783734351430442,0.0164755925097114
-6.55798320485037,0.719695859882158,0.0164577442895481
-6.56502361929509,0.655455474769664,0.0164408159166864
-6.57142048082092,0.59101922400959,0.0164248029634558
-6.57717187017624,0.526393167100829,0.0164097013422082
-6.58227592882089,0.461583394581624,0.0163955072897647
-6.58673085923688,0.396596027482424,0.0163822173534859
-6.5905349252337,0.331437216774568,0.0163698283788024
-6.59368645224784,0.26611314281483,0.0163583374980612
-6.59618382763667,0.200630014785894,0.0163477421205581
-6.59802550096659,0.134994070132784,0.0163380399236381
-6.59920998429551,0.0692115739953144,0.0163292288447607
-6.59973585244945,0.00328881863660628,0.0163213070744361
-6.59960174329346,-0.06276787713228,0.0163142730499479
-6.59880635799656,-0.128952168531549,0.0163081254497891
-6.59734846129102,-0.195257685395654,0.0163028631887427
-6.5952268817255,-0.261678032760018,0.0162984854135486
-6.59244051191249,-0.328206791451429,0.0162949914991026
-6.58898830876966,-0.394837518682067,0.0162923810451404
-6.58486929375522,-0.461563748647103,0.016290653873364
-6.58008255309736,-0.528378993125829,0.0162898100249724
-6.57462723801752,-0.595276742086246,0.0162898497585641
-6.56850256494766,-0.662250464293073,0.0162907735483794
-6.56170781574137,-0.729293607919121,0.0162925820828584
-6.55424233787887,-0.796399601159968,0.0162952762634892
-6.54610554466581,-0.863561852851885,0.0162988572039257
-6.53729691542588,-0.930773753092962,0.0163033262293571
-6.52781599568718,-0.998028673867376,0.0163086848761129
-6.51766239736237,-1.06531996967273,0.0163149348914872
-6.50683579892244,-1.13264097815045,0.0163220782337716
-6.49533594556426,-1.19998502071911,0.0163301170724845
-6.48316264937174,-1.2673454032107,0.0163390537887873
-6.4703157894706,-1.33471541650974,0.0163488909760782
-6.45679531217677,-1.4020883371952,0.0163596314407576
-6.44260123113839,-1.46945742818514,0.0163712782031578
-6.42773362747129,-1.53681593938404,0.0163838344986312
-6.41219264988806,-1.60415710833276,0.0163973037787928
-6.39597851482056,-1.67147416086105,0.0164116897129139
-6.379091506536,-1.73876031174254,0.0164269961894615
-6.36153197724636,-1.80600876535222,0.0164432273177834
-6.34330034721133,-1.87321271632625,0.0164603874299348
-6.32439710483462,-1.94036535022412,0.0164784810826457
-6.30482280675365,-2.00745984419304,0.016497513059429
-6.28457807792264,-2.07448936763456,0.0165174883728258
-6.26366361168902,-2.14144708287327,0.0165384122667906
-6.24208016986316,-2.20832614582766,0.016560290219215
-6.21982858278143,-2.27511970668287,0.0165831279445897
-6.19690974936257,-2.34182091056548,0.0166069313968073
-6.17332463715725,-2.40842289822012,0.016631706772105
-6.14907428239097,-2.47491880668797,0.0166574605121498
-6.12415979000018,-2.54130176998692,0.0166841993072669
-6.09858233366156,-2.60756491979348,0.0167119300998134
-6.07234315581459,-2.67370138612631,0.0167406600876997
-6.04544356767728,-2.73970429803131,0.0167703967280601
-6.01788494925506,-2.80556678426818,0.016801147741075
-5.98966874934286,-2.8712819739984,0.0168329211139486
-5.96079648552035,-2.93684299747468,0.0168657251050437
-5.93126974414029,-3.00224298673153,0.0168995682481768
-5.90109018031003,-3.06747507627723,0.0169344593570777
-5.87025951786615,-3.13253240378686,0.0169704075300162
-5.83877954934217,-3.1974081107965,0.0170074221545997
-5.80665213592939,-3.26209534339837,0.0170455129127465
-5.77387920743083,-3.32658725293704,0.0170846897858373
-5.74046276220821,-3.39087699670648,0.0171249630600509
-5.7064048671221,-3.45495773864792,0.0171663433318871
-5.67170765746502,-3.51882265004855,0.0172088415138831
-5.63637333688771,-3.58246491024083,0.0172524688405267
-5.60040417731843,-3.64587770730248,0.0172972368743726
-5.56380251887531,-3.70905423875702,0.0173431575123673
-5.52657076977177,-3.77198771227478,0.0173902429923866
-5.48871140621495,-3.83467134637434,0.0174385058999941
-5.4502269722973,-3.89709837112438,0.0174879591754243
-5.4111200798811,-3.95926202884568,0.0175386161207983
-5.37139340847609,-4.02115557481349,0.0175904904075781
-5.33104970511016,-4.08277227795995,0.017643596084266
-5.29009178419305,-4.14410542157659,0.0176979475843573
-5.2485225273732,-4.2051483040169,0.0177535597345524
-5.20634488338749,-4.26589423939879,0.0178104477632372
-5.16356186790425,-4.32633655830687,0.0178686273092385
-5.12017656335915,-4.38646860849469,0.0179281144308644
-5.07619211878429,-4.4462837555865,0.0179889256152364
-5.0316117496303,-4.50577538377883,0.0180510777879242
-4.98643873758155,-4.56493689654161,0.0181145883228905
-4.94067643036446,-4.62376171731875,0.018179475052757
-4.89432824154888,-4.6822432902283,0.0182457562794011
-4.84739765034259,-4.74037508076181,0.0183134507848931
-4.79988820137897,-4.79815057648321,0.0183825778427865
-4.75180350449771,-4.85556328772672,0.01845315722977
-4.70314723451875,-4.9126067482941,0.0185252092376954
-4.65392313100931,-4.96927451615087,0.0185987546859922
-4.60413499804412,-5.02556017412165,0.0186738149344816
-4.55378670395884,-5.08145733058441,0.0187504118966028
-4.50288218109665,-5.1369596201636,0.0188285680530662
-4.45142542554806,-5.19206070442215,0.0189083064659465
-4.39942049688399,-5.24675427255214,0.0189896507932298
-4.34687151788203,-5.30103404206423,0.0190726253038322
-4.29378267424601,-5.35489375947564,0.0191572548931032
-4.24015821431885,-5.40832720099666,0.0192435650988316
-4.18600244878871,-5.46132817321568,0.0193315821177703
-4.13131975038844,-5.51389051378256,0.0194213328226985
-4.07611455358844,-5.56600809209039,0.0195128447800386
-4.02039135428285,-5.61767480995543,0.0196061462680473
-3.9641547094691,-5.66888460229527,0.0197012662956012
-3.90740923692095,-5.71963143780515,0.0197982346215969
-3.85015961485494,-5.76990931963229,0.0198970817749867
-3.79241058159029,-5.81971228604814,0.019997839075473
-3.73416693520233,-5.86903441111867,0.0201005386548836
-3.67543353316946,-5.91786980537239,0.0202052134792527
-3.61621529201361,-5.9662126164662,0.020311897371632
-3.55651718693437,-6.01405702984889,0.0204206250356572
-3.49634425143664,-6.06139726942233,0.020531432079899
-3.43570157695203,-6.10822759820021,0.0206443550430236
-3.37459431245385,-6.15454231896425,0.0207594314197948
-3.31302766406588,-6.20033577491786,0.0208766996879452
-3.25100689466484,-6.24560235033714,0.0209961993359504
-3.18853732347668,-6.29033647121924,0.021117970891737
-3.12562432566669,-6.33453260592784,0.0212420559523604
-3.06227333192345,-6.37818526583587,0.0213684972146851
-2.9984898280367,-6.42128900596531,0.0214973385071077
-2.93427935446913,-6.46383842562397,0.0216286248223576
-2.86964750592218,-6.50582816903927,0.0217624023514178
-2.80459993089584,-6.54725292598893,0.0218987185186061
-2.7391423312425,-6.58810743242842,0.0220376220178595
-2.67328046171496,-6.62838647111522,0.0221791628502679
-2.60702012950854,-6.66808487222978,0.0223233923629027
-2.54036719379745,-6.70719751399308,0.0224703632889901
-2.47332756526537,-6.74571932328077,0.0226201297894781
-2.4059072056303,-6.78364527623384,0.0227727474960517
-2.33811212716384,-6.82097039886567,0.0229282735556499
-2.26994839220484,-6.85768976766551,0.0230867666765427
-2.20142211266744,-6.89379851019823,0.0232482871760262
-2.13253944954369,-6.92929180570037,0.023412897029799
-2.06330661240071,-6.9641648856723,0.0235806599230843
-1.99372985887249,-6.9984130344666,0.0237516413035644
-1.92381549414627,-7.03203158987242,0.0239259084361972
-1.8535698704438,-7.06501594369588,0.0241035304599896
-1.78299938649728,-7.09736154233645,0.0242845784468013
-1.71211048702018,-7.12906388735909,0.0244691254622599
-1.64090966217303,-7.1601185360624,0.0246572466288691
-1.56940344702414,-7.19052110204234,0.0248490191913961
-1.49759842100536,-7.22026725575181,0.0250445225846276
-1.42550120736301,-7.24935272505574,0.0252438385035881
-1.35311847260397,-7.27777329578195,0.0254470509763178
-1.28045692593698,-7.30552481226734,0.0256542464393111
-1.20752331870938,-7.33260317789971,0.0258655138157216
-1.1343244438391,-7.35900435565493,0.0260809445964445
-1.06086713524225,-7.38472436862951,0.0263006329241905
-0.987158267256253,-7.40975930056846,0.0265246756806714
-0.913204754058508,-7.43410529638843,0.0267531725770222
-0.83901354908089,-7.45775856269603,0.0269862262475906
-0.764591644419981,-7.48071536830136,0.027223942347229
-0.68994607024319,-7.50297204472656,0.0274664296522313
-0.615083894190851,-7.5245249867095,0.0277138001650624
-0.540012220774367,-7.54537065270242,0.0279661692230344
-0.464738190770501,-7.56550556536552,0.0282236556110899
-0.389268980611914,-7.58492631205552,0.0284863816788618
-0.313611801774022,-7.60362954530898,0.0287544734621828
-0.237773900158297,-7.62161198332054,0.0290280608092288
-0.161762555472086,-7.63887041041581,0.029307277511486
-0.0855850806050722,-7.6554016775191,0.0295922614397405
-0.00924882100246324,-7.67120270261576,0.0298831546852993
0.0672388459649738,-7.68627047120913,0.0301801037066568
0.143870511633926,-7.70060203677217,0.0304832594818356
0.220638736684484,-7.71419452119358,0.0307927776666355
0.297536051778915,-7.72704511521843,0.0311088187590377
0.374554958203131,-7.7391510788833,0.0314315482700208
0.451687928510751,-7.75050974194583,0.0317611369010577
0.52892740716961,-7.76111850430868,0.0320977607285713
0.606265811210608,-7.77097483643788,0.0324416013956436
0.683695530878748,-7.78007627977542,0.032792846311281
0.761208930286256,-7.7884204471463,0.0331516888575559
0.838798348067616,-7.79600502315965,0.0335183286049549
0.916456098036395,-7.80282776460429,0.0338929715362825
0.994174469843722,-7.80888650083831,0.0342758302794809
1.07194572963824,-7.81417913417296,0.0346671243497437
1.14976212072742,-7.81870364025069,0.0350670804013192
1.22761586424003,-7.8224580684172,0.0354759324894135
1.30549915978967,-7.82544054208777,0.0358939223426247
1.38340418613911,-7.82764925910752,0.0363212996463552
1.46132310186532,-7.82908249210587,0.0367583223376715
1.53924804602506,-7.82973858884494,0.0372052569120998
1.61717113882072,-7.82961597256206,0.0376623787428676
1.69508448226635,-7.82871314230627,0.0381299724131236
1.77298016085361,-7.82702867326881,0.0386083320616909
1.85085024221749,-7.82456121710765,0.0390977617429349
1.92868677780151,-7.82130950226596,0.0395985758013487
2.00648180352239,-7.81727233428459,0.0401110992614895
2.08422734043366,-7.81244859610855,0.0406356682339234
2.16191539538829,-7.80683724838738,0.0411726303378657
2.23953796169994,-7.80043732976961,0.0417223451412352
2.31708701980265,-7.79324795719112,0.0422851846188683
2.39455453790863,-7.7852683261575,0.0428615336296751
2.47193247266412,-7.77649771102037,0.0434517904135488
2.54921276980274,-7.76693546524783,0.0440563671088792
2.62638736479641,-7.75658102168871,0.0446756902915529
2.70344818350322,-7.74543389283106,0.0453102015363636
2.78038714281221,-7.73349367105455,0.0459603580017931
2.8571961512847,-7.72076002887696,0.0466266330391662
2.93386710979177,-7.70723271919486,0.0473095168272213
3.01039191214764,-7.69291157551824,0.0480095170331874
3.08676244573873,-7.67779651219947,0.0487271595014982
3.16297059214777,-7.66188752465631,0.049462988971325
3.23900822777298,-7.6451846895892,0.0502175698241568
3.31486722444159,-7.62768816519284,0.050991486862707
3.39053945001762,-7.60939819136204,0.051785346122478
3.46601676900335,-7.59031508989191,0.0525997757173705
3.54129104313413,-7.57043926467253,0.0534354267207766
3.61635413196615,-7.54977120187804,0.0542929740836579
3.69119789345664,-7.52831147015029,0.0551731175911658
3.7658141845362,-7.50606072077705,0.0560765828594233
3.84019486167261,-7.48301968786494,0.0570041223741528
3.91433178142584,-7.45918918850706,0.0579565165728952
3.98821680099356,-7.43457012294549,0.0589345749726376
4.06184177874684,-7.40916347472868,0.0599391373447301
4.13519857475533,-7.38297031086383,0.0609710749390471
4.20827905130149,-7.35599178196439,0.0620312917594182
4.28107507338322,-7.3282291223928,0.0631207258924268
4.35357850920432,-7.29968365039846,0.064240350891753
4.42578123065224,-7.27035676825123,0.0653911772203103
4.49767511376237,-7.24024996237037,0.0665742537525065
4.56925203916824,-7.20936480344929,0.0677906693390382
4.64050389253706,-7.177702946576,0.0690415544367068
4.71142256498971,-7.14526613134957,0.0703280828058285
4.78199995350468,-7.11205618199272,0.0716514732778911
4.85222796130489,-7.07807500746065,0.073012991596192
4.92209849822702,-7.04332460154626,0.0744139523322785
4.99160348107212,-7.00780704298208,0.0758557208810892
5.06073483393703,-6.97152449553891,0.0773397155377832
5.12948448852543,-6.93447920812143,0.0788674096593205
5.19784438443791,-6.89667351486107,0.0804403339139412
5.26580646943992,-6.85810983520621,0.0820600786217685
5.3333626997068,-6.81879067401001,0.0837282961898362
5.40050504004476,-6.77871862161607,0.0854467036449177
5.46722546408696,-6.73789635394219,0.0872170852676016
5.53351595446353,-6.69632663256247,0.0890412953311267
5.59936850294441,-6.65401230478799,0.0909212609485519
5.66477511055409,-6.61095630374637,0.092858985031888
5.72972778765685,-6.56716164846047,0.0948565493668728
5.79421855401151,-6.52263144392658,0.0969161178071095
5.85823943879442,-6.47736888119235,0.0990399395913194
5.92178248058938,-6.43137723743481,0.101230352787486
5.98483972734324,-6.38465987603886,0.103489787867676
6.04740323628597,-6.33722024667645,0.105820771417319
6.10946507381359,-6.289061885387,0.108225929982716
6.1710173153329,-6.24018841465926,0.110707994060513
6.23205204506627,-6.19060354351519,0.113269802232816
6.29256135581531,-6.14031106759604,0.115914305451562
6.35253734868167,-6.08931486925127,0.118644571475675
6.41197213274377,-6.03761891763064,0.121463789464389
6.47085782468756,-5.98522726877993,0.124375274730004
6.52918654839005,-5.93214406574081,0.127382473653151
6.58695043445385,-5.87837353865533,0.130488968763426
6.6441416196911,-5.82392000487547,0.133698483988035
6.7007522465552,-5.76878786907839,0.137014890070756
6.75677446251872,-5.71298162338788,0.140442210163261
6.81220041939575,-5.65650584750249,0.143984625590403
6.86702227260697,-5.59936520883106,0.14764648179068
6.92123218038595,-5.5415644626361,0.1514322944326
6.97482230292479,-5.48310845218577,0.15534675570711
7.02778480145759,-5.42400210891499,0.159394740795662
7.08011183727996,-5.36425045259634,0.163581314512789
7.13179557070302,-5.30385859152154,0.167911738121309
7.18282815994033,-5.24283172269396,0.172391476317444
7.23320175992601,-5.18117513203311,0.177026204382188
7.28290852106272,-5.11889419459169,0.181821815494258
7.33194058789793,-5.05599437478594,0.186784428198793
7.38029009772716,-4.99248122664008,0.191920394024764
7.42794917912278,-4.92836039404562,0.197236305242679
7.47490995038736,-4.86363761103623,0.202739002752679
7.52116451793022,-4.79831870207911,0.20843558409151
7.56670497456652,-4.7324095823835,0.214333411545094
7.6115233977378,-4.66591625822726,0.220440120351514
7.65561184765356,-4.59884482730236,0.226763626977129
7.69896236535332,-4.53120147907993,0.233312137446338
7.74156697068892,-4.46299249519601,0.240094155703036
7.78341766022718,-4.3942242498585,0.247118491979247
7.82450640507307,-4.32490321027649,0.254394271143572
7.86482514861405,-4.25503593711243,0.261930940999087
7.90436580418648,-4.18462908495839,0.269738280497111
7.94312025266535,-4.11368940283686,0.277826407829775
7.98108033997891,-4.04222373472711,0.28620578836065
8.01823787455057,-3.97023902011788,0.294887242348755
8.05458462467022,-3.8977422945871,0.303881952417076
8.09011231579848,-3.82474069040939,0.313201470712273
8.12481262780731,-3.75124143719219,0.322857725697561
8.15867719216121,-3.67725186254097,0.332863028515761
8.19169758904412,-3.60277939275432,0.343230078854258
8.22386534443755,-3.52783155354945,0.353971970238104
8.25517192715633,-3.45241597081858,0.365102194671668
8.28560874584931,-3.37654037141673,0.376634646543191
8.31516714597313,-3.30021258398119,0.388583625700231
8.3438384067481,-3.2234405397831,0.400963839597415
8.3716137381064,-3.1462322736112,0.41379040441102
8.39848427764374,-3.06859592468792,0.427078845007836
8.42444108758687,-2.99053973761771,0.440845093648453
8.44947515179059,-2.91207206336754,0.455105487297587
8.47357737277911,-2.8332013602792,0.469876763406416
8.49673856884812,-2.75393619511289,0.48517605402405
8.51894947124533,-2.67428524412162,0.501020878087394
8.54020072144871,-2.59425729415548,0.517429131730683
8.56048286856347,-2.51386124379477,0.534419076448034
8.57978636686034,-2.43310610451076,0.552009324934476
8.59810157347955,-2.35200100185267,0.570218824423203
8.61541874632668,-2.270555176659,0.58906683732924
8.63172804218864,-2.18877798629131,0.608572919002522
8.64701951509987,-2.10667890588811,0.628756892386607
8.66128311499088,-2.02426752963617,0.649638819372914
8.67450868665347,-1.94155357205646,0.671238968634803
8.68668596905907,-1.85854686930113,0.693577779720929
8.69780459506879,-1.77525738045818,0.716675823183398
8.70785409157597,-1.69169518885931,0.740553756513442
8.71682388012446,-1.60787050338677,0.765232275655762
8.72470327804776,-1.52379365977401,0.790732061872628
8.73148150017679,-1.43947512189472,0.817073723730364
8.73714766116579,-1.35492548303433,0.844277733984349
8.74169077848848,-1.27015546713745,0.872364361144197
8.74509977615839,-1.18517593002421,0.90135359550873
8.7473634892292,-1.09999786056804,0.931265069470872
8.74847066913316,-1.01463238182648,0.962117971905989
8.74840998991682,-0.929090752116473,0.993930956473757
8.74717005543534,-0.843384366024598,1.02672204368357
8.74473940756756,-0.757524755342296,1.06050851659714
8.74110653551524,-0.671523589915325,1.09530681006965
8.73625988625051,-0.585392678396162,1.13113239346245
8.7301878761759,-0.499143968887309,1.16799964679707
8.72287890406152,-0.412789549462841,1.20592173036095
8.71432136532322,-0.326341648554833,1.24491044782196
8.70450366770477,-0.239812635190671,1.28497610295963
8.69341424842553,-0.153215019066567,1.32612735017815
8.68104159285305,-0.0665614504420078,1.36837103902808
8.66737425475717,0.0201352801608063,1.41171205303185
8.6524008781988,0.106862242468989,1.45615314318118
8.63611022110228,0.193606367199522,1.50169475655398
8.61849118055518,0.280354447045852,1.54833486058243
8.59953281987347,0.367093137928525,1.59606876359372
8.57922439746301,0.453808960528209,1.64488893233963
8.55755539750071,0.540488302119775,1.69478480733026
8.5345155624495,0.627117418726341,1.74574261689021
8.51009492741185,0.713682437612299,1.79774519096203
8.48428385631499,0.800169360134389,1.8507717757907
8.45707307990942,0.886564064969791,1.9047978507333
8.42845373554886,0.972852311739982,1.95979494854875
8.39841740870556,1.05901974504878,2.01573048063294
8.36695617615944,1.14505189895249,2.07256756877183
8.33406265078328,1.23093420187931,2.13026488508945
8.29973002782859,1.31665198201461,2.18877650196565
8.26395213259844,1.40219047316722,2.2480517537896
8.22672346937438,1.48753482113114,2.30803511249615
8.18803927144456,1.57267009055538,2.36866607890165
8.14789555205958,1.65758127233312,2.42987909191179
8.10628915612161,1.74225329151955,2.49160345771328
8.0632178123909,1.82667101578582,2.55376330108202
8.01868018597252,1.91081926441402,2.61627754094046
7.97267593082481,1.99468281783595,2.67905989227308
7.92520574201012,2.07824642771555,2.74201889646053
7.87627140738837,2.16149482757197,2.80505798201589
7.82587585843433,2.24441274393731,2.86807555760089
7.77402321984189,2.32698490803956,2.93096513906261
7.72071885756185,2.40919606799793,2.99361551206174
7.66596942490512,2.49103100151412,3.05591093166063
7.60978290633119,2.57247452903916,3.11773136000277
7.55216865853171,2.65351152739186,3.17895274294498
7.49313744841211,2.73412694380041,3.23944732620051
7.43270148757083,2.81430581033526,3.2990840112158
7.37087446287539,2.89403325869671,3.35772875063893
7.30767156273836,2.9732945353171,3.41524498284564
7.2431094987042,3.05207501673299,3.4714941045727
7.17720652196989,3.13036022517929,3.52633598027262
7.1099824344791,3.20813584435301,3.57962948635324
7.04145859425062,3.28538773529112,3.63123308800513
6.97165791462773,3.36210195230334,3.68100544585643
6.9006048571659,3.43826475889771,3.72880604923437
6.82832541791089,3.51386264363397,3.77449587236265
6.75484710685927,3.58888233583737,3.81793804939212
6.68019892043694,3.66331082110349,3.85899856375549
6.60441130687898,3.73713535652325,3.89754694696398
6.52751612444534,3.81034348555597,3.93345698163176
6.44954659246134,3.88292305247802,3.96660740323081
6.37053723522861,3.95486221633464,3.99688259485077
6.29052381891127,4.02614946432296,4.02417326907274
6.20954328156191,4.09677362453549,4.04837713096762
6.12763365651323,4.16672387799539,4.06939951620348
6.04483398942135,4.23598976991684,4.08715399829647
5.96118424930684,4.30456122012734,4.10156295916755
5.87672523399743,4.37242853259187,4.11255811737427
5.79149847043197,4.43958240398361,4.12008100867262
5.70554611033732,4.50601393125024,4.12408341392592
5.61891082183801,4.57171461813019,4.12452772981365
5.53163567760233,4.63667638057922,4.12138727829626
5.44376404016592,4.70089155107344,4.11464655135841
5.35533944510644,4.76435288176179,4.10430138817264
5.26640548276829,4.82705354644747,4.09035908249182
5.17700567925486,4.88898714138519,4.07283841877985
5.08718337741717,4.95014768488814,4.05176963631749
4.99698161857195,5.01052961574585,4.02719432126121
4.90644302567836,5.0701277904616,3.99916522737699
4.8156096886917,5.1289374793252,3.96774602690637
4.72452305279404,5.18695436134413,3.93301099373724
4.63322381017622,5.24417451806291,3.89504462173598
4.54175179601372,5.30059442630731,3.85394118174082
4.45014588924005,5.35621094989626,3.80980422130819
4.35844391867791,5.4110213303703,3.76274601183736
4.26668257503836,5.46502317679077,3.71288694816562
4.1748973292455,5.51821445466896,3.66035490612144
4.08312235748654,5.57059347408892,3.60528456384171
3.99139047332719,5.62215887709129,3.54781669289901
3.89973306717062,5.67290962438888,3.48809742544382
3.80818005327448,5.72284498148735,3.42627750364536
3.7167598244774,5.77196450428619,3.36251151771444
3.62549921472264,5.82026802423661,3.2969571387159
3.53442346940462,5.86775563313378,3.22977435222964
3.44355622350383,5.9144276676208,3.16112469870496
3.35291948741735,5.96028469348134,3.09117052607693
3.2625336403378,6.00532748979701,3.02007425988455
3.17241743098198,6.04955703304355,2.94799769575417
3.08258798542306,6.09297448119835,2.87510131869717
2.99306082173758,6.13558115792889,2.80154365322521
2.90384987113957,6.17737853692885,2.72748064781777
2.81496750524105,6.21836822646542,2.65306509679343
2.7264245690491,6.25855195419755,2.57844610214494
2.63823041928616,6.29793155232111,2.50376857740687
2.55039296760143,6.33650894309277,2.4291727951395
2.46291872822716,6.37428612478,2.35479397913965
2.37581286962448,6.41126515808039,2.28076194203421
2.28907926965857,6.44744815304872,2.20720076847939
2.20272057384251,6.48283725656597,2.13422854378248
2.11673825619237,6.51743464037969,2.06195712738611
2.0311326822435,6.55124248974075,1.99049197031056
1.94590317378806,6.5842629926571,1.91993197533887
1.86104807490742,6.61649832978096,1.85036939845368
1.77656481888897,6.64795066494134,1.78188978979471
1.69244999563516,6.6786221363304,1.7145719722006
1.60869941919273,6.70851484834771,1.64848805522929
1.52530819505195,6.73763086410336,1.58370348241427
1.44227078688852,6.76597219857715,1.5202771094108
1.35958108244473,6.79354081242812,1.45826131061256
1.27723245827114,6.8203386064457,1.39770211177485
1.19521784307459,6.84636741663102,1.33863934616239
1.11352977944352,6.8716290098946,1.28110683174605
1.03216048374634,6.89612508035419,1.2251325670007
0.951101904022937,6.91985724621505,1.17073894290406
0.870345775713293,6.94282704721265,1.11794296880053
0.789883675090437,6.96503594259677,1.06675650987342
0.709707070287251,6.98648530963443,1.01718653406039
0.629807369828013,7.00717644260825,0.969235366348313
0.550175968595926,7.02711055228575,0.922900948494103
0.470804291187072,7.04628876583473,0.878177102333507
0.391683832619265,7.06471212715923,0.835053794960812
0.312806196381092,7.08238159763032,0.793517404185406
0.234163129822,7.09929805718598,0.75355098279596
0.155746556898627,7.11546230577413,0.715134520287686
0.0775486083056343,7.13087506511328,0.678245200831781
-0.000438350968816045,7.14553698074531,0.642857656387771
-0.0782216966121785,7.15944862435561,0.608944213978065
-0.155808522420977,7.17261049633597,0.576475136259061
-0.233205620130005,7.1850230285665,0.545418854633819
-0.310419461561432,7.19668658739326,0.515742194257362
-0.387456183011764,7.2076014767794,0.4874105903865
-0.464321571789387,7.21776794160799,0.460388295621604
-0.541021054811143,7.22718617111581,0.434638577677643
-0.61755968916298,7.23585630243833,0.410123907406037
-0.693942154527131,7.2437784242468,0.386806136867319
-0.770172747376483,7.25095258045952,0.364646667327329
-0.846255376835644,7.25737877401024,0.343606607116697
-0.922193562107819,7.2630569706576,0.3236469193548
-0.997990431366695,7.26798710282054,0.304728559595353
-1.07364872201324,7.27216907342559,0.286812603501486
-1.14917078219853,7.27560275975283,0.269860364703702
-1.22455857351518,7.27828801726846,0.253833503034741
-1.29981367476229,7.28022468343254,0.238694123371339
-1.37493728669073,7.28141258147178,0.224404865344301
-1.44993023763862,7.28185152410783,0.210928984205508
-1.52479298996955,7.28154131723248,0.198230423163681
-1.59952564722934,7.28048176352222,0.186273877520111
-1.67412796194048,7.27867266598499,0.175024850951409
-1.74859934395658,7.27611383143331,0.164449704298892
-1.82293886930326,7.27280507387808,0.154515697233618
-1.89714528943509,7.26874621783868,0.145191023172704
-1.97121704084221,7.26393710156511,0.136444837826464
-2.04515225494392,7.25837758016904,0.128247281757397
-2.11894876821036,7.25206752866081,0.120569497331333
-2.19260413245713,7.24500684489035,0.113383640438254
-2.26611562526143,7.23719545239027,0.10666288735571
-2.33948026045203,7.22863330311994,0.100381437121498
-2.41269479862892,7.21932038010991,0.0945145097744952
-2.48575575767218,7.20925670000633,0.0890383408135235
-2.55865942320285,7.19844231551548,0.0839301722139031
-2.63140185896205,7.1868773177489,0.0791682403301679
-2.7039789170779,7.17456183846976,0.0747317610013815
-2.77638624819272,7.16149605224174,0.0706009121627456
-2.84861931142607,7.14768017848159,0.0667568142538778
-2.92067338415213,7.13311448341698,0.0631815087003616
-2.99254357157244,7.1177992819514,0.0598579347310663
-3.06422481606768,7.10173493943813,0.0567699047794011
-3.13571190631477,7.08492187336519,0.053902078702207
-3.20699948615743,7.06736055495375,0.0512399370354972
-3.27808206322106,7.04905151067217,0.0487697534918179
-3.34895401726419,7.02999532366808,0.0464785668896957
-3.41960960826112,7.01019263512122,0.0443541526915339
-3.49004298421184,6.98964414551928,0.04238499431249
-3.56024818867679,6.96835061585962,0.0405602543493578
-3.63021916803588,6.9463128687793,0.0388697458653526
-3.69994977847196,6.92353178961605,0.0373039038539933
-3.76943379268071,6.9000083274029,0.0358537569930318
-3.83866490630946,6.87574349579898,0.0345108997876326
-3.90763674412878,6.85073837395903,0.0332674651907774
-3.97634286594144,6.82499410734422,0.0321160977781813
-4.04477677223395,6.79851190847675,0.0310499275448832
-4.11293190957666,6.77129305764061,0.0300625443811071
-4.18080167577908,6.74333890353099,0.029147973276011
-4.24837942480718,6.71465086385449,0.0283006502895297
-4.31565847147021,6.68523042588255,0.0275153993246853
-4.38263209588467,6.65507914696012,0.0267874097254777
-4.44929354772329,6.62419865497186,0.026112214718763
-4.51563605025723,6.59259064876762,0.0254856707123788
-4.58165280419955,6.56025689854946,0.0249039374561555
-4.64733699135838,6.52719924622185,0.0243634590673542
-4.71268177810789,6.49341960570696,0.0238609459174758
-4.77768031868551,6.45891996322667,0.0233933573732648
-4.84232575832333,6.42370237755299,0.0229578853810721
-4.90661123622194,6.3877689802285,0.022551938880519
-4.97052988837447,6.35112197575809,0.0221731290305899
-5.03407485024876,6.31376364177367,0.021819255228862
-5.09723925933498,6.2756963291729,0.0214882919025197
-5.16001625756631,6.23692246223347,0.0211783760480829
-5.22239899361962,6.19744453870391,0.0208877954953791
-5.28438062510311,6.15726512987212,0.0206149778701736
-5.34595432063754,6.1163868806127,0.020358480229033
-5.40711326183744,6.07481250941404,0.0201169793393989
-5.46785064519838,6.03254480838614,0.0198892625774711
-5.52815968389623,5.98958664324991,0.0196742194163305
-5.58803360950386,5.94594095330897,0.0194708334767319
-5.64746567363076,5.90161075140451,0.0192781751131706
-5.70644914949052,5.85659912385405,0.0190953945081296
-5.76497733340098,5.81090923037472,0.0189217152478499
-5.82304354622159,5.7645443039917,0.0187564283535062
-5.88064113473231,5.71750765093239,0.0185988867422994
-5.93776347295799,5.66980265050677,0.01844850009369
-5.9944039634421,5.62143275497464,0.0183047300967645
-6.05055603847336,5.57240148939999,0.0181670860555537
-6.10621316126853,5.52271245149304,0.0180351208299837
-6.16136882711469,5.47236931144037,0.0179084270910351
-6.21601656447367,5.4213758117234,0.017786633869597
-6.27014993605155,5.36973576692569,0.0176694033794305
-6.32376253983572,5.31745306352931,0.0175564280955843
-6.37684801010174,5.2645316597005,0.0174474280705338
-6.42940001839241,5.21097558506505,0.0173421484712334
-6.48141227447084,5.15678894047353,0.0172403573211791
-6.53287852724963,5.10197589775661,0.0171418434324667
-6.58379256569758,5.04654069947072,0.0170464145136992
-6.63414821972595,4.99048765863427,0.0169538954404398
-6.68393936105526,4.93382115845447,0.0168641266757235
-6.73315990406441,4.87654565204512,0.0167769628289288
-6.78180380662307,4.81866566213534,0.0166922713420664
-6.82986507090856,4.76018578076953,0.016609931293271
-6.87733774420834,4.70111066899856,0.0165298323079707
-6.92421591970891,4.64144505656246,0.0164518735688743
-6.9704937372721,4.5811937415645,0.0163759629165415
-7.01616538419946,4.52036159013713,0.0163020160328956
-7.06122509598549,4.45895353609938,0.0162299557006041
-7.10566715706037,4.39697458060636,0.0161597111317787
-7.14948590152273,4.33442979179047,0.0160912173599495
-7.19267571386302,4.2713243043947,0.0160244146897351
-7.2352310296779,4.20766331939797,0.0159592481990711
-7.27714633637618,4.14345210363266,0.0158956672892682
-7.31841617387657,4.07869598939426,0.0158336252785601
-7.35903513529758,4.01340037404338,0.0157730790351526
-7.39899786764004,3.94757071960005,0.0157139886461238
-7.43829907246225,3.88121255233041,0.0156563171188309
-7.47693350654819,3.81433146232588,0.0156000301117672
-7.51489598256893,3.74693310307481,0.0155450956920772
-7.55218136973738,3.67902319102666,0.0154914841171837
-7.58878459445662,3.61060750514887,0.0154391676382058
-7.62470064096185,3.54169188647627,0.0153881203230566
-7.65992455195613,3.47228223765331,0.015338317897299
-7.69445142924004,3.40238452246893,0.0152897376010159
-7.72827643433521,3.33200476538432,0.015242358060112
-7.76139478910199,3.26114905105347,0.0151961591706121
-7.79380177635105,3.18982352383661,0.015151121994657
-7.82549274044921,3.1180343873066,0.0151072286670205
-7.85646308791935,3.04578790374829,0.0150644623110855
-7.88670828803452,2.97309039365093,0.0150228069633201
-7.91622387340617,2.89994823519354,0.0149822475053865
-7.94500544056662,2.82636786372356,0.0149427696031022
-7.97304865054564,2.7523557712285,0.0149043596515523
-8.00034922944125,2.67791850580088,0.0148670047257171
-8.02690296898463,2.60306267109639,0.0148306925360479
-8.05270572709915,2.52779492578531,0.0147954113884787
-8.07775342845354,2.45212198299733,0.0147611501484154
-8.1020420650091,2.37605060975968,0.0147278982082883
-8.12556769656096,2.29958762642874,0.0146956454583015
-8.14832645127335,2.2227399061151,0.0146643822600455
-8.17031452620882,2.14551437410215,0.0146340994226772
-8.19152818785142,2.06791800725823,0.0146047881814029
-8.21196377262373,1.9899578334424,0.0145764401780257
-8.23161768739775,1.91164093090387,0.0145490474433461
-8.25048640999958,1.83297442767518,0.0145226023812259
-8.26856648970788,1.75396550095908,0.0144970977541455
-8.28585454774593,1.67462137650928,0.0144725266701059
-8.30234727776749,1.59494932800507,0.0144488825707374
-8.31804144633613,1.51495667641977,0.0144261592204981
-8.33293389339821,1.43465078938327,0.0144043506968529
-8.34702153274928,1.35403908053852,0.014383451381339
-8.36030135249398,1.27312900889211,0.0143634559514318
-8.37277041549933,1.19192807815897,0.0143443593731378
-8.38442585984138,1.11044383610127,0.0143261568942441
-8.3952648992451,1.02868387386156,0.0143088440381675
-8.40528482351758,0.946655825290195,0.0142924165983489
-8.41448299897442,0.864367366267108,0.0142768706331448
-8.42285686885917,0.781826214018007,0.0142622024611762
-8.43040395375598,0.699040126425022,0.0142484086570948
-8.43712185199523,0.616016901331891,0.0142354860477358
-8.44300824005215,0.532764375843718,0.0142234317086259
-8.44806087293834,0.44929042562138,0.0142122429608221
-8.4522775845863,0.365602964170635,0.0142019173680564
-8.45565628822663,0.281709942126,0.0141924527341676
-8.45819497675818,0.197619346529444,0.0141838471008005
-8.4598917231108,0.113339200103982,0.0141760987453575
-8.46074468060089,0.0288775605222046,0.0141692061791872
-8.46075208327953,-0.0557574803301631,0.0141631681459991
-8.45991224627324,-0.140557797095637,0.0141579836204911
-8.45822356611724,-0.225515231691203,0.0141536518071825
-8.45568452108129,-0.310621594059335,0.014150172139441
-8.45229367148791,-0.395868662923749,0.0141475442786991
-8.44804966002309,-0.481248186549808,0.0141457681138511
-8.44295121203926,-0.566751883509526,0.0141448437608263
-8.43699713585071,-0.652371443451103,0.0141447715623323
-8.43018632302121,-0.738098527872907,0.0141455520877656
-8.42251774864385,-0.823924770901856,0.0141471861332838
-8.41399047161318,-0.909841780076118,0.0141496747220389
-8.40460363488938,-0.99584113713206,0.0141530191045663
-8.39435646575464,-1.08191439879538,0.0141572207593302
-8.38324827606155,-1.16805309757635,0.0141622813934211
-8.37127846247356,-1.2542487425691,0.0141682029434068
-8.35844650669745,-1.34049282025485,0.0141749875763334
-8.34475197570771,-1.42677679530908,0.0141826376908775
-8.33019452196286,-1.51309211141246,0.0141911559186494
-8.31477388361371,-1.59943019206561,0.0142005451256461
-8.29848988470338,-1.68578244140743,0.0142108084138557
-8.28134243535918,-1.77214024503713,0.0142219491230128
-8.2633315319763,-1.85849497083973,0.0142339708325077
-8.2444572573932,-1.94483796981501,0.0142468773634473
-8.22471978105872,-2.03116057690989,0.0142606727808727
-8.2041193591909,-2.11745411185399,0.0142753613961326
-8.18265633492742,-2.20370987999856,0.0142909477694151
-8.16033113846772,-2.28991917315843,0.0143074367124405
-8.1371442872066,-2.3760732704571,0.0143248332913166
-8.11309638585954,-2.46216343917476,0.0143431428295591
-8.08818812657938,-2.54818093559932,0.0143623709112809
-8.06242028906467,-2.6341170058801,0.0143825233845514
-8.0357937406594,-2.71996288688447,0.0144036063649306
-8.00830943644424,-2.80570980705699,0.0144256262391805
-7.97996841931916,-2.89134898728126,0.0144485896691577
-7.95077182007752,-2.97687164174422,0.0144725035958912
-7.92072085747149,-3.06226897880286,0.0144973752438488
-7.8898168382689,-3.14753220185336,0.0145232121253973
-7.85806115730138,-3.23265251020241,0.0145500220454604
-7.8254552975038,-3.31762109994074,0.0145778131063792
-7.79200082994513,-3.4024291648188,0.0146065937129805
-7.75769941385043,-3.48706789712436,0.0146363725778583
-7.72255279661423,-3.57152848856214,0.0146671587268734
-7.68656281380511,-3.65580213113525,0.0146989615048778
-7.64973138916151,-3.73988001802835,0.0147317905816695
-7.61206053457878,-3.82375334449261,0.0147656559581838
-7.57355235008742,-3.90741330873211,0.0148005679729294
-7.53420902382253,-3.99085111279194,0.0148365373086736
-7.49403283198444,-4.07405796344753,0.0148735749993865
-7.45302613879046,-4.15702507309551,0.0149116924374508
-7.41119139641788,-4.23974366064565,0.014950901381145
-7.36853114493803,-4.32220495241413,0.0149912139624085
-7.32504801224157,-4.40440018301778,0.0150326426948984
-7.28074471395482,-4.48632059626935,0.0150752004823452
-7.23562405334729,-4.56795744607375,0.015118900627219
-7.18968892123028,-4.64930199732501,0.0151637568397143
-7.14294229584666,-4.73034552680405,0.0152097832470657
-7.09538724275172,-4.8110793240771,0.0152569944032038
-7.04702691468511,-4.89149469239463,0.0153054052987631
-6.99786455143396,-4.9715829495908,0.0153550313714544
-6.94790347968701,-5.05133542898326,0.0154058885168131
-6.89714711287999,-5.1307434802733,0.0154579930993369
-6.84559895103197,-5.20979847044617,0.0155113619640261
-6.79326258057289,-5.2884917846715,0.0155660124483408
-6.74014167416221,-5.36681482720379,0.0156219623945888
-6.68623999049868,-5.44475902228287,0.015679230162761
-6.63156137412121,-5.5223158150341,0.0157378346438286
-6.57610975520089,-5.59947667236849,0.0157977952735197
-6.51988914932419,-5.67623308388236,0.0158591320465927
-6.46290365726722,-5.75257656275666,0.0159218655316242
-6.40515746476124,-5.82849864665578,0.0159860168863303
-6.3466548422493,-5.90399089862576,0.0160516078734411
-6.28740014463405,-5.97904490799178,0.0161186608771498
-6.2273978110168,-6.05365229125496,0.0161871989201567
-6.16665236442771,-6.1278046929882,0.0162572456813306
-6.10516841154726,-6.20149378673119,0.0163288255140129
-6.04295064241897,-6.27471127588424,0.016401963464986
-5.98000383015336,-6.34744889460112,0.016476685294134
-5.91633283062316,-6.41969840868055,0.0165530174948214
-5.85194258214987,-6.49145161645648,0.0166309873150173
-5.78683810518164,-6.56270034968693,0.0167106227791954
-5.7210245019624,-6.63343647444133,0.0167919527110393
-5.6545069561925,-6.70365189198631,0.0168750067569849
-5.58729073268061,-6.7733385396698,0.0169598154106344
-5.51938117698715,-6.84248839180341,0.0170464100380744
-5.45078371505903,-6.9110934605429,0.0171348229041376
-5.38150385285598,-6.97914579676675,0.0172250871996426
-5.31154717596836,-7.04663749095276,0.0173172370696542
-5.24091934922644,-7.11356067405241,0.0174113076428051
-5.16962611630129,-7.17990751836315,0.0175073350617214
-5.09767329929729,-7.24567023839831,0.0176053565145988
-5.02506679833623,-7.31084109175465,0.0177054102679766
-4.95181259113312,-7.37541237997751,0.0178075357007586
-4.87791673256368,-7.43937644942326,0.0179117733395346
-4.80338535422355,-7.50272569211926,0.0180181648952555
-4.72822466397939,-7.56545254662101,0.0181267533013202
-4.65244094551171,-7.62754949886645,0.0182375827531333
-4.57604055784961,-7.68900908302747,0.0183506987491977
-4.49902993489743,-7.74982388235826,0.0184661481338054
-4.42141558495341,-7.80998653004076,0.0185839791413985
-4.3432040902203,-7.86948971002682,0.018704241442669
-4.26440210630806,-7.92832615787712,0.0188269861924758
-4.18501636172871,-7.98648866159681,0.0189522660796568
-4.10505365738329,-8.0439700624677,0.0190801353788187
-4.02452086604109,-8.10076325587691,0.0192106500041931
-3.94342493181112,-8.15686119214195,0.0193438675656487
-3.86177286960599,-8.21225687733215,0.0194798474269562
-3.77957176459807,-8.2669433740863,0.0196186507664064
-3.69682877166824,-8.32091380242644,0.0197603406398865
-3.61355111484708,-8.37416134056772,0.0199049820465259
-3.5297460867487,-8.42667922572432,0.0200526419970276
-3.44542104799716,-8.47846075491115,0.0202033895848062
-3.36058342664573,-8.52949928574151,0.0203572960600625
-3.27524071758884,-8.57978823722042,0.0205144349069277
-3.18940048196696,-8.62932109053362,0.0206748819238192
-3.10307034656443,-8.6780913898322,0.020838715307156
-3.01625800320034,-8.72609274301269,0.0210060157385915
-2.92897120811244,-8.77331882249259,0.0211768664759249
-2.84121778133436,-8.8197633659813,0.021351353447867
-2.75300560606603,-8.86542017724626,0.0215295653528383
-2.6643426280375,-8.91028312687431,0.0217115937619937
-2.57523685486623,-8.9543461530282,0.0218975332266714
-2.48569635540789,-8.99760326219811,0.0220874813904793
-2.39572925910092,-9.04004852994817,0.0222815391062394
-2.30534375530471,-9.08167610165789,0.0224798105580254
-2.21454809263174,-9.12248019325836,0.0226824033885386
-2.12335057827366,-9.16245509196331,0.0228894288320814
-2.0317595773214,-9.20159515699473,0.0231010018534025
-1.93978351207953,-9.23989482030324,0.0233172412926988
-1.84743086137492,-9.27734858728291,0.0235382700170794
-1.75471015985975,-9.31395103748063,0.0237642150788093
-1.6616299973092,-9.34969682529983,0.0239952078806691
-1.56819901791369,-9.3845806806986,0.0242313843487863
-1.47442591956606,-9.41859740988211,0.02447288511331
-1.38031945314356,-9.4517418959892,0.0247198556973253
-1.28588842178511,-9.48400909977318,0.0249724467144215
-1.19114168016362,-9.5153940602767,0.025230814075353
-1.09608813375383,-9.54589189550071,0.0254951192042561
-1.00073673809568,-9.57549780306734,0.0257655292649088
-0.905096498053342,-9.60420706087679,0.0260422173975506
-0.809176467070208,-9.63201502775804,0.0263253629668047
-0.712985746419886,-9.65891714411341,0.0266151518212788
-0.616533484453466,-9.68490893255686,0.0269117765654492
-0.519828875843213,-9.70998599854609,0.027215436844472
-0.422881160822874,-9.73414403100823,0.0275263396425955
-0.325699624424832,-9.75737880295923,0.0278446995958926
-0.22829359571429,-9.77968617211679,0.0281707393200664
-0.130672447020712,-9.80106208150687,0.0285046897541319
-0.0328455931667635,-9.8215025600637,0.0288467905208164
0.0651775093050379,-9.84100372322325,0.0291972903045752
0.163387362907693,-9.85956177351014,0.0295564472481663
0.261774429986869,-9.87717300111798,0.0299245293687868
0.36032913349955,-9.89383378448304,0.0303018149948279
0.459041857793924,-9.90954059085132,0.0306885932243703
0.557902949390197,-9.92428997683888,0.0310851644066063
0.656902717762053,-9.93807858898552,0.0314918406474432
0.75603143611843,-9.95090316430177,0.0319089463406194
0.855279342185288,-9.96276053080904,0.0323368187257408
0.954636638987025,-9.97364760807317,0.0327758084747297
1.05409349562718,-9.98356140773112,0.0332262803082677
1.15364004806805,-9.99249903401093,0.0336886136439062
1.25326639990882,-10.000457684245,0.0341632032776225
1.35296262316182,-10.0074346493764,0.0346504601007014
1.45271875902642,-10.0134273144588,0.0351508118539391
1.5525248186602,-10.0184331591495,0.0356647039212853
1.65237078394684,-10.0224497581951,0.0361926001651685
1.75224660826028,-10.0254747819121,0.036734983805885
1.85214221722459,-10.0275059966587,0.037292358347577
1.95204750946911,-10.0285412653021,0.0378652485534829
2.0519523573781,-10.0285785476773,0.0384542014733017
2.1518466078345,-10.0276159010408,0.0390597875256941
2.25172008295702,-10.0256514805169,0.0396826016391249
2.35156258082997,-10.0226835395381,0.0403232644544517
2.45136387622512,-10.0187104302787,0.0409824235928757
2.5511137213148,-10.0137306040822,0.0416607549930943
2.65080184637557,-10.0077426118828,0.0423589643217346
2.75041796048157,-10.0007451046202,0.0430777884614036
2.84995175218661,-9.99273683364895,0.0438179970809587
2.94939289019435,-9.98371665114109,0.0445803942928947
3.04873102401531,-9.97368351048376,0.0453658204030495
3.14795578460991,-9.96263646667056,0.046175153758158
3.24705678501639,-9.95057467668753,0.0470093126971361
3.3460236209625,-9.93749739989366,0.0478692576123446
3.44484587145983,-9.92340399839613,0.0487559931274843
3.54351309937935,-9.90829393742048,0.0496705703991911
3.64201485200712,-9.89216678567575,0.0506140895498541
3.7403406615785,-9.87502221571505,0.0515877022396588
3.83848004578951,-9.85686000429146,0.0525926143863652
3.93642250828381,-9.8376800327098,0.0536300890418818
4.03415753911351,-9.81748228717419,0.05470144943527
4.13167461517216,-9.796266859132,0.0558080821924377
4.22896320059808,-9.77403394561416,0.0569514407434366
4.32601274714595,-9.75078384957238,0.058133048928981
4.4228126945247,-9.72651698021341,0.0593545048185555
4.5193524706994,-9.7012338533308,0.0606174847532735
4.61562149215483,-9.67493509163452,0.0619237476275014
4.71160916411836,-9.64762142507875,0.0632751394241656
4.80730488073927,-9.61929369118835,0.0646735980196251
4.90269802522202,-9.58995283538439,0.0661211582750179
4.9977779699102,-9.55959991130923,0.0676199574320856
5.09253407631827,-9.52823608115177,0.0691722408326412
5.18695569510767,-9.49586261597315,0.0707803679820897
5.28103216600363,-9.46248089603376,0.0724468189787269
5.37475281764919,-9.42809241112197,0.0741742013319506
5.46810696739218,-9.39269876088541,0.0759652571940106
5.56108392100109,-9.35630165516526,0.0778228710315163
5.65367297230524,-9.31890291433455,0.0797500777646131
5.74586340275454,-9.28050446964106,0.0817500714035378
5.83764448089367,-9.24110836355582,0.0838262142141764
5.9290054617454,-9.20071675012788,0.085982046446281
6.0199355860972,-9.15933189534662,0.0882212966601629
6.11042407968511,-9.11695617751227,0.0905478926899744
6.2004601522684,-9.07359208761602,0.0929659732841246
6.29003299658808,-9.02924222973063,0.0954799004659636
6.379131787202,-8.9839093214129,0.098094272660607
6.4677456791887,-8.93759619411924,0.100813938636682
6.55586380671189,-8.89030579363579,0.103644012314855
6.64347528143648,-8.84204118052441,0.106589888498264
6.7305691907872,-8.79280553058629,0.109657259583424
6.81713459603951,-8.74260213534469,0.112852133313834
6.90316053023254,-8.69143440254867,0.116180851642361
6.98863599589264,-8.63930585669964,0.119650110772555
7.07354996255577,-8.58622013960276,0.123266982453343
7.15789136407593,-8.5321810109453,0.127038936606079
7.24164909570629,-8.47719234890423,0.13097386536769
7.32481201093863,-8.42125815078541,0.135080108638678
7.40736891808601,-8.36438253369703,0.139366481229991
7.48930857659241,-8.30656973525989,0.143842301708321
7.57061969305231,-8.24782411435757,0.148517423045132
7.65129091692204,-8.18815015192932,0.15340226518081
7.73131083590359,-8.12755245180928,0.158507849621612
7.81066797098031,-8.06603574161516,0.163845836193663
7.88935077108304,-8.00360487369028,0.169428562085098
7.96734760736337,-7.94026482610286,0.175269083314516
8.0446467670499,-7.87602070370665,0.181381218771227
8.12123644686143,-7.81087773926742,0.187779596980353
8.19710474594987,-7.7448412946599,0.194479705753543
8.2722396583439,-7.67791686214036,0.201497944894038
8.34662906486259,-7.61011006569985,0.208851682132872
8.4202607244668,-7.54142666250396,0.216559312481176
8.49312226501398,-7.47187254442504,0.224640321191789
8.56520117338031,-7.40145373967304,0.233115350531614
8.63648478491194,-7.33017641453191,0.242006270574294
8.70696027216538,-7.25804687520857,0.2513362542308
8.77661463289435,-7.18507156980201,0.261129856743233
8.84543467723889,-7.11125709040058,0.271413099874515
8.91340701406968,-7.03661017531581,0.282213561033463
8.98051803643845,-6.96113771146194,0.293560467580931
9.046753906083,-6.88484673689046,0.305484796568006
9.11210053693272,-6.80774444348982,0.318019380161464
9.17654357755825,-6.72983817986088,0.331199017014675
9.24006839250632,-6.65113545437933,0.345060589843425
9.30266004245825,-6.57164393845688,0.359643189465605
9.36430326314842,-6.49137147001381,0.374988245560853
9.42498244297627,-6.41032605717592,0.391139664400729
9.48468159924333,-6.32851588220978,0.408143973791347
9.54338435294434,-6.24594930571105,0.426050475458037
9.6010739020397,-6.16263487106083,0.444911405085047
9.65773299313436,-6.07858130916661,0.464782100201747
9.71334389148686,-5.99379754350436,0.485721176079638
9.76788834927071,-5.90829269547964,0.507790709770742
9.82134757200968,-5.82207609012622,0.531056432376858
9.87370218310773,-5.73515726216157,0.555587929589582
9.92493218639467,-5.64754596241936,0.581458850481778
9.97501692660931,-5.55925216468005,0.608747124461152
10.0239350477433,-5.47028607292131,0.637535186214276
10.0716644491715,-5.38065812901101,0.667910208373283
10.1181822394973,-5.29037902086606,0.699964341525922
10.1634646880481,-5.19945969110136,0.733794961060839
10.2074871739591,-5.10791134619352,0.76950492019187
10.2502241327939,-5.01574546618502,0.807202808335684
10.2916490006587,-4.92297381495449,0.847003213824053
10.331734155778,-4.82960845107975,0.889026989712789
10.3704508575151,-4.73566173932015,0.933401521201598
10.4077691828352,-4.64114636274516,0.980260992899803
10.4436579602296,-4.54607533553588,1.02974665385954
10.4780847011429,-4.45046201648622,1.08200707794745
10.5110155289691,-4.35432012322973,1.13719841673544
10.5424151057161,-4.25766374721743,1.19548464165748
10.5722465564713,-4.1605073694708,1.25703777170019
10.6004713918412,-4.06286587713277,1.32203808236715
10.6270494285852,-3.96475458083744,1.39067429107817
10.6519387087126,-3.86618923291694,1.46314371353296
10.675095417374,-3.76718604646095,1.53965238488266
10.6964737999393,-3.66776171524072,1.62041513881124
10.716026078731,-3.5679334345051,1.70565563683234
10.7337023699613,-3.46771892265131,1.79560633925703
10.7494506015106,-3.36713644376678,1.89050840838699
10.7632164322862,-3.26620483103199,1.99061153354068
10.7749431740064,-3.164943510966,2.09617366653344
10.7845717163752,-3.06337252848733,2.20746065521684
10.7920404567422,-2.96151257275255,2.32474576164912
10.7972852354781,-2.85938500372317,2.44830905043553
10.8002392784507,-2.75701187939839,2.5784366317628
10.8008331481392,-2.6544159836362,2.71541974268439
10.7989947050978,-2.55162085446931,2.85955364931996
10.7946490816532,-2.44865081280399,3.01113635185394
10.7877186699034,-2.34553099136978,3.1704670735947
10.7781231262767,-2.24228736376657,3.33784451494076
10.7657793950965,-2.13894677343104,3.51356485295052
10.7506017537903,-2.03553696231935,3.69791946739412
10.732501882569,-1.9320865990746,3.89119237475468
10.7113889615764,-1.82862530641839,4.09365735272231
10.6871697986782,-1.72518368747413,4.3055747393789
10.6597489911983,-1.62179335069686,4.52718789359778
10.6290291250318,-1.51848693304983,4.75871930628153
10.5949110146407,-1.41529812103286,5.00036635603401
10.557293987477,-1.312261669131,5.25229670780971
10.5160762163583,-1.20941341521612,5.51464335910031
10.4711551032346,-1.10679029239788,5.78749934538979
10.4224277176229,-1.00443033678609,6.07091212500252
10.3697912927316,-0.902372690593547,6.36487767312968
10.3131437819388,-0.800657599978998,6.66933432575771
10.2523844778171,-0.699326407004082,6.98415642640972
10.1874146952935,-0.598421535057843,7.30914784196433
10.1181385197947,-0.49798646708886,7.64403542819211
10.0444636203402,-0.398065715979443,7.98846254083041
9.96630212649946,-0.298704786400534,8.34198270370346
9.88357156693304,-0.199950127501312,8.70405356119604
9.79619586587637,-0.101849075815728,9.07403125781953
9.70410639242114,-0.00444978781079294,9.45116540208464
9.60724305580394,0.0921988384400581,9.83459478473617
9.50555543815263,0.188047252899577,10.2233440318474
9.39900395429272,0.283045354872425,10.6163213804798
9.28756102631683,0.377142606208307,11.0123177677086
9.17121225871557,0.470288156504625,11.4100074219075
9.04995759801248,0.562430980259464,11.8079501374109
8.92381245910241,0.653520025756049,12.204595399265
8.79280879893038,0.74350437527318,12.5982885030863
8.6569961168438,0.832333416014751,12.9872787856514
8.51644235998114,0.919957020938204,13.3697300445705
8.37123471150506,1.00632573844037,13.7437331804173
8.22148023942043,1.0913909896342,14.1073210425477
8.06730638420655,1.17510527172636,14.4584854015152
7.90886126459182,1.25742236578995,14.7951959078852
7.74631378254772,1.33829754702425,15.1154208312362
7.57985351099514,1.41768779541174,15.417149306452
7.40969035079305,1.49555200452824,15.6984147496599
7.23605394728447,1.57185118614082,15.9573190461878
7.05919286094369,1.64654866814735,16.192057060624
6.87937349141147,1.71961028337499,16.4009409773628
6.69687875929986,1.79100454676848,16.5824239515607
6.51200655545226,1.86070281856427,16.7351225374675
6.32506797269159,1.92867945116519,16.8578373653241
6.1363853403033,1.99491191760321,16.9495715603826
5.94629008639594,2.05938091970031,17.0095464382372
5.75512045768149,2.12207047430851,17.037214068774
5.5632191299514,2.18296797632158,17.0322663749757
5.37093074544749,2.24206423749682,16.9946405200081
5.17859941532087,2.29935350049661,16.9245204332106
4.98656622635668,2.35483342794616,16.8223344289556
4.79516679107614,2.40850506669649,16.688748977646
4.60472887921229,2.46037278786859,16.5246587910755
4.41557016643685,2.51044420362642,16.3311734807976
4.22799613317732,2.55873006197322,16.1096011342443
4.04229814252647,2.60524412117795,15.8614292258705
3.85875172175937,2.65000300571051,15.5883033371122
3.67761506700593,2.69302604578895,15.2920041978195
3.49912778536022,2.73433510281548,14.9744235823513
3.32350988332617,2.77395438309879,14.6375395959064
3.1509610051788,2.81191024232751,14.2833918719281
2.98165991972599,2.84823098327411,13.914057171304
2.81576424922995,2.88294664917516,13.531625830898
2.6534104300083,2.91608881515373,13.13817945538
2.49471389057246,2.94769037993156,12.7357701852832
2.33976943013494,2.97778535992513,12.3264018086505
2.1886517779596,3.00640868764043,11.9120129163687
2.04141631234357,3.03359601607989,11.4944622349088
1.89809991698562,3.05938353066113,11.075516206937
1.75872195207378,3.08380776992416,10.6568388319556
1.62328531755731,3.10690545608017,10.2399837271708
1.4917775866862,3.12871333623378,9.82638832410015
1.36417218893048,3.14926803489818,9.41737007955426
1.24042962275084,3.16860591822105,9.01412455068217
1.12049868030468,3.18676297015238,8.61772516257851
1.00431766796026,3.20377468061538,8.2291244830508
0.891815608387475,3.21967594558983,7.84915681188674
0.782913411933552,3.23450097888403,7.47854189055185
0.677525006921275,3.24828323525791,7.11788954181616
0.57555842038116,3.26105534446495,6.7677050564578
0.476916802510235,3.27284905570343,6.42839515503652
0.381499389811218,3.28369519190811,6.1002743659345
0.289202403386841,3.29362361326936,5.78357167566013
0.199919880232376,3.30266318933717,5.47843732312443
0.113544436578642,3.31084177905097,5.18494962564719
0.0299679633870446,3.31818621803064,4.90312174034809
-0.0509177450090803,3.32472231246822,4.63290827993922
-0.129220427379646,3.33047483897269,4.37421171646393
-0.205046854849713,3.33546754973904,4.12688852000952
-0.278502390114937,3.33972318243764,3.89075499171542
-0.349690603450917,3.34326347424872,3.66559276142733
-0.418712942094468,3.34610917949884,3.45115393008205
-0.485668449413732,3.34828009038987,3.24716584536309
-0.55065353020165,3.34979506034687,3.05333550638869
-0.613761758411598,3.35067202954663,2.86935359925244
-0.67508372369376,3.35092805222479,2.69489817021824
-0.734706913175749,3.3505793253945,2.52963794737139
-0.792715625051824,3.34964121864407,2.3732353246499
-0.849190910693433,3.34812830471379,2.2253490245241
-0.904210542162567,3.34605439058384,2.08563645726164
-0.957849002192068,3.34343254883489,1.95375579580195
-1.01017749388845,3.34027514907085,1.82936778586128
-1.06126396760823,3.33659388921945,1.71213731107658
-1.11117316265472,3.33239982655039,1.6017347328503
-1.15996666163532,3.32770340827321,1.49783702414316
-1.2077029555078,3.32251450159713,1.40012871583874
-1.25443751752533,3.31684242315417,1.30830267352108
-1.30022288446294,3.3106959677031,1.22206072160983
-1.34510874367232,3.30408343604763,1.14111413082264
-1.38914202466558,3.29701266211526,1.06518398391318
-1.43236699407259,3.28949103915589,0.994001433590204
-1.47482535294989,3.28152554502977,0.927307865479795
-1.51655633554232,3.27312276656397,0.864854977965277
-1.557596808712,3.26428892296521,0.806404789740193
-1.59798137135215,3.25502988828366,0.75172958494908
-1.63774245319799,3.24535121292923,0.700611804875167
-1.67691041253166,3.235258144247,0.652843894268771
-1.71551363235546,3.2247556461631,0.608228109597693
-1.7535786146765,3.21384841791642,0.566576295743046
-1.79113007260795,3.20254091189476,0.527709636960836
-1.82819102004693,3.19083735059667,0.491458387280589
-1.86478285873827,3.17874174274251,0.457661584916069
-1.90092546257639,3.16625789856001,0.426166754717642
-1.9366372590356,3.15338944427078,0.396829602198776
-1.97193530765266,3.14013983580549,0.369513702218006
-2.00683537551398,3.12651237177578,0.344090184989547
-2.04135200972561,3.11251020573167,0.320437421727878
-2.0754986068652,3.09813635773311,0.298440711901094
-2.10928747943406,3.08339372526459,0.277991973771811
-2.14272991934314,3.06828509352126,0.258989439640234
-2.17583625847968,3.05281314509475,0.24133735696885
-2.20861592641266,3.0369804690866,0.224945696359756
-2.24107750530403,3.02078956967618,0.209729867171255
-2.27322878210001,3.00424287416993,0.195610441398031
-2.30507679808258,2.98734274055742,0.182512886296676
-2.33662789586568,2.97009146459951,0.170367306113696
-2.36788776392396,2.95249128647259,0.159108193164646
-2.39886147874402,2.9345443969924,0.148674188418927
-2.42955354468961,2.91625294343988,0.139007851663629
-2.4599679316728,2.89761903501072,0.130055441250213
-2.49010811072301,2.87864474790929,0.121766703368437
-2.51997708754516,2.85933213010684,0.114094670741757
-2.54957743415739,2.83968320578304,0.106995470596284
-2.57891131869691,2.81969997946894,0.100428141720404
-2.60798053348106,2.79938443990868,0.0943544604034958
-2.63678652140846,2.77873856365635,0.0887387750190401
-2.66533040078287,2.75776431842383,0.0835478489991656
-2.69361298863998,2.73646366619435,0.078750711933617
-2.72163482265462,2.71483856611593,0.0743185185158348
-2.74939618170343,2.69289097718816,0.0702244150517094
-2.77689710515504,2.67062286075492,0.0664434132422396
-2.80413741095739,2.64803618281507,0.0629522709493796
-2.83111671258846,2.62513291616247,0.059729379654456
-2.85783443493458,2.60191504236601,0.0567546583203816
-2.88428982915722,2.57838455359979,0.0540094533722004
-2.91048198660649,2.55454345433292,0.0514764445150484
-2.93640985183723,2.53039376288804,0.049139556114185
-2.96207223478046,2.50593751287686,0.0469838738681597
-2.98746782212073,2.48117675452083,0.0449955665132647
-3.0125951879273,2.45611355586424,0.043161812305052
-3.03745280358455,2.43075000388696,0.0414707300307232
-3.06203904706492,2.40508820552331,0.0399113143145433
-3.08635221158505,2.37913028859324,0.0384733749869769
-3.11039051368399,2.35287840265165,0.0371474802969236
-3.13415210075994,2.32633471976133,0.0359249037551664
-3.15763505810005,2.29950143519453,0.0347975744058842
-3.18083741543606,2.27238076806796,0.0337580303317623
-3.20375715305626,2.24497496191571,0.0327993752068266
-3.22639220750306,2.21728628520423,0.0319152377195808
-3.24874047688321,2.18931703179324,0.0310997336973259
-3.27079982581648,2.16106952134628,0.030347430770645
-3.29256809004695,2.1325460996942,0.0296533154249388
-3.31404308073947,2.10374913915488,0.0290127622935737
-3.33522258848277,2.07468103881201,0.0284215055546438
-3.35610438701903,2.04534422475575,0.0278756123005414
-3.37668623671873,2.01574115028787,0.0273714577564717
-3.39696588781836,1.98587429609365,0.0269057022307332
-3.41694108343738,1.95574617038292,0.0264752696860055
-3.43660956238976,1.92535930900212,0.0260773278270554
-3.45596906180463,1.8947162755195,0.0257092696061737
-3.47501731956937,1.8638196612851,0.0253686960533079
-3.49375207660776,1.83267208546725,0.0250534003432479
-3.51217107900486,1.80127619506713,0.0247613530173731
-3.53027207998963,1.76963466491275,0.0244906882823713
-3.54805284178544,1.73775019763384,0.0242396913130062
-3.565511137338,1.70562552361869,0.0240067864904455
-3.58264475192959,1.67326340095424,0.023790526511874
-3.5994514846878,1.64066661535041,0.0235895823111066
-3.61592914999639,1.60783798004966,0.0234027337337021
-3.63207557881563,1.57478033572274,0.0232288609136585
-3.64788861991846,1.5414965503514,0.0230669363021557
-3.66336614104881,1.5079895190989,0.0229160173020124
-3.67850603000781,1.47426216416905,0.0227752394645412
-3.69330619567309,1.44031743465441,0.022643810208334
-3.70776456895612,1.40615830637431,0.0225210030221929
-3.7218791037023,1.37178778170325,0.0224061521169465
-3.7356477775378,1.33720888939021,0.0222986474932687
-3.74906859266723,1.30242468436936,0.0221979303948505
-3.76213957662569,1.26743824756269,0.0221034891183717
-3.77485878298862,1.23225268567487,0.0220148551536907
-3.78722429204247,1.19687113098082,0.0219315996295148
-3.79923421141912,1.16129674110631,0.0218533300415467
-3.81088667669668,1.12553269880198,0.0217796872417223
-3.82217985196906,1.08958221171099,0.0217103426686715
-3.83311193038672,1.05344851213071,0.0216449958009554
-3.84368113467051,1.01713485676861,0.0215833718159569
-3.85388571760057,0.98064452649266,0.0215252194385413
-3.86372396248216,0.943980826076493,0.0214703089647623
-3.87319418358993,0.90714708393942,0.0214184304469634
-3.88229472659212,0.870146651881653,0.0213693920276356
-3.89102396895625,0.832982904814815,0.0213230184103262
-3.89938032033728,0.795659240487938,0.0212791494567668
-3.90736222294972,0.758179079209114,0.0212376389002042
-3.9149681519245,0.72054586356294,0.0211983531656685
-3.92219661565176,0.682763058123896,0.0211611702886194
-3.92904615611034,0.644834149165781,0.0211259789240626
-3.93551534918497,0.606762644367341,0.0210926774388357
-3.94160280497166,0.568552072514178,0.0210611730803218
-3.94730716807222,0.530205983197077,0.0210313812153776
-3.95262711787848,0.491727946506818,0.0210032246337395
-3.95756136884673,0.453121552725591,0.0209766329106245
-3.96210867076296,0.414390412015088,0.0209515418236555
-3.96626780899942,0.375538154101359,0.0209278928196272
-3.97003760476286,0.336568427956517,0.0209056325269813
-3.97341691533499,0.29748490147735,0.0208847123101921
-3.97640463430536,0.25829126116093,0.0208650878625661
-3.97899969179714,0.218991211777273,0.0208467188342394
-3.98120105468606,0.179588476039118,0.0208295684924187
-3.98300772681275,0.140086794268887,0.0208136034111485
-3.9844187491888,0.100489924062885,0.0207987931881103
-3.98543320019673,0.0608016399527958,0.0207851101861623
-3.98605019578409,0.0210257330645261,0.0207725292975168
-3.98626888965192,-0.0188339892255451,0.0207610277286244
-3.98608847343761,-0.0587737036368662,0.0207505848039962
-3.98550817689253,-0.0987895713335088,0.020741181787339
-3.98452726805436,-0.138877738275414,0.0207328017185164
-3.98314505341441,-0.179034335572039,0.0207254292649711
-3.98136087807986,-0.219255479838367,0.02071905058636
-3.97917412593131,-0.259537273553225,0.020713653211256
-3.97658421977537,-0.299875805419871,0.0207092259248714
-3.97359062149272,-0.340267150728812,0.0207057586668422
-3.97019283218143,-0.380707371722803,0.020703242438196
-3.96639039229584,-0.421192517963992,0.0207016692167022
-3.96218288178085,-0.461718626703162,0.0207010318798699
-3.95756992020185,-0.502281723251043,0.0207013241349224
-3.95255116687022,-0.542877821351637,0.0207025404551354
-3.94712632096449,-0.583502923557532,0.0207046760219796
-3.9412951216472,-0.62415302160715,0.0207077266725544
-3.93505734817742,-0.664824096803911,0.0207116888518469
-3.92841282001909,-0.705512120397249,0.0207165595693887
-3.9213613969451,-0.746213053965463,0.0207223363599218
-3.91390297913711,-0.786922849800346,0.0207290172477183
-3.90603750728126,-0.827637451293574,0.0207366007142293
-3.89776496265962,-0.868352793324794,0.0207450856687687
-3.88908536723753,-0.909064802651392,0.0207544714219606
-3.87999878374673,-0.949769398299889,0.0207647576617071
-3.87050531576443,-0.990462491958939,0.0207759444314505
-3.86060510778808,-1.03113998837387,0.0207880321105272
-3.85029834530616,-1.07179778574278,0.0208010213964278
-3.83958525486477,-1.11243177611403,0.0208149132887926
-3.82846610413002,-1.1530378457853,0.0208297090749914
-3.81694120194642,-1.19361187570395,0.020845410317144
-3.80501089839101,-1.23414974186878,0.020862018840457
-3.79267558482344,-1.27464731573311,0.0208795367227584
-3.77993569393186,-1.31510046460918,0.0208979662851269
-3.76679169977472,-1.35550505207374,0.0209173100835171
-3.75324411781838,-1.39585693837488,0.0209375709012959
-3.73929350497061,-1.43615198084006,0.0209587517426093
-3.72494045960991,-1.47638603428521,0.0209808558265086
-3.71018562161073,-1.51655495142499,0.0210038865817688
-3.69502967236449,-1.55665458328401,0.0210278476423424
-3.67947333479642,-1.59668077960919,0.0210527428433921
-3.6635173733783,-1.63662938928295,0.0210785762178549
-3.647162594137,-1.67649626073748,0.0211053519934927
-3.63040984465883,-1.71627724236977,0.0211330745903893
-3.6132600140897,-1.75596818295758,0.0211617486188566
-3.5957140331312,-1.7955649320762,0.021191378877718
-3.57777287403231,-1.83506334051599,0.0212219703529377
-3.55943755057711,-1.87445926070061,0.0212535282165699
-3.54070911806818,-1.91374854710601,0.0212860578260024
-3.52158867330583,-1.95292705668002,0.0213195647234726
-3.5020773545631,-1.99199064926259,0.0213540546358359
-3.48217634155664,-2.03093518800655,0.0213895334745687
-3.46188685541328,-2.06975653979897,0.0214260073359878
-3.44121015863244,-2.10845057568292,0.0214634825016744
-3.42014755504431,-2.14701317127976,0.0215019654390857
-3.39870038976382,-2.18544020721179,0.0215414628023452
-3.37687004914041,-2.22372756952527,0.0215819814331994
-3.3546579607035,-2.26187115011377,0.0216235283621304
-3.33206559310386,-2.29986684714181,0.0216661108096174
-3.30909445605062,-2.3377105654687,0.0217097361875383
-3.28574610024419,-2.37539821707263,0.0217544121007039
-3.26202211730484,-2.41292572147489,0.0218001463485194
-3.23792413969712,-2.45028900616418,0.0218469469267674
-3.21345384065003,-2.48748400702106,0.0218948220295062
-3.18861293407299,-2.52450666874234,0.0219437800510812
-3.16340317446755,-2.56135294526552,0.0219938295882436
-3.13782635683489,-2.5980188001932,0.0220449794423734
-3.11188431657913,-2.63450020721726,0.022097238621805
-3.08557892940639,-2.67079315054307,0.0221506163442503
-3.05891211121963,-2.70689362531343,0.0222051220393198
-3.03188581800929,-2.74279763803224,0.0222607653511376
-3.00450204573973,-2.77850120698801,0.02231755614105
-2.97676283023146,-2.814000362677,0.0223755044904255
-2.94867024703914,-2.84929114822598,0.0224346207035452
-2.92022641132542,-2.88436961981466,0.0224949153105841
-2.89143347773058,-2.91923184709764,0.0225563990706796
-2.86229364023798,-2.95387391362588,0.0226190829750899
-2.83280913203529,-2.98829191726768,0.0226829782504403
-2.80298222537166,-3.02248197062902,0.022748096362057
-2.77281523141056,-3.0564402014734,0.0228144490173891
-2.74231050007862,-3.0901627531409,0.0228820481695189
-2.71147041991021,-3.12364578496667,0.0229509060207605
-2.6802974178879,-3.15688547269857,0.0230210350263462
-2.64879395927884,-3.18987800891413,0.0230924478982031
-2.61696254746693,-3.22261960343657,0.0231651576088184
-2.58480572378091,-3.25510648375008,0.0232391773951955
-2.55232606731837,-3.28733489541412,0.0233145207629002
-2.51952619476562,-3.31930110247672,0.0233912014901996
-2.48640876021349,-3.35100138788692,0.0234692336322924
-2.45297645496906,-3.38243205390602,0.0235486315256335
-2.41923200736331,-3.41358942251786,0.0236294097923528
-2.38517818255473,-3.44446983583794,0.0237115833447683
-2.35081778232889,-3.47506965652132,0.0237951673899975
-2.316153644894,-3.50538526816941,0.0238801774346647
-2.28118864467238,-3.53541307573543,0.0239666292897079
-2.24592569208806,-3.56514950592861,0.0240545390752852
-2.21036773335027,-3.59459100761704,0.0241439232257822
-2.17451775023303,-3.62373405222912,0.0242347984949225
-2.13837875985078,-3.65257513415367,0.0243271819609806
-2.10195381443,-3.68111077113845,0.024421091032101
-2.06524600107703,-3.70933750468725,0.0245165434517226
-2.02825844154185,-3.73725190045548,0.0246135573041112
-1.99099429197809,-3.76485054864402,0.0247121510200008
-1.95345674269903,-3.79213006439158,0.0248123433823458
-1.9156490179299,-3.81908708816531,0.0249141535321837
-1.87757437555619,-3.84571828614971,0.0250176009746126
-1.83923610686826,-3.87202035063378,0.0251227055848819
-1.80063753630207,-3.89799000039639,0.0252294876145997
-1.76178202117617,-3.92362398108974,0.0253379676980577
-1.72267295142493,-3.94891906562104,0.0254481668586741
-1.68331374932796,-3.97387205453218,0.0255601065155581
-1.64370786923594,-3.99847977637745,0.0256738084901943
-1.60385879729261,-4.0227390880993,0.0257892950132519
-1.56377005115317,-4.04664687540198,0.025906588731517
-1.52344517969901,-4.07020005312314,0.0260257127149513
-1.48288776274877,-4.09339556560331,0.0261466904638778
-1.44210141076582,-4.11623038705314,0.0262695459162946
-1.40108976456217,-4.13870152191851,0.0263943034553192
-1.35985649499875,-4.16080600524336,0.026520987916763
-1.31840530268222,-4.1825409030302,0.0266496245968382
-1.27673991765823,-4.2039033125983,0.0267802392599986
-1.23486409910118,-4.22489036293958,0.0269128581469142
-1.19278163500053,-4.24549921507195,0.0270475079825821
-1.1504963418437,-4.26572706239037,0.0271842159845732
-1.10801206429547,-4.28557113101526,0.027323009871418
-1.06533267487407,-4.30502868013848,0.0274639178711292
-1.02246207362391,-4.32409700236672,0.027606968729865
-0.979404187784902,-4.34277342406231,0.0277521917207323
-0.936162971458563,-4.36105530568128,0.0278996166527304
-0.892742405270785,-4.3789400421089,0.0280492738798365
-0.849146496031379,-4.39642506299237,0.0282011943102332
-0.805379276390388,-4.41350783307082,0.0283554094156782
-0.761444804491216,-4.43018585250245,0.0285119512410167
-0.71734716362059,-4.44645665718894,0.0286708524138366
-0.673090461855394,-4.4623178190969,0.0288321461542672
-0.628678831706396,-4.47776694657641,0.0289958662849194
-0.584116429758911,-4.49280168467671,0.0291620472409698
-0.53940743631042,-4.50741971545879,0.0293307240803861
-0.494556055005179,-4.52161875830508,0.0295019324942944
-0.449566512465855,-4.53539657022595,0.0296757088174873
-0.404443057922218,-4.54875094616328,0.0298520900390724
-0.359189962836913,-4.56167971929079,0.0300311138132586
-0.313811520528366,-4.57418076131122,0.0302128184702811
-0.268312045790829,-4.58625198275039,0.0303972430274614
-0.222695874511625,-4.59789133324797,0.030584427200402
-0.176967363285606,-4.60909680184499,0.030774411414313
-0.131130889026867,-4.61986641726807,0.0309672368154689
-0.0851908485777565,-4.63019824821031,0.0311629452827917
-0.0391516583152009,-4.64009040360883,0.0313615794395591
0.00698224624560393,-4.64954103291887,0.0315631826652341
0.0532064108501093,-4.65854832638452,0.0317677991074111
0.0995163629058998,-4.66711051530594,0.0319754736938768
0.145907611886713,-4.67522587230311,0.0321862521447796
0.192375649738955,-4.68289271157599,0.0324001809849051
0.238915951290683,-4.69010938916123,0.0326173075560498
0.285523974663002,-4.69687430318521,0.0328376800294903
0.33219516168386,-4.70318589411343,0.0330613474185403
0.378924938304184,-4.70904264499634,0.0332883595911898
0.425708715016334,-4.71444308171141,0.033518767282819
0.472541887274831,-4.7193857732015,0.0337526221089801
0.519419835919322,-4.7238693317095,0.0339899765782384
0.566337927599741,-4.72789241300919,0.0342308841050647
0.613291515203633,-4.73145371663229,0.0344753990227693
0.660275938285603,-4.73455198609167,0.0347235765964681
0.707286523498838,-4.73718600910071,0.0349754730360703
0.754318585028687,-4.73935461778878,0.0352311455092758
0.801367425028234,-4.74105668891276,0.0354906521545723
0.848428334055842,-4.74229114406465,0.0357540520942164
0.895496591514627,-4.74305694987522,0.0360214054471883
0.94256746609381,-4.74335311821358,0.0362927733421034
0.989636216211926,-4.74317870638284,0.0365682179300672
1.03669809046183,-4.74253281731161,0.0368478023974558
1.08374832805749,-4.74141459974149,0.0371315909786069
1.13078215928247,-4.73982324841041,0.0374196489684007
1.17779480594015,-4.73775800423185,0.0377120427347145
1.22478148180557,-4.73521815446995,0.0380088397307274
1.27173739307884,-4.73220303291036,0.038310108507057
1.3186577388402,-4.72871202002693,0.038615918723703
1.36553771150658,-4.72474454314419,0.0389263411617757
1.41237249728956,-4.72030007659554,0.0392414477349826
1.45915727665492,-4.71537814187719,0.0395613115008491
1.5058872247835,-4.70997830779777,0.0398860066716423
1.55255751203345,-4.70410019062364,0.0402156086249717
1.59916330440381,-4.69774345421989,0.0405501939140343
1.64569976399941,-4.69090781018692,0.0408898402774722
1.69216204949693,-4.68359301799265,0.0412346266488089
1.73854531661227,-4.67579888510035,0.0415846331654287
1.78484471856902,-4.66752526709198,0.0419399411770617
1.83105540656809,-4.65877206778717,0.0423006332537354
1.87717253025842,-4.64953923935769,0.042666793193152
1.92319123820876,-4.63982678243736,0.043038506027448
1.9691066783804,-4.62963474622758,0.043415858029292
2.01491399860098,-4.61896322859827,0.043798936717273
2.06060834703913,-4.60781237618423,0.0441878308605301
2.1061848726801,-4.59618238447701,0.0445826304825725
2.15163872580215,-4.58407349791216,0.0449834268642367
2.1969650584539,-4.57148600995185,0.045390312545724
2.24215902493231,-4.55842026316298,0.0458033813276599
2.28721578226156,-4.54487664929051,0.0462227282711161
2.33213049067254,-4.53085560932626,0.04664844969653
2.37689831408306,-4.51635763357299,0.047080643181456
2.42151442057872,-4.50138326170382,0.0475194075570808
2.46597398289438,-4.48593308281692,0.0479648429034305
2.51027217889618,-4.47000773548553,0.0484170505431943
2.55440419206418,-4.4536079078032,0.0488761330340901
2.59836521197541,-4.43673433742438,0.0493421941596884
2.64215043478747,-4.41938781160009,0.0498153389186139
2.68575506372261,-4.40156916720905,0.0502956735120375
2.72917430955211,-4.38327929078376,0.0507833053293683
2.77240339108119,-4.36451911853202,0.0512783429320539
2.81543753563419,-4.34528963635347,0.0517808960353931
2.85827197954014,-4.32559187985141,0.0522910754882594
2.90090196861854,-4.30542693433969,0.0528089932506352
2.94332275866558,-4.28479593484485,0.0533347623688486
2.98552961594048,-4.26370006610331,0.0538684969484033
3.02751781765209,-4.24214056255375,0.0544103121242882
3.06928265244578,-4.22011870832453,0.0549603240286506
3.1108194208904,-4.1976358372163,0.0555186497557105
3.15212343596548,-4.1746933326796,0.0560854073237942
3.19319002354856,-4.15129262778765,0.0566607156343576
3.23401452290265,-4.1274352052041,0.0572446944278686
3.27459228716379,-4.10312259714591,0.0578374642364133
3.31491868382872,-4.07835638534122,0.0584391463328878
3.3549890952426,-4.0531382009823,0.0590498626766318
3.39479891908685,-4.02746972467351,0.059669735855361
3.43434356886699,-4.00135268637423,0.0602988890232457
3.47361847440055,-3.9747888653369,0.0609374458349853
3.512619082305,-3.94778009003988,0.0615855303757216
3.55134085648576,-3.92032823811548,0.0622432670866314
3.58977927862414,-3.89243523627284,0.0629107806860357
3.62792984866535,-3.86410306021577,0.0635881960858609
3.66578808530656,-3.83533373455564,0.0642756383032821
3.70334952648487,-3.80612933271908,0.0649732323673779
3.7406097298654,-3.77649197685073,0.0656811032206231
3.7775642733293,-3.74642383771081,0.066399375615042
3.81420875546185,-3.71592713456766,0.0671281740028459
3.85053879604055,-3.68500413508518,0.0678676224213719
3.88655003652321,-3.65365715520512,0.068617844372144
3.92223814053614,-3.62188855902426,0.0693789626938713
3.95759879436234,-3.5897007586665,0.0701510994291999
3.99262770742977,-3.55709621414975,0.0709343756850338
4.02732061279968,-3.5240774332477,0.0717289114862407
4.06167326765503,-3.49064697134641,0.0725348256225556
4.09568145378902,-3.45680743129572,0.0733522354885013
4.12934097809379,-3.4225614632555,0.0741812569161405
4.16264767304915,-3.38791176453664,0.0750220040004792
4.19559739721159,-3.35286107943693,0.0758745889173432
4.22818603570344,-3.31741219907158,0.0767391217335499
4.26040950070223,-3.28156796119863,0.0776157102092049
4.29226373193035,-3.24533125003903,0.0785044595919539
4.32374469714488,-3.20870499609151,0.0794054724030266
4.35484839262786,-3.17169217594209,0.0803188482149158
4.38557084367679,-3.13429581206845,0.0812446834205397
4.41590810509549,-3.09651897263882,0.0821830709937448
4.44585626168551,-3.05836477130566,0.083134100241013
4.47541142873775,-3.01983636699403,0.0840978565442486
4.50456975252476,-2.98093696368448,0.0850744210945274
4.53332741079343,-2.94166981019073,0.0860638706167059
4.56168061325827,-2.90203819993187,0.0870662770847978
4.58962560209527,-2.86204547069922,0.0880817074280396
4.6171586524364,-2.82169500441769,0.089110223227583
4.64427607286476,-2.78099022690183,0.0901518804037667
4.67097420591045,-2.73993460760635,0.0912067288939376
4.69724942854715,-2.6985316593712,0.0922748123208123
4.72309815268958,-2.65678493816112,0.0933561676513865
4.74851682569168,-2.61469804279979,0.094450824846425
4.77350193084571,-2.57227461469835,0.0955588065005867
4.79804998788224,-2.52951833757839,0.0966801274732624
4.82215755347109,-2.48643293718949,0.0978147945102331
4.84582122172325,-2.44302218102097,0.0989628058562804
4.86903762469378,-2.39928987800827,0.100124150858912
4.89180343288576,-2.35523987823349,0.101298809563399
4.91411535575535,-2.31087607262042,0.10248675229935
4.9359701422179,-2.26620239262386,0.103687939259079
4.95736458115519,-2.22122280991322,0.104902320068081
4.97829550192382,-2.17594133605041,0.106129833347934
4.99875977486477,-2.13036202216203,0.107370406272012
5.01875431181411,-2.08448895860578,0.108623954114427
5.03827606661487,-2.03832627463103,0.109890379792666
5.05732203563015,-1.99187813803367,0.111169573404418
5.07588925825735,-1.94514875480504,0.112461411759154
5.09397481744359,-1.8981423687751,0.113765757905063
5.11157584020228,-1.8508632612496,0.115082460651992
5.12868949813082,-1.80331575064147,0.116411354091089
5.14531300792944,-1.75550419209622,0.117752257111927
5.161443631921,-1.70743297711134,0.119104972917894
5.17707867857193,-1.65910653314988,0.120469288540736
5.19221550301404,-1.61052932324788,0.121844974355174
5.20685150756726,-1.56170584561586,0.123231783594576
5.22098414226321,-1.51264063323428,0.124629451868731
5.23461090536946,-1.46333825344296,0.126037696684819
5.24772934391448,-1.41380330752434,0.127456216972761
5.26033705421304,-1.36404043028075,0.128884692616153
5.27243168239209,-1.3140542896055,0.130322783990082
5.28401092491684,-1.26384958604791,0.131770131507177
5.29507252911698,-1.21343105237216,0.133226355173293
5.30561429371284,-1.16280345310996,0.134691054154316
5.31563406934131,-1.11197158410716,0.136163806355608
5.32512975908136,-1.06094027206407,0.137644168015695
5.33409931897887,-1.00971437406968,0.139131673315844
5.34254075857063,-0.95829877712968,0.140625834007233
5.35045214140718,-0.906698397688296,0.142126139057496
5.35783158557435,-0.854918181143922,0.143632054318434
5.36467726421301,-0.802963101358596,0.145143022216778
5.37098740603698,-0.750838160161287,0.146658461469918
5.37676029584855,-0.698548386845018,0.148177766828542
5.38199427505144,-0.646098837657837,0.149700308848206
5.38668774216075,-0.59349459528764,0.151225433691857
5.3908391533095,-0.540740768340888,0.152752462965376
5.39444702275147,-0.487842490815216,0.154280693588256
5.39750992335978,-0.434804921565982,0.155809397701497
5.40002648712086,-0.381633243766774,0.157337822614889
5.40199540562335,-0.328332664363921,0.158865190795795
5.4034154305413,-0.274908413525045,0.160390699901589
5.40428537411142,-0.221365744081704,0.161913522857891
5.40460410960362,-0.167709930966168,0.163432807984717
5.40437057178434,-0.113946270642399,0.164947679172654
5.40358375737228,-0.060080080531294,0.166457236111134
5.40224272548566,-0.00611669843024706,0.167960554570844
5.40034659808061,0.0479385180728733,0.169456686742262
5.39789456038001,0.102080192191267,0.170944661632242
5.39488586129208,0.15630292853617,0.172423485520522
5.39131981381813,0.210601313719152,0.173892142477924
5.3871957954488,0.264969916959647,0.175349594947953
5.38251324854792,0.319403290697603,0.176794784393368
5.37727168072364,0.373895971211141,0.178226632009225
5.37147066518567,0.428442479239091,0.17964403950372
5.36510984108827,0.483037320608282,0.18104588994807
5.35818891385803,0.537674986865452,0.182431048696486
5.35070765550576,0.592349955913614,0.18379836437715
5.34266590492175,0.647056692652744,0.185146669954926
5.33406356815359,0.701789649624618,0.186474783866352
5.32490061866581,0.756543267661628,0.187781511227268
5.31517709758058,0.811311976539409,0.189065645113211
5.30489311389872,0.866090195633072,0.190325967912509
5.29404884470019,0.920872334576877,0.191561252751751
5.28264453532337,0.975652793927113,0.192770264993082
5.27068049952241,1.030425965828,0.193951763802513
5.2581571196018,1.08518623468038,0.195104503788177
5.24507484652759,1.13992797781298,0.196227236707183
5.2314342000144,1.19464556615603,0.197318713239438
5.21723576858767,1.24933336491692,0.198377684826536
5.20248020962045,1.3039857342578,0.199402905573493
5.18716824934404,1.35859702997465,0.200393134210826
5.17130068283196,1.41316160417781,0.201347136114157
5.15487837395661,1.46767380597353,0.202263685378218
5.13790225531811,1.52212798214621,0.203141566941828
5.12037332814489,1.57651847784136,0.203979578760095
5.1022926621654,1.63083963724857,0.204776534019777
5.08366139545075,1.68508580428461,0.205531263393455
5.06448073422771,1.73925132327599,0.206242617327826
5.0447519526619,1.79333053964103,0.206909468361162
5.02447639261089,1.84731780057089,0.207530713464669
5.00365546334694,1.90120745570933,0.208105276402191
4.98229064124929,1.95499385783094,0.208632110102444
4.96038346946593,2.00867136351749,0.209110199037701
4.93793555754487,2.06223433383208,0.209538561602586
4.91494858103478,2.11567713499082,0.209916252486431
4.89142428105546,2.16899413903165,0.210242365032402
4.86736446383797,2.22217972448014,0.210516033576447
4.84277100023495,2.27522827701177,0.210736435758893
4.81764582520134,2.32813419011056,0.210902794801424
4.79199093724605,2.38089186572365,0.211014381742003
4.76580839785488,2.43349571491152,0.211070517620222
4.73910033088546,2.48594015849369,0.211070575605492
4.71186892193481,2.53821962768939,0.211013983060427
4.68411641768018,2.59032856475317,0.210900223531784
4.65584512519408,2.64226142360498,0.210728838661324
4.62705741123436,2.69401267045455,0.210499430009015
4.59775570151031,2.74557678441977,0.210211660781093
4.56794247992586,2.79694825813893,0.209865257455599
4.5376202878009,2.84812159837636,0.20946001129818
4.50679172307208,2.89909132662152,0.208995779761133
4.47545943947423,2.94985197968112,0.208472487758875
4.44362614570382,3.00039811026415,0.207890128813322
4.41129460456577,3.0507242875596,0.207248766062918
4.37846763210521,3.10082509780681,0.206548533129418
4.34514809672556,3.15069514485807,0.205789634836876
4.31133891829468,3.20032905073359,0.204972347777706
4.27704306724058,3.24972145616845,0.204097020721104
4.24226356363839,3.29886702115166,0.203164074859594
4.20700347629045,3.34776042545706,0.202174003889959
4.17126592180104,3.39639636916606,0.201127373925328
4.13505406364775,3.44476957318216,0.200024823235749
4.09837111125115,3.49287477973717,0.198867061815166
4.06122031904469,3.54070675288916,0.197654870773283
4.02360498554656,3.58826027901209,0.196389101551447
3.98552845243548,3.63553016727711,0.195070674962291
3.94699410363221,3.68251125012569,0.193700580053541
3.90800536438849,3.72919838373444,0.192279872797032
3.86856570038553,3.77558644847188,0.190809674604667
3.8286786168435,3.82167034934705,0.189291170673691
3.78834765764407,3.86744501645025,0.187725608164354
3.74757640446759,3.91290540538595,0.186114294213685
3.70636847594664,3.95804649769794,0.184458593789773
3.6647275268376,4.00286330128702,0.182759927391585
3.62265724721186,4.0473508508213,0.18101976860003
3.58016136166811,4.09150420813931,0.179239641486549
3.5372436285673,4.1353184626462,0.177421117886164
3.49390783929155,4.17878873170315,0.175565814542458
3.45015781752837,4.22191016101026,0.173675390132551
3.40599741858135,4.2646779249832,0.171751542180618
3.36143052870859,4.30708722712385,0.169796003869025
3.31646106448974,4.34913330038518,0.167810540756573
3.27109297222268,4.39081140753072,0.165796947413796
3.22533022735065,4.43211684148877,0.163757043985599
3.17917683392058,4.47304492570186,0.161692672691866
3.13263682407314,4.51359101447154,0.159605694276945
3.08571425756517,4.55375049329897,0.15749798441917
3.03841322132471,4.59351877922161,0.155371430111731
2.99073782903899,4.63289132114617,0.153227926026377
2.94269222077553,4.67186360017843,0.151069370871492
2.8942805626363,4.71043112994995,0.148897663756126
2.84550704644498,4.74858945694225,0.146714700571545
2.79637588946701,4.78633416080857,0.144522370401768
2.74689133416207,4.82366085469372,0.142322551974468
2.69705764796875,4.86056518555223,0.140117110163388
2.64687912312056,4.8970428344651,0.137907892553234
2.59636007649293,4.93308951695554,0.135696726077692
2.54550484948013,4.96870098330396,0.133485413740906
2.49431780790145,5.00387301886248,0.131275731432373
2.44280334193556,5.03860144436928,0.129069424844774
2.39096586608198,5.07288211626309,0.126868206503828
2.33880981914855,5.10671092699801,0.124673752918712
2.28633966426354,5.140083805359,0.122487701861079
2.23355988891121,5.1729967167782,0.120311649780124
2.1804750049893,5.20544566365236,0.118147149360532
2.12708954888703,5.23742668566165,0.115995707229521
2.07340808158203,5.26893586008988,0.113858781818538
2.01943518875474,5.29996930214647,0.111737781384479
1.96517548091845,5.33052316529034,0.109634062194617
1.91063359356347,5.36059364155573,0.107548926878737
1.85581418731364,5.39017696188022,0.105483622951224
1.8007219480935,5.41926939643505,0.103439341505175
1.74536158730426,5.44786725495781,0.101417216079867
1.68973784200698,5.47596688708753,0.099418321702206
1.63385547511106,5.50356468270244,0.0974436741020735
1.57771927556631,5.53065707226014,0.0954942291007981
1.52133405855686,5.55724052714054,0.0935708821712952
1.4647046656952,5.58331155999134,0.0916744681677591
1.40783596521462,5.60886672507617,0.0898057612221517
1.35073285215833,5.63390261862531,0.0879654748041163
1.29340024856371,5.65841587918901,0.0861542619403586
1.23584310363999,5.68240318799334,0.0843727155889807
1.17806639393792,5.70586126929844,0.0826213691637285
1.12007512350983,5.72878689075922,0.0809006972026256
1.0618743240587,5.75117686378823,0.0792111161750146
1.00346905507489,5.77302804392076,0.0775529854206138
0.944864403959088,5.79433733118198,0.0759266082138254
0.886065486130487,5.81510167045591,0.0743322329461994
0.827077445118737,5.83531805185618,0.0727700544196691
0.767905452638805,5.85498351109836,0.0712402152429277
0.708554708647641,5.87409512987369,0.0697428073231139
0.649030441381729,5.89265003622401,0.0682778734448117
0.589337907374708,5.91064540491775,0.0668454089282571
0.529482391454268,5.92807845782677,0.0654453633585664
0.469469206717674,5.94494646430369,0.0640776423777695
0.409303694485308,5.96124674155983,0.0627421095314403
0.348991224231725,5.97697665504308,0.0614385881617611
0.288537193493806,5.99213361881599,0.0601668633389463
0.227947027755651,6.00671509593332,0.0589266838230689
0.16722618030997,6.02071859881928,0.0577177640484915
0.106380132095773,6.03414168964392,0.0565397861232907
0.0454143915122651,6.04698198069853,0.0553924018362822
-0.0156655057910869,6.05923713476985,0.0542752346645017
-0.0768539971482671,6.07090486551279,0.053187881774267
-0.138145493134097,6.08198293782142,0.0521299160092445
-0.199534377845109,6.09246916819802,0.051100887859258
-0.261015009203668,6.10236142511998,0.0501003274039118
-0.32258171928504,6.1116576294042,0.049127746225452
-0.384228814667035,6.12035575456891,0.0481826392856503
-0.445950576801833,6.12845382719252,0.0472644867618703
-0.507741262409518,6.13594992726944,0.0463727558378562
-0.569595103892812,6.14284218856254,0.0455069024451707
-0.631506309772477,6.14912879895199,0.0446663729515999
-0.693469065142788,6.15480800078048,0.043850605793231
-0.755477532146461,6.15987809119431,0.0430590330473005
-0.8175258504684,6.16433742248046,0.0422910819432932
-0.879608137847585,6.16818440239923,0.0415461763101527
-0.941718490606403,6.1714174945123,0.0408237379578374
-1.00385098419673,6.17403521850616,0.0401231879918148
-1.06599967376199,6.17603615051054,0.0394439480594436
-1.12815859471459,6.17741892341186,0.0387854415275267
-1.19032176332775,6.1781822271614,0.0381470945906479
-1.25248317734123,6.17832480907807,0.0375283373102138
-1.3146368165801,6.17784547414578,0.0369286045844154
-1.37677664358575,6.17674308530499,0.0363473370496055
-1.43889660425849,6.17501656373855,0.0357839819138441
-1.50099062851104,6.17266488915168,0.0352379937236092
-1.56305263093198,6.16968710004578,0.0347088350648928
-1.62507651145879,6.1660822939862,0.0341959772001074
-1.68705615605941,6.16184962786377,0.0336989006424152
-1.74898543742194,6.15698831814994,0.0332170956692582
-1.81085821565164,6.15149764114548,0.032750062777019
-1.8726683389747,6.14537693322275,0.032297313078868
-1.93440964444803,6.13862559106129,0.0318583686479719
-1.99607595867458,6.13124307187681,0.0314327628083244
-2.0576610985236,6.1232288936434,0.0310200403755463
-2.11915887185521,6.11458263530899,0.0306197578500559
-2.1805630782488,6.10530393700399,0.0302314835650618
-2.24186750973479,6.09539250024296,0.029854797791855
-2.30306595152917,6.08484808811943,0.0294892928048983
-2.36415218277041,6.07367052549369,0.0291345729092091
-2.42511997725839,6.0618596991736,0.0287902544325235
-2.48596310419475,6.04941555808832,0.0284559656847085
-2.54667532892444,6.03633811345505,0.0281313468868555
-2.60725041367809,6.02262743893855,0.0278160500724448
-2.66768211831472,6.00828367080367,0.0275097389629222
-2.72796420106465,5.9933070080607,0.0272120888199674
-2.78809041927224,5.97769771260352,0.0269227862766678
-2.84805453013817,5.96145610934073,0.0266415291497394
-2.90785029146103,5.94458258631944,0.026368026234858
-2.96747146237802,5.92707759484207,0.0261019970870805
-3.02691180410446,5.90894164957582,0.0258431717882533
-3.08616508067207,5.89017532865505,0.02559129070321
-3.14522505966563,5.8707792737765,0.0253461042264766
-3.20408551295808,5.85075419028723,0.0251073725211015
-3.2627402174438,5.83010084726549,0.0248748652511425
-3.32118295576991,5.8088200775944,0.0246483613092407
-3.37940751706561,5.78691277802841,0.0244276485406257
-3.43740769766929,5.76437990925268,0.0242125234647968
-3.49517730185347,5.74122249593527,0.0240027909960377
-3.55271014254741,5.71744162677217,0.0237982641638322
-3.61000004205734,5.69303845452525,0.0235987638341581
-3.66704083278426,5.66801419605308,0.0234041184325546
-3.72382635793924,5.64237013233457,0.0232141636697736
-3.78035047225621,5.6161076084856,0.0230287422707465
-3.83660704270223,5.58922803376852,0.0228477037075226
-3.89258994918504,5.56173288159455,0.0226709039367604
-3.94829308525817,5.53362368951918,0.0224982051422846
-4.00371035882328,5.50490205923044,0.022329475483156
-4.05883569282995,5.47556965653019,0.0221645888476365
-4.11366302597277,5.44562821130833,0.0220034246133768
-4.16818631338577,5.41507951751006,0.0218458674140948
-4.22239952733424,5.38392543309605,0.0216918069129641
-4.27629665790381,5.35216787999569,0.0215411375828837
-4.32987171368691,5.31980884405334,0.0213937584937541
-4.38311872246656,5.28685037496761,0.0212495731068463
-4.43603173189751,5.25329458622367,0.0211084890763113
-4.48860481018469,5.21914365501866,0.0209704180578433
-4.54083204675902,5.18439982218014,0.0208352755244808
-4.59270755295055,5.14906539207764,0.0207029805894987
-4.64422546265896,5.11314273252729,0.0205734558363227
-4.69537993302142,5.07663427468959,0.0204466271553723
-4.74616514507774,5.03954251296031,0.0203224235877201
-4.79657530443295,5.00187000485443,0.0202007771754394
-4.84660464191711,4.96361937088339,0.020081622818493
-4.89624741424258,4.92479329442536,0.0199648981380095
-4.94549790465853,4.88539452158874,0.0198505433457769
-4.99435042360283,4.84542586106891,0.0197385011197771
-5.04279930935121,4.80489018399803,0.0196287164855805
-5.09083892866379,4.76379042378821,0.0195211367034079
-5.13846367742887,4.72212957596783,0.0194157111606702
-5.18566798130397,4.67991069801108,0.0193123912697886
-5.23244629635419,4.63713690916084,0.0192111303710995
-5.2787931096878,4.59381139024473,0.0191118836406466
-5.32470294008906,4.54993738348455,0.0190146080026637
-5.37017033864821,4.50551819229888,0.0189192620465541
-5.41518988938874,4.46055718109916,0.0188258059481737
-5.45975620989168,4.41505777507893,0.0187342013952289
-5.50386395191718,4.36902345999656,0.0186444115166024
-5.54750780202306,4.32245778195123,0.0185564008154273
-5.59068248218052,4.27536434715232,0.0184701351057303
-5.63338275038687,4.22774682168222,0.0183855814524729
-5.67560340127524,4.17960893125252,0.0183027081148242
-5.71733926672135,4.1309544609536,0.0182214844925017
-5.75858521644711,4.08178725499771,0.0181418810750266
-5.79933615862124,4.03211121645545,0.0180638693937408
-5.83958704045664,3.98193030698582,0.0179874219764426
-5.87933284880468,3.93124854655964,0.0179125123045029
-5.91856861074624,3.88007001317659,0.0178391147723258
-5.95728939417948,3.82839884257573,0.0177672046490312
-5.99549030840434,3.77623922793958,0.0176967580422328
-6.03316650470365,3.7235954195918,0.0176277518638001
-6.07031317692093,3.67047172468841,0.017560163797491
-6.10692556203466,3.61687250690271,0.0174939722683516
-6.14299894072914,3.56280218610372,0.0174291564137827
-6.17852863796182,3.50826523802841,0.0173656960561794
-6.21351002352697,3.45326619394751,0.0173035716770533
-6.24793851261585,3.39780964032508,0.0172427643925526
-6.28180956637314,3.34190021847182,0.0171832559303004
-6.31511869244961,3.28554262419205,0.0171250286074747
-6.34786144555108,3.22874160742458,0.017068065310059
-6.38003342798355,3.17150197187734,0.0170123494731965
-6.41163029019439,3.11382857465578,0.0169578650625823
-6.44264773130971,3.05572632588527,0.0169045965568368
-6.47308149966764,2.99720018832722,0.0168525289308017
-6.50292739334765,2.93825517698923,0.0168016476397056
-6.53218126069575,2.87889635872915,0.0167519386041512
-6.56083900084559,2.81912885185308,0.0167033881958757
-6.58889656423534,2.75895782570744,0.0166559832242412
-6.61634995312035,2.69838850026496,0.016609710923414
-6.64319522208148,2.63742614570486,0.0165645589401933
-6.66942847852914,2.57607608198702,0.0165205153224553
-6.69504588320288,2.51434367842034,0.0164775685081761
-6.72004365066654,2.45223435322519,0.0164357073150032
-6.74441804979893,2.38975357309015,0.0163949209303464
-6.76816540427988,2.32690685272285,0.0163551989019586
-6.79128209307175,2.26369975439518,0.0163165311289818
-6.81376455089624,2.20013788748274,0.0162789078534336
-6.83560926870648,2.13622690799859,0.0162423196521108
-6.85681279415437,2.07197251812144,0.0162067574288906
-6.87737173205308,2.00738046571818,0.0161722124074067
-6.89728274483467,1.94245654386088,0.0161386761240844
-6.91654255300283,1.87720659033823,0.0161061404215155
-6.93514793558059,1.81163648716155,0.0160745974421577
-6.95309573055304,1.74575216006533,0.0160440396223428
-6.97038283530491,1.67955957800233,0.0160144596865794
-6.98700620705312,1.61306475263335,0.0159858506421378
-7.00296286327402,1.5462737378117,0.0159582057739029
-7.01824988212554,1.47919262906232,0.0159315186394857
-7.03286440286392,1.41182756305571,0.0159057830645807
-7.04680362625523,1.34418471707666,0.0158809931385599
-7.06006481498139,1.27627030848775,0.0158571432102942
-7.07264529404087,1.2080905941879,0.0158342278841926
-7.08454245114384,1.13965187006564,0.0158122420164522
-7.0957537371018,1.07096047044755,0.0157911807115096
-7.10627666621168,1.00202276754162,0.0157710393186881
-7.11610881663424,0.93284517087566,0.015751813429033
-7.12524783076688,0.86343412673094,0.0157334988723295
-7.13369141561069,0.79379611757086,0.0157160917142967
-7.14143734313171,0.723937661464915,0.0156995882539524
-7.14848345061645,0.653865311507896,0.0156839850211447
-7.1548276410215,0.583585655234393,0.0156692787742436
-7.16046788331724,0.513105314028662,0.0156554664979906
-7.16540221282565,0.442430942529901,0.0156425454015003
-7.1696287315521,0.371569228032978,0.0156305129164117
-7.17314560851105,0.300526889884674,0.0156193666951847
-7.17595108004582,0.229310678875483,0.0156091046095393
-7.1780434501421,0.15792737662703,0.0155997247490338
-7.17942109073535,0.0863837949751451,0.0155912254197803
-7.18008244201203,0.0146867753486679,0.0155836051432938
-7.18002601270451,-0.0571568118559837,0.015576862655474
-7.1792503803798,-0.129140067904415,0.0155709969057162
-7.17775419172184,-0.201256066357974,0.0155660070561509
-7.17553616280751,-0.273497853711535,0.015561892481009
-7.17259507937622,-0.345858450035289,0.0155586527661127
-7.16892979709299,-0.418330849620489,0.0155562877084892
-7.16453924180518,-0.490908021629079,0.0155547973161068
-7.15942240979256,-0.563582910747175,0.0155541818077329
-7.15357836801094,-0.636348437842313,0.0155544416129121
-7.14700625432915,-0.709197500624425,0.0155555773720637
-7.13970527775938,-0.782122974310474,0.0155575899366995
-7.13167471868091,-0.855117712292696,0.0155604803697596
-7.12291392905713,-0.928174546810379,0.0155642499460672
-7.11342233264577,-1.00128628962513,0.015568900152902
-7.10319942520248,-1.07444573269958,0.0155744326906919
-7.09224477467748,-1.14764564887941,0.0155808494738237
-7.08055802140549,-1.22087879257872,0.0155881526315727
-7.06813887828876,-1.2941379004686,0.0155963445091513
-7.05498713097319,-1.36741569216895,0.0156054276688786
-7.04110263801756,-1.44070487094328,0.0156154048914694
-7.02648533105579,-1.5139981243967,0.0156262791774456
-7.01113521495225,-1.58728812517685,0.0156380537486699
-6.99505236795,-1.66056753167765,0.0156507320500023
-6.97823694181206,-1.73382898874612,0.0156643177510819
-6.96068916195561,-1.80706512839176,0.0156788147482348
-6.94240932757903,-1.88026857049886,0.0156942271665088
-6.92339781178193,-1.95343192354131,0.0157105593618376
-6.90365506167796,-2.02654778530013,0.0157278159233358
-6.88318159850049,-2.09960874358345,0.015746001675726
-6.86197801770111,-2.172607376949,0.015765121681901
-6.84004498904088,-2.24553625542896,0.0157851812456224
-6.81738325667441,-2.31838794125717,0.0158061859143583
-6.79399363922661,-2.39115498959858,0.015828141482262
-6.76987702986224,-2.4638299492809,0.0158510539932952
-6.74503439634811,-2.53640536352841,0.0158749297444974
-6.719466781108,-2.6088737706977,0.0158997752894045
-6.6931753012702,-2.68122770501561,0.0159255974416204
-6.66616114870776,-2.75345969731884,0.0159524032785436
-6.63842559007134,-2.82556227579562,0.0159802001452535
-6.60996996681467,-2.89752796672903,0.0160089956585578
-6.58079569521261,-2.96934929524203,0.0160387977112073
-6.55090426637179,-3.04101878604423,0.0160696144762796
-6.52029724623388,-3.11252896418009,0.0161014544117371
-6.48897627557131,-3.1838723557787,0.0161343262651627
-6.45694306997561,-3.25504148880494,0.0161682390786784
-6.42419941983826,-3.32602889381205,0.0162032021940501
-6.39074719032408,-3.39682710469536,0.0162392252579852
-6.35658832133708,-3.46742865944737,0.0162763182276261
-6.32172482747887,-3.53782610091382,0.0163144913762457
-6.28615879799949,-3.60801197755097,0.0163537552991511
-6.24989239674084,-3.67797884418372,0.016394120919799
-6.21292786207243,-3.74771926276474,0.016435599496131
-6.17526750681972,-3.81722580313441,0.0164782026271338
-6.13691371818491,-3.88649104378151,0.0165219422596301
-6.09786895766011,-3.95550757260462,0.0165668306953088
-6.05813576093304,-4.02426798767418,0.0166128805979987
-6.01771673778518,-4.09276489799496,0.0166601050011959
-5.97661457198231,-4.16099092426919,0.0167085173158498
-5.93483202115755,-4.22893869965989,0.0167581313384171
-5.89237191668683,-4.2966008705547,0.0168089612591914
-5.84923716355682,-4.36397009732977,0.0168610216709168
-5.80543074022527,-4.43103905511402,0.0169143275776943
-5.76095569847382,-4.49780043455331,0.0169688944041903
-5.71581516325329,-4.56424694257475,0.0170247380051568
-5.67001233252134,-4.63037130315089,0.0170818746752726
-5.62355047707274,-4.69616625806384,0.0171403211593168
-5.57643294036189,-4.76162456766909,0.0172000946626838
-5.52866313831804,-4.82673901165915,0.0172612128622528
-5.48024455915278,-4.89150238982674,0.0173236939176216
-5.43118076316019,-4.95590752282761,0.0173875564827185
-5.38147538250932,-5.01994725294278,0.0174528197178026
-5.33113212102933,-5.08361444484032,0.0175195033018675
-5.28015475398701,-5.14690198633628,0.0175876274454617
-5.22854712785691,-5.20980278915505,0.0176572129039383
-5.17631316008397,-5.27230978968879,0.01772828099115
-5.12345683883867,-5.33441594975605,0.0178008535936048
-5.06998222276483,-5.39611425735933,0.0178749531850973
-5.01589344071991,-5.45739772744172,0.0179506028418324
-4.96119469150791,-5.51825940264225,0.0180278262580593
-4.90589024360493,-5.57869235405021,0.0181066477622324
-4.84998443487731,-5.63868968195811,0.0181870923337191
-4.79348167229243,-5.69824451661325,0.0182691856200727
-4.7363864316222,-5.75735001896799,0.0183529539548907
-4.6787032571392,-5.81599938142838,0.0184384243762804
-4.62043676130553,-5.8741858286013,0.0185256246459522
-4.56159162445446,-5.93190261803991,0.0186145832689648
-4.50217259446473,-5.98914304098738,0.0187053295141441
-4.4421844864277,-6.0459004231188,0.0187978934352025
-4.38163218230729,-6.10216812528122,0.0188923058925826
-4.32052063059276,-6.15793954423175,0.0189885985760529
-4.2588548459443,-6.21320811337355,0.0190868040280827
-4.19663990883159,-6.26796730348983,0.0191869556680258
-4.13388096516518,-6.32221062347555,0.0192890878171422
-4.07058322592092,-6.37593162106693,0.019393235724491
-4.00675196675731,-6.4291238835686,0.0194994355937247
-3.94239252762585,-6.48178103857836,0.0196077246108213
-3.87751031237448,-6.53389675470942,0.0197181409727888
-3.81211078834409,-6.58546474231012,0.0198307239173789
-3.74619948595811,-6.63647875418101,0.0199455137538494
-3.67978199830532,-6.68693258628917,0.0200625518948144
-3.61286398071582,-6.73682007847985,0.0201818808892258
-3.54545115033021,-6.78613511518517,0.0203035444565284
-3.4775492856621,-6.83487162612991,0.0204275875220354
-3.40916422615387,-6.88302358703436,0.0205540562535711
-3.34030187172588,-6.930585020314,0.0206829980994316
-3.27096818231898,-6.97754999577611,0.0208144618277141
-3.20116917743058,-7.02391263131315,0.0209484975670693
-3.13091093564408,-7.0696670935928,0.0210851568489344
-3.06019959415201,-7.11480759874473,0.021224492651304
-2.98904134827264,-7.15932841304384,0.0213665594441015
-2.91744245096027,-7.20322385359006,0.0215114132362146
-2.84540921230927,-7.2464882889846,0.0216591116242627
-2.77294799905177,-7.28911614000246,0.0218097138431653
-2.70006523404928,-7.33110188026132,0.0219632808185847
-2.62676739577806,-7.37244003688662,0.0221198752213202
-2.5530610178085,-7.41312519117277,0.0222795615237322
-2.47895268827844,-7.45315197924049,0.0224424060582807
-2.40444904936052,-7.49251509269008,0.0226084770782641
-2.32955679672368,-7.53120927925074,0.02277784482085
-2.2542826789888,-7.56922934342571,0.0229505815724937
-2.17863349717857,-7.6065701471332,0.0231267617368413
-2.10261610416169,-7.64322661034313,0.0233064619052245
-2.0262374040914,-7.67919371170953,0.0234897609298525
-1.94950435183854,-7.71446648919854,0.0236767399998172
-1.872423952419,-7.74904004071198,0.0238674827200282
-1.79500326041588,-7.78290952470637,0.0240620751932031
-1.71724937939623,-7.8160701608075,0.0242606061050425
-1.63916946132261,-7.8485172304202,0.0244631668127256
-1.56077070595941,-7.88024607733354,0.0246698514368676
-1.48206036027413,-7.91125210832118,0.024880756957089
-1.40304571783364,-7.94153079373704,0.0250959833113518
-1.32373411819548,-7.9710776681059,0.0253156334992243
-1.24413294629443,-7.99988833070926,0.0255398136892469
-1.16424963182422,-8.02795844616607,0.0257686333305753
-1.08409164861467,-8.05528374500846,0.0260022052690892
-1.0036665140043,-8.08186002425241,0.0262406458681619
-0.922981788208431,-8.10768314796317,0.0264840751342941
-0.842045073682956,-8.13274904781551,0.0267326168478287
-0.760864014483908,-8.15705372364875,0.0269863986989687
-0.679446295622848,-8.18059324401636,0.0272455524293361
-0.597799642418244,-8.20336374673029,0.0275102139793152
-0.515931819842943,-8.22536143939981,0.0277805236414417
-0.433850631867832,-8.24658259996495,0.0280566262201055
-0.351563920801837,-8.26702357722431,0.0283386711978527
-0.269079566628365,-8.28668079135741,0.0286268129085826
-0.186405486338306,-8.30555073444136,0.0289212107179525
-0.10354963325976,-8.32362997096193,0.0292220292113159
-0.02051999638458,-8.34091513831882,0.0295294383895365
0.0626754003080986,-8.3574029473253,0.0298436138730376
0.146028498531216,-8.37309018270199,0.0301647371144633
0.229531206371884,-8.38797370356482,0.0304929956203448
0.313175398976067,-8.40205044390718,0.0308285831821882
0.396952919235699,-8.41531741307609,0.0311717001174158
0.480855578478068,-8.42777169624248,0.031522553520618
0.564875157157307,-8.43941045486552,0.0318813575255924
0.649003405547827,-8.45023092715091,0.0322483335786731
0.733232044439509,-8.46023042850312,0.0326237107238737
0.817552765834467,-8.46940635197164,0.0330077259003994
0.901957233645219,-8.47775616869107,0.0334006242531039
0.986437084394042,-8.48527742831515,0.0338026594565021
1.07098392791334,-8.4919677594446,0.0342140940529745
1.15558934804678,-8.49782487004886,0.0346351998058343
1.24024490335104,-8.50284654788157,0.0350662580679594
1.3249421277979,-8.50703066089001,0.0355075601667285
1.40967253147643,-8.5103751576181,0.0359594078060346
1.49442760129513,-8.51287806760341,0.0364221134861906
1.57919880168366,-8.5145375017678,0.0368960009425807
1.66397757529401,-8.51535165280183,0.0373814056039538
1.74875534370073,-8.515318795543,0.0378786750713017
1.83352350810012,-8.51443728734766,0.0383881696183107
1.91827345000785,-8.51270556845673,0.0389102627144239
2.00299653195503,-8.51012216235511,0.0394453415716065
2.08768409818206,-8.50668567612495,0.0399938077159585
2.17232747533034,-8.50239480079264,0.040556077585377
2.25691797313109,-8.49724831166951,0.0411325831545331
2.34144688509137,-8.49124506868651,0.0417237725884888
2.42590548917655,-8.4843840167225,0.0423301109263477
2.51028504848917,-8.47666418592658,0.0429520807964032
2.59457681194357,-8.46808469203414,0.043590183164322
2.6787720149361,-8.45864473667688,0.0442449381159763
2.76286188001033,-8.44834360768679,0.0449168856766204
2.84683761751686,-8.43718067939403,0.0456065866681945
2.9306904262674,-8.4251554129189,0.0463146236066226
3.01441149418248,-8.41226735645784,0.0470416016410722
3.0979919989324,-8.39851614556359,0.0477881495372363
3.1814231085709,-8.38390150341946,0.0485549207068041
3.26469598216103,-8.36842324110793,0.049342594285396
3.3478017703926,-8.3520812578735,0.0501518762613496
3.43073161619067,-8.33487554137998,0.0509835006578655
3.51347665531458,-8.3168061679622,0.0518382307711449
3.59602801694668,-8.29787330287231,0.0527168604672817
3.67837682427028,-8.27807720052074,0.0536202155408111
3.76051419503611,-8.25741820471189,0.0545491551379583
3.84243124211643,-8.2358967488747,0.0555045732477822
3.92411907404631,-8.21351335628818,0.0564874002645672
4.005568795551,-8.19026864030208,0.0574986046249789
4.08677150805882,-8.16616330455273,0.0585391945236757
4.16771831019857,-8.14119814317434,0.0596102197112435
4.24840029828065,-8.11537404100575,0.0607127733785132
4.32880856676091,-8.0886919737929,0.0618479941315159
4.4089342086863,-8.06115300838714,0.0630170680615351
4.4887683161213,-8.03275830293958,0.064221230914931
4.56830198055401,-8.00350910709166,0.0654617703676348
4.6475262932809,-7.97340676216214,0.0667400284094434
4.72643234576892,-7.94245270133072,0.0680574038434882
4.80501122999394,-7.91064844981854,0.0694153549065033
4.88325403875405,-7.87799562506572,0.070815402015782
4.96115186595654,-7.84449593690636,0.0722591306489818
5.03869580687714,-7.81015118774105,0.0737481943632235
5.11587695839005,-7.77496327270731,0.0752843179602209
5.19268641916721,-7.73893417984823,0.0768693008044856
5.26911528984535,-7.70206599027962,0.0785050203019639
5.34515467315901,-7.66436087835598,0.08019343554679
5.42079567403793,-7.62582111183562,0.0819365911441763
5.49602939966691,-7.5864490520454,0.0837366212178087
5.5708469595063,-7.54624715404528,0.085595753610473
5.64523946527112,-7.50521796679332,0.0875163142870057
5.71919803086675,-7.46336413331134,0.0895007319490396
5.79271377227905,-7.42068839085186,0.0915515428714042
5.86577780741664,-7.37719357106665,0.0936713959704322
5.93838125590294,-7.33288260017744,0.0958630581148321
6.01051523881566,-7.2877584991494,0.0981294196901931
6.08217087837099,-7.24182438386777,0.10047350042861
6.15333929754993,-7.19508346531828,0.102898455515331
6.22401161966399,-7.14753904977206,0.105407581984772
6.29417896785721,-7.09919453897549,0.10800432541864
6.36383246454167,-7.05005343034581,0.110692286959376
6.43296323076311,-7.00011931717308,0.113475230652511
6.50156238549357,-6.94939588882928,0.116357091131981
6.56962104484748,-6.89788693098527,0.119341981662844
6.6371303212177,-6.84559632583645,0.122434202556255
6.7040813223278,-6.79252805233794,0.125638249971928
6.77046515019667,-6.73868618645009,0.128958825123708
6.83627290001158,-6.6840749013954,0.132400843904199
6.90149565890541,-6.62869846792764,0.135969446944733
6.96612450463377,-6.57256125461425,0.139670010127241
7.03015050414764,-6.51566772813311,0.143508155564843
7.09356471205677,-6.4580224535847,0.147489763068156
7.15635816897911,-6.3996300948208,0.151620982114496
7.21852189977143,-6.34049541479108,0.1559082443372
7.28004691163583,-6.28062327590854,0.160358276552326
7.34092419209703,-6.22001864043545,0.164978114339913
7.40114470684496,-6.15868657089083,0.169775116196809
7.46069939743708,-6.09663223048118,0.174756978277806
7.51957917885472,-6.03386088355563,0.179931749741445
7.57777493690756,-5.97037789608742,0.185307848716279
7.63527752548018,-5.90618873618292,0.190894078902763
7.69207776361466,-5.84129897462015,0.196699646825031
7.74816643242286,-5.77571428541844,0.202734179745816
7.80353427182203,-5.70944044644094,0.209007744256503
7.85817197708735,-5.64248334003199,0.215530865552821
7.91207019521472,-5.57484895369119,0.222314547404932
7.96521952108739,-5.5065433807862,0.229370292828658
8.01761049343955,-5.43757282130638,0.236710125462223
8.06923359061053,-5.36794358265937,0.244346611650212
8.12007922608262,-5.29766208051279,0.252292883233356
8.17013774379635,-5.22673483968351,0.260562661039306
8.21939941323633,-5.15516849507661,0.269170279065554
8.26785442428166,-5.08296979267671,0.278130709341285
8.31549288181449,-5.01014559059392,0.287459587449914
8.36230480008092,-4.93670286016719,0.297173238688534
8.40828009679859,-4.86264868712748,0.30728870483427
8.45340858700566,-4.78799027282361,0.317823771480661
8.49767997664631,-4.71273493551343,0.328796995899559
8.54108385588847,-4.63689011172308,0.340227735375575
8.58360969217011,-4.56046335767728,0.352136175950843
8.6252468229709,-4.48346235080343,0.364543361507606
8.66598444830717,-4.40589489131241,0.377471223104962
8.70581162294883,-4.32776890385918,0.390942608473795
8.74471724835802,-4.2490924392859,0.404981311560551
8.78269006435041,-4.16987367645065,0.419612101995926
8.81971864048156,-4.0901209241447,0.43486075434866
8.855791367162,-4.00984262310115,0.450754077007463
8.8908964465067,-3.92904734809788,0.467319940515479
8.92502188292623,-3.84774381015764,0.484587305161648
8.95815547346911,-3.76594085884791,0.502586247611692
8.99028479792715,-3.68364748468332,0.52134798633826
9.02139720871814,-3.60087282163299,0.540904905584905
9.05147982056306,-3.51762614973521,0.561290577571999
9.08051949997802,-3.43391689782166,0.582539782624395
9.10850285460453,-3.34975464635312,0.604688526870569
9.13541622240547,-3.26514913036827,0.627774057131167
9.161245660758,-3.18011024254718,0.651834872581222
9.18597693547902,-3.0946480363904,0.676910732734983
9.20959550982357,-3.00877272951455,0.703042661265244
9.23208653350165,-2.92249470706445,0.73027294513036
9.25343483176414,-2.83582452524183,0.758645128442011
9.27362489461486,-2.74877291494969,0.788204000465181
9.29264086621164,-2.66135078555116,0.818995577099164
9.31046653452612,-2.5735692287406,0.851067075144742
9.32708532133943,-2.48543952252447,0.884466878618405
9.34248027265792,-2.39697313530824,0.919244496329925
9.35663404964174,-2.30818173008492,0.955450509895163
9.36952892014699,-2.21907716871982,0.993136511312171
9.3811467509915,-2.129671516325,1.03235502918605
9.39146900106315,-2.03997704571581,1.07315944264726
9.40047671539966,-1.95000624194062,1.11560388197001
9.40815052037854,-1.85977180687335,1.15974311486266
9.41447062016644,-1.76928666385724,1.20563241737191
9.41941679458743,-1.67856396238654,1.25332742831794
9.4229683985809,-1.58761708281097,1.30288398615987
9.42510436343028,-1.49645964104644,1.35435794718093
9.42580319995509,-1.40510549327323,1.40780498388284
9.42504300386933,-1.31356874060087,1.46328036248959
9.42280146352026,-1.2218637336771,1.52083869848488
9.41905587023164,-1.13000507721571,1.58053368914581
9.41378313148549,-1.03800763441586,1.6424178220911
9.40695978718576,-0.945886531243198,1.70654205893569
9.39856202925521,-0.853657160540153,1.77295549323886
9.3885657248245,-0.761335185930636,1.84170498205104
9.37694644327797,-0.668936545481313,1.91283475050782
9.36367948742521,-0.576477455079082,1.98638596909091
9.34873992906962,-0.483974411481499,2.06239630337664
9.3321026492457,-0.391444194994146,2.14089943632538
9.31374238339414,-0.298903871726097,2.22192456343212
9.29363377173897,-0.206370795371882,2.30549586136057
9.27175141512226,-0.113862608465654,2.39163193102259
9.24806993654003,-0.0213972430506239,2.48034521644201
9.22256404860712,0.0710070792956127,2.57164140115772
9.19520862715793,0.163331848141567,2.66551878437528
9.16597879116544,0.255558265651923,2.76196763956822
9.13484998912998,0.347667248872752,2.86096955875813
9.10179809205403,0.439639432918937,2.96249678626418
9.06679949307749,0.531455175131922,3.06651154630379
9.02983121380038,0.623094560276609,3.17296536944236
8.9908710172662,0.714537406846311,3.28179842352487
8.94989752751874,0.80576327454429,3.39293885536797
8.90689035557861,0.896751473009309,3.5063021501398
8.86183023161258,0.987481071850886,3.62179051599383
8.81469914298916,1.0779309120574,3.73929230214256
8.76548047782888,1.16807961883682,3.85868145914102
8.71415917356621,1.25790561594563,3.97981705068545
8.66072186994445,1.34738714155617,4.10254282670103
8.60515706576461,1.43650226570673,4.22668686787782
8.54745527860558,1.52522890937112,4.35206131209621
8.48760920662764,1.61354486517641,4.47846217334413
8.42561389146446,1.70142781978821,4.60566926374728
8.3614668811033,1.78885537797214,4.73344622919285
8.29516839154944,1.87580508832889,4.86154070870703
8.22672146597195,1.96225447068758,4.9896846272311
8.15613212993507,2.04818104512867,5.11759463071471
8.08340954123521,2.13356236259306,5.2449726714965
8.00856613279004,2.21837603701891,5.37150675076267
7.93161774696591,2.30259977893171,5.49687182346061
7.85258375968462,2.38621143039638,5.62073086939642
7.77148719262402,2.46918900122357,5.74273613237161
7.68835481181915,2.55151070630491,5.86253052712553
7.603217210986,2.63315500393492,5.97974921156871
7.51610887792865,2.71410063496052,6.09402131934373
7.42706824245457,2.79432666258227,6.20497184516836
7.33613770431351,2.87381251261629,6.31222367274246
7.24336363979325,2.95253801401066,6.41539973228201
7.1487963857504,3.03048343939709,6.5141252720338
7.05249020002654,3.10762954544647,6.60803022548209
6.95450319739796,3.1839576127873,6.69675165344338
6.85489726042955,3.25944948523761,6.77993623792337
6.75373792484758,3.33408760809596,6.85724280254356
6.65109423930997,3.40785506523342,6.92834483259688
6.54703859973145,3.48073561472864,6.99293296642102
6.44164655861208,3.55271372279022,7.05071742883773
6.33499661011518,3.62377459571638,7.10143037694147
6.22716995194066,3.69390420965005,7.14482812856734
6.11825022533628,3.76308933789931,7.18069324435027
6.00832323487748,3.83131757560731,7.20883643541613
5.89747664991973,3.89857736157319,7.22909827041899
5.78579968988215,3.96485799704546,7.24135065783941
5.67338279575001,4.03014966133158,7.24549808215603
5.56031729038393,4.09444342409235,7.24147857565021
5.44669503038982,4.15773125421602,7.2292644111434
5.33260805243236,4.22000602519512,7.20886250482857
5.21814821696336,4.28126151695826,7.18031452245976
5.10340685238309,4.34149241413884,7.1436966864216
4.98847440265578,4.40069430079328,7.09911928551913
4.87344008136019,4.45886365161094,7.04672589361529
4.75839153507355,4.5159978196878,6.98669230740353
4.64341451886338,4.57209502096458,6.91922521754837
4.5285925864998,4.62715431545677,6.84456063107278
4.41400679780388,4.68117558543005,6.76296206614471
4.29973544532008,4.73415951069748,6.67471854325263
4.18585380224659,4.78610754123607,6.58014239911044
4.07243389328264,4.83702186733873,6.4795669514605
3.95954428976068,4.88690538753314,6.37334404422547
3.84724993013077,4.93576167451174,6.26184150319015
3.73561196655838,4.98359493932668,6.14544053257799
3.6246876380923,5.03040999411026,6.02453308254503
3.51453017055994,5.07621221358484,5.89951921677774
3.40518870305908,5.12100749562692,5.77080450809405
3.29670824064161,5.164802221148,5.63879748825859
3.18912963252985,5.20760321354981,5.50390717619253
3.08248957497318,5.24941769800451,5.36654070644735
2.976820637644,5.29025326080065,5.22710107728369
2.87215131228958,5.33011780898456,5.08598503501781
2.76850608220118,5.36901953051325,4.9435811085308
2.66590551093498,5.40696685512068,4.8002678050409
2.5643663486201,5.44396841608316,4.65641197547251
2.46390165411745,5.48003301305313,4.51236735506737
2.3645209312481,5.51516957611322,4.36847328231734
2.26623027728976,5.5493871311849,4.22505359689234
2.1690325419432,5.58269476690822,4.08241571502029
2.0729274949951,5.61510160309142,3.94084987877145
1.97791200094726,5.64661676081204,3.80062857392401
1.88398019894285,5.67724933423393,3.66200610954894
1.79112368639469,5.70700836418893,3.52521835115469
1.69933170480758,5.73590281355578,3.39048259817303
1.60859132638277,5.76394154445496,3.25799759574018
1.51888764009632,5.79113329726425,3.12794367012065
1.43020393605166,5.81748667144711,3.00048297672185
1.34252188701872,5.84301010817495,2.87575984943803
1.25582172618499,5.86771187471358,2.75390124002554
1.1700824202568,5.89160005053512,2.63501723632688
1.0852818371603,5.91468251510837,2.51920164841046
1.00139690769956,5.93696693731373,2.40653265205528
0.918403780633493,5.9584607664226,2.29707347946628
0.836277970732239,5.9791712245762,2.19087314763814
0.754994499467422,5.99910530069484,2.08796721537585
0.67452802807806,6.01826974574527,1.98837856061231
0.59485298283503,6.03667106929169,1.89211817032345
0.515943672401339,6.05431553725423,1.79918593601539
0.437774397253081,6.07120917079799,1.70957144843529
0.360319551186892,6.08735774627557,1.62325478582777
0.283553714993925,6.10276679614622,1.54020729071357
0.207451742428233,6.11744161079593,1.46039233079927
0.131988838639008,6.13138724118371,1.38376604023202
0.0571406312718901,6.14460850224157,1.31027803798495
-0.0171167655253442,6.15710997695717,1.23987212069694
-0.0908066939324516,6.16889602107105,1.17248692778934
-0.16395190184138,6.17997076832236,1.10805657714413
-0.236574498499901,6.19033813618036,1.04651127004929
-0.308695916106574,6.20000183200118,0.987777864500995
-0.380336877041491,6.208965359553,0.931780416296488
-0.451517366412573,6.21723202585542,0.878440687660112
-0.522256609595505,6.22480494828206,0.82767862341708
-0.592573054446251,6.23168706187861,0.779412794968679
-0.662484357868248,6.23788112685143,0.73356081252982
-0.732007376421445,6.24338973618526,0.690039706267544
-0.801158160667119,6.24821532335115,0.648766277129466
-0.869951952950581,6.25236017006896,0.609657418276375
-0.938403188333173,6.25582641409174,0.572630408135435
-1.00652549839529,6.2586160569816,0.53760317617191
-1.07433171764311,6.26073097184994,0.504494542540015
-1.14183389226338,6.26217291103708,0.473224432819452
-1.20904329098252,6.26294351370888,0.443714069075205
-1.27597041779866,6.26304431335029,0.415886138496104
-1.34262502636754,6.26247674513804,0.389664940874049
-1.40901613583571,6.2612421531767,0.364976516182194
-1.47515204792684,6.25934179758421,0.341748753498208
-1.54104036509917,6.25677686141518,0.319911482499209
-1.60668800960409,6.25354845741156,0.29939654872922
-1.67210124328787,6.24965763457222,0.280137873809166
-1.73728568798962,6.24510538453442,0.262071501724319
-1.80224634639995,6.23989264776138,0.245135632285609
-1.86698762325547,6.2340203195317,0.2292706428201
-1.93151334675443,6.22748925572744,0.214419099102769
-1.99582679008878,6.22030027841871,0.200525756497134
-2.05993069299742,6.21245418124372,0.187537552226774
-2.12382728325418,6.20395173458416,0.175403589653743
-2.18751829801296,6.19479369053646,0.164075115393719
-2.25100500494004,6.18498078768033,0.153505490051784
-2.31428822307171,6.17451375564671,0.1436501533172
-2.37736834334227,6.1633933194876,0.134466584110769
-2.4402453487341,6.15162020385105,0.125914256434437
-2.50291883400817,6.13919513696489,0.117954591529959
-2.56538802497893,6.12611885443315,0.110550906911761
-2.62765179730312,6.11239210284956,0.103668362798764
-2.6897086947572,6.09801564323276,0.0972739064309626
-2.75155694698271,6.08299025428806,0.0913362147189669
-2.81319448668334,6.06731673550081,0.0858256356387139
-2.87461896626129,6.05099591006668,0.0807141287489998
-2.93582777388448,6.03402862766408,0.0759752051765441
-2.99681804897914,6.01641576707414,0.0715838673818855
-3.05758669714567,5.99815823865378,0.0675165489895808
-3.11813040449818,5.97925698666732,0.0637510549378962
-3.17844565143074,5.95971299148206,0.0602665021764524
-3.23852872581549,5.93952727163327,0.0570432611150739
-3.29837573563982,5.91870088576413,0.0540628980033793
-3.35798262109135,5.89723493444568,0.0513081183984103
-3.41734516610133,5.87513056188227,0.0487627118567799
-3.47645900935805,5.85238895750752,0.0464114979684088
-3.53531965480314,5.82901135747576,0.0442402738308544
-3.59392248162457,5.804999046054,0.0422357630464871
-3.65226275376098,5.78035335691909,0.0403855663092849
-3.71033562893255,5.75507567436467,0.0386781136337521
-3.76813616721423,5.72916743442253,0.0371026182653724
-3.82565933916729,5.70263012590256,0.035649032300039
-3.88290003354584,5.6754652913555,0.0343080040290013
-3.9398530645946,5.64767452796264,0.0330708370159901
-3.99651317895466,5.6192594883561,0.0319294509042808
-4.0528750621939,5.5902218813736,0.0308763439434609
-4.10893334497826,5.56056347275116,0.0299045572185598
-4.16468260890053,5.53028608575711,0.0290076405578956
-4.22011739198241,5.49939160177074,0.0281796200904737
-4.27523219386588,5.46788196080854,0.0274149674189648
-4.33002148070915,5.43575916200102,0.0267085703701617
-4.38447968980242,5.40302526402292,0.0260557052813131
-4.43860123391805,5.36968238547942,0.0254520107778107
-4.49238050540944,5.33573270525079,0.024893462995326
-4.54581188007237,5.30117846279801,0.0243763521976043
-4.59888972078221,5.26602195843134,0.0238972607396924
-4.65160838091971,5.23026555354424,0.0234530423253561
-4.70396220759786,5.1939116708143,0.023040802506802
-4.75594554470159,5.15696279437341,0.0226578803745181
-4.80755273575159,5.11942146994856,0.0223018313850476
-4.85877812660322,5.0812903049752,0.0219704112747908
-4.90961606799077,5.04257196868455,0.021661561008447
-4.96006091792685,5.00326919216633,0.0213733927114421
-5.01010704396643,4.96338476840835,0.0211041765366042
-5.05974882534419,4.92292155231409,0.020852328416428
-5.10898065499379,4.88188246069954,0.0206163986534865
-5.15779694145683,4.84027047227038,0.0203950613028749
-5.20619211068917,4.79808862758056,0.0201871043019978
-5.25416060777151,4.75534002897312,0.0199914203045109
-5.30169689853105,4.71202784050432,0.0198069981767845
-5.34879547108039,4.66815528785168,0.0196329151168615
-5.39545083727957,4.62372565820696,0.019468329357508
-5.44165753412679,4.57874230015456,0.0193124734166061
-5.48741012508292,4.5332086235361,0.0191646478597849
-5.53270320133461,4.48712809930182,0.0190242155418358
-5.57753138300061,4.44050425934928,0.0188905962950874
-5.62188932028528,4.39334069634998,0.0187632620345243
-5.66577169458346,4.34564106356427,0.0186417322510181
-5.70917321954008,4.29740907464513,0.01852556986558
-5.75208864206809,4.24864850343109,0.0184143774190544
-5.79451274332761,4.19936318372883,0.0183077935731339
-5.83644033966951,4.14955700908561,0.0182054898999907
-5.87786628354572,4.09923393255207,0.0181071679391862
-5.91878546438909,4.04839796643554,0.0180125565018343
-5.95919280946486,3.99705318204425,0.0179214092032538
-5.99908328469594,3.94520370942251,0.0178335022065528
-6.03845189546396,3.89285373707742,0.0177486321607385
-6.07729368738774,3.84000751169691,0.0176666143180454
-6.11560374708101,3.78666933785972,0.0175872808162156
-6.15337720289071,3.73284357773718,0.0175104791124559
-6.19060922561738,3.67853465078716,0.0174360705567305
-6.22729502921875,3.62374703344027,0.0173639290929361
-6.26342987149782,3.56848525877843,0.0172939400773368
-6.29900905477643,3.51275391620605,0.0172259992044232
-6.3340279265552,3.45655765111381,0.0171600115310986
-6.3684818801608,3.39990116453528,0.0170958905907852
-6.40236635538134,3.34278921279641,0.0170335575896921
-6.43567683909054,3.28522660715797,0.0169729406780947
-6.46840886586131,3.2272182134512,0.0169139742900377
-6.50055801856944,3.16876895170648,0.0168565985454043
-6.53211992898779,3.10988379577541,0.0168007587087834
-6.56309027837155,3.05056777294613,0.0167464047000238
-6.59346479803497,2.9908259635521,0.016693490651788
-6.62323926991991,2.93066350057433,0.0166419745098109
-6.6524095271566,2.87008556923725,0.0165918176719326
-6.68097145461689,2.80909740659805,0.0165429846623107
-6.70892098946028,2.74770430112984,0.0164954428375272
-6.73625412167292,2.68591159229843,0.0164491621215946
-6.76296689459986,2.62372467013301,0.0164041147671249
-6.78905540547072,2.56114897479058,0.0163602751401734
-6.81451580591892,2.49818999611433,0.0163176195264875
-6.83934430249458,2.43485327318595,0.0162761259571007
-6.86353715717131,2.37114439387197,0.016235774051395
-6.88709068784697,2.30706899436411,0.0161965448759324
-6.91000126883837,2.24263275871373,0.0161584208175083
-6.93226533137016,2.17784141836047,0.0161213854690293
-6.95387936405787,2.11270075165505,0.0160854235269453
-6.97483991338519,2.04721658337629,0.0160505206990894
-6.99514358417547,1.98139478424244,0.0160166636218848
-7.01478704005761,1.91524127041684,0.0159838397859827
-7.03376700392614,1.84876200300796,0.0159520374694804
-7.05208025839579,1.78196298756383,0.015921245677957
-7.06972364625032,1.71485027356097,0.0158914540906344
-7.08669407088567,1.64742995388782,0.0158626530120425
-7.10298849674755,1.57970816432275,0.015834833328627
-7.11860394976335,1.5116910830066,0.0158079864697974
-7.13353751776828,1.44338492990995,0.0157821043729579
-7.14778635092598,1.37479596629509,0.015757179452117
-7.16134766214329,1.30593049417263,0.0157332045697061
-7.17421872747939,1.23679485575302,0.0157101730112793
-7.18639688654913,1.16739543289282,0.0156880784627984
-7.19787954292061,1.09773864653592,0.0156669149902385
-7.20866416450693,1.02783095614961,0.0156466770212766
-7.21874828395213,0.95767885915571,0.015627359328849
-7.22812949901126,0.887288890356676,0.0156089570163891
-7.2368054729245,0.816667621356803,0.0155914655045735
-7.24477393478541,0.745821659978543,0.0155748805194239
-7.25203267990314,0.674757649674009,0.0155591980816286
-7.2585795701587,0.603482268931697,0.015544414496962
-7.2644125343551,0.532002230678488,0.0155305263476925
-7.26952956856151,0.460324281676975,0.0155175304848821
-7.27392873645116,0.388455201918176,0.0155054240214909
-7.27760816963323,0.316401804009669,0.0154942043262084
-7.28056606797842,0.244170932559222,0.0154838690179438
-7.28280069993833,0.171769463553952,0.015474415960913
-7.28431040285861,0.0992043037350816,0.0154658432602679
-7.28509358328569,0.0264823899683393,0.0154581492582191
-7.28514871726722,-0.0463893113899422,0.0154513325306092
-7.28447435064615,-0.119403805130969,0.0154453918838972
-7.28306909934829,-0.192554067835818,0.0154403263525209
-7.28093164966349,-0.265833048521905,0.0154361351966064
-7.27806075852024,-0.339233669293522,0.0154328178999975
-7.2744552537538,-0.412748825996401,0.0154303741685819
-7.27011403436767,-0.486371388876235,0.0154288039288923
-7.26503607078848,-0.560094203241098,0.0154281073269644
-7.25922040511429,-0.63391009012772,0.015428284727435
-7.25266615135607,-0.707811846971537,0.0154293367128651
-7.24537249567254,-0.781792248280469,0.015431264083277
-7.23733869659826,-0.855844046312371,0.0154340678558915
-7.22856408526489,-0.929959971756079,0.0154377492650587
-7.21904806561561,-1.00413273441601,0.0154423097623701
-7.20879011461271,-1.07835502390022,0.0154477510169484
-7.19778978243831,-1.15261951031194,0.0154540749159055
-7.18604669268806,-1.2269188449444,0.0154612835649647
-7.17356054255799,-1.301245660979,0.0154693792892427
-7.1603311030243,-1.37559257418668,0.0154783646341859
-7.14635821901617,-1.44995218363249,0.0154882423666594
-7.13164180958149,-1.52431707238325,0.0154990154761853
-7.11618186804551,-1.59867980821822,0.015510687176328
-7.09997846216244,-1.67303294434284,0.0155232609062247
-7.08303173425982,-1.74736902010523,0.0155367403322613
-7.06534190137582,-1.8216805617157,0.0155511293498905
-7.04690925538931,-1.8959600829689,0.0155664320855947
-7.02773416314268,-1.97020008596879,0.0155826528989907
-7.00781706655747,-2.04439306185616,0.015599796385079
-6.98715848274276,-2.11853149153879,0.0156178673766369
-6.96575900409615,-2.19260784642413,0.0156368709467564
-6.94361929839756,-2.26661458915433,0.0156568124115292
-6.92074010889566,-2.34054417434379,0.0156776973328784
-6.89712225438685,-2.41438904931887,0.0156995315215407
-6.87276662928702,-2.4881416548599,0.0157223210401997
-6.84767420369576,-2.5617944259454,0.0157460722067721
-6.82184602345325,-2.63533979249831,0.0157707915978511
-6.79528321018968,-2.70877018013429,0.0157964860523077
-6.76798696136722,-2.78207801091201,0.0158231626750534
-6.73995855031449,-2.8552557040852,0.0158508288409683
-6.71119932625356,-2.92829567685672,0.0158794921989957
-6.68171071431948,-3.00119034513413,0.0159091606764097
-6.65149421557221,-3.07393212428714,0.0159398424832561
-6.62055140700108,-3.14651342990653,0.0159715461169734
-6.58888394152167,-3.21892667856466,0.0160042803671967
-6.55649354796515,-3.29116428857738,0.0160380543207485
-6.52338203105997,-3.36321868076737,0.0160728773668222
-6.4895512714061,-3.43508227922878,0.0161087592023618
-6.45500322544152,-3.50674751209305,0.0161457098376437
-6.41973992540123,-3.578206812296,0.0161837396020657
-6.38376347926856,-3.64945261834588,0.0162228591501485
-6.34707607071888,-3.7204773750925,0.0162630794677554
-6.30967995905569,-3.79127353449734,0.0163044118785364
-6.27157747913906,-3.86183355640439,0.0163468680506035
-6.23277104130642,-3.93214990931196,0.0163904600034425
-6.19326313128573,-4.00221507114503,0.0164352001150688
-6.15305631010091,-4.07202153002833,0.0164811011294352
-6.11215321396975,-4.14156178506001,0.0165281761640976
-6.07055655419403,-4.21082834708572,0.0165764387181465
-6.02826911704202,-4.27981373947312,0.0166259026804143
-5.98529376362338,-4.3485104988868,0.0166765823379636
-5.94163342975629,-4.41691117606337,0.0167284923848684
-5.897291125827,-4.48500833658677,0.016781647931295
-5.85226993664165,-4.55279456166367,0.0168360645128926
-5.80657302127051,-4.62026244889897,0.0168917581005049
-5.76020361288451,-4.68740461307116,0.0169487451102102
-5.71316501858412,-4.7542136869076,0.0170070424137036
-5.66546061922059,-4.8206823218596,0.0170666673490298
-5.6170938692096,-4.88680318887728,0.0171276377316799
-5.56806829633715,-4.95256897918392,0.0171899718660633
-5.518387501558,-5.01797240505008,0.0172536885573671
-5.46805515878633,-5.08300620056707,0.0173188071238168
-5.41707501467887,-5.14766312241987,0.0173853474093508
-5.36545088841046,-5.21193595065943,0.0174533297967231
-5.31318667144195,-5.27581748947418,0.0175227752210496
-5.26028632728059,-5.33930056796075,0.017593705183812
-5.20675389123281,-5.40237804089378,0.017666141767336
-5.15259347014948,-5.46504278949481,0.0177401076497596
-5.09780924216367,-5.52728772220002,0.0178156261205098
-5.04240545642082,-5.58910577542696,0.0178927210963042
-4.98638643280148,-5.65048991433997,0.0179714171376967
-4.92975656163652,-5.71143313361444,0.018051739466187
-4.87252030341492,-5.77192845819956,0.018133713981914
-4.81468218848411,-5.83196894407979,0.0182173672819527
-4.75624681674286,-5.89154767903472,0.0183027266792385
-4.69721885732678,-5.95065778339734,0.0183898202221405
-4.63760304828649,-6.00929241081072,0.0184786767147076
-4.5774041962584,-6.06744474898284,0.0185693257376115
-4.51662717612814,-6.1251080204397,0.0186617976698143
-4.45527693068673,-6.18227548327648,0.0187561237109848
-4.39335847027947,-6.23894043190668,0.0188523359046932
-4.3308768724476,-6.29509619780935,0.0189504671624129
-4.26783728156265,-6.35073615027404,0.0190505512883595
-4.20424490845376,-6.4058536971436,0.019152623005198
-4.14010503002768,-6.46044228555476,0.0192567179806526
-4.0754229888818,-6.51449540267629,0.0193628728550518
-4.01020419290995,-6.56800657644471,0.0194711252698452
-3.94445411490126,-6.62096937629755,0.0195815138971301
-3.87817829213193,-6.67337741390398,0.0196940784702248
-3.81138232595004,-6.72522434389286,0.0198088598153309
-3.74407188135345,-6.7765038645779,0.0199258998843267
-3.67625268656069,-6.82720971868021,0.020045241788734
-3.60793053257514,-6.87733569404781,0.0201669298349073
-3.53911127274225,-6.92687562437226,0.0202910095604906
-3.46980082230007,-6.97582338990222,0.0204175277721934
-3.40000515792295,-7.02417291815396,0.0205465325849379
-3.3297303172587,-7.07191818461864,0.0206780734624318
-3.25898239845893,-7.11905321346635,0.0208122012592241
-3.18776755970293,-7.16557207824682,0.0209489682643023
-3.11609201871492,-7.2114689025868,0.0210884282462943
-3.04396205227489,-7.25673786088385,0.0212306365003398
-2.97138399572287,-7.30137317899671,0.0213756498966973
-2.89836424245694,-7.34536913493195,0.0215235269311601
-2.82490924342482,-7.38872005952705,0.0216743277773523
-2.75102550660923,-7.43142033712966,0.0218281143409847
-2.676719596507,-7.47346440627299,0.0219849503161494
-2.60199813360202,-7.51484676034746,0.0221449012437383
-2.52686779383209,-7.55556194826818,0.0223080345720732
-2.45133530804976,-7.59560457513864,0.0224744197198405
-2.37540746147718,-7.63496930291004,0.0226441281414255
-2.299091093155,-7.67365085103669,0.0228172333947482
-2.22239309538548,-7.71164399712703,0.0229938112117058
-2.14532041316985,-7.7489435775904,0.023173939571331
-2.06788004363988,-7.78554448827943,0.0233576987757826
-1.99007903548391,-7.82144168512802,0.023545171529289
-1.91192448836729,-7.85663018478478,0.0237364430201695
-1.83342355234733,-7.89110506524199,0.0239316010060666
-1.75458342728291,-7.92486146645983,0.024130735902527
-1.67541136223871,-7.95789459098602,0.0243339408750762
-1.5959146548842,-7.99019970457063,0.0245413119349374
-1.51610065088758,-8.02177213677615,0.0247529480385543
-1.43597674330456,-8.05260728158265,0.0249689511910828
-1.35555037196219,-8.08270059798798,0.0251894265540256
-1.27482902283783,-8.11204761060307,0.0254144825571923
-1.19382022743332,-8.14064391024208,0.0256442310151748
-1.1125315621445,-8.16848515450752,0.025878787248539
-1.03097064762606,-8.19556706837015,0.0261182702099402
-0.949145148151991,-8.22188544474369,0.0263628026153835
-0.86706277097159,-8.24743614505428,0.0266125110808582
-0.784731265661235,-8.27221509980455,0.0268675262645862
-0.702158423471969,-8.29621830913237,0.0271279830151388
-0.619352076673053,-8.31944184336412,0.027394020525685
-0.536320097891576,-8.34188184356253,0.0276657824946496
-0.453070399448263,-8.36353452206892,0.0279434172930725
-0.36961093268959,-8.38439616303993,0.028227078138973
-0.285949687316343,-8.40446312297854,0.0285169232790414
-0.202094690708754,-8.42373183125954,0.028813116177992
-0.118054007248334,-8.4421987906491,0.0291158257159298
-0.0338357376365632,-8.45986057781875,0.0294252263941029
0.0505519817894294,-8.47671384385345,0.0297414985494244
0.135100979744053,-8.49275531475386,0.030064828578175
0.219803050683143,-8.50798179193269,0.030395409169311
0.304649955496408,-8.52239015270514,0.0307334395478261
0.389633422202256,-8.53597735077339,0.0310791257286393
0.474745146644853,-8.54874041670509,0.0314326807815016
0.559976793193218,-8.56067645840579,0.0317943251074407
0.6453199954422,-8.57178266158535,0.0321642867272888
0.730766356915129,-8.58205629021822,0.0325428015828652
0.816307451767973,-8.59149468699767,0.0329301138514151
0.901934825494782,-8.60009527378374,0.0333264762739348
0.987639995634234,-8.60785555204518,0.033732150498047
1.07341445247706,-8.61477310329508,0.0341474074361222
1.15924965977414,-8.62084558952036,0.034572527639378
1.24513705544502,-8.62607075360496,0.0350078016887245
1.33106805228667,-8.63044641974685,0.0354535306031638
1.41703403868217,-8.63397049386873,0.0359100262665924
1.50302637930913,-8.63664096402252,0.0363776118738978
1.58903641584753,-8.63845590078748,0.0368566223972878
1.6750554676868,-8.63941345766214,0.0373474050738356
1.76107483263175,-8.63951187144988,0.0378503199152788
1.84708578760713,-8.63874946263826,0.0383657402411581
1.93307958936048,-8.637124635772,0.0388940532364415
2.01904747516304,-8.6346358798198,0.0394356605348367
2.10498066350821,-8.63128176853477,0.039990978829055
2.19087035480748,-8.62706096080863,0.040560440509357
2.27670773208323,-8.62197220101977,0.0411444943317773
2.36248396165819,-8.61601431937492,0.0417436061174984
2.44819019384114,-8.60918623224476,0.0423582594849169
2.53381756360839,-8.60148694249328,0.0429889566160289
2.61935719128077,-8.59291553980103,0.0436362190588406
2.70480018319551,-8.58347120098231,0.0443005885676016
2.79013763237272,-8.57315319029616,0.0449826279827477
2.87536061917595,-8.5619608597515,0.0456829221525404
2.96046021196632,-8.54989364940617,0.0464020788984898
3.0454274677497,-8.53695108766013,0.0471407300267565
3.1302534328165,-8.52313279154275,0.0478995323878399
3.21492914337344,-8.5084384669944,0.0486791689869813
3.29944562616665,-8.49286790914218,0.0494803501478305
3.38379389909574,-8.47642100257017,0.0503038147320606
3.46796497181794,-8.45909772158398,0.0511503314177491
3.55194984634179,-8.44089813046997,0.0520207000394908
3.63573951760972,-8.42182238374894,0.0529157529933564
3.71932497406869,-8.40187072642475,0.0538363567099736
3.80269719822825,-8.38104349422759,0.0547834131991711
3.88584716720517,-8.35934111385238,0.0557578616698029
3.96876585325383,-8.33676410319214,0.0567606802285528
4.05144422428154,-8.31331307156672,0.0577928876617131
4.13387324434789,-8.28898871994675,0.0588555453041307
4.2160438741471,-8.26379184117331,0.0599497589997279
4.29794707147255,-8.23772332017312,0.0610766811582248
4.37957379166233,-8.21078413416974,0.0622375129129212
4.46091498802476,-8.18297535289073,0.0634335063846411
4.54196161224283,-8.15429813877119,0.0646659670571931
4.62270461475624,-8.12475374715364,0.0659362562699663
4.70313494511997,-8.09434352648467,0.0672457938335593
4.78324355233796,-8.06306891850851,0.0685960607746261
4.86302138517057,-8.03093145845775,0.0699886022164264
4.94245939241447,-7.99793277524154,0.071425030401882
5.02154852315339,-7.96407459163145,0.0729070278662664
5.10027972697824,-7.92935872444543,0.0744363507669999
5.17864395417492,-7.89378708473001,0.0760148323783723
5.25663215587817,-7.85736167794121,0.0776443867593889
5.33423528418961,-7.82008460412441,0.0793270126033154
5.41144429225813,-7.78195805809365,0.0810647972778968
5.48825013432074,-7.74298432961055,0.0828599210656351
5.56464376570169,-7.70316580356358,0.08471466161394
5.64061614276785,-7.66250496014771,0.0866313986054044
5.71615822283798,-7.62100437504526,0.088612618658915
5.79126096404367,-7.57866671960815,0.0906609204727744
5.8659153251394,-7.53549476104222,0.0927790202214959
5.94011226525912,-7.49149136259407,0.0949697572184294
6.01384274361681,-7.44665948374098,0.0972360998568831
6.08709771914799,-7.40100218038448,0.0995811518429282
6.15986815008939,-7.35452260504827,0.102008158733607
6.23214499349369,-7.30722400708103,0.104520514794804
6.30391920467601,-7.25910973286477,0.107121770193588
6.3751817365889,-7.2101832260296,0.109815638540401
6.44592353912226,-7.16044802767551,0.11260600479701
6.51613555832453,-7.10990777660194,0.115496933566729
6.58580873554137,-7.05856620954614,0.11849267778396
6.65493400646775,-7.00642716143092,0.121597687820671
6.72350230010941,-6.95349456562294,0.124816621027995
6.79150453764922,-6.89977245420233,0.128154351731652
6.85893163121404,-6.84526495824472,0.131615981700464
6.92577448253735,-6.78997630811664,0.135206851107695
6.99202398151265,-6.73391083378554,0.13893255000548
7.05767100463279,-6.67707296514539,0.142798930333027
7.12270641330965,-6.61946723235918,0.14681211847971
7.18712105206893,-6.56109826621954,0.150978528424512
7.25090574661429,-6.50197079852883,0.155304875473629
7.31405130175484,-6.44208966249999,0.159798190618251
7.37654849919006,-6.3814597931797,0.164465835534726
7.43838809514577,-6.32008622789529,0.169315518249388
7.49956081785455,-6.25797410672694,0.174355309490319
7.56005736487405,-6.19512867300691,0.179593659748148
7.61986840023614,-6.13155527384743,0.185039417067744
7.67898455141987,-6.06725936069902,0.190701845592235
7.73739640614086,-6.00224648994122,0.196590644880154
7.79509450894962,-5.93652232350751,0.202715970015781
7.85206935763123,-5.87009262954659,0.209088452531686
7.90831139939836,-5.802963283122,0.215719222161272
7.96381102686982,-5.73514026695234,0.222619929437577
8.01855857382642,-5.66662967219429,0.229802769152768
8.07254431073592,-5.59743769927094,0.23728050469063
8.12575844003879,-5.52757065874761,0.245066493241782
8.17819109118635,-5.45703497225799,0.253174711908452
8.22983231542299,-5.38583717348296,0.261619784702232
8.28067208030392,-5.31398390918498,0.270417010434338
8.33070026394024,-5.24148194030081,0.27958239149347
8.37990664896313,-5.16833814309532,0.289132663501324
8.4282809161989,-5.09455951037958,0.299085325830108
8.47581263804726,-5.02015315279611,0.309458672959995
8.52249127155508,-4.94512630017456,0.320271826647254
8.56830615117849,-4.8694863029609,0.331544768865753
8.61324648122658,-4.79324063372362,0.343298375475537
8.65730132798048,-4.71639688874012,0.355554450562254
8.70045961148221,-4.63896278966685,0.368335761380092
8.74271009698857,-4.56094618529664,0.381666073818749
8.78404138608614,-4.48235505340684,0.395570188301416
8.82444190746451,-4.40319750270171,0.410073976006004
8.8638999073462,-4.32348177485287,0.425204415285571
8.9024034395727,-4.24321624664129,0.440989628146124
8.93994035534824,-4.16240943220456,0.45745891662057
8.97649829264397,-4.08106998539303,0.47464279885644
9.01206466526771,-3.99920670223833,0.492573044712026
9.04662665160642,-3.91682852353802,0.511282710630678
9.08017118305099,-3.83394453755958,0.530806173536057
9.11268493211589,-3.75056398286731,0.55117916346211
9.14415430026892,-3.66669625127518,0.572438794600244
9.17456540549017,-3.58235089092893,0.594623594412674
9.20390406958248,-3.49753760951996,0.617773530424999
9.23215580526019,-3.41226627763396,0.641930034272793
9.25930580304723,-3.32654693223642,0.667136022536258
9.28533891802061,-3.24038978029701,0.693435913853814
9.31023965644056,-3.15380520255464,0.72087564175989
9.33399216231459,-3.06680375742414,0.749502662644147
9.35658020394872,-2.97939618504544,0.779365958179056
9.37798716054635,-2.89159341147531,0.810516031510199
9.39819600892209,-2.80340655302102,0.843004896449121
9.41718931040611,-2.71484692071492,0.87688605885218
9.43494919802279,-2.62592602492764,0.912214489310972
9.45145736403666,-2.53665558011722,0.949046586220886
9.46669504796794,-2.44704750971006,0.987440128234591
9.48064302519053,-2.35711395110885,1.02745421504739
9.4932815962357,-2.26686726082123,1.06914919540191
9.50459057693638,-2.17632001970167,1.11258658114139
9.51454928955877,-2.08548503829773,1.15782894608484
9.52313655508022,-1.99437536229015,1.20493980844412
9.5303306867857,-1.9030042780147,1.25398349545458
9.53610948536807,-1.81138531805188,1.30502498884751
9.54045023573144,-1.71953226686839,1.35812974975688
9.54332970571099,-1.62745916649259,1.41336352162523
9.5447241469364,-1.53518032220356,1.47079210965721
9.54460929808116,-1.44271030821121,1.53048113536495
9.5429603907535,-1.35006397330215,1.59249576476015
9.53975215829937,-1.25725644642371,1.65690040877603
9.53495884780103,-1.16430314217511,1.72375839454984
9.52855423556848,-1.07121976617243,1.79313160626729
9.52051164643238,-0.978022320250387,1.86508009436628
9.51080397715882,-0.884727107461126,1.93966165202188
9.49940372431551,-0.791350736826615,2.01693135799097
9.48628301692697,-0.697910127797934,2.0969410850864
9.47141365426196,-0.604422514371226,2.17973897378006
9.45476714909946,-0.510905448806519,2.26536887070537
9.43631477682002,-0.417376804892037,2.35386973214488
9.41602763066555,-0.323854780693062,2.4452749929515
9.39387668350416,-0.230357900720883,2.53961190176373
9.36983285642441,-0.13690501745391,2.63690082383935
9.34386709446747,-0.0435153121397445,2.73715451334862
9.31595044978335,0.0497917051961479,2.84037735753869
9.28605417246953,0.142996196612369,2.94656459580473
9.25414980931594,0.236077998063937,3.05570151737909
9.22020931063845,0.329016622247028,3.16776264207569
9.18420514533446,0.421791262559882,3.2827108892971
9.14611042423675,0.514380798264807,3.40049674132281
9.10589903177683,0.606763800936908,3.52105740773982
9.06354576589518,0.698918542285006,3.64431599874219
9.01902648605328,0.790823003429424,3.77018071590284
8.97231826911097,0.882454885719534,3.89854406989494
8.92339957273296,0.973791623171287,4.02928213549526
8.87225040587997,1.06481039660122,4.16225385501939
8.81885250582389,1.15548814952852,4.29730040209889
8.76318952100315,1.2458016059107,4.43424461838889
8.7052471989049,1.33572728977107,4.57289053636834
8.64501357802635,1.42524154676741,4.71302300183646
8.58247918282914,1.51432056774137,4.85440740999142
8.51763722046138,1.60294041427634,4.99678956907263
8.45048377788179,1.69107704627901,5.13989570542844
8.38101801788362,1.77870635158502,5.28343262350995
8.30924237238395,1.86580417757397,5.4270880336639
8.23516273121962,1.95234636476143,5.57053105968097
8.15878862457808,2.03830878231793,5.71341293683255
8.08013339709176,2.12366736544513,5.85536790958572
7.99921437154286,2.2083981545192,5.99601433631613
7.91605300006395,2.29247733589056,6.13495600614197
7.83067500068172,2.37588128420722,6.27178367048861
7.7431104770409,2.45858660610737,6.40607678918049
7.65339401916395,2.5405701851047,6.53740548777225
7.56156478315322,2.62180922746855,6.66533271951435
7.46766654782811,2.70228130888003,6.78941662184696
7.37174774641082,2.78196442162505,6.90921305369021
7.27386147153272,2.86083702206697,7.02427829611675
7.17406545202841,2.93887807812438,7.13417189533152
7.07242200021603,3.01606711646496,7.23845962332766
6.96899792862865,3.09238426911403,7.33671652822614
6.8638644354603,3.16781031916681,7.42853004323098
6.75709695831772,3.2423267452871,7.51350312043389
6.64877499622143,3.31591576467219,7.59125735347098
6.53898190017189,3.3885603741643,7.66143605135087
6.42780463298201,3.46024438919334,7.72370722471247
6.31533349947087,3.5309524802442,7.77776644539186
6.20166184850596,3.60067020655408,7.82333954052624
6.08688574876742,3.66938404676142,7.86018508352694
5.9711036404782,3.73708142624841,7.88809664612028
5.85441596569214,3.80375074094245,7.9069047782724
5.73692478004993,3.86938137736917,7.91647868614636
5.61873334919389,3.93396372877969,7.91672758223274
5.49994573327025,3.99748920720784,7.90760168637034
5.38066636313687,4.05995025134772,7.88909286144002
5.2609996120303,4.121340330179,7.86123487295929
5.14104936652614,4.18165394230509,7.82410326750865
5.02091860064826,4.24088661100794,7.77781487074962
4.90070895694555,4.29903487506131,7.72252691161607
4.78052033825995,4.35609627538283,7.65843578493866
4.6604505137583,4.41206933764131,7.58577547016727
4.54059474259754,4.46695355097114,7.5048156288669
4.42104541834108,4.52074934297832,7.41585940816909
4.3018917369504,4.57345805125275,7.31924098127133
4.18321939084575,4.62508189162864,7.2153228593157
4.06511029117117,4.67562392345836,7.10449301149167
3.94764232001789,4.72508801218527,6.98716183196326
3.83088911396626,4.77347878951708,6.86375899320655
3.71491987990509,4.8208016115136,6.73473022556979
3.59979924368833,4.86706251491095,6.60053406236361
3.48558713179789,4.91226817200846,6.46163858860181
3.37233868580558,4.95642584444527,6.31851822970408
3.26010420907196,4.9995433361899,6.17165061411729
3.14892914479112,5.04162894605996,6.02151354099423
3.03885408419138,5.082691420079,5.86858208087868
2.92991480343661,5.12273990396498,5.71332583387511
2.8221423275434,5.16178389602963,5.55620636612452
2.71556301943712,5.19983320075082,5.39767484165263
2.61019869211559,5.23689788326068,5.2381698628896
2.5060667417722,5.27298822497217,5.07811552945786
2.40318029965064,5.3081146805449,4.9179197212561
2.30154840035763,5.34228783636917,4.75797260849143
2.2011761643484,5.37551837072449,4.59864538817858
2.10206499231707,5.40781701574643,4.44028924377044
2.00421276926941,5.43919452131352,4.28323452203878
1.90761407612469,5.469661620944,4.12779011910305
1.81226040678304,5.49922899977145,3.97424306561877
1.71814038870237,5.52790726464833,3.82285829958393
1.62524000515004,5.55570691640749,3.67387861399553
1.53354281742708,5.58263832429408,3.52752476567509
1.44303018550243,5.60871170256405,3.38399573096207
1.35368148564022,5.63393708923047,3.24346909362661
1.26547432375016,5.65832432692524,3.1061015502503
1.17838474333897,5.68188304583213,2.97202951844072
1.09238742708577,5.70462264863596,2.84136983355117
1.00745589120655,5.72655229742408,2.71422052004625
0.92356267190868,5.74768090246811,2.59066162425564
0.840679503366768,5.76801711280767,2.47075609596851
0.758777486773105,5.78756930855247,2.35455070711273
0.677827250130497,5.80634559481503,2.24207699661418
0.597799098560599,5.82435379718356,2.1333522314205
0.518663154997463,5.84160145864229,2.02838037458203
0.440389491223472,5.85809583784565,1.92715305219431
0.362948249283188,5.8738439086525,1.82965051190654
0.286309753380123,5.88885236082699,1.73584256657829
0.210444612422309,5.90312760181402,1.64568951751139
0.135323813435112,5.91667575949884,1.55914305248899
0.0609188061044729,5.92950268586257,1.47614711461255
-0.0127984212488545,5.94161396144822,1.39663873863651
-0.0858552739329942,5.95301490055465,1.32054885215607
-0.158278491031287,5.96371055707922,1.24780303960575
-0.230094093057578,5.97370573093337,1.17832226757337
-0.301327336733578,5.98300497495909,1.1120235704277
-0.372002676492947,5.99161260227786,1.04882069569872
-0.442143732312466,5.99953269400776,0.988624709039823
-0.511773263470078,6.00676910728793,0.931344558943007
-0.580913147832241,6.0133254835539,0.876887601675035
-0.649584366278433,6.01920525701072,0.825160087156244
-0.717806991878502,6.02441166325486,0.776067606718623
-0.785600183448355,6.02894774799958,0.729515503858272
-0.852982183120928,6.03281637586177,0.685409249242934
-0.919970317582221,6.03602023917214,0.643654781351049
-0.98658100263604,6.03856186677376,0.604158814207724
-1.05282975077571,6.04044363277719,0.566829113748056
-1.11873118145635,6.04166776524355,0.531574744382142
-1.18429903377679,6.0422363547699,0.498306287361479
-1.24954618129617,6.04215136295398,0.466936032555616
-1.31448464872599,6.04141463071793,0.437378145243198
-1.3791256302542,6.04002788647324,0.409548809504879
-1.44347950927357,6.03799275411145,0.383366349778861
-1.5075558793018,6.03531076080721,0.358751332104732
-1.57136356589565,6.03198334462238,0.335626646539271
-1.63491064937624,6.02801186190184,0.313917572180341
-1.69820448819623,6.02339759445329,0.293551826183093
-1.76125174279333,6.01814175650489,0.274459598097429
-1.82405839978768,6.01224550143628,0.25657357079807
-1.88662979639261,6.0057099282797,0.239828929219237
-1.94897064492055,5.99853608798912,0.224163358045819
-2.01108505727663,5.9907249894767,0.20951702945231
-2.07297656934352,5.98227760541653,0.195832581920407
-2.13464816517076,5.97319487781687,0.183055091106392
-2.19610230089137,5.96347772336269,0.171132033670493
-2.25734092829749,5.95312703853116,0.160013244922784
-2.31836551801492,5.94214370448331,0.149650871084007
-2.37917708222427,5.9305285917358,0.139999316905112
-2.43977619688365,5.91828256461702,0.131015189336607
-2.50016302341449,5.90540648551231,0.122657237887959
-2.5603373298183,5.89190121890348,0.114886292268444
-2.62029851119794,5.87776763520793,0.107665197854108
-2.68004560966216,5.86300661442316,0.10095874948075
-2.7395773335972,5.84761904958244,0.0947336240203269
-2.79889207629337,5.83160585002779,0.0889583121576542
-2.85798793391889,5.81496794450619,0.0836030497459249
-2.91686272283672,5.79770628409551,0.0786397490832642
-2.97551399626346,5.77982184496612,0.0740419304182573
-3.03393906027248,5.76131563098461,0.0697846539601286
-3.0921349891459,5.74218867616583,0.0658444526389268
-3.15009864008277,5.72244204697931,0.062199265832652
-3.20782666727233,5.70207684451633,0.0588283742516842
-3.26531553534379,5.68109420652353,0.055712336146081
-3.32256153220494,5.65949530930907,0.0528329249782436
-3.37956078128388,5.63728136952707,0.0501730686820416
-3.4363092531889,5.61445364584599,0.047716790609672
-3.49280277680277,5.59101344050652,0.0454491522492483
-3.54903704982839,5.56696210077425,0.0433561977792926
-3.60500764880344,5.54230102029242,0.0414249005108856
-3.66071003860201,5.51703164033961,0.0396431112541417
-3.71613958144184,5.49115545099743,0.0379995086328537
-3.77129154541568,5.46467399223273,0.0364835513595332
-3.8261611125657,5.43758885489891,0.035085432472595
-3.88074338651956,5.40990168166056,0.0337960355280233
-3.93503339970714,5.38161416784569,0.0326068927294683
-3.98902612017621,5.35272806222941,0.0315101449732795
-4.04271645802559,5.32324516775293,0.0304985037784334
-4.09609927147376,5.29316734218137,0.0295652150656021
-4.14916937258058,5.26249649870395,0.0287040247446694
-4.20192153263952,5.23123460647975,0.0279091460657959
-4.2543504872572,5.19938369113216,0.027175228685588
-4.30645094113664,5.16694583519498,0.0264973293970086
-4.35821757258017,5.13392317851295,0.0258708844693152
-4.40964503772729,5.1003179185993,0.0252916835424844
-4.46072797454245,5.06613231095297,0.0247558450192333
-4.51146100656692,5.03136866933758,0.0242597928968337
-4.56183874644859,4.99602936602469,0.0238002349803967
-4.61185579926278,4.96011683200314,0.0233741424191369
-4.66150676563675,4.92363355715663,0.0229787305072834
-4.71078624468992,4.88658209041129,0.0226114406917349
-4.75968883680131,4.84896503985501,0.0222699237292457
-4.80820914621505,4.81078507283006,0.0219520239368357
-4.85634178349457,4.77204491600068,0.0216557644802075
-4.90408136783501,4.73274735539687,0.021379333646222
-4.95142252924355,4.69289523643583,0.0211210720468732
-4.99835991059625,4.65249146392222,0.0208794607037245
-5.04488816957981,4.61153900202846,0.0206531099633716
-5.09100198052621,4.57004087425603,0.0204407491961851
-5.13669603614755,4.5280001633789,0.0202412172323233
-5.18196504917809,4.48542001136989,0.0200534534907899
-5.22680375393008,4.44230361931092,0.0198764897591178
-5.27120690776947,4.3986542472879,0.0197094425830824
-5.3151692925173,4.35447521427103,0.0195515062276719
-5.35868571578211,4.30976989798116,0.0194019461723525
-5.40175101222843,4.26454173474288,0.0192600931054656
-5.44436004478609,4.2187942193249,0.0191253373843618
-5.48650770580456,4.17253090476833,0.0189971239296117
-5.52818891815663,4.12575540220326,0.0188749475233322
-5.56939863629496,4.0784713806542,0.0187583484833172
-5.61013184726523,4.03068256683479,0.0186469086862674
-5.65038357167906,3.9823927449321,0.0185402479149636
-5.69014886464959,3.93360575638099,0.0184380205057281
-5.72942281669282,3.88432549962887,0.0183399122739571
-5.76820055459697,3.834555929891,0.0182456376968899
-5.80647724226245,3.78430105889691,0.0181549373341063
-5.84424808151453,3.7335649546279,0.0180675754675057
-5.88150831289077,3.68235174104611,0.0179833379437264
-5.91825321640515,3.63066559781522,0.0179020302031122
-5.95447811229035,3.57851076001306,0.0178234754804159
-5.99017836172014,3.52589151783635,0.0177475131634646
-6.02534936751291,3.47281221629772,0.0176739972969815
-6.05998657481799,3.41927725491507,0.0176027952196804
-6.09408547178573,3.36529108739364,0.017533786323613
-6.12764159022255,3.31085822130077,0.0174668609255662
-6.16065050623196,3.25598321773349,0.017401919241067
-6.19310784084239,3.20067069097913,0.0173388704522745
-6.22500926062277,3.14492530816901,0.0172776318617051
-6.25635047828648,3.08875178892536,0.0172181281243665
-6.28712725328448,3.03215490500151,0.0171602905514612
-6.3173353923881,2.97513947991549,0.0171040564793654
-6.34697075026224,2.91771038857713,0.0170493686980975
-6.37602923002926,2.85987255690867,0.0169961749339606
-6.40450678382417,2.80163096145905,0.0169444273814855
-6.4323994133415,2.74299062901194,0.0168940822802021
-6.45970317037411,2.68395663618747,0.0168450995321472
-6.48641415734448,2.62453410903787,0.0167974423563619
-6.51252852782849,2.56472822263703,0.0167510769769555
-6.53804248707223,2.50454420066395,0.0167059723416075
-6.5629522925019,2.44398731498033,0.0166620998676531
-6.58725425422696,2.38306288520213,0.0166194332131506
-6.61094473553695,2.32177627826539,0.0165779480705581
-6.63402015339182,2.26013290798609,0.0165376219808621
-6.6564769789062,2.1981382346144,0.016498434166193
-6.6783117378275,2.13579776438315,0.0164603653791445
-6.69952101100807,2.0731170490506,0.0164233977671753
-6.72010143487148,2.0101016854377,0.0163875147506216
-6.74004970187298,1.94675731495968,0.0163527009129884
-6.75936256095421,1.88308962315221,0.0163189419023087
-6.7780368179922,1.81910433919202,0.0162862243424786
-6.79606933624272,1.75480723541214,0.0162545357535758
-6.813457036778,1.69020412681172,0.0162238644802676
-6.83019689891881,1.62530087056059,0.0161941996274987
-6.84628596066102,1.56010336549841,0.016165531002728
-6.86172131909648,1.49461755162869,0.0161378490640551
-6.87650013082843,1.42884940960756,0.0161111448736424
-6.89061961238123,1.36280496022738,0.0160854100558957
-6.90407704060458,1.29649026389525,0.0160606367599216
-6.91686975307211,1.2299114201065,0.016036817625827
-6.92899514847436,1.16307456691308,0.0160139457544696
-6.94045068700613,1.09598588038704,0.015992014680307
-6.9512338907482,1.02865157407911,0.0159710183470309
-6.96134234404337,0.961077898472317,0.0159509510857
-6.9707736938668,0.893271140430848,0.015931807595119
-6.97952565019064,0.825237622644105,0.0159135829242346
-6.98759598634288,0.75698370306602,0.0158962724563427
-6.9949825393605,0.688515774349695,0.0158798718949255
-7.00168321033668,0.619840263277398,0.015864377250952
-7.00769596476229,0.550963630185975,0.0158497848314955
-7.01301883286145,0.48189236838772,0.0158360912295366
-7.01764990992115,0.412633003586758,0.0158232933148338
-7.021587356615,0.343192093290988,0.015811388225756
-7.02482939932091,0.27357622621964,0.0158003733619835
-7.02737433043287,0.203792021706495,0.0157902463779928
-7.02922050866652,0.133846129098819,0.0157810051772504
-7.03036635935883,0.0637452271520669,0.0157726479070496
-7.03081037476146,-0.00650397657959648,0.0157651729539291
-7.03055111432812,-0.0768947463569004,0.0157585789396212
-7.02958720499563,-0.147420318873146,0.0157528647174823
-7.02791734145882,-0.218073903875903,0.0157480293693632
-7.0255402864391,-0.288848684792671,0.015744072202882
-7.02245487094679,-0.359737819360452,0.0157409927490661
-7.01865999453706,-0.430734440259176,0.0157387907603337
-7.01415462555955,-0.501831655748926,0.0157374662087887
-7.00893780140154,-0.573022550310902,0.0157370192848059
-7.0030086287247,-0.644300185292076,0.0157374503958853
-6.99636628369535,-0.715657599553469,0.0157387601657581
-6.98901001220824,-0.787087810122005,0.0157409494337276
-6.98093913010375,-0.858583812845868,0.0157440192542314
-6.97215302337856,-0.930138583053323,0.0157479708966117
-6.96265114838967,-1.00174507621492,0.015752805845084
-6.9524330320518,-1.07339622860906,0.0157585257988935
-6.94149827202815,-1.14508495799077,0.015765132672651
-6.9298465369144,-1.21680416426379,0.015772628596842
-6.91747756641602,-1.28854673015574,0.0157810159185021
-6.90439117151883,-1.36030552189638,0.0157902972020527
-6.89058723465272,-1.43207338989898,0.0158004752302943
-6.87606570984864,-1.50384316944452,0.0158115530055515
-6.86082662288861,-1.57560768136897,0.0158235337509683
-6.84487007144901,-1.64735973275324,0.0158364209119505
-6.82819622523686,-1.71909211761606,0.0158502181577519
-6.81080532611925,-1.79079761760946,0.015864929383206
-6.79269768824573,-1.86246900271698,0.0158805587105984
-6.77387369816382,-1.93409903195444,0.0158971104916821
-6.75433381492746,-2.00568045407322,0.0159145893098339
-6.73407857019847,-2.07720600826604,0.0159329999823526
-6.71310856834093,-2.14866842487505,0.0159523475628995
-6.69142448650853,-2.2200604261024,0.0159726373440811
-6.66902707472479,-2.29137472672288,0.0159938748601764
-6.6459171559562,-2.36260403479891,0.0160160658900091
-6.62209562617825,-2.43374105239757,0.0160392164599658
-6.59756345443423,-2.50477847630972,0.0160633328471643
-6.57232168288695,-2.57570899877112,0.0160884215827703
-6.54637142686322,-2.64652530818548,0.0161144894554689
-6.51971387489113,-2.71722008984931,0.0161415435150902
-6.49235028873016,-2.78778602667864,0.0161695910763931
-6.46428200339396,-2.85821579993742,0.0161986397230105
-6.43551042716598,-2.92850208996752,0.016228697311558
-6.40603704160775,-2.99863757692046,0.0162597719759103
-6.37586340155992,-3.06861494149044,0.0162918721316484
-6.34499113513601,-3.13842686564902,0.0163250064806821
-6.31342194370887,-3.20806603338103,0.0163591840160503
-6.28115760188973,-3.27752513142182,0.0163944140269048
-6.24819995750005,-3.3467968499958,0.0164307061036816
-6.21455093153597,-3.41587388355603,0.0164680701434634
-6.18021251812535,-3.48474893152498,0.0165065163555397
-6.14518678447762,-3.5534146990363,0.0165460552671683
-6.10947587082608,-3.62186389767749,0.0165866977295438
-6.07308199036294,-3.69008924623349,0.0166284549239794
-6.03600742916698,-3.75808347143103,0.0166713383683068
-5.99825454612377,-3.82583930868378,0.0167153599235006
-5.95982577283859,-3.89334950283804,0.0167605318005336
-5.92072361354183,-3.96060680891915,0.0168068665674699
-5.88095064498715,-4.02760399287827,0.0168543771568013
-5.84050951634211,-4.09433383233975,0.0169030768730361
-5.79940294907149,-4.16078911734873,0.0169529794005458
-5.75763373681319,-4.2269626511191,0.0170040988116791
-5.7152047452467,-4.29284725078167,0.0170564495751495
-5.67211891195418,-4.3584357481325,0.0171100465647065
-5.62837924627423,-4.42372099038124,0.0171649050680981
-5.58398882914811,-4.48869584089952,0.0172210407963335
-5.53895081295874,-4.55335317996928,0.0172784698932565
-5.49326842136216,-4.61768590553088,0.017337208945438
-5.44694494911174,-4.68168693393104,0.017397274992399
-5.39998376187495,-4.74534920067047,0.0174586855371734
-5.35238829604273,-4.80866566115111,0.0175214585572228
-5.30416205853161,-4.87162929142293,0.0175856125157138
-5.25530862657834,-4.93423308893021,0.0176511663731709
-5.20583164752734,-4.99647007325722,0.0177181395995149
-5.15573483861064,-5.05833328687323,0.0177865521865032
-5.10502198672066,-5.11981579587677,0.0178564246605815
-5.05369694817555,-5.18091069073906,0.0179277780961645
-5.00176364847736,-5.24161108704658,0.0180006341293564
-4.94922608206282,-5.30191012624259,0.0180750149721296
-4.89608831204694,-5.36180097636772,0.0181509434269744
-4.84235446995926,-5.4212768327993,0.0182284429020381
-4.788028755473,-5.48033091898965,0.0183075374267686
-4.73311543612685,-5.53895648720296,0.0183882516680812
-4.67761884703967,-5.59714681925089,0.0184706109470669
-4.62154339061797,-5.65489522722677,0.0185546412562601
-4.5648935362562,-5.71219505423827,0.018640369277487
-4.50767382002997,-5.76903967513851,0.0187278224003133
-4.4498888443821,-5.8254224972555,0.0188170287411151
-4.39154327780162,-5.88133696111995,0.0189080171627928
-4.33264185449562,-5.93677654119118,0.0190008172951524
-4.27318937405419,-5.99173474658123,0.0190954595559789
-4.21319070110823,-6.04620512177701,0.019191975172825
-4.15265076498031,-6.10018124736046,0.019290396205543
-4.09157455932855,-6.15365674072654,0.0193907555695864
-4.02996714178364,-6.2066252567992,0.0194930870601091
-3.96783363357884,-6.25908048874497,0.0195974253768927
-3.90517921917319,-6.31101616868434,0.0197038061501311
-3.84200914586789,-6.36242606840069,0.0198122659671061
-3.77832872341581,-6.41330400004684,0.0199228423997858
-3.71414332362425,-6.46364381684899,0.020035574033381
-3.64945837995102,-6.51343941380812,0.0201505004958967
-3.58427938709376,-6.5626847283987,0.0202676624887138
-3.5186119005726,-6.61137374126463,0.0203871018182433
-3.45246153630622,-6.65950047691241,0.0205088614286917
-3.3858339701813,-6.70705900440136,0.0206329854359808
-3.3187349376155,-6.75404343803095,0.0207595191628664
-3.25117023311381,-6.80044793802503,0.0208885091753024
-3.18314570981857,-6.84626671121302,0.0210200033200976
-3.114667279053,-6.89149401170786,0.021154050763917
-3.04574090985839,-6.93612414158081,0.0212907020336783
-2.97637262852499,-6.98015145153279,0.0214300090583996
-2.90656851811655,-7.02357034156253,0.0215720252125551
-2.83633471798878,-7.06637526163106,0.0217168053609977
-2.76567742330146,-7.10856071232288,0.0218644059055114
-2.69460288452461,-7.15012124550336,0.0220148848330575
-2.62311740693843,-7.19105146497262,0.0221683017657829
-2.55122735012739,-7.23134602711557,0.022324718012861
-2.4789391274682,-7.2709996415483,0.0224841966242375
-2.40625920561204,-7.31000707176042,0.0226468024463603
-2.33319410396084,-7.34836313575366,0.0228126021799718
-2.25975039413784,-7.38606270667637,0.0229816644400476
-2.18593469945239,-7.42310071345395,0.0231540598179707
-2.11175369435919,-7.45947214141526,0.0233298609460301
-2.03721410391181,-7.4951720329147,0.0235091425643414
-1.96232270321084,-7.53019548795019,0.0236919815902873
-1.88708631684643,-7.5645376647767,0.0238784571905839
-1.8115118183356,-7.59819378051548,0.0240686508560796
-1.73560612955418,-7.63115911175885,0.0242626464794024
-1.65937622016344,-7.66342899517043,0.0244605304355719
-1.58282910703171,-7.69499882808088,0.024662391665703
-1.50597185365083,-7.72586406907898,0.0248683217639286
-1.42881156954756,-7.75602023859801,0.025078415067678
-1.35135540969019,-7.7854629194974,0.0252927687514533
-1.2736105738902,-7.81418775763964,0.0255114829242508
-1.19558430619924,-7.84219046246222,0.025734660730784
-1.11728389430139,-7.86946680754475,0.0259624084566685
-1.0387166689009,-7.89601263117106,0.0261948356377408
-0.959890003105428,-7.9218238368863,0.0264320551736857
-0.880811311804864,-7.94689639404894,0.0266741834461601
-0.80148805104591,-7.97122633837761,0.0269213404416066
-0.721927717402439,-7.99480977249287,0.0271736498789594
-0.642137847341774,-8.01764286645357,0.0274312393424567
-0.562126016586983,-8.03972185828806,0.0276942404197803
-0.481899839475304,-8.06104305451998,0.0279627888457565
-0.401466968312793,-8.08160283068871,0.0282370246518622
-0.320835092725329,-8.10139763186436,0.0285170923217903
-0.240011939006083,-8.12042397315727,0.0288031409533429
-0.159005269459565,-8.138678440222,0.0290953244269309
-0.0778228817423861,-8.15615768975574,0.0293938015809739
0.00352739179915318,-8.17285844999109,0.0296987363945068
0.0850376847945037,-8.18877752118319,0.0300102981773138
0.166700097517216,-8.20391177609118,0.0303286617679278
0.248506697556052,-8.21825816045384,0.0306540077398461
0.330449520488717,-8.23181369345955,0.0309865226163326
0.412520570558077,-8.24457546821037,0.0313263990941932
0.494711821350694,-8.25654065218025,0.0316738362769299
0.57701521647754,-8.26770648766744,0.0320290399176974
0.659422670256723,-8.27807029224092,0.0323922226725092
0.741926068398061,-8.28762945918084,0.0327636043641566
0.824517268689343,-8.2963814579131,0.0331434122573329
0.907188101684084,-8.30432383443781,0.0335318813454718
0.989930371390615,-8.31145421175177,0.0339292546498396
1.07273585596231,-8.3177702902649,0.0343357835314417
1.15559630838877,-8.32326984821055,0.0347517280163351
1.23850345718772,-8.32795074204972,0.0351773571349651
1.32144900709752,-8.33181090686921,0.0356129492761731
1.40442463976994,-8.33484835677356,0.0360587925565575
1.48742201446308,-8.3370611852709,0.0365151852058985
1.57043276873423,-8.3384475656526,0.0369824359693952
1.65344851913224,-8.33900575136672,0.0374608645274975
1.73646086188952,-8.33873407638539,0.0379508019341554
1.81946137361297,-8.33763095556588,0.0384525910743465
1.90244161197401,-8.33569488500551,0.0389665871417841
1.98539311639714,-8.33292444239045,0.039493158137755
2.06830740874687,-8.32931828733823,0.0400326853920787
2.15117599401277,-8.32487516173414,0.0405855641072295
2.23399036099222,-8.31959389006141,0.0411522039267141
2.31674198297066,-8.31347337972524,0.0417330295288502
2.399422318399,-8.30651262137074,0.0423284812471458
2.48202281156782,-8.29871068919463,0.0429390157185392
2.56453489327798,-8.29006674125096,0.0435651065608198
2.6469499815074,-8.28058001975064,0.0442072450806146
2.72925948207355,-8.27024985135499,0.0448659410133902
2.81145478929125,-8.2590756474632,0.0455417232969947
2.89352728662544,-8.2470569044939,0.0462351408803326
2.97546834733843,-8.23419320416071,0.0469467635688471
3.05726933513128,-8.22048421374189,0.0476771829085612
3.13892160477875,-8.20592968634421,0.0484270131105183
3.22041650275744,-8.19052946116094,0.0491968920175452
3.30174536786659,-8.17428346372419,0.0499874821153591
3.38289953184103,-8.15719170615151,0.0507994715901326
3.46387031995574,-8.13925428738692,0.051633575434734
3.54464905162151,-8.1204713934364,0.0524905366059649
3.62522704097102,-8.100843297598,0.053371127235228
3.70559559743493,-8.08037036068646,0.0542761498951744
3.78574602630709,-8.05905303125274,0.0552064389249969
3.86566962929846,-8.03689184579821,0.0561628618171656
3.94535770507894,-8.01388742898392,0.0571463206685306
4.02480154980639,-7.99004049383489,0.0581577536988533
4.1039924576422,-7.96535184193953,0.0591981368399718
4.18292172125245,-7.93982236364442,0.0602684853989529
4.26158063229415,-7.91345303824456,0.0613698557987385
4.33996048188538,-7.88624493416911,0.0625033473999533
4.41805256105876,-7.85819920916305,0.0636701044077105
4.49584816119713,-7.82931711046453,0.0648713178674236
4.57333857445056,-7.79959997497853,0.0661082277538121
4.65051509413376,-7.76904922944664,0.0673821251574788
4.72736901510277,-7.73766639061336,0.0686943545736265
4.80389163410984,-7.70545306538905,0.070046316297685
4.88007425013548,-7.6724109510098,0.0714394689328266
4.95590816469637,-7.63854183519439,0.0728753320145603
5.03138468212805,-7.60384759629863,0.0743554887578214
5.10649510984095,-7.56833020346725,0.0758815889321954
5.18123075854856,-7.53199171678374,0.0774553518711551
5.25558294246632,-7.49483428741837,0.0790785696214291
5.32954297947969,-7.45686015777452,0.080753110238869
5.40310219128004,-7.41807166163401,0.0824809212374363
5.47625190346666,-7.37847122430128,0.0842640331981917
5.54898344561328,-7.33806136274724,0.0861045635454326
5.62128815129742,-7.29684468575277,0.0880047204973999
5.69315735809076,-7.25482389405244,0.0899668071992455
5.7645824075087,-7.21200178047892,0.0919932260462346
5.83555464491707,-7.16838123010822,0.094086483205437
5.90606541939417,-7.12396522040653,0.0962491933444477
5.97610608354584,-7.0787568213789,0.0984840845759592
6.04566799327148,-7.03275919572028,0.100794003627297
6.1147425074788,-6.98597559896957,0.103181921244308
6.18332098774476,-6.93840937966696,0.105650937839281
6.25139479792047,-6.8900639795154,0.108204289392839
6.31895530367736,-6.8409429335465,0.110845353620026
6.38599387199198,-6.79104987029172,0.113577656411071
6.45250187056675,-6.74038851195932,0.116404878557536
6.51847066718375,-6.68896267461781,0.119330862774827
6.58389162898867,-6.63677626838661,0.122359621032223
6.64875612170177,-6.58383329763456,0.125495342201805
6.71305550875277,-6.53013786118716,0.128742400037817
6.77678115033634,-6.47569415254324,0.132105361498131
6.83992440238485,-6.420506460102,0.13558899541962
6.90247661545489,-6.36457916740108,0.139198281559268
6.96442913352387,-6.30791675336686,0.142938420012904
7.02577329269319,-6.25052379257766,0.146814841023417
7.08650041979387,-6.19240495554096,0.15083321519018
7.14660183089102,-6.13356500898567,0.154999464091328
7.20606882968291,-6.07400881617044,0.159319771330234
7.26489270579055,-6.01374133720914,0.163800594017283
7.32306473293368,-5.95276762941478,0.168448674697591
7.38057616698861,-5.89109284766281,0.173271053734843
7.43741824392376,-5.82872224477532,0.178275082160784
7.49358217760819,-5.76566117192728,0.183468434999158
7.54905915748875,-5.70191507907614,0.188859125071992
7.60384034613109,-5.63748951541623,0.194455517295082
7.65791687661994,-5.57239012985946,0.200266343468316
7.71127984981391,-5.50662267154361,0.20630071756505
7.76392033145018,-5.44019299036997,0.21256815152317
7.81582934909421,-5.37310703757172,0.219078571538573
7.86699788892996,-5.30537086631487,0.225842334859772
7.91741689238573,-5.23699063233328,0.232870247079913
7.96707725259123,-5.16797259459956,0.240173579919869
8.01596981066127,-5.09832311603372,0.247764089493064
8.06408535180177,-5.02804866425125,0.255654035039387
8.11141460123372,-4.95715581235262,0.263856198111815
8.15794821993136,-4.88565123975604,0.272383902195268
8.20367680017054,-4.81354173307559,0.28125103273267
8.24859086088397,-4.74083418704654,0.290472057528138
8.29268084282023,-4.66753560550002,0.300062047491718
8.33593710350373,-4.59365310238914,0.310036697683963
8.3783499119935,-4.51919390286855,0.320412348612023
8.41990944343906,-4.4441653444297,0.331206007721598
8.46060577343222,-4.36857487809384,0.342435371021158
8.50042887215465,-4.292430069665,0.354118844766178
8.53936859832131,-4.21573860104508,0.366275567121721
8.57741469292136,-4.1385082716132,0.378925429711512
8.61455677275856,-4.0607469996715,0.392089098950604
8.65078432379484,-3.98246282395942,0.405788037046835
8.6860866943014,-3.90366390523869,0.420044522543465
8.72045308782355,-3.82435852795096,0.434881670261567
8.75387255596672,-3.74455510195001,0.450323450486022
8.78633399101275,-3.6642621643106,0.466394707223136
8.81782611837754,-3.58348838121559,0.483121175341045
8.84833748892305,-3.50224254992309,0.500529496386159
8.87785647113867,-3.42053360081518,0.518647232849824
8.90637124320965,-3.33837059952956,0.537502880639266
8.93386978499265,-3.2557627491754,0.557125879485584
8.96033986992126,-3.17271939263423,0.577546620999232
8.9857690568675,-3.08925001494678,0.598796454059939
9.01014468198841,-3.00536424578614,0.620907687203552
9.0334538505905,-2.92107186201741,0.643913587642802
9.05568342904841,-2.83638279034374,0.667848376532567
9.07682003681833,-2.75130711003799,0.692747220063016
9.09685003859094,-2.66585505575931,0.718646215936069
9.11575953663322,-2.58003702045287,0.74558237475216
9.13353436337328,-2.49386355833096,0.773593595805435
9.15016007428766,-2.40734538793281,0.802718636756532
9.16562194115577,-2.32049339525993,0.83299707662322
9.179904945752,-2.23331863698312,0.864469271500687
9.19299377405197,-2.1458323437166,0.897176302395541
9.20487281103556,-2.05804592335369,0.931159914531026
9.21552613617594,-1.96997096445791,0.966462447455975
9.22493751971055,-1.8816192397021,1.00312675526716
9.2330904197968,-1.79300270934753,1.04119611623457
9.23996798066252,-1.70413352475349,1.08071413110217
9.24555303186828,-1.61502403190696,1.12172460932416
9.24982808880615,-1.52568677496068,1.16427144248838
9.25277535456676,-1.43613449976656,1.20839846417658
9.25437672331399,-1.34638015739007,1.25414929551531
9.2546137853137,-1.25643690758969,1.30156717568302
9.25346783377015,-1.16631812224412,1.35069477665983
9.25091987363054,-1.07603738870821,1.40157400153641
9.24695063252441,-0.985608513076891,1.45424576573999
9.24154057401086,-0.895045523334766,1.50874976058915
9.23466991331147,-0.804362672367128,1.56512419865613
9.22631863571189,-0.713574440806297,1.62340554049767
9.21646651781815,-0.622695539685335,1.68362820241338
9.20509315185673,-0.531740912869237,1.74582424500694
9.19217797320854,-0.440725739231712,1.8100230424596
9.17770029136669,-0.349665434543742,1.87625093258064
9.16163932450635,-0.258575653038113,1.94453084787519
9.14397423785086,-0.16747228861219,2.0148819280678
9.12468418601281,-0.0763714756293239,2.08731911474154
9.1037483594803,0.014710410722591,2.16185272899659
9.08114603540793,0.105756754558565,2.23848803330125
9.05685663285849,0.196750699954796,2.31722477899993
9.03085977262455,0.287675152184049,2.39805674125852
9.00313534173929,0.378512779575711,2.4809712435654
8.97366356276246,0.469246016049144,2.56594867426462
8.9424250679002,0.559857064369824,2.65296199797587
8.90940097798651,0.650327900178242,2.7419762651489
8.87457298631907,0.740640276841797,2.83294812340632
8.83792344730303,0.830775731179699,2.92582533474308
8.79943546981327,0.920715590110376,3.02054630306859
8.75909301513789,1.01044097826979,3.11703961699185
8.71688099931455,1.09993282664757,3.21522361315572
8.67278539961547,1.18917188228587,3.31500596581373
8.62679336487785,1.27813871908294,3.41628330870512
8.5788933293139,1.36681374974067,3.5189408956101
8.52907512936892,1.45517723889073,3.62285230624865
8.47733012312774,1.54320931743011,3.72787920441092
8.42365131169985,1.63088999809088,3.83387115536511
8.36803346194252,1.71819919226354,3.9406655096671
8.31047322980946,1.80511672808626,4.04808736048517
8.25096928354232,1.89162236980485,4.15594958143937
8.18952242585278,1.97769583840049,4.26405295173052
8.12613571417745,2.06331683347278,4.3721863749859
8.06081457802566,2.14846505635677,4.48012719777126
7.99356693238408,2.23312023444205,4.58764163310304
7.92440328609272,2.31726214665141,4.69448529353725
7.8533368440661,2.4008706500256,4.80040383750912
7.78038360220222,2.48392570734889,4.9051337315511
7.70556243380229,2.56640741573848,5.00840312982995
7.62889516631701,2.64829603610884,5.10993287112374
7.55040664724223,2.72957202340988,5.20943759191729
7.47012479800848,2.81021605752624,5.30662695274533
7.38808065474719,2.89020907471306,5.40120697327538
7.30430839487102,2.96953229943265,5.49288146991934
7.21884534847809,3.04816727644585,5.58135358802231
7.13173199367957,3.12609590300204,5.66632741892702
7.04301193505746,3.20330046096305,5.74750969048846
6.95273186458366,3.27976364868844,5.82461151794868
6.860941504472,3.3554686125035,5.89735020051513
6.76769353159063,3.43039897756607,5.96545104755491
6.67304348323134,3.5045388779454,6.02864921705837
6.57704964421309,3.57787298572451,6.08669154797669
6.47977291548719,3.65038653893796,6.13933836723154
6.38127666460837,3.72206536815914,6.18636525166148
6.28162655863645,3.79289592155559,6.22756472493562
6.18089038023503,3.86286528823696,6.26274786954845
6.07913782793178,3.93196121972881,6.29174583442543
5.9764403016985,4.00017214941544,6.31441121942203
5.87287067519193,4.06748720980742,6.33061931908711
5.76850305616768,4.13389624750325,6.34026920947574
5.66341253673432,4.19938983573057,6.34328466351693
5.55767493525112,4.26395928436894,6.33961488244327
5.45136653178756,4.32759664737545,6.32923503303727
5.34456379915385,4.39029472755312,6.31214658290304
5.23734313157701,4.45204707862301,6.28837742858555
5.12978057313581,4.51284800458152,6.25798181408193
5.02195154807845,4.57269255634567,6.22104004006659
4.91393059512964,4.63157652571043,6.17765796692834
4.80579110784881,4.68949643666285,6.12796631743771
4.69760508302925,4.74644953411849,6.07211978747255
4.58944287903052,4.80243377016485,6.01029597567814
4.48137298581534,4.85744778791539,5.94269414517822
4.37346180831996,4.91149090309468,5.86953383244476
4.26577346462537,4.96456308349109,5.79105332014227
4.15836960022042,5.01666492642761,5.7075079921607
4.05130921945811,5.06779763441344,5.61916859012053
3.94464853510823,5.11796298914973,5.52631939136442
3.83844083670502,5.16716332407064,5.42925632883883
3.73273637818243,5.21540149560798,5.32828507332298
3.627582285084,5.26268085337114,5.22371909819376
3.5230224814331,5.309005209437,5.11587774634419
3.41909763615536,5.35437880694429,5.00508431802477
3.31584512876066,5.39880628818539,4.89166419728273
3.21329903381965,5.4422926623853,4.77594303336709
3.11149012361184,5.48484327335213,4.6582449919851
3.01044588817916,5.5264637671772,4.53889108967516
2.9101905718935,5.56716006015455,4.41819762284199
2.81074522553813,5.6069383070808,4.29647470121876
2.71212777281292,5.64580487008601,4.17402489371466
2.61435309010123,5.68376628813512,4.05114199280808
2.51743309828219,5.72082924732819,3.92810990188753
2.42137686533529,5.75700055211526,3.8052016482495
2.32619071846441,5.79228709752928,3.68267852286121
2.23187836446355,5.82669584252819,3.56078934650352
2.13844101705673,5.8602337845244,3.43976986054204
2.04587752996745,5.89290793516764,3.31984223934425
1.95418453450798,5.924725297435,3.20121472027368
1.86335658052378,5.95569284407002,3.08408134625437
1.77338627958191,5.98581749740171,2.96862181510931
1.68426444935373,6.01510611056323,2.8550014292343
1.59598025820863,6.04356545012014,2.74337113866758
1.50852136910706,6.07120218010841,2.63386767025067
1.42187408195555,6.0980228474739,2.52661373533596
1.33602347366241,6.12403386889671,2.42171830837454
1.2509535352102,6.14924151897672,2.31927696870053
1.1666473051375,6.17365191975013,2.21937229790547
1.08308699889855,6.1972710315009,2.12207432535617
1.00025413364262,6.22010464482615,2.02744101464003
0.918129648026639,6.24215837391015,1.93551878401192
0.836694016742333,6.263437650958,1.84634305425494
0.755927359503825,6.28394772173697,1.75993881774391
0.675809544302214,6.30369364217142,1.67632122290515
0.596320284790207,6.32268027593515,1.59549616869025
0.517439231712061,6.34091229298406,1.51746090411701
0.439146058341954,6.35839416897105,1.44220462837097
0.361420539937354,6.37513018548509,1.36970908739897
0.284242627253053,6.39112443105626,1.29994916335704
0.20759251419639,6.40638080286937,1.2328934536944
0.131450699734904,6.42090300912929,1.16850483705925
0.0557980441944096,6.43469457202257,1.10674102359759
-0.0193841798915106,6.44775883122114,1.04755508758164
-0.0941142422001614,6.46009894787544,0.990895980647169
-0.168409914110019,6.47171790904638,0.936709024238894
-0.242288433053092,6.48261853252707,0.884936380158655
-0.315766471509675,6.49280347200769,0.835517498383034
-0.388860110418266,6.5022752225387,0.788389541564655
-0.461584816768264,6.51103612625016,0.743487785855805
-0.533955425140083,6.5190883782867,0.700745997894585
-0.605986122956223,6.52643403292051,0.660096787973453
-0.677690439207489,6.53307500980656,0.621471939568897
-0.749081236420716,6.53901310034682,0.584802715550143
-0.820170705637807,6.54424997413228,0.550020141505502
-0.890970364180539,6.54878718543416,0.517055266728432
-0.961491055981161,6.55262617971731,0.485839403492951
-1.03174295426524,6.5557683001515,0.456304345320916
-1.10173556638029,6.55821479409791,0.428382565003115
-1.17147774057141,6.55996681955049,0.40200739318343
-1.24097767451319,6.56102545151326,0.377113178351468
-1.31024292541557,6.56139168829715,0.353635429115399
-1.37928042153006,6.56106645772098,0.33151093964411
-1.44809647489147,6.56005062320347,0.310677899177298
-1.51669679513906,6.55834498973431,0.291075986504633
-1.58508650427027,6.55595030971406,0.272646450311568
-1.65327015218853,6.55286728865401,0.255332176280387
-1.72125173291585,6.54909659072833,0.239077741821559
-1.78903470134922,6.54463884417229,0.223829459292948
-1.85662199044826,6.53949464652124,0.20953540854355
-1.92401602874995,6.53366456968637,0.196145459594755
-1.9912187581141,6.52714916486404,0.183611286246098
-2.05823165161087,6.51994896727657,0.1718863713646
-2.12505573146927,6.51206450074299,0.16092600458738
-2.19169158701249,6.50349628207944,0.150687273136725
-2.2581393925129,6.49424482532907,0.141129046415458
-2.32439892490605,6.48431064582238,0.132211955018562
-2.39046958130912,6.47369426406933,0.123898364764857
-2.45635039629526,6.46239620948502,0.116152346320267
-2.5220400588809,6.45041702395132,0.108939640952102
-2.58753692918807,6.43775726521727,0.102227622921932
-2.65283905474913,6.42441751014112,0.0959852589932217
-2.71794418642565,6.41039835777767,0.0901830654990579
-2.78284979391762,6.39570043231443,0.0847930633851086
-2.84755308084319,6.38032438586052,0.0797887316135614
-2.91205099937294,6.36427090109252,0.0751449592852057
-2.9763402644061,6.34754069376128,0.0708379968091753
-3.04041736727939,6.33013451506426,0.0668454064231751
-3.10427858900202,6.31205315388776,0.0631460123413406
-3.16792001301316,6.29329743892349,0.0597198507822442
-3.23133753746064,6.27386824066413,0.0565481201060078
-3.29452688700178,6.25376647328233,0.0536131312670131
-3.35748362412934,6.23299309639775,0.0508982587673408
-3.42020316002733,6.21154911673659,0.0483878922758169
-3.48268076496302,6.18943558968812,0.0460673890584011
-3.54491157822296,6.16665362076262,0.0439230273476094
-3.60689061760189,6.14320436695495,0.0419419607617149
-3.66861278845474,6.11908903801816,0.0401121738685943
-3.7300728923226,6.09430889765107,0.0384224389742751
-3.79126563514447,6.06886526460407,0.0368622742024498
-3.85218563506712,6.04275951370686,0.0354219029184553
-3.91282742986599,6.01599307682211,0.0340922145394156
-3.9731854839905,5.98856744372859,0.0328647267614012
-4.03325419524722,5.96048416293736,0.0317315492245277
-4.09302790113484,5.93174484244448,0.0306853486278593
-4.15250088484472,5.90235115042351,0.0297193152977807
-4.21166738094109,5.87230481586086,0.0288271312060914
-4.27052158073463,5.84160762913723,0.0280029394274432
-4.32905763736338,5.81026144255777,0.0272413150198334
-4.38726967059454,5.77826817083394,0.0265372373066441
-4.44515177136053,5.74562979151958,0.0258860635341474
-4.50269800604255,5.71234834540372,0.0252835038744338
-4.55990242051447,5.67842593686248,0.0247255977403285
-4.61675904395967,5.64386473417239,0.0242086913759968
-4.6732618924728,5.60866696978721,0.0237294166845726
-4.72940497245861,5.57283494058023,0.023284671252231
-4.78518228383894,5.53637100805405,0.0228715995266324
-4.84058782307912,5.49927759851958,0.0224875751065544
-4.89561558604423,5.46155720324593,0.0221301840987738
-4.9502595706955,5.42321237858289,0.0217972094978176
-5.00451377963641,5.38424574605732,0.0214866165440476
-5.0583722225181,5.34465999244508,0.021196539015651
-5.1118289183126,5.30445786981957,0.0209252664104381
-5.16487789746268,5.26364219557835,0.0206712319738847
-5.21751320391603,5.2222158524488,0.0204330015305694
-5.26972889705172,5.180181788474,0.020209263077019
-5.32151905350589,5.1375430169798,0.0199988170949767
-5.37287776890357,5.09430261652407,0.0198005675452108
-5.42379915950317,5.05046373082886,0.0196135135031844
-5.47427736375956,5.0060295686965,0.0194367413991829
-5.5243065438115,4.96100340391014,0.0192694178268247
-5.57388088689884,4.91538857511964,0.0191107828852636
-5.62299460671438,4.86918848571338,0.0189601440217939
-5.67164194469526,4.82240660367653,0.0188168703430008
-5.71981717125811,4.77504646143643,0.0186803873640304
-5.76751458698223,4.72711165569558,0.0185501721669873
-5.81472852374451,4.67860584725265,0.0184257489408928
-5.86145334580967,4.62953276081202,0.0183066848770398
-5.90768345087926,4.57989618478227,0.0181925863949649
-5.95341327110235,4.52969997106387,0.0180830956756098
-5.99863727405076,4.47894803482662,0.0179778874795616
-6.04334996366166,4.42764435427693,0.0178766662295444
-6.08754588114975,4.37579297041549,0.0177791633375722
-6.13121960589146,4.3233979867853,0.0176851347583701
-6.17436575628314,4.27046356921065,0.0175943587518199
-6.21697899057519,4.21699394552698,0.0175066338382905
-6.25905400768391,4.16299340530199,0.0174217769317682
-6.30058554798272,4.10846629954824,0.0173396216367095
-6.34156839407409,4.05341704042727,0.0172600166954964
-6.3819973715438,3.99785010094549,0.0171828245742859
-6.42186734969846,3.94177001464209,0.0171079201759066
-6.4611732422877,3.8851813752689,0.0170351896692717
-6.49991000821192,3.82808883646253,0.016964529425547
-6.53807265221658,3.77049711140882,0.0168958450520374
-6.57565622557386,3.71241097249971,0.0168290505154368
-6.61265582675258,3.6538352509827,0.0167640673467262
-6.64906660207692,3.5947748366029,0.016700823920602
-6.68488374637468,3.53523467723791,0.01663925480288
-6.72010250361571,3.47521977852542,0.0165793001598401
-6.75471816754084,3.41473520348383,0.0165209052239651
-6.78872608228204,3.35378607212578,0.0164640198109831
-6.82212164297396,3.29237756106475,0.0164085978835406
-6.85490029635743,3.23051490311488,0.0163545971572279
-6.88705754137516,3.16820338688384,0.0163019787450383
-6.91858892975994,3.1054483563591,0.0162507068366819
-6.94949006661567,3.0422552104874,0.0162007484094786
-6.97975661099132,2.97862940274773,0.0161520729678488
-7.00938427644824,2.9145764407176,0.0161046523086761
-7.03836883162071,2.85010188563289,0.0160584603100654
-7.06670610077023,2.78521135194124,0.0160134727412393
-7.09439196433337,2.71991050684898,0.0159696670915219
-7.12142235946347,2.6542050698617,0.0159270224165467
-7.1477932805663,2.5881008123186,0.0158855191999982
-7.17350077982971,2.52160355692045,0.0158451392293538
-7.19854096774725,2.4547191772514,0.015805865484237
-7.22291001363609,2.38745359729466,0.0157676820361239
-7.24660414614895,2.31981279094193,0.0157305739582662
-7.26961965378037,2.25180278149691,0.0156945272448028
-7.2919528853671,2.18342964117263,0.0156595287381302
-7.31360025058289,2.11469949058291,0.0156255660636962
-7.33455822042737,2.04561849822779,0.0155926275714583
-7.35482332770936,1.97619287997313,0.0155607022833292
-7.37439216752435,1.90642889852434,0.0155297798459941
-7.39326139772628,1.83633286289425,0.0154998504885484
-7.41142773939356,1.76591112786531,0.0154709049844615
-7.42888797728932,1.69517009344605,0.0154429346174185
-7.4456389603159,1.62411620432179,0.0154159311506409
-7.46167760196344,1.55275594929989,0.0153898867993273
-7.47700088075278,1.48109586074927,0.0153647942058907
-7.49160584067233,1.40914251403448,0.0153406464177047
-7.5054895916092,1.33690252694432,0.0153174368670987
-7.51864930977425,1.26438255911498,0.015295159353372
-7.53108223812129,1.19158931144777,0.0152738080266176
-7.5427856867602,1.11852952552165,0.0152533773731719
-7.55375703336408,1.04520998300031,0.0152338622025235
-7.56399372357024,0.971637505034149,0.0152152576355336
-7.57349327137517,0.897818951656998,0.015197559093836
-7.58225325952322,0.823761221177761,0.0151807622902975
-7.59027133988924,0.749471249566937,0.0151648632204348
-7.59754523385482,0.674956009838145,0.0151498581546938
-7.60407273267837,0.60022251142466,0.0151357436315061
-7.60985169785882,0.525277799551033,0.0151225164510513
-7.61488006149295,0.450128954599844,0.0151101736696549
-7.61915582662632,0.374783091473645,0.0150987125947663
-7.62267706759773,0.299247358952139,0.0150881307804617
-7.62544193037726,0.223528939044662,0.0150784260234271
-7.62744863289765,0.147635046338012,0.0150695963593785
-7.62869546537923,0.0715729273396973,0.015061640059884
-7.6291807906481,-0.00465014018336131,0.0150545556295528
-7.62890304444778,-0.0810268478705942,0.015048341803565
-7.62786073574408,-0.157549857437971,0.015042997545514
-7.6260524470232,-0.234211801352545,0.0150385220455403
-7.62347683458313,-0.311005283511302,0.0150349147187355
-7.62013262881816,-0.387922879924248,0.0150321752038001
-7.61601863449656,-0.464957139401677,0.0150303033619377
-7.61113373103134,-0.542100584245566,0.0150292992759735
-7.60547687274407,-0.619345710945021,0.0150291632496832
-7.59904708912169,-0.696684990875726,0.0150298958073235
-7.59184348506641,-0.774110871003333,0.0150314976933536
-7.58386524113841,-0.851615774590714,0.0150339698723396
-7.57511161379155,-0.929192101909033,0.0150373135290357
-7.56558193560188,-1.00683223095256,0.0150415300686352
-7.5552756154891,-1.08452851815719,0.0150466211171862
-7.54419213893068,-1.16227329912251,0.015052588522168
-7.53233106816883,-1.24005888933753,0.0150594343532243
-7.5196920424102,-1.3178775849098,0.0150671609030497
-7.5062747780183,-1.39572166329803,0.0150757706884272
-7.49207906869847,-1.47358338404798,0.0150852664514148
-7.47710478567568,-1.55145498953172,0.0150956511606801
-7.46135187786476,-1.62932870569007,0.0151069280129804
-7.44482037203328,-1.70719674277821,0.015119100434789
-7.42751037295703,-1.78505129611433,0.0151321720840671
-7.40942206356788,-1.86288454683139,0.0151461468521804
-7.39055570509427,-1.94068866263175,0.0151610288659623
-7.37091163719404,-2.01845579854468,0.0151768224899228
-7.3504902780798,-2.09617809768674,0.0151935323286049
-7.32929212463664,-2.17384769202481,0.0152111632290897
-7.30731775253222,-2.25145670314189,0.0152297202836515
-7.28456781631925,-2.32899724300542,0.0152492088325639
-7.2610430495303,-2.40646141473816,0.0152696344670608
-7.23674426476488,-2.48384131339148,0.0152910030324516
-7.21167235376886,-2.56112902672112,0.0153133206313959
-7.18582828750612,-2.63831663596515,0.0153365936273385
-7.15921311622242,-2.71539621662427,0.0153608286481076
-7.13182796950161,-2.79235983924418,0.0153860325896805
-7.10367405631386,-2.86919957020012,0.0154122126201188
-7.07475266505624,-2.94590747248337,0.0154393761836768
-7.0450651635854,-3.0224756064897,0.0154675310050876
-7.01461299924234,-3.09889603080971,0.01549668509403
-6.98339769886948,-3.17516080302094,0.0155268467497805
-6.95142086881963,-3.2512619804817,0.0155580245660549
-6.91868419495727,-3.32719162112657,0.0155902274360444
-6.88518944265176,-3.4029417842634,0.0156234645576498
-6.85093845676272,-3.47850453137186,0.015657745438921
-6.81593316161744,-3.55387192690336,0.015693079903705
-6.78017556098033,-3.62903603908237,0.0157294780975087
-6.74366773801445,-3.7039889407089,0.0157669504935833
-6.70641185523502,-3.77872270996224,0.0158055078992344
-6.66841015445499,-3.85322943120578,0.0158451614623662
-6.62966495672262,-3.92750119579287,0.0158859226782653
-6.59017866225104,-4.00153010287357,0.0159278033966305
-6.5499537503398,-4.07530826020237,0.0159708158288575
-6.50899277928852,-4.14882778494659,0.0160149725555849
-6.46729838630236,-4.22208080449559,0.0160602865345088
-6.42487328738961,-4.29505945727058,0.016106771108476
-6.38172027725119,-4.36775589353494,0.0161544400138628
-6.33784222916219,-4.44016227620507,0.0162033073892484
-6.2932420948453,-4.51227078166165,0.0162533877843937
-6.24792290433631,-4.58407360056116,0.0163046961695325
-6.20188776584151,-4.65556293864767,0.0163572479449879
-6.15513986558714,-4.72673101756482,0.0164110589511231
-6.10768246766076,-4.79757007566778,0.0164661454786366
-6.05951891384465,-4.86807236883534,0.0165225242792154
-6.01065262344114,-4.93823017128181,0.0165802125765561
-5.96108709309005,-5.0080357763688,0.0166392280777671
-5.91082589657796,-5.07748149741678,0.0166995889851644
-5.85987268463963,-5.14655966851625,0.0167613140084752
-5.80823118475139,-5.21526264533858,0.016824422377462
-5.75590520091652,-5.28358280594632,0.0168889338549822
-5.70289861344268,-5.35151255160294,0.0169548687504993
-5.64921537871142,-5.41904430758197,0.0170222479340594
-5.5948595289397,-5.48617052397536,0.0170910928507514
-5.53983517193347,-5.55288367650106,0.0171614255356669
-5.48414649083341,-5.6191762673097,0.0172332686293776
-5.42779774385264,-5.6850408257903,0.0173066453939495
-5.37079326400666,-5.75046990937495,0.0173815797295118
-5.31313745883534,-5.81545610434233,0.0174580961914024
-5.2548348101171,-5.87999202662002,0.0175362200079093
-5.19588987357521,-5.94407032258552,0.0176159770986313
-5.13630727857631,-6.00768366986592,0.0176973940934791
-5.07609172782116,-6.07082477813606,0.0177804983523421
-5.01524799702752,-6.13348638991523,0.0178653179854444
-4.95378093460536,-6.19566128136215,0.0179518818744169
-4.89169546132434,-6.25734226306834,0.0180402196941114
-4.82899656997354,-6.31852218084969,0.0181303619351857
-4.76568932501355,-6.37919391653614,0.0182223399274874
-4.7017788622209,-6.43935038875945,0.0183161858642695
-4.63727038832488,-6.49898455373892,0.0184119328272666
-4.57216918063675,-6.55808940606505,0.0185096148126675
-4.50648058667139,-6.61665797948101,0.0186092667580169
-4.44021002376145,-6.6746833476618,0.0187109245700835
-4.37336297866396,-6.73215862499114,0.0188146251537322
-4.30594500715948,-6.78907696733589,0.0189204064418387
-4.23796173364391,-6.845431572818,0.0190283074262893
-4.16941885071276,-6.90121568258386,0.0191383681901072
-4.1003221187382,-6.95642258157103,0.0192506299407508
-4.03067736543872,-7.01104559927216,0.0193651350446313
-3.96049048544155,-7.06507811049619,0.0194819270628979
-3.8897674398378,-7.1185135361266,0.0196010507885408
-3.81851425573052,-7.17134534387666,0.0197225522848679
-3.74673702577544,-7.22356704904173,0.0198464789254075
-3.67444190771481,-7.27517221524834,0.0199728794352989
-3.601635123904,-7.32615445520011,0.0201018039342282
-3.52832296083125,-7.37650743142039,0.0202333039809759
-3.45451176863032,-7.42622485699153,0.0203674326196414
-3.38020796058639,-7.47530049629072,0.0205042444276133
-3.30541801263497,-7.52372816572235,0.0206437955653605
-3.23014846285408,-7.57150173444672,0.0207861438281175
-3.15440591094971,-7.61861512510518,0.0209313486995457
-3.07819701773451,-7.66506231454149,0.0210794714074526
-3.00152850459992,-7.71083733451933,0.0212305749816569
-2.92440715298176,-7.75593427243603,0.0213847243140897
-2.84683980381922,-7.80034727203225,0.0215419862212284
-2.76883335700746,-7.84407053409772,0.0217024295089624
-2.6903947708439,-7.88709831717279,0.0218661250399953
-2.61153106146806,-7.92942493824588,0.0220331458038937
-2.53224930229531,-7.97104477344666,0.0222035669898967
-2.45255662344433,-8.01195225873493,0.0223774660626058
-2.37246021115854,-8.05214189058511,0.0225549228406834
-2.29196730722152,-8.09160822666627,0.0227360195786879
-2.21108520836645,-8.13034588651765,0.022920841052188
-2.12982126567968,-8.1683495522196,0.023109474646297
-2.04818288399856,-8.20561396905985,0.0233020104477822
-1.96617752130356,-8.24213394619505,0.0234985413409064
-1.88381268810472,-8.27790435730758,0.0236991631071692
-1.80109594682266,-8.31292014125739,0.0239039745291233
-1.71803491116407,-8.34717630272905,0.0241130774984494
-1.63463724549194,-8.38066791287371,0.0243265771284809
-1.5509106641905,-8.41339010994611,0.0245445818713827
-1.46686293102497,-8.44533809993641,0.0247672036401946
-1.38250185849637,-8.47650715719686,0.0249945579359611
-1.29783530719127,-8.5068926250633,0.0252267639801834
-1.21287118512681,-8.53648991647131,0.0254639448528363
-1.1276174470909,-8.56529451456699,0.0257062276362086
-1.04208209397788,-8.59330197331245,0.0259537435648373
-0.956273172119617,-8.62050791808572,0.0262066281818184
-0.87019877261232,-8.64690804627519,0.0264650215017933
-0.783867030638998,-8.67249812786852,0.0267290681809237
-0.697286124787865,-8.69727400603583,0.0269989176941839
-0.61046427636672,-8.7212315977073,0.0272747245203156
-0.523409748713487,-8.74436689414502,0.0275566483348094
-0.436130846503017,-8.76667596150905,0.0278448542112949
-0.348635915050336,-8.78815494141767,0.0281395128317397
-0.260933339610456,-8.80880005150175,0.0284408007058802
-0.173031544674914,-8.8286075859532,0.0287489004003284
-0.0849389932652056,-8.8475739160675,0.0290640007778197
0.00333581377674227,-8.86569549078017,0.0293862972470954
0.0917843385008691,-8.88296883719725,0.0297159920239325
0.180398006563891,-8.89939056111965,0.0300532944038684
0.269168207946632,-8.91495734756143,0.0303984210471882
0.358086297673599,-8.9296659612619,0.0307515962767789
0.447143596534592,-8.9435132471915,0.0311130523894823
0.536331391808171,-8.95649613105154,0.0314830299816137
0.625640937986746,-8.96861161976762,0.0318617782893476
0.715063457503104,-8.97985680197681,0.0322495555447094
0.804590141458116,-8.9902288485085,0.0326466293479508
0.894212150349435,-8.99972501285894,0.0330532770571285
0.983920614800899,-9.00834263165942,0.033469786195748
1.07370663629243,-9.01607912513813,0.0338964548793835
1.16356128789016,-9.02293199757555,0.0343335922622283
1.25347561497646,-9.02889883775351,0.0347815190045878
1.34344063597974,-9.03397731939786,0.0352405677623755
1.43344734310352,-9.03816520161462,0.0357110836997342
1.52348670305469,-9.04146032931984,0.0361934250259614
1.61354965777044,-9.04386063366293,0.0366879635579845
1.70362712514374,-9.04536413244364,0.0371950853096977
1.7937099997468,-9.04596893052262,0.0377151911095426
1.88378915355242,-9.04567322022546,0.0382486972477914
1.97385543665259,-9.0444752817405,0.0387960361550707
2.06389967797419,-9.04237348351017,0.0393576571137459
2.15391268599122,-9.0393662826159,0.0399340270038776
2.24388524943323,-9.03545222515684,0.0405256310855523
2.33380813798951,-9.03062994662216,0.0411329738194899
2.42367210300853,-9.02489817225707,0.041756579727935
2.51346787819224,-9.01825571742267,0.0423969942979481
2.60318618028459,-9.01070148794954,0.0430547849293298
2.69281770975399,-9.00223448048517,0.0437305419295344
2.78235315146887,-8.99285378283534,0.0444248795580576
2.871783175366,-8.98255857429938,0.0451384371229233
2.96109843711091,-8.97134812599956,0.0458718801320337
3.05028957874971,-8.95922180120443,0.0466259015023069
3.13934722935178,-8.94617905564647,0.0474012228296806
3.22826200564255,-8.93221943783388,0.0481985957232365
3.31702451262574,-8.9173425893568,0.0490188032068761
3.4056253441942,-8.90154824518788,0.0498626611921709
3.49405508372869,-8.88483623397747,0.0507310200262085
3.58230430468367,-8.86720647834348,0.05162476611847
3.67036357115931,-8.84865899515591,0.0525448236509952
3.75822343845878,-8.82919389581647,0.0534921563763288
3.84587445362984,-8.80881138653309,0.0544677695079895
3.93330715598983,-8.78751176858978,0.0554727117084646
4.02051207763285,-8.76529543861175,0.0565080771800115
4.10747974391824,-8.74216288882617,0.0575750078638373
4.19420067393896,-8.71811470731859,0.0586746957535348
4.28066538096891,-8.69315157828533,0.0598083853289787
4.3668643728877,-8.667274282282,0.0609773761172254
4.45278815258161,-8.64048369646837,0.0621830253873204
4.53842721831942,-8.61278079484988,0.0634267509862956
4.62377206410144,-8.58416664851595,0.0647100343240365
4.70881317998033,-8.55464242587544,0.0660344235151211
4.79354105235205,-8.52420939288955,0.06740153668617
4.87794616421513,-8.49286891330235,0.0688130654577159
4.96201899539653,-8.46062244886943,0.0702707786100843
5.04575002274218,-8.42747155958489,0.0717765259432926
5.12912972027012,-8.39341790390701,0.0733322423415134
5.21214855928424,-8.35846323898311,0.0749399520532106
5.29479700844631,-8.3226094208739,0.0766017731986539
5.37706553380394,-8.28585840477778,0.078319922517136
5.45894459877215,-8.24821224525549,0.0800967203668712
5.54042466406583,-8.20967309645576,0.0819345959912354
5.62149618758036,-8.17024321234218,0.0838360930657225
5.70214962421768,-8.12992494692214,0.0858038755407409
5.78237542565458,-8.08872075447816,0.0878407337961525
5.86216404005021,-8.04663318980236,0.0899495911242744
5.94150591168939,-8.00366490843459,0.0921335105589123
6.02039148055825,-7.95981866690499,0.0943957020688825
6.09881118184839,-7.91509732298165,0.0967395301354004
6.17675544538591,-7.86950383592401,0.0991685217336753
6.25421469498096,-7.823041266743,0.101686374740043
6.3311793476937,-7.77571277846855,0.104296966787008
6.40763981301207,-7.72752163642543,0.107004364589624
6.48358649193665,-7.67847120851834,0.109812833767767
6.55900977596756,-7.62856496552723,0.112726849189968
6.63390004598834,-7.57780648141384,0.115751105865681
6.708247671041,-7.52619943364058,0.118890530414033
6.7820430069868,-7.47374760350291,0.122150293138372
6.85527639504641,-7.42045487647629,0.125535820737171
6.92793816021323,-7.36632524257916,0.129052809683152
7.00001860953317,-7.31136279675321,0.132707240303787
7.07150803024389,-7.25557173926219,0.136505391597682
7.14239668776604,-7.19895637611105,0.14045385682266
7.21267482353903,-7.14152111948667,0.144559559892721
7.28233265269305,-7.08327048822201,0.148829772622391
7.35136036154909,-7.02420910828534,0.153272132858268
7.41974810493797,-6.96434171329636,0.157894663538929
7.48748600332934,-6.90367314507112,0.162705792725569
7.55456413976091,-6.84220835419782,0.167714374647011
7.62097255655788,-6.77995240064546,0.172929711803853
7.68670125183211,-6.71691045440767,0.178361578177602
7.75174017575013,-6.6530877961841,0.184020243591633
7.81607922655855,-6.58848981810159,0.189916499271654
7.8797082463551,-6.52312202447794,0.196061684654061
7.94261701659305,-6.45699003263084,0.202467715491127
8.00479525330615,-6.39009957373478,0.209147113302261
8.06623260204098,-6.32245649372896,0.216113036220703
8.12691863248298,-6.25406675427925,0.223379311284785
8.1868428327621,-6.18493643379747,0.230960468222416
8.24599460342331,-6.11507172852135,0.238871774776529
8.30436325104724,-6.04447895365877,0.247129273617957
8.36193798150518,-5.97316454459998,0.255749820890367
8.41870789283292,-5.90113505820159,0.264751126429598
8.47466196770694,-5.82839717414655,0.274151795696736
8.52978906550667,-5.75495769638409,0.283971373460655
8.58407791394576,-5.68082355465426,0.29423038926126
8.63751710025545,-5.60600180610145,0.304950404679416
8.69009506190272,-5.53049963698173,0.316154062433167
8.74180007682583,-5.45432436446891,0.327865137312537
8.7926202531699,-5.37748343856449,0.340108588956522
8.84254351850512,-5.29998444411667,0.352910616465977
8.89155760851057,-5.22183510295405,0.366298714834607
8.93965005510661,-5.14304327613962,0.380301733167181
8.98680817401958,-5.06361696635088,0.394949934639181
9.03301905176278,-4.98356432039206,0.410275058135146
9.07826953201898,-4.90289363184475,0.426310381483889
9.12254620141012,-4.82161334386315,0.443090786187252
9.16583537464151,-4.73973205212051,0.460652823514935
9.20812307900913,-4.65725850791333,0.479034781810983
9.24939503826045,-4.57420162143008,0.498276754827446
9.28963665580116,-4.49057046519133,0.518420710867327
9.32883299724279,-4.40637427766811,0.539510562481907
9.36696877228889,-4.32162246708556,0.561592236426624
9.40402831596074,-4.23632461541877,0.584713743534581
9.43999556916734,-4.15049048258792,0.608925248117189
9.47485405862848,-4.06413001085946,0.63427913644711
9.50858687616482,-3.97725332946032,0.660830083819257
9.54117665737393,-3.88987075941178,0.688635119620836
9.57260555971779,-3.80199281858931,0.717753689771022
9.60285524005365,-3.71363022701487,0.748247715814516
9.63190683164819,-3.62479391238719,0.780181649870795
