1,0,4.5
0.98030869560736,0.00990103003654177,4.45522457946171
0.96122952997856,0.0196082143084951,4.41089660554907
0.942754556207545,0.0291276345410625,4.36701344584812
0.924875749183682,0.0384652925856541,4.32357238870356
0.907585021642171,0.0476271097187566,4.28057065055581
0.890874239429384,0.0566189260973638,4.23800538291348
0.874735236003795,0.0654465003632217,4.19587367897563
0.859159826193601,0.0741155093883476,4.15417257991801
0.844139819232458,0.0826315481544993,4.11289908085707
0.829667031094969,0.0910001297594808,4.0720501365054
0.815733296153735,0.0992266855433941,4.03162266653198
0.802330478179827,0.107316565328159,3.99161356063995
0.789450480708553,0.115275037763847,3.95201968337479
0.777085256792316,0.123107290775589,3.91283787867507
0.76522681816226,0.130818432105039,3.87406497417774
0.753867243820193,0.138413489940586,3.83569778528964
0.742998688082083,0.145897413630727,3.79773311903638
0.732613388094148,0.153275074475222,3.76016777769961
0.722703670842248,0.160551266588851,3.72299856225315
0.713261959674977,0.167730707832831,3.68622227560825
0.70428078036045,0.174818040809101,3.6498357256778
0.695752766696425,0.181817833912935,3.61383572826913
0.687670665692961,0.1887345824395,3.57821910981436
0.680027342346389,0.19557270974018,3.54298270994743
0.672815784022918,0.202336568424678,3.50812338393616
0.66602910446975,0.20903044160507,3.47363800497756
0.659660547471072,0.215658544178185,3.43952346636442
0.653703490165849,0.222225024142839,3.40577668353065
0.648151446043817,0.228733963948625,3.37239459598267
0.642998067635609,0.235189381873118,3.33937416912399
0.638237148912429,0.241595233424519,3.30671239597955
0.633862627410203,0.247955412766905,3.2744062988264
0.629868586092636,0.254273754165403,3.24245293073686
0.626249254967102,0.260554033448749,3.21084937704014
0.622999012466812,0.266799969486822,3.17959275670806
0.620112386612201,0.27301522568089,3.1486802236704
0.617584055963999,0.279203411464417,3.11810896806515
0.615408850379985,0.285368083812405,3.08787621742853
0.613581751586907,0.29151274875738,3.05797923782976
0.612097893578651,0.297640862910203,3.02841533495509
0.61095256285121,0.303755834984057,2.99918185514556
0.610141198484629,0.309861027319999,2.97027618639267
0.60965939208159,0.315959757412604,2.94169575929614
0.609502887571923,0.322055299434328,2.91343804798744
0.609667580891875,0.328150885757275,2.88550057102314
0.610149519546568,0.334249708471165,2.85788089225133
0.610944902063657,0.340354920896382,2.83057662165476
0.612050077345825,0.34646963909104,2.80358541617406
0.613461543929347,0.352596943351103,2.77690498051392
0.615175949155588,0.358739879702649,2.75053306793572
0.617190088261932,0.364901461385438,2.72446748103909
0.619500903398267,0.371084670327016,2.69870607253567
0.622105482574835,0.377292458606632,2.67324674601747
0.62500105854688,0.38352774990832,2.64808745672264
0.628185007641219,0.389793440962522,2.62322621230121
0.631654848529528,0.396092402975716,2.59866107358316
0.635408240952839,0.402427483047527,2.57439015535131
0.639442984401412,0.408801505574853,2.5504116271213
0.643757016753876,0.415217273642588,2.526723713931
0.64834841287923,0.42167757040054,2.50332469714133
0.65321538320501,0.428185160426211,2.4802129152509
0.658356272254676,0.434742791073086,2.45738676472641
0.663769557156976,0.441353193804164,2.43484470085077
0.669453846129804,0.448019085510452,2.41258523859112
0.675407876940818,0.454743169814176,2.39060695348861
0.681630515346817,0.461528138356494,2.36890848257179
0.688120753513645,0.4683766720695,2.34748852529567
0.694877708418168,0.475291442432343,2.3263458445082
0.701900620233603,0.482275112711272,2.30547926744599
0.709188850699282,0.489330339183466,2.2848876867612
0.716741881475703,0.496459772344477,2.26457006158132
0.724559312485489,0.503666058099164,2.2445254186037
0.73264086024067,0.510951838935957,2.22475285322649
0.7409863561565,0.518319755084335,2.20525153071798
0.749595744851782,0.525772445655366,2.18602068742583
0.758469082435504,0.533312549765195,2.16705963202826
0.767606534779354,0.540942707641314,2.14836774682872
0.77700837577549,0.548665561711491,2.12994448909597
0.78667498557874,0.556483757675204,2.11178939245125
0.796606848832197,0.564399945557403,2.0939020683044
0.806804552874991,0.572416780744454,2.0762822073407
0.817268785930784,0.580536925002052,2.05892958106014
0.828000335275375,0.588763047474929,2.04184404337113
0.839000085381568,0.597097825668112,2.02502553224029
0.850269016039259,0.605543946409523,2.00847407140027
0.861808200448505,0.614104106793632,1.9921897721174
0.873618803283117,0.622781015105908,1.97617283502113
0.885702078722109,0.631577391727735,1.96042355199707
0.898059368446142,0.640495970021485,1.94494230814556
0.910692099595845,0.649539497195351,1.92972958380775
0.923601782688739,0.658710735147573,1.91478595666113
0.936790009491189,0.668012461289604,1.90011210388638
0.950258450841649,0.677447469347754,1.88570880440774
0.964008854421191,0.687018570142815,1.87157694120871
0.978043042467089,0.696728592347099,1.85771750372521
0.992362909424972,0.706580383218318,1.84413159031825
1.00697041953482,0.71657680930965,1.83082041082816
1.02186760434583,0.726720757155323,1.81778528921246
1.03705656015486,0.737015133930963,1.80502766626951
1.05253944536296,0.747462868087925,1.79254910245
1.06831847774425,0.758066909960753,1.78035128075845
1.08439593162084,0.768830232346867,1.76843600974685
1.10077413493774,0.779755831057505,1.75680522660258
1.1174554662307,0.790846725438883,1.74546100033276
1.1344423514803,0.802105958862468,1.73440553504719
1.15173726084468,0.813536599183197,1.72364117334203
1.16934270526349,0.825141739164381,1.71317039978632
1.1872612329248,0.836924496867975,1.70299584451361
1.20549542558683,0.848888016008794,1.69312028692061
1.22404789474555,0.861035466271182,1.68354665947513
1.2429212776392,0.873370043586556,1.67427805163535
1.26211823308008,0.885894970370135,1.66531771388237
1.2816414371038,0.89861349571508,1.65666906186814
1.30149357842552,0.911528895542178,1.64833568068066
1.32167735369254,0.924644472703071,1.64032132922838
1.342195462522,0.937963557034953,1.63262994474562
1.36305060231191,0.951489505364514,1.62526564742072
1.38424546281351,0.965225701458818,1.61823274514867
1.40578272045228,0.979175555920653,1.61153573840968
1.42766503238441,0.993342506025781,1.60517932527534
1.44989503027529,1.00773001549938,1.59916840654339
1.47247531378559,1.02234157422881,1.59350809100272
1.49540844375049,1.03718069790972,1.58820370082917
1.51869693503672,1.05225092762238,1.58326077711347
1.54234324906151,1.06755582933484,1.57868508552166
1.56634978595731,1.08309899332959,1.57448262208862
1.59071887636507,1.09888403354997,1.57065961914497
1.61545277283867,1.11491458686265,1.56722255137732
1.64055364084237,1.13119431223205,1.56417814202149
1.66602354932237,1.14772688980269,1.56153336918842
1.69186446083321,1.16451601988501,1.55929547232151
1.71807822119897,1.18156542184016,1.5574719587844
1.74466654868854,1.19887883285897,1.55607061057751
1.77163102268384,1.21646000663021,1.55509949118118
1.79897307181892,1.23431271189283,1.55456695252302
1.82669396156747,1.2524407308669,1.5544816420665
1.85479478125557,1.27084785755754,1.55485251001714
1.88327643047589,1.28953789592606,1.55568881664231
1.91213960487886,1.3085146579221,1.55700013969997
1.94138478131598,1.32778196137046,1.5587963819709
1.97101220230952,1.34734362770602,1.56108777888842
2.00102185982258,1.36720347954995,1.56388490625884
2.03141347830283,1.38736533811987,1.56719868806486
2.06218649697281,1.40783302046686,1.57104040434356
2.0933400513391,1.42861033653139,1.57542169912951
2.12487295389245,1.44970108601032,1.58035458845246
2.15678367397042,1.47110905502683,1.58585146837836
2.18907031675382,1.49283801259451,1.59192512308081
2.22173060136813,1.51489170686717,1.59858873292932
2.25476183806077,1.53727386116485,1.6058558825792
2.28816090442502,1.55998816976704,1.61374056904652
2.32192422064163,1.58303829346314,1.62225720975036
2.35604772370892,1.60642785485035,1.63142065050274
2.39052684063281,1.63016043336867,1.64124617342529
2.42535646054836,1.6542395600625,1.6517495047696
2.46053090574499,1.67866871205797,1.66294682261688
2.49604390156829,1.70345130674494,1.67485476443008
2.53188854517216,1.72859069565229,1.68749043443011
2.56805727309612,1.75409015800488,1.70087141076508
2.60454182764387,1.77995289395033,1.71501575243991
2.64133322204079,1.80618201744343,1.72994200597051
2.67842170434971,1.83278054877602,1.74566921172496
2.71579672012651,1.85975140673968,1.76221690991089
2.7534468737993,1.88709740040863,1.77960514616603
2.79135988875768,1.91482122052997,1.7978544767055
2.82952256614174,1.94292543050834,1.816985972977
2.86792074232358,1.97141245697192,1.83702122577128
2.90653924507832,2.0002845799067,1.85798234873263
2.94536184844556,2.02954392234589,1.87989198121016
2.9843712262871,2.05919243960146,1.90277329038765
3.02354890455208,2.08923190802474,1.92664997262563
3.06287521226629,2.11966391328332,1.95154625394581
3.10232923126885,2.15048983814147,1.97748688958414
3.14188874472663,2.18171084973195,2.00449716253455
3.18153018446406,2.2133278863068,2.0326028810014
3.2212285771546,2.24534164345587,2.06183037467446
3.26095748942906,2.27775255978171,2.09220648973591
3.30068897196577,2.31056080202039,2.12375858250433
3.34039350263835,2.34376624959851,2.1565145116163
3.3800399288081,2.37736847861724,2.19050262864169
3.41959540886062,2.4113667452555,2.225751767024
3.45902535309943,2.44575996858512,2.26229122923276
3.49829336412348,2.48054671279232,2.30015077201021
3.53736117683111,2.51572516880092,2.33936058959009
3.57618859820867,2.55129313529435,2.37995129476179
3.61473344707996,2.58724799913529,2.42195389764874
3.65295149401056,2.62358671518328,2.46539978206583
3.69079640158093,2.66030578551318,2.51032067931624
3.72821966526261,2.69740123803903,2.55674863928453
3.7651705551537,2.73486860455085,2.6047159986791
3.80159605885264,2.77270289817416,2.65425534627376
3.83744082577311,2.81089859026526,2.70539948499548
3.87264711322834,2.84944958675819,2.75818139070273
3.90715473463878,2.88834920398279,2.81263416749689
3.94090101024464,2.92759014397714,2.86879099940805
3.97382072073258,2.96716446932123,2.92668509829542
4.00584606421523,3.0070635775234,2.98634964780308
4.03690661703158,3.04727817499513,3.04781774321218
4.0669292988671,3.08779825065517,3.111122327033
4.09583834272352,3.12861304920853,3.17629612018263
4.12355527029917,3.16971104415181,3.24337154859832
4.14999887337309,3.21107991056182,3.31238066514172
4.17508520181736,3.25270649773067,3.38335506665558
4.19872755889354,3.29457680171681,3.45632580604291
4.22083650452025,3.33667593788836,3.53132329924786
4.2413198672289,3.37898811354185,3.60837722702931
4.26008276555367,3.42149660068718,3.68751643143109
4.27702763962919,3.46418370909678,3.76876880686833
4.29205429379513,3.50703075972509,3.85216118576643
4.30505995103003,3.55001805861263,3.93771921870898
4.31593932005715,3.59312487139697,4.02546724907281
4.32458467598197,3.6363293985617,4.11542818215277
4.33088595533431,3.67960875156317,4.20762334880588
4.33473086639641,3.72293892998318,4.30207236367431
4.33600501570171,3.76629479986521,4.39879297807901
4.3345920515868,3.8096500734001,4.49780092771138
4.33037382566977,3.85297729013617,4.59910977528842
4.32323057311231,3.89624779989736,4.70273074837864
4.31304111249819,3.93943174760133,4.80867257264948
4.29968306612829,3.98249806017787,4.91694130083521
4.28303310148929,4.02541443579546,5.02754013777363
4.26296719460047,4.06814733561133,5.14046926191376
4.23936091587906,4.11066197826712,5.25572564375189
4.21208973908871,4.15292233735816,5.37330286171257
4.18102937384723,4.19489114210965,5.49319091605128
4.14605612206823,4.23652988149738,5.61537604141938
4.10704725859593,4.27779881205359,5.73984051879631
4.06388143616244,4.31865696960081,5.86656248756098
4.01643911465271,4.35906218515685,5.99551575854163
3.96460301450235,4.39897110525331,6.12666962895195
3.90825859387924,4.43833921690743,6.25998870018958
3.84729454910931,4.4771208774824,6.39543269954099
3.78160333760236,4.51526934966522,6.53295630690371
3.71108172231361,4.55273684178237,6.67250898770142
3.63563133654307,4.58947455366287,6.81403483323
3.55515926762771,4.62543272824516,6.95747240973099
3.46957865782227,4.6605607091083,7.10275461754329
3.3788093203945,4.69480700408984,7.24980856173254
3.2827783686818,4.72811935513153,7.3985554356399
3.18142085557031,4.76044481446977,7.54891041882697
3.0746804205666,4.79172982726148,7.70078259091939
2.96250994133959,4.82192032070563,7.8540748628683
2.84487218631846,4.85096179968848,8.00868392715468
2.72174046464492,4.8787994489448,8.16450022845484
2.59309926949816,4.90537824168887,8.32140795626667
2.45894491054336,4.93064305462801,8.4792850609625
2.31928613100222,4.95453878922753,8.63800329468667
2.17414470461235,4.97701049904994,8.79742827845161
2.02355600753564,4.99800352294258,8.95741959670583
1.86756956009804,5.01746362379792,9.11783092054957
1.70624953310057,5.03533713255848,9.27851016065808
1.53967521333699,5.05157109708545,9.43929965083996
1.36794142289361,5.06611343545586,9.60003636300569
1.19115888679436,5.07891309319906,9.76055215415344
1.00945454359486,5.08992020392883,9.92067404579159
0.822971793625777,5.09908625277403,10.0802245360148
0.631870679742213,5.10636424195843,10.2390219442308
0.436327995654851,5.11170885782992,10.3968807883008
0.236537317202376,5.11507663859151,10.5536121936103
0.0327089522746448,5.11642614194164,10.7090243333277
-0.174930194487164,5.1157181117907,10.8629228988399
-0.386136845604057,5.11291564318412,11.0151115990815
-0.600651666128817,5.10798434453106,11.1653926871936
-0.818199672703333,5.10089249621263,11.313567512668
-1.03849073786552,5.09161120462431,11.4594370968555
-1.26122019044358,5.08011455069516,11.6028027294425
-1.48606951210257,5.06637973192216,11.7434665832356
-1.71270712929438,5.05038719696097,11.8812323443414
-1.94078929901418,5.0321207718266,12.0159058545911
-2.16996108589447,5.01156777677725,12.1472957628411
-2.39985742728107,4.98871913298427,12.2752141815872
-2.63010428204481,4.96356945812872,12.3994773451579
-2.86031985799967,4.93611715011208,12.5199062656142
-3.09011591193421,4.90636445812448,12.6363273823758
-3.31909911543099,4.8743175403776,12.7485732015165
-3.54687247885946,4.83998650788181,12.8564829206408
-3.77303682519498,4.80338545372707,12.9599030352497
-3.99719230464963,4.76453246741381,13.0586879225506
-4.21893994051328,4.72344963387317,13.1527003987463
-4.43788319610261,4.68016301691475,13.2418122459616
-4.65362955231421,4.63470262694296,13.3259047051308
-4.86579208497993,4.58710237288969,13.404868931373
-5.07399103103783,4.53739999842018,13.4786064086209
-5.27785533246238,4.48563700257919,13.5470293205493
-5.47702414694873,4.43185854515493,13.6100608751572
-5.67114831451664,4.37611333714772,13.6676355806965
-5.85989176949168,4.31845351683699,13.7196994710077
-6.04293288773038,4.25893451204407,13.7662102787105
-6.21996575947859,4.19761488928681,13.8071375550994
-6.39070137888194,4.13455619061512,13.8424627360167
-6.55486874189624,4.06982275900291,13.8721791533946
-6.71221584516404,4.00348155325022,13.8962919925914
-6.86251057932058,3.93560195341943,13.9148181960672
-7.00554151115663,3.86625555788982,13.9277863143645
-7.14111855008271,3.79551597316578,13.935236305763
-7.26907349539638,3.72345859761373,13.9372192863639
-7.38926046193707,3.65016040033297,13.9337972327263
-7.50155618280616,3.57569969638402,13.9250426395164
-7.60586018892046,3.50015591960576,13.9110381349412
-7.70209486623956,3.42360939424992,13.8918760570152
-7.79020539254938,3.34614110664741,13.8676579939518
-7.87015955668201,3.26783247809747,13.838494292176
-7.94194746399425,3.18876514013692,13.8045035356204
-8.00558113280412,3.10902071330402,13.7658120000968
-8.06109398728579,3.02868059046066,13.7225530866185
-8.10854025304199,2.94782572567755,13.6748667376
-8.14799426220291,2.86653642962213,13.6228988398678
-8.17954967543625,2.78489217231718,13.566800618387
-8.20331862869284,2.70297139406238,13.5067280245474
-8.21943081285351,2.62085132523079,13.4428411227509
-8.22803249468636,2.53860781556943,13.3753034789174
-8.22928548767045,2.45631517354808,13.3042815543681
-8.22336608129558,2.37404601621469,13.2299441083637
-8.21046393741131,2.29187112992954,13.1524616123716
-8.19078096207803,2.2098593422655,13.0720056789169
-8.16453016117398,2.12807740527769,12.9887485076312
-8.13193448774139,2.04658989026493,12.90286235087
-8.09322568872077,1.96545909406696,12.81451900101
-8.04864315833098,1.88474495686703,12.7238893012776
-7.99843280491399,1.80450499139881,12.6311426816974
-7.94284593758426,1.72479422339088,12.5364467214879
-7.88213817851147,1.64566514302126,12.4399667389731
-7.81656840613149,1.56716766709858,12.3418654098282
-7.74639773402966,1.48934911163659,12.2423024142338
-7.6718885296818,1.41225417444372,12.1414341132817
-7.59330347667802,1.33592492731062,12.0394132547548
-7.5109046834986,1.26040081734511,11.936388708197
-7.42495284136676,1.18571867697575,11.8325052289978
-7.3357064331738,1.11191274212303,11.7279032510388
-7.24342099496391,1.03901467801958,11.6227187072915
-7.14834843098171,0.967053612148274,11.5170828776095
-7.05073638282902,0.896056173759666,11.4111222628334
-6.95082765285125,0.826046539426588,11.3049584842153
-6.84885968147958,0.757046484094755,11.1987082070761
-6.74506407789458,0.689075437092657,11.0924830875299
-6.63966620305102,0.62215054257209,10.9863897410473
-6.53288480381233,0.556286723861731,10.8805297315813
-6.42493169668642,0.491496751230011,10.7749995799433
-6.3160114994325,0.427791312569755,10.6698907900968
-6.20632140861899,0.365179086535318,10.5652898920248
-6.09605102105585,0.303666817682992,10.4612784998287
-5.98538219689796,0.243259393186851,10.3579333837288
-5.87448896211885,0.183959920724761,10.2553265546529
-5.76353744798357,0.125769807152662,10.1535253601316
-5.65268586510433,0.0686888376091749,10.0525925902515
-5.54208450964052,0.0127152547169014,9.95258659245803
-5.43187579920381,-0.0421541624288294,9.85356139404716
-5.32219433604681,-0.0959240197686908,9.75556683123363
-5.213166995149,-0.14860023054643,9.65864868373852
-5.10491303486324,-0.200189938571525,9.56284881389332
-4.99754422784899,-0.250701442691604,9.46820530931678
-4.89116501009198,-0.300144122666428,9.37475262827903
-4.7858726458932,-0.348528366613652,9.28252174692772
-4.68175740680034,-0.395865500175824,9.19154030761004
-4.57890276255148,-0.442167717538344,9.10183276758399
-4.47738558220135,-0.487448014409237,9.01342054747043
-4.3772763437049,-0.531720123053881,8.9263221788546
-4.2786393503386,-0.574998449461059,8.84055345050117
-4.18153295244672,-0.61729801270107,8.75612755270051
-4.08600977310644,-0.658634386522018,8.67305521931557
-3.99211693641123,-0.699023643216887,8.59134486714798
-3.8998962971757,-0.738482299781513,8.51100273228882
-3.80938467096649,-0.777027266372107,8.43203300316421
-3.72061406346225,-0.814675797060519,8.35443795002765
-3.63361189824059,-0.851445442875952,8.27821805069031
-3.54840124218134,-0.887354007113267,8.20337211231722
-3.46500102776217,-0.922419502880351,8.12989738915165
-3.38342627160594,-0.956660112850198,8.05778969606117
-3.30368828871692,-0.990094151177347,7.98704351782836
-3.22579490191761,-1.02274002753306,7.9176521141356
-3.14975064606621,-1.05461621320911,7.84960762021757
-3.07555696670043,-1.0857412092361,7.7829011431774
-3.00321241281255,-1.11613351645917,7.71752285398198
-2.93271282351704,-1.14581160751104,7.65346207516994
-2.86405150842293,-1.17479390062037,7.59070736432145
-2.79721942157031,-1.20309873519187,7.52924659335316
-2.7322053288334,-1.23074434909301,7.46906702371363
-2.66899596873177,-1.257748857582,7.41015537756524
-2.60757620662648,-1.2841302338107,7.35249790504792
-2.54792918230981,-1.3099062908365,7.29608044772712
-2.49003645102588,-1.33509466507713,7.24088849833541
-2.43387811798438,-1.35971280114323,7.18690725692191
-2.37943296645224,-1.38377793798368,7.13412168352781
-2.32667857952748,-1.40730709628032,7.08251654750944
-2.27559145571643,-1.43031706702924,7.03207647363231
-2.22614711845006,-1.45282440124742,6.98278598506102
-2.17832021968755,-1.47484540074487,6.93462954337032
-2.13208463776537,-1.4963961099039,6.88759158570266
-2.08741356965868,-1.51749230840875,6.84165655919665
-2.04427961782861,-1.53814950487067,6.79680895280999
-2.0026548718339,-1.55838293129514,6.75303332665831
-1.9625109848894,-1.57820753833975,6.71031433898965
-1.92381924555624,-1.59763799131319,6.66863677091164
-1.88655064474986,-1.61668866686759,6.62798554898587
-1.85067593825244,-1.63537365033831,6.58834576580086
-1.81616570491554,-1.65370673368709,6.54970269863198
-1.7829904007378,-1.67170141400654,6.51204182629324
-1.75112040899976,-1.68937089254545,6.47534884428241
-1.72052608663605,-1.70672807421659,6.4396096783175
-1.69117780702123,-1.72378556755002,6.40481049635871
-1.6630459993424,-1.74055568505722,6.37093771920666
-1.63610118472756,-1.7570504439724,6.33797802976367
-1.61031400929416,-1.7732815673397,6.30591838104134
-1.58565527427812,-1.7892604854161,6.27474600299401
-1.56209596339841,-1.80499833736166,6.24444840825395
-1.5396072676076,-1.82050597319019,6.21501339684056
-1.51816060737366,-1.83579395595504,6.18642905991247
-1.49772765263321,-1.8508725641459,6.15868378262759
-1.47828034055128,-1.86575179427401,6.13176624617328
-1.45979089121749,-1.88044136362465,6.10566542902515
-1.44223182140341,-1.89495071315671,6.08037060748978
-1.42557595650083,-1.90928901053065,6.0558713555839
-1.40979644075556,-1.9234651532473,6.03215754429906
-1.39486674590666,-1.93748777188084,6.00921934029839
-1.38076067833581,-1.95136523339065,5.98704720408886
-1.36745238482718,-1.96510564449775,5.96563188771
-1.3549163570333,-1.97871685511208,5.94496443197742
-1.34312743473803,-1.99220646179855,5.9250361633169
-1.33206080800345,-2.00558181126994,5.90583869022239
-1.32169201828319,-2.01885000389609,5.88736389936938
-1.31199695858065,-2.03201789721937,5.86960395141234
-1.30295187272691,-2.04509210946727,5.85255127649336
-1.2945333538489,-2.05807902305367,5.83619856948694
-1.28671834209532,-2.07098478806099,5.82053878500402
-1.27948412168392,-2.08381532569624,5.80556513217666
-1.2728083173307,-2.09657633171429,5.79127106924293
-1.26666889011839,-2.10927327980268,5.77765029795029
-1.26104413285833,-2.12191142492248,5.76469675779377
-1.25591266499744,-2.13449580660046,5.75240462010445
-1.25125342711884,-2.14703125216828,5.74076828200178
-1.24704567508223,-2.15952237994485,5.72978236022252
-1.24326897384777,-2.17197360235843,5.71944168483761
-1.23990319102477,-2.18438912900562,5.7097412928673
-1.23692849018432,-2.19677296964457,5.70067642180379
-1.23432532397292,-2.20912893712034,5.69224250304971
-1.23207442706221,-2.2214606502205,5.68443515527981
-1.23015680896804,-2.2337715364596,5.67725017773233
-1.22855374677045,-2.24606483479128,5.67068354343602
-1.22724677776433,-2.25834359824717,5.66473139237764
-1.22621769206922,-2.27061069650215,5.65939002461452
-1.22544852522505,-2.28286881836559,5.65465589333574
-1.22492155079942,-2.29512047419852,5.65052559787532
-1.22461927303076,-2.30736799825712,5.64699587668
-1.22452441953037,-2.31961355096286,5.64406360023386
-1.22461993406542,-2.33185912110009,5.64172576394159
-1.22488896944392,-2.34410652794192,5.63997948097172
-1.22531488052159,-2.35635742330554,5.6388219750611
-1.22588121734984,-2.36861329353831,5.63825057328112
-1.22657171848311,-2.38087546143615,5.63826269876646
-1.22737030446311,-2.3931450880958,5.63885586340645
-1.22826107149672,-2.40542317470293,5.6400276604992
-1.22922828534372,-2.41771056425804,5.64177575736858
-1.23025637542982,-2.43000794324237,5.64409788794358
-1.23132992919983,-2.44231584322611,5.64699184530009
-1.2324336867255,-2.45463464242143,5.65045547416462
-1.23355253558162,-2.46696456718286,5.65448666337954
-1.234671506004,-2.47930569345793,5.65908333832968
-1.23577576634198,-2.49165794819074,5.66424345332983
-1.23685061881816,-2.50402111068164,5.66996498397288
-1.23788149560718,-2.51639481390614,5.67624591943848
-1.23885395524543,-2.5287785457961,5.68308425476213
-1.23975367938273,-2.54117165048693,5.69047798306468
-1.24056646988701,-2.55357332953384,5.69842508774265
-1.24127824631256,-2.56598264310115,5.70692353461957
-1.24187504374178,-2.57839851112798,5.71597126405911
-1.24234301101058,-2.59081971447435,5.72556618304081
-1.24266840932648,-2.6032448960515,5.73570615719948
-1.24283761128875,-2.61567256194036,5.74638900282968
-1.24283710031918,-2.62810108250224,5.75761247885704
-1.24265347051173,-2.64052869348599,5.7693742787782
-1.24227342690895,-2.65295349713574,5.78167202257201
-1.24168378621268,-2.66537346330355,5.79450324858446
-1.24087147793602,-2.67778643057143,5.80786540539047
-1.23982354600297,-2.69019010738703,5.8217558436361
-1.23852715080213,-2.70258207321769,5.83617180786498
-1.23696957169953,-2.71495977972721,5.8511104283333
-1.23513821001595,-2.72732055198016,5.86656871281822
-1.23302059247294,-2.73966158967825,5.8825435384247
-1.2306043751113,-2.75197996843356,5.89903164339681
-1.22787734768515,-2.76427264108325,5.91602961893939
-1.22482743853409,-2.7765364390507,5.933533901057
-1.2214427199349,-2.78876807375774,5.95154076241725
-1.2177114139339,-2.80096413809271,5.97004630424633
-1.21362189865987,-2.8131211079394,5.98904644826499
-1.20916271511678,-2.8252353437714,6.00853692867388
-1.20432257445452,-2.83730309231678,6.02851328419744
-1.19909036571501,-2.84932048829796,6.04897085019651
-1.19345516404983,-2.86128355625126,6.06990475085999
-1.18740623940469,-2.87318821243106,6.09130989148662
-1.18093306566469,-2.88503026680309,6.1131809508685
-1.17402533025335,-2.89680542513144,6.13551237378854
-1.16667294417701,-2.90850929116378,6.15829836364449
-1.1588660525051,-2.92013736891925,6.18153287521277
-1.15059504527519,-2.93168506508329,6.20520960756603
-1.14185056881075,-2.94314769151351,6.22932199715853
-1.13262353743768,-2.95452046786087,6.25386321109434
-1.12290514558461,-2.96579852430985,6.27882614059352
-1.1126868802502,-2.97697690444153,6.30420339467215
-1.10196053381931,-2.98805056822309,6.32998729405236
-1.09071821720808,-2.99901439512713,6.35616986531902
-1.07895237331681,-3.00986318738401,6.38274283534017
-1.0666557907672,-3.02059167337013,6.40969762596849
-1.05382161789964,-3.03119451113492,6.43702534904167
-1.04044337700386,-3.04166629206905,6.46471680169958
-1.026514978755,-3.05200154471589,6.49276246203659
-1.01203073682526,-3.06219473872828,6.52115248510747
-0.996985382639609,-3.07224028897226,6.54987669930557
-0.98137408024234,-3.08213255977872,6.57892460313194
-0.965192441239629,-3.09186586934439,6.60828536237431
-0.948436539781411,-3.10143449428226,6.63794780771457
-0.931102927544423,-3.11083267432198,6.6679004327837
-0.913188648676544,-3.12005461715991,6.6981313926826
-0.89469125466103,-3.12909450345821,6.72862850298729
-0.875608819057705,-3.13794649199204,6.75937923925675
-0.855939952076754,-3.14660472494336,6.79037073706106
-0.835683814939337,-3.15506333333942,6.82158979254746
-0.814840133977983,-3.16331644263359,6.85302286356118
-0.793409214428494,-3.17135817842576,6.88465607133742
-0.771391953863995,-3.17918267231881,6.91647520278036
-0.748789855220779,-3.18678406790751,6.9484657133441
-0.725605039364721,-3.19415652689538,6.98061273052983
-0.701840257146305,-3.20129423533469,7.01290105801261
-0.677498900891738,-3.20819140998428,7.04531518041002
-0.652585015277159,-3.21484230477921,7.07783926870412
-0.627103307532717,-3.22124121740587,7.11045718632677
-0.601059156923187,-3.22738249597552,7.14315249591736
-0.574458623451877,-3.23326054578887,7.17590846676043
-0.547308455734875,-3.23886983618351,7.20870808290953
-0.51961609799318,-3.24420490745578,7.24153405200205
-0.491389696110943,-3.2492603778479,7.27436881476811
-0.462638102708954,-3.25403095059082,7.30719455523517
-0.433370881183688,-3.25851142099264,7.33999321162821
-0.403598308663536,-3.2626966835621,7.37274648796343
-0.373331377835489,-3.26658173915597,7.40543586633193
-0.342581797597364,-3.2701617021389,7.43804261986747
-0.311361992492735,-3.27343180754375,7.47054782639083
-0.279685100888075,-3.27638741821998,7.50293238272119
-0.247564971854128,-3.27902403195738,7.53517701964272
-0.215016160716386,-3.28133728857199,7.56726231751274
-0.182053923242538,-3.28332297694075,7.59916872249565
-0.148694208438047,-3.28497704197105,7.63087656340445
-0.11495364992451,-3.28629559149119,7.66236606912999
-0.0808495558791547,-3.28727490304747,7.69361738663541
-0.0463998975177859,-3.28791143059335,7.72461059949163
-0.0116232961075873,-3.28820181105615,7.75532574692714
0.0234609914994607,-3.28814287076646,7.78574284336355
0.0588330888173124,-3.28773163173546,7.8158418984062
0.0944725171608351,-3.28696531776534,7.84560293725712
0.130358214560331,-3.28584136037795,7.87500602151554
0.166468556145961,-3.28435740454691,7.90403127032946
0.202781375987404,-3.28251131421867,7.93265888185986
0.239273990368929,-3.28030117760787,7.96086915501719
0.275923222474894,-3.27772531225298,7.98864251142854
0.312705428455419,-3.27478226981807,8.01595951759195
0.349596524836735,-3.27147084062721,8.04280090717315
0.386572017235452,-3.26779005791824,8.06914760339845
0.423607030330764,-3.263739201803,8.09498074149671
0.460676339043431,-3.25931780292177,8.12028169114185
0.497754400865314,-3.25452564578021,8.14503207884674
0.534815389278226,-3.24936277175737,8.1692138102586
0.571833228196065,-3.24382948177445,8.19280909230525
0.608781627359464,-3.23792633861422,8.2158004551414
0.645634118607757,-3.23165416888213,8.23817077384374
0.682364092948752,-3.22501406460061,8.25990328980379
0.718944838342781,-3.21800738442899,8.28098163176732
0.755349578113734,-3.21063575450243,8.30138983646967
0.791551509896311,-3.20290106888394,8.3211123688168
0.827523845025547,-3.19480548962468,8.34013414156257
0.863239848271867,-3.18635144642848,8.35844053443354
0.898672877822412,-3.17754163591781,8.37601741265391
0.933796425407311,-3.168379020499,8.3928511448242
0.968584156467825,-3.15886682682597,8.40892862010891
1.00300995026199,-3.14900854386255,8.42423726468998
1.03704793980246,-3.13880792054435,8.43876505744457
1.07067255152085,-3.12826896304269,8.45250054480782
1.10385854455268,-3.11739593163361,8.46543285478319
1.13658104953749,-3.10619333717635,8.47755171006541
1.16881560682965,-3.09466593720678,8.48884744024335
1.2005382040163,-3.08281873165198,8.49931099305272
1.23172531264097,-3.07065695817363,8.50893394465135
1.2623539240331,-3.05818608714851,8.51770850889218
1.29240158414672,-3.04541181629555,8.5256275455724
1.32184642731397,-3.03234006495991,8.53268456763984
1.35066720882295,-3.01897696806531,8.53887374734098
1.37884333623275,-3.00532886974673,8.54418992129779
1.40635489934294,-2.99140231667677,8.54862859450396
1.43318269873886,-2.97720405109929,8.55218594323424
1.45930827283914,-2.96274100358501,8.55485881686354
1.48471392337679,-2.94802028552444,8.5566447385961
1.50938273925046,-2.93304918137415,8.55754190510772
1.53329861868814,-2.91783514067279,8.55754918510747
1.55644628967145,-2.90238576984427,8.5566661168285
1.5788113285743,-2.88670882380548,8.5548929044603
1.60038017697637,-2.8708121973968,8.55223041353803
1.62114015661748,-2.85470391665366,8.54868016530734
1.64107948246595,-2.83839212993809,8.54424433008598
1.66018727387989,-2.82188509894895,8.53892571964614
1.67845356384707,-2.8051911896303,8.53272777864396
1.69586930629564,-2.78831886299689,8.52565457512559
1.71242638147388,-2.77127666589626,8.51771079014072
1.72811759940407,-2.7540732217267,8.50890170649757
1.74293670142139,-2.73671722113018,8.49923319669469
1.75687835981514,-2.71921741267947,8.48871171006714
1.76993817559544,-2.70158259357821,8.47734425918631
1.78211267441437,-2.68382160039258,8.46513840555409
1.7933993006762,-2.66594329983281,8.45210224463356
1.80379640987647,-2.64795657960254,8.43824439025951
1.81330325921527,-2.6298703393334,8.42357395847319
1.82191999653426,-2.61169348162188,8.40810055082656
1.82964764763228,-2.59343490318509,8.39183423720171
1.83648810201789,-2.57510348615106,8.37478553819212
1.84244409716182,-2.5567080894992,8.35696540709218
1.84751920131543,-2.53825754066543,8.3383852115419
1.8517177949647,-2.51976062732596,8.31905671487364
1.85504505099243,-2.50122608937313,8.29899205720733
1.85750691362338,-2.4826626110957,8.27820373634055
1.85911007622996,-2.46407881357549,8.25670458847912
1.8598619580773,-2.44548324731135,8.2345077688533
1.85977068008864,-2.4268843850806,8.21162673226387
1.85884503971257,-2.4082906150474,8.18807521360146
1.85709448497498,-2.38971023412662,8.16386720838137
1.85452908779867,-2.37115144161086,8.13901695333507
1.85115951667397,-2.35262233306762,8.11353890709816
1.84699700876326,-2.33413089451271,8.08744773103327
1.84205334152225,-2.31568499686499,8.06075827022495
1.83634080391948,-2.29729239068709,8.03348553468187
1.82987216733498,-2.27896070121554,8.00564468078024
1.82266065621735,-2.26069742368319,7.97725099298066
1.81471991857703,-2.24250991893595,7.94831986584855
1.80606399639171,-2.22440540934512,7.91886678640714
1.79670729599774,-2.20639097501579,7.8889073168495
1.78666455853914,-2.18847355029103,7.85845707763483
1.77595083054334,-2.17065992055113,7.82753173099195
1.76458143469021,-2.15295671930609,7.7961469648514
1.75257194083821,-2.13537042557917,7.76431847722543
1.73993813736837,-2.11790736157873,7.73206196105343
1.72669600290419,-2.10057369065471,7.69939308952855
1.71286167846198,-2.08337541553581,7.66632750191928
1.69845144008345,-2.06631837684288,7.63288078989821
1.68348167199867,-2.04940825187327,7.59906848438809
1.66796884036457,-2.03265055365076,7.56490604293398
1.65192946762071,-2.01605063023505,7.53040883760826
1.6353801075006,-1.99961366428443,7.49559214345389
1.61833732073386,-1.98334467286493,7.46047112746958
1.60081765147069,-1.96724850749885,7.42506083813909
1.58283760445748,-1.95132985444528,7.38937619550547
1.5644136229885,-1.93559323520508,7.35343198178943
1.54556206765596,-1.92004300724233,7.31724283255012
1.52629919591731,-1.90468336491413,7.28082322838484
1.50664114249568,-1.88951834060075,7.24418748716348
1.48660390062642,-1.87455180602735,7.20734975679195
1.46620330415988,-1.85978747376912,7.17032400849823
1.44545501052768,-1.84522889893103,7.13312403063332
1.42437448457715,-1.83087948099352,7.09576342297869
1.40297698327607,-1.81674246581557,7.05825559155097
1.38127754128731,-1.80282094778636,7.02061374389376
1.35929095741082,-1.78911787211682,6.98285088484583
1.33703178188799,-1.77563603726243,6.94497981277437
1.31451430456154,-1.76237809746877,6.9070131162613
1.29175254388213,-1.7493465654311,6.86896317123035
1.26876023675084,-1.73654381505984,6.83084213850179
1.24555082918526,-1.72397208434335,6.79266196176197
1.2221374677953,-1.7116334783001,6.75443436593381
1.19853299205311,-1.69952997201203,6.71617085593467
1.17474992734071,-1.68766341373132,6.67788271580756
1.1508004787572,-1.67603552805291,6.63958100821166
1.12669652566671,-1.66464791914518,6.60127657425781
1.1024496169671,-1.65350207403155,6.5629800336749
1.07807096705877,-1.64259936591588,6.52470178529281
1.05357145249193,-1.63194105754475,6.48645200782779
1.02896160927036,-1.6215283046,6.44824066095602
1.00425163078896,-1.61136215911499,6.4100774866616
0.979451366382011,-1.60144357290852,6.37197201084486
0.95457032045893,-1.59177340103014,6.33393354517755
0.929617652203698,-1.58235240521144,6.29597118919137
0.904602175814375,-1.5731812573175,6.25809383258666
0.879532361258816,-1.56426054279343,6.22031015774826
0.854416335522787,-1.55559076410079,6.18262864245606
0.829261884326772,-1.54717234413924,6.14505756277766
0.804076454287885,-1.53900562964871,6.10760499613131
0.778867155503553,-1.53109089458792,6.07027882450738
0.753640764533865,-1.52342834348491,6.03308673783694
0.728403727759862,-1.51601811475598,5.99603623749664
0.703162165095365,-1.50886028398919,5.95913463993912
0.677921874030415,-1.50195486718907,5.92238908043886
0.652688333984832,-1.49530182397937,5.88580651694349
0.627466710950908,-1.48890106076075,5.84939373402119
0.602261862404792,-1.48275243382072,5.81315734689503
0.577078342466693,-1.47685575239323,5.7771038055557
0.551920407290608,-1.47121078166543,5.74123939894405
0.526792020664914,-1.46581724572949,5.70557025919587
0.501696859805774,-1.46067483047748,5.67010236594113
0.476638321325987,-1.45578318643737,5.63484155065055
0.451619527362556,-1.45114193154854,5.59979350102287
0.426643331846923,-1.4467506538753,5.56496376540623
0.401712326902526,-1.44260891425709,5.53035775724767
0.376828849354975,-1.43871624889405,5.49598075956515
0.351994987340896,-1.43507217186706,5.46183792943656
0.327212587002133,-1.43167617759123,5.42793430250079
0.302483259252705,-1.42852774320203,5.39427479746631
0.277808386606628,-1.42562633087354,5.36086422062259
0.253189130055345,-1.42297139006802,5.32770727035061
0.228626435984239,-1.42056235971666,5.29480854162852
0.204121043118327,-1.41839867033086,5.262172530529
0.179673489487935,-1.41647974604409,5.22980363870525
0.155284119405755,-1.4148050065839,5.19770617786251
0.130953090447391,-1.41337386917421,5.16588437421259
0.106680380428046,-1.41218575036782,5.13434237290887
0.0824657943687081,-1.41124006780912,5.10308424245972
0.058308971445704,-1.41053624192732,5.07211397911826
0.0342093919181499,-1.41007369756021,5.04143551124669
0.0101663840283549,-1.40985186550879,5.01105270365381
-0.0138208691291909,-1.40987018402312,4.98096936190416
-0.0377533227740746,-1.41012810021953,4.95118923659773
-0.0616320636447691,-1.41062507142981,4.92171602761917
-0.0854583032447873,-1.41136056648257,4.89255338835567
-0.109233371132482,-1.4123340669173,4.86370492988279
-0.132958708256312,-1.41354506813153,4.83517422511764
-0.156635860336939,-1.41499308046168,4.80696481293901
-0.180266471297064,-1.41667763019781,4.77908020227407
-0.203852276739489,-1.41859826053303,4.75152387615145
-0.227395097473474,-1.42075453244788,4.72429929572055
-0.250896833089063,-1.42314602553025,4.69740990423701
-0.274359455578659,-1.42577233873121,4.67085913101441
-0.29778500300477,-1.42863309105739,4.64465039534232
-0.3211755732125,-1.43172792220016,4.61878711037072
-0.344533317585,-1.43505649310223,4.59327268696123
-0.367860434839792,-1.43861848646196,4.56811053750509
-0.391159164863554,-1.44241360717586,4.54330407970846
-0.414431782582668,-1.44644158271958,4.51885674034515
-0.43768059186655,-1.45070216346786,4.4947719589771
-0.460907919460494,-1.4551951229535,4.47105319164305
-0.48411610894454,-1.459920258066,4.44770391451553
-0.507307514714602,-1.46487738918973,4.4247276275266
-0.530484495981872,-1.47006636028207,4.40212785796263
-0.553649410786312,-1.47548703889169,4.37990816402816
-0.576804610019804,-1.48113931611684,4.35807213837941
-0.599952431454376,-1.4870231065041,4.33662341162719
-0.623095193770713,-1.49313834788728,4.31556565580971
-0.646235190581986,-1.49948500116665,4.29490258783504
-0.6693746844479,-1.50606305002834,4.2746379728934
-0.692515900873676,-1.51287250060379,4.25477562783905
-0.715661022288586,-1.51991338106918,4.23531942454172
-0.738812181998483,-1.52718574118438,4.2162732932072
-0.761971458106707,-1.5346896517714,4.19764122566677
-0.785140867397603,-1.54242520413182,4.17942727863493
-0.808322359176799,-1.5503925094028,4.16163557693492
-0.831517809062349,-1.55859169785132,4.14427031669114
-0.854729012720703,-1.56702291810604,4.12733576848773
-0.877957679541489,-1.57568633632618,4.11083628049222
-0.901205426244979,-1.58458213530688,4.09477628154311
-0.924473770416116,-1.59371051352023,4.07916028419999
-0.947764123958942,-1.60307168409123,4.06399288775467
-0.971077786465256,-1.61266587370794,4.04927878120177
-0.994415938491351,-1.62249332146482,4.03502274616668
-1.01777963473668,-1.63255427763831,4.02122965978888
-1.04116979711835,-1.64284900239376,4.00790449755837
-1.06458720773535,-1.65337776442251,3.99505233610255
-1.08803250171663,-1.66414083950805,3.98267835592085
-1.11150615994694,-1.67513850902004,3.97078784406417
-1.1350085016648,-1.68637105833501,3.95938619675567
-1.15853967692679,-1.69783877518228,3.94847892194951
-1.18209965893269,-1.7095419479139,3.93807164182373
-1.20568823620599,-1.72148086369714,3.92817009520303
-1.22930500462471,-1.73365580662796,3.9187801399072
-1.25294935929732,-1.7460670557641,3.90990775502029
-1.27662048627921,-1.7587148830761,3.90155904307563
-1.30031735412509,-1.77159955131462,3.89374023215116
-1.32403870527303,-1.78472131179258,3.88645767786941
-1.34778304725646,-1.79808040208014,3.87971786529592
-1.37154864374028,-1.81167704361097,3.87352741072968
-1.39533350537818,-1.82551143919807,3.86789306337866
-1.41913538048818,-1.83958377045712,3.86282170691309
-1.44295174554427,-1.85389419513575,3.85832036088882
-1.46677979548218,-1.86844284434682,3.85439618203255
-1.49061643381814,-1.88322981970376,3.85105646538045
-1.5144582625798,-1.89825519035617,3.84830864526092
-1.53830157204938,-1.91351898992383,3.84616029611208
-1.56214233031942,-1.92902121332719,3.84461913312403
-1.5859761726628,-1.94476181351245,3.84369301269513
-1.60979839071869,-1.96074069806947,3.84338993269161
-1.63360392149781,-1.97695772574057,3.84371803249862
-1.65738733621046,-1.99341270281857,3.8446855928509
-1.68114282892231,-2.01010537943222,3.84630103543034
-1.70486420504373,-2.02703544571727,3.84857292221724
-1.72854486965941,-2.04420252787175,3.85150995458161
-1.75217781570654,-2.06160618409373,3.85512097210014
-1.7757556120106,-2.07924590040008,3.85941495108401
-1.79927039118949,-2.09712108632505,3.86440100280205
-1.82271383743794,-2.11523107049718,3.87008837138325
-1.84607717420551,-2.13357509609352,3.87648643138194
-1.86935115178341,-2.1521523161702,3.88360468498848
-1.8925260348165,-2.17096178886849,3.89145275886757
-1.91559158975898,-2.19000247249561,3.90004040060594
-1.93853707229388,-2.20927322047995,3.90937747475029
-1.96135121473842,-2.2287727762004,3.91947395841611
-1.98402221345934,-2.24849976768975,3.93033993644715
-2.00653771632442,-2.26845270221241,3.94198559610502
-2.02888481021847,-2.28862996071689,3.95442122126776
-2.05105000865459,-2.30902979216399,3.9676571861156
-2.07301923951382,-2.32965030773162,3.98170394828194
-2.0947778329486,-2.35048947489785,3.99657204144695
-2.11631050948845,-2.37154511140401,4.01227206735057
-2.13760136838867,-2.39281487909991,4.02881468720191
-2.15863387626571,-2.41429627767407,4.04621061246106
-2.17939085606598,-2.43598663827188,4.06447059496937
-2.19985447641749,-2.45788311700528,4.08360541640416
-2.22000624141709,-2.47998268835816,4.10362587703326
-2.23982698090919,-2.50228213849198,4.12454278374512
-2.25929684131482,-2.52477805845693,4.14636693732979
-2.27839527707371,-2.54746683731437,4.16910911898654
-2.2971010427648,-2.57034465517701,4.19278007603375
-2.31539218597471,-2.59340747617399,4.217390506797
-2.33324604098654,-2.6166510413487,4.24295104465179
-2.35063922336538,-2.6400708614979,4.26947224119763
-2.36754762552013,-2.66366220996145,4.29696454854096
-2.38394641332492,-2.68742011537302,4.32543830066493
-2.39981002388686,-2.7113393543825,4.35490369386517
-2.41511216455036,-2.73541444436235,4.38537076623145
-2.42982581323189,-2.75963963611047,4.4168493761566
-2.44392322018194,-2.7840089065635,4.44934917985513
-2.4573759112749,-2.80851595153529,4.48287960787581
-2.47015469293011,-2.83315417849635,4.51744984059401
-2.48222965877065,-2.85791669941109,4.55306878267162
-2.49357019812935,-2.88279632365084,4.58974503647461
-2.50414500651371,-2.90778555100152,4.62748687444057
-2.51392209814428,-2.93287656478636,4.66630221039121
-2.52286882068275,-2.95806122512479,4.70619856978776
-2.53095187226787,-2.98333106235003,4.7471830589302
-2.53813732097875,-3.00867727060914,4.78926233310482
-2.544390626846,-3.03409070167028,4.83244256368811
-2.54967666653166,-3.05956185896337,4.87672940421903
-2.55395976079894,-3.08508089188134,4.92212795545587
-2.55720370489206,-3.11063759037062,4.96864272943857
-2.55937180194568,-3.13622137984038,5.01627761258201
-2.56042689954107,-3.16182131642157,5.06503582783111
-2.56033142952407,-3.18742608260771,5.11491989591379
-2.55904745119634,-3.2130239833106,5.1659315957339
-2.55653669798724,-3.23860294236534,5.2180719239518
-2.55276062770888,-3.26415049951984,5.27134105380709
-2.54768047649042,-3.28965380794521,5.32573829324427
-2.54125731648143,-3.31509963230425,5.38126204240921
-2.53345211740524,-3.34047434741624,5.43790975059136
-2.52422581203497,-3.3657639375567,5.49567787269409
-2.5135393656538,-3.39095399643187,5.55456182532337
-2.50135384955023,-3.41602972786794,5.61455594259261
-2.48763051858589,-3.44097594725547,5.67565343174977
-2.47233089285966,-3.46577708379007,5.7378463287411
-2.45541684347651,-3.49041718355021,5.80112545383405
-2.43685068241267,-3.51487991345315,5.86548036743057
-2.41659525645082,-3.53914856612999,5.93089932621043
-2.3946140451396,-3.56320606576019,5.99736923975285
-2.37087126271087,-3.58703497490559,6.06487562779299
-2.345331963866,-3.61061750238291,6.1334025782786
-2.31796215331928,-3.63393551221317,6.20293270640004
-2.28872889896119,-3.65697053368465,6.27344711477524
-2.25760044847899,-3.67970377256493,6.34492535497878
-2.22454634924413,-3.7021161234957,6.41734539061167
-2.18953757124823,-3.72418818360181,6.49068356211558
-2.15254663283967,-3.74590026734393,6.56491455354162
-2.11354772898273,-3.76723242264149,6.64001136148982
-2.07251686173012,-3.78816444828941,6.71594526644064
-2.02943197256823,-3.80867591268937,6.79268580670449
-1.984273076262,-3.82874617391226,6.87020075521872
-1.93702239579438,-3.84835440110493,6.9484560994245
-1.88766449796247,-3.86747959725,7.02741602445773
-1.83618642916054,-3.88610062328296,7.10704289988842
-1.78257785084778,-3.90419622356597,7.18729727024306
-1.7268311741681,-3.92174505271254,7.26813784954196
-1.66894169315833,-3.93872570375183,7.34952152008071
-1.60890771595278,-3.95511673761556,7.43140333568029
-1.54673069336416,-3.97089671392428,7.5137365296238
-1.48241534419591,-3.98604422304378,7.59647252749048
-1.41596977661688,-4.00053791937542,7.67956096508775
-1.34740560490934,-4.01435655583763,7.7629497116713
-1.27673806088263,-4.02747901948892,7.84658489863005
-1.20398609923083,-4.03988436823523,7.93041095379821
-1.12917249610107,-4.05155186855764,8.0143706415403
-1.05232394013276,-4.06246103418864,8.0984051087364
-0.97347111522434,-4.07259166565812,8.18245393677527
-0.892648774286566,-4.08192389062251,8.26645519964053
-0.809895803247522,-4.09043820488337,8.35034552815207
-0.725255274586372,-4.0981155139943,8.43406018039909
-0.638774489690037,-4.10493717534773,8.51753311837471
-0.550505009349605,-4.11088504062677,8.60069709079328
-0.460502671741805,-4.11594149849974,8.68348372204226
-0.36882759727518,-4.12008951742951,8.76582360718903
-0.275544179720965,-4.12331268846313,8.84764641293127
-0.180721063094989,-4.12559526786191,8.92888098434618
-0.0844311038092063,-4.12692221942712,9.00945545726046
0.0132486823303284,-4.12727925637172,9.08929737602815
0.112237188638333,-4.12665288258477,9.16833381646939
0.212449301867852,-4.12503043313189,9.24649151368805
0.313796002545671,-4.12240011383266,9.32369699445208
0.41618448146118,-4.1187510397539,9.39987671378631
0.519518272360256,-4.11407327245708,9.47495719539412
0.62369740080769,-4.10835785583786,9.54886517549245
0.728618549090212,-4.10159685039669,9.62152774961348
0.834175236937836,-4.09378336578105,9.69287252189713
0.940258017744795,-4.08491159144266,9.7628277563713
1.04675468987336,-4.07497682525667,9.83132252969116
1.15355052252523,-4.06397549995452,9.89828688478669
1.26052849556673,-4.05190520722781,9.96365198484687
1.3675695525964,-4.03876471936696,10.0273502670525
1.47455286644803,-4.02455400830641,10.0893155954557
1.58135611622893,-4.00927426195628,10.1494834123929
1.68785577490421,-3.99292789771006,10.2077908878128
1.79392740635246,-3.97551857302818,10.2641770658958
1.89944597073896,-3.95705119300843,10.3185830083447
2.00428613697898,-3.93753191486617,10.3709519337275
2.10832260099721,-3.91696814925978,10.4212293522666
2.21143040843079,-3.89536855841019,10.469363195478
2.31348528037297,-3.87274305097699,10.5153039400816
2.41436394071303,-3.84910277366785,10.5590047256271
2.5139444435966,-3.82446009957276,10.6004214653012
2.61210649950866,-3.79882861322928,10.6395129494137
2.70873179847027,-3.77222309244012,10.6762409410904
2.80370432883926,-3.74465948687947,10.7105702637364
2.89691069021566,-3.71615489353962,10.7424688798738
2.98824039897316,-3.68672752908406,10.7719079609981
3.07758618497011,-3.65639669918831,10.7988619481421
3.16484427803575,-3.62518276496353,10.8233086028833
3.24991468288015,-3.59310710657204,10.8452290485788
3.33270144113893,-3.5601920841571,10.8646078016624
3.41311287933614,-3.52646099622159,10.8814327928882
3.49106184162913,-3.49193803560227,10.8956953784597
3.56646590628869,-3.45664824319711,10.9073903410322
3.63924758496389,-3.4206174596131,10.9165158806321
3.70933450388374,-3.38387227491109,10.9230735955849
3.7766595662567,-3.34643997663203,10.9270684535969
3.84116109524149,-3.30834849629595,10.928508753185
3.90278295697987,-3.26962635457045,10.9274060756945
3.96147466330089,-3.23030260531032,10.9237752281934
4.01719145382696,-3.19040677867289,10.9176341775739
4.06989435733342,-3.14996882351594,10.9090039762316
4.11955023233366,-3.10901904928602,10.8979086797323
4.16613178698105,-3.06758806760436,10.8843752569103
4.20961757849527,-3.02570673375639,10.8684334928722
4.24999199243372,-2.98340608828812,10.8501158854095
4.28724520223675,-2.94071729890879,10.8294575353459
4.32137310957938,-2.89767160289452,10.8064960313653
4.35237726615877,-2.85430025018189,10.7812713298827
4.38026477763786,-2.81063444733341,10.7538256305336
4.40504819054866,-2.76670530254952,10.724203247862
4.42674536303467,-2.72254377189314,10.6924504797972
4.44537932037905,-2.67818060688359,10.6586154735041
4.46097809632467,-2.63364630360723,10.6227480891931
4.47357456124232,-2.58897105348148,10.5848997624666
4.48320623824533,-2.54418469579843,10.5451233657708
4.48991510838129,-2.49931667216282,10.5034730695059
4.49374740605631,-2.45439598292789,10.4600042033346
4.49475340586203,-2.40945114572105,10.4147731182076
4.49298720198332,-2.36451015613922,10.3678370496043
4.48850648136319,-2.31960045068242,10.3192539824642
4.48137229179289,-2.27474887198195,10.269082518257
4.47164880607886,-2.22998163636832,10.2173817446141
4.45940308341529,-2.1853243038123,10.1642111079146
4.44470482906156,-2.14080175026177,10.1096302891889
4.42762615338858,-2.0964381423857,10.0536990836742
4.4082413313174,-2.05225691472656,9.99647728432161
4.38662656312824,-2.00828074925238,9.93802456952743
4.36285973756849,-1.96453155728982,9.87840039532506
4.33702019813563,-1.92103046381114,9.81766389224588
4.30918851335462,-1.87779779403893,9.75587376702446
4.27944625181159,-1.83485306232497,9.6930882092933
4.24787576264539,-1.79221496325193,9.62936480338254
4.21455996213725,-1.74990136490027,9.56476044531074
4.17958212697729,-1.70792930421624,9.49933126502533
4.1430256947241,-1.6663149844117,9.43313255392398
4.10497407191218,-1.62507377432145,9.36621869766327
4.06551045020059,-1.58422020963954,9.29864311423653
4.02471763089676,-1.54376799595256,9.23045819728029
3.98267785813023,-1.50373001348454,9.16171526454765
3.93947266089529,-1.46411832346603,9.0924645114675
3.89518270412628,-1.4249441760376,9.02275496969039
3.84988764891752,-1.38621801959704,8.95263447050588
3.80366602195026,-1.3479495114983,8.88214961300139
3.75659509414188,-1.31014753001004,8.8113457368194
3.70875076848911,-1.2728201874417,8.74026689935881
3.6602074770355,-1.23597484434541,8.66895585725591
3.61103808685594,-1.19961812470311,8.59745405197242
3.56131381491585,-1.16375593200921,8.52580159931072
3.51110415163116,-1.12839346616109,8.4540372826714
3.46047679292649,-1.09353524107128,8.38219854986336
3.40949758056345,-1.05918510291752,8.31032151327455
3.35823045048834,-1.02534624894923,8.23844095320886
3.30673738892896,-0.992021246771537,8.16659032419477
3.25507839595352,-0.959212054030712,8.09480176407121
3.20331145619036,-0.92692003842805,8.02310610565771
3.15149251639597,-0.895145997991982,7.95153289081815
3.09967546954958,-0.86389018154163,7.88011038673008
3.04791214514616,-0.833152309278139,7.80886560417587
2.99625230535486,-0.802931593443479,7.73782431767569
2.94474364670803,-0.773226758989721,7.66701108728768
2.89343180698471,-0.744036064205183,7.59644928190585
2.8423603769545,-0.715357321247152,7.52616110389207
2.79157091664982,-0.687187916534257,7.45616761488477
2.74110297583931,-0.659524830954836,7.38648876263326
2.69099411838038,-0.632364659850913,7.31714340871341
2.64127995013593,-0.605703632740569,7.24814935698714
2.59199415014762,-0.579537632744609,7.1795233826752
2.54316850476714,-0.55386221568646,7.11128126191969
2.49483294445588,-0.528672628837179,7.04343780171984
2.44701558297388,-0.503963829280289,6.9760068701316
2.39974275868918,-0.479730501873905,6.90900142662861
2.35303907774987,-0.45596707679024,6.8424335525288
2.30692745887243,-0.432667746615114,6.77631448139799
2.26142917951155,-0.409826482992473,6.7106546293481
2.21656392318828,-0.387437052801246,6.64546362515437
2.17234982776526,-0.365493033854008,6.58075034012204
2.12880353446947,-0.343987830108996,6.51652291763904
2.0859402374748,-0.322914686388942,6.45278880235726
2.04377373386825,-0.302266702602021,6.38955476895038
2.00231647383521,-0.282036847461917,6.32682695040168
1.96157961091021,-0.262217971705574,6.26461086578061
1.9215730521509,-0.242802820808714,6.20291144747137
1.88230550810338,-0.22378404720056,6.1417330678219
1.84378454243768,-0.205154221980444,6.08107956518558
1.80601662114187,-0.186905846140191,6.02095426933249
1.76900716117352,-0.169031361297185,5.96136002621081
1.73276057847586,-0.151523159944034,5.90229922204239
1.69728033527548,-0.134373595221588,5.84377380674043
1.66256898658666,-0.117574990222899,5.78578531663982
1.62862822585549,-0.101119646836378,5.72833489653401
1.59545892968493,-0.0849998541370612,5.67142332101489
1.56306120158885,-0.069207896335449,5.61505101511467
1.53143441473056,-0.0537360602938356,5.55921807425095
1.5005772536071,-0.0385766426205026,5.5039242834785
1.47048775464757,-0.0237219563524731,5.44916913605295
1.4411633456986,-0.00916433723782705,5.39495185131343
1.41260088437617,0.00510385037118527,5.34127139189281
1.38479669526751,0.0190902080028099,5.28812648026534
1.35774660597157,0.0328022979166753,5.23551561464317
1.33144598197102,0.0462476383092453,5.18343708423372
1.30588976033233,0.0594336988621334,5.13188898387151
1.28107248223451,0.0723678966215595,5.08086922803815
1.25698832433019,0.0850575921972511,5.03037556428568
1.23363112894579,0.0975100862691446,4.98040558607824
1.21099443313047,0.109732616390322,4.93095674506825
1.18907149656574,0.121732354074731,4.88202636282317
1.16785532835031,0.133516402158362,4.83361164201949
1.14733871267624,0.145091792422719,4.78570967712065
1.12751423341482,0.156465483469582,4.73831746455588
1.10837429763171,0.16764435883626,4.69143191241698
1.08991115805258,0.178635225340725,4.64504984968988
1.07211693450152,0.189444811646255,4.59916803503826
1.05498363433567,0.200079767035416,4.55378316515571
1.03850317190019,0.210546660383473,4.50889188270353
1.0226673870286,0.220851979321555,4.46449078385047
1.0074680626141,0.231002129580163,4.42057642543084
0.992896941277628,0.241003434503846,4.37714533173707
0.978945741159323,0.250862134728156,4.33419400096252
0.965606170859603,0.260584388010243,4.29171891130994
0.952869943556765,0.270176269204719,4.24971652678099
0.940728790327704,0.279643770376698,4.20818330266134
0.929174472698424,0.28899280104416,4.16711569071611
0.918198794450864,0.298229188542087,4.12651014410955
0.907793612712338,0.30735867850106,4.08636312206289
0.897950848353664,0.316386935433262,4.04667109426349
0.888662495721704,0.325319543419126,4.00743054503846
0.87992063173168,0.334162006888076,3.96863797730522
0.871717424344225,0.342919751487101,3.93028991631112
0.86404514045165,0.35159812503112,3.8923829131741
0.856896153197443,0.360202398529362,3.85491354823564
0.850262948752491,0.3687377672822,3.81787843423701
0.844138132570943,0.377209352043128,3.7812742193296
0.838514435148119,0.385622200240791,3.74509758992945
0.833384717302214,0.393981287256191,3.70934527342597
0.828741975001007,0.402291517750422,3.6740140407543
0.82457934375413,0.410557727038479,3.63910070884059
0.820890102590837,0.418784682504904,3.60460214292896
0.817667677642585,0.426977085057215,3.57051525879869
0.814905645349105,0.435139570613268,3.53683702487982
0.812597735305989,0.443276711618863,3.5035644642749
0.810737832771181,0.451393018592119,3.47069465669468
0.809319980847134,0.459492941691268,3.43822474031478
0.808338382354736,0.46758087230272,3.40615191356038
0.807787401414484,0.475661144646394,3.3744734368257
0.80766156474976,0.483738037395451,3.34318663413456
0.807955562726421,0.491815775307739,3.31228889474835
0.808664250142316,0.499898530866368,3.28177767472722
0.809782646779723,0.507990425926981,3.25165049845021
0.8113059377331,0.516095533369423,3.22190496009987
0.813229473523934,0.524217878751608,3.19253872511655
0.81554877001393,0.532361441963521,3.16354953162736
0.818259508127149,0.540530158879381,3.13493519185488
0.821357533391179,0.548727923006122,3.10669359351
0.82483885530687,0.556958587126414,3.0788227011736
0.828699646555569,0.565225964934563,3.05132055767134
0.832936242052336,0.573533832663709,3.02418528544571
0.837545137853004,0.581885930702815,2.9974150879293
0.842522989922521,0.590285965202031,2.97100825092341
0.847866612771423,0.598737609665073,2.94496314398538
0.853572977966863,0.607244506527337,2.91927822182858
0.859639212524086,0.61581026871852,2.89395202573837
0.86606259718378,0.62443848120858,2.86898318500753
0.872840564580269,0.633132702535921,2.84437041839432
0.879970697305052,0.641896466316733,2.82011253560645
0.887450725869731,0.650733282734458,2.79620843881402
0.895278526571947,0.659646640008403,2.7726571241944
0.903452119267494,0.668640005840539,2.74945768351202
0.91196966505135,0.677716828839557,2.72660930573585
0.92082946384996,0.686880539921301,2.70411127869742
0.930029951926677,0.696134553684678,2.68196299079195
0.939569699301864,0.705482269762198,2.66016393272543
0.949447407088749,0.714927074144293,2.63871369930999
0.95966190474574,0.724472340476582,2.61761199131029
0.97021214724551,0.734121431329228,2.59685861734329
0.981097212160757,0.743877699437588,2.5764534958338
0.992316296666176,0.753744488913287,2.55639665702831
1.0038687144558,0.763725136424901,2.53668824506929
1.01575389257446,0.773822972347374,2.5173285201323
1.02797136816177,0.784041321879325,2.49831786062818
1.04052078510662,0.794383506127341,2.47965676547248
1.05340189060988,0.80485284315636,2.46134585642433
1.0666145316525,0.815452649005215,2.44338588049681
1.0801586513659,0.826186238666364,2.42577771244098
1.09403428530128,0.837056927028835,2.4085223573056
1.10824155759376,0.848068029783325,2.39162095307446
1.12278067701737,0.859222864288413,2.37507477338339
1.13765193292603,0.870524750396749,2.35888523031885
1.15285569107572,0.881977011240066,2.34305387729987
1.1683923893223,0.893582973971793,2.32758241204529
1.18426253318928,0.905345970466008,2.31247267962804
1.20046669129937,0.917269337971383,2.29772667561809
1.21700549066325,0.929356419718747,2.28334654931591
1.23387961181859,0.941610565480785,2.26933460707778
1.25108978381201,0.954035132082353,2.25569331573478
1.26863677901611,0.966633483859794,2.24242530610661
1.28652140777354,0.979408993067563,2.22953337661188
1.30474451285943,0.9923650402304,2.2170204969759
1.3233069637531,1.00550501443917,2.20488981203742
1.34220965070983,1.01883231358844,2.19314464565512
1.36145347862254,1.03235034455373,2.18178850471509
1.3810393606633,1.04606252330626,2.17082508323993
1.40096821169379,1.05997227496302,2.16025826660029
1.42124094143351,1.07408303376972,2.15009213582939
1.4418584473742,1.08839824301411,2.14033097204089
1.4628216074282,1.10292135486722,2.13097926095039
1.48413127229826,1.11765583014964,2.12204169750055
1.50578825755583,1.13260513802003,2.11352319058974
1.52779333541416,1.14777275558299,2.10542886790366
1.55014722618236,1.16316216741297,2.09776408084958
1.57285058938594,1.17877686499116,2.09053440959211
1.59590401453888,1.19462034605175,2.0837456681893
1.61930801155181,1.21069611383425,2.07740390982788
1.64306300076055,1.22700767623783,2.07151543215557
1.66716930255851,1.24355854487414,2.06608678270843
1.69162712661625,1.26035223401431,2.06112476443083
1.7164365606709,1.27739225942602,2.05663644128494
1.74159755886774,1.29468213709629,2.05262914394662
1.76710992963579,1.31222538183531,2.04911047558368
1.79297332307884,1.33002550575662,2.04608831771237
1.81918721786282,1.3480860166288,2.0435708361272
1.84575090758038,1.36641041609327,2.04156648689868
1.87266348657263,1.38500219774318,2.04008402243297
1.89992383518809,1.40386484505766,2.0391324975868
1.92753060445855,1.42300182918575,2.03872127583034
1.95548220017081,1.44241660657412,2.03886003544982
1.98377676631376,1.46211261643237,2.03955877578112
2.0124121678793,1.48209327802963,2.04082782346468
2.04138597299608,1.50236198781578,2.04267783871099
2.07069543437449,1.52292211636068,2.04511982156523
2.10033747004157,1.5437770051042,2.04816511815852
2.13030864334443,1.56492996291009,2.05182542693221
2.16060514220084,1.58638426241602,2.05611280482044
2.19122275757604,1.60814313617233,2.06103967337522
2.2221568611648,1.6302097725616,2.06661882481672
2.25340238225848,1.65258731149098,2.07286342799048
2.28495378377708,1.67527883984899,2.07978703421163
2.31680503744701,1.69828738671842,2.08740358297473
2.34894959810613,1.72161591833668,2.0957274075066
2.38138037711835,1.74526733279471,2.10477324013741
2.41408971488137,1.76924445446554,2.11455621746404
2.44706935241209,1.79355002815337,2.12509188527771
2.48031040199598,1.81818671295374,2.13639620322595
2.51380331688804,1.84315707581554,2.1484855491773
2.54753786005509,1.86846358479523,2.16137672325474
2.58150307195101,1.89410860199362,2.17508695150205
2.61568723731894,1.92009437616559,2.18963388914469
2.65007785101728,1.94642303499291,2.20503562340497
2.68466158286894,1.97309657701043,2.22131067582829
2.7194242415367,2.00011686317598,2.23847800407533
2.75435073743111,2.02748560807403,2.25655700313195
2.78942504466124,2.05520437074377,2.27556750588631
2.82463016204285,2.08327454512188,2.29552978301965
2.8599480731835,2.1116973500908,2.31646454215453
2.89535970566885,2.14047381912334,2.33839292620125
2.9308448893805,2.16960478951469,2.36133651084038
2.9663823139814,2.19909089119354,2.38531730107601
3.00194948561167,2.22893253510402,2.4103577267914
3.03752268284478,2.2591299011508,2.43648063723544
3.07307691196154,2.28968292570035,2.46370929436518
3.10858586160796,2.32059128863182,2.49206736496623
3.14402185691155,2.35185439993164,2.52157891146993
3.17935581314041,2.38347138582701,2.55226838138244
3.21455718899953,2.41544107445404,2.58416059523803
3.24959393966955,2.44776198105747,2.61728073298534
3.28443246970487,2.48043229271999,2.65165431871224
3.31903758592016,2.51344985262035,2.68730720361195
3.35337245040743,2.54681214382089,2.72426554708973
3.38739853383961,2.58051627258653,2.76255579590679
3.42107556923088,2.6145589512389,2.80220466125524
3.45436150633962,2.64893648055117,2.84323909365523
3.4872124669155,2.68364473169093,2.88568625556316
3.51958270100945,2.71867912772067,2.92957349157772
3.55142454458239,2.75403462466764,2.97492829612865
3.58268837866716,2.78970569217736,3.02177827853171
3.61332259035688,2.82568629376767,3.07015112529232
3.64327353591276,2.86196986670292,3.12007455953959
3.67248550630447,2.89854930151124,3.17157629747241
3.7009006955171,2.93541692117067,3.22468400169979
3.72845917197987,2.97256445999373,3.27942523135852
3.75509885349377,3.00998304224341,3.33582738889311
3.78075548605695,3.04766316051759,3.39391766338556
3.80536262700903,3.08559465394295,3.45372297032553
3.82885163293798,3.12376668622379,3.51526988771617
3.85115165281493,3.16216772359557,3.57858458841576
3.87218962684477,3.20078551273807,3.64369276862179
3.89189029154142,3.2396070587077,3.71061957241151
3.91017619155783,3.27861860295384,3.77938951226174
3.92696769882065,3.31780560148965,3.85002638548058
3.94218303953833,3.35715270329297,3.92255318649537
3.95573832966896,3.39664372901923,3.99699201495381
3.96754761944984,3.43626165011377,4.07336397960993
3.9775229476046,3.47598856841734,4.15168909798269
3.98557440585485,3.5158056963647,4.2319861917927
3.99161021437222,3.5556933378824,4.31427277820254
3.99553680881172,3.59563087009863,4.3985649569075
3.99725893956955,3.63559672598382,4.48487729314725
3.99667978390612,3.67556837804769,4.57322269673443
3.99370107156852,3.71552232322451,4.66361229722357
3.98822322453487,3.75543406908466,4.75605531537358
3.98014551148635,3.79527812151678,4.85055893108865
3.96936621758909,3.83502797403071,4.94712814805599
3.95578283013927,3.87465609883714,5.04576565533495
3.93929224058777,3.91413393986517,5.14647168618954
3.91979096341723,3.95343190788404,5.24924387449636
3.89717537229208,3.99251937789959,5.35407710910132
3.8713419538421,4.03136468900024,5.46096338654185
3.84218757937059,4.0699351468301,5.56989166259623
3.80960979469993,4.10819702886978,5.68084770316763
3.77350712827889,4.14611559270686,5.79381393505796
3.73377941757827,4.18365508747893,5.90876929723483
3.69032815369285,4.2207787686717,6.02568909324346
3.64305684394933,4.2574489164534,6.1445448454647
3.59187139219078,4.29362685772398,6.26530415196893
3.53668049626901,4.32927299205363,6.38793054676395
3.47739606212686,4.36434682167973,6.51238336428228
3.41393363369324,4.39880698572449,6.63861760899876
3.34621283764541,4.43261129878662,6.766583831113
3.27415784191544,4.46571679405044,6.89622800927208
3.19769782663336,4.4980797710434,7.02749144134625
3.11676746600681,4.52965584815898,7.16031064430409
3.03130741943989,4.56040002004619,7.2946172642621
2.94126482999171,4.5902667199485,7.43033799780738
2.84659382807012,4.61920988705548,7.56739452570901
2.74725603805086,4.64718303890794,7.70570346014452
2.64322108530729,4.67413934887355,7.84517630657005
2.53446710093466,4.70003172868352,7.98571944135782
2.42098122125716,4.72481291599299,8.12723410630945
2.30276007901825,4.74843556689755,8.26961642112942
2.17981028297862,4.77085235330648,8.41275741490842
2.05214888248309,4.79201606503977,8.55654307762031
1.91980381341225,4.81187971648077,8.70085443257955
1.78281432180866,4.83039665757983,8.845567630737
1.64123136136468,4.84752068896682,8.99055406761049
1.49511796088248,4.86320618089151,9.13568052355352
1.34454955776933,4.87740819567215,9.28080932795898
1.18961429361642,4.89008261329263,9.42579854787682
1.03041326792912,4.90118625974948,9.57050220139376
0.86706074613456,4.91067703771072,9.7147704959811
0.699684318089792,4.91851405901045,9.8584500918632
0.528425003453546,4.92465777846568,10.0013843902951
0.35343730046765,4.92907012846686,10.1434138464649
0.17488917492209,4.9317146537596,10.2843763065542
-0.00703801364923973,4.9325566458046,10.4241073683013
-0.192149651176582,4.93156327607454,10.5624407642187
-0.380238075937548,4.92870372762222,10.6992087664158
-0.571082854980295,4.92394932423363,10.8342426117814
-0.764451131503362,4.91727365646287,10.9673729460756
-0.960098044121967,4.90865270383447,11.0984302852892
-1.15776721842822,4.89806495249166,11.2272454924276
-1.35719133069911,4.88549150756801,11.3536502676976
-1.55809274302596,4.87091619956389,11.4774776498906
-1.76018420853794,4.85432568401995,11.5985625265943
-1.96316964477622,4.83570953379563,11.7167421507106
-2.16674497265103,4.81506032328367,11.8318566606228
-2.37059901778851,4.79237370392017,11.9437496012343
-2.57441447045542,4.76764847038483,12.0522684430092
-2.77786889964477,4.74088661692724,12.1572650960638
-2.98063581632306,4.71209338330211,12.2585964163136
-3.18238578028706,4.68127728984914,12.3561247006504
-3.38278754456387,4.64845016131127,12.449718168128
-3.58150923081866,4.61362713904842,12.5392514241644
-3.77821952881879,4.57682668137075,12.6246059048229
-3.97258891264625,4.53807055178741,12.7056702983241
-4.16429086605951,4.49738379504104,12.7823409410488
-4.35300310918558,4.45479470087524,12.8545221854376
-4.53840881857856,4.41033475556181,12.922126737357
-4.72019783261414,4.36403858129391,12.9850759606938
-4.8980678342046,4.31594386363201,13.0433001471569
-5.07172550291474,4.26609126726929,13.0967387495005
-5.24088762873822,4.21452434046102,13.1453405766379
-5.40528218005232,4.16128940853936,13.1890639493879
-5.56464931860691,4.10643545700757,13.2278768158785
-5.71874235481481,4.0500140047774,13.2617568259295
-5.8673286370927,3.99207896817836,13.2906913640341
-6.01019036954721,3.93268651642734,13.3146775408672
-6.14712535290402,3.87189491930117,13.3337221435514
-6.27794764422999,3.80976438780247,13.347841545213
-6.40248813169303,3.74635690865031,13.357061574655
-6.52059502133063,3.68173607346098,13.3614173472592
-6.6321342335485,3.61596690351087,13.3609530584997
-6.73698970783459,3.5491156709923,13.3557217417055
-6.83506361494274,3.48124971768459,13.3457849919493
-6.92627647656339,3.4124372719662,13.3312126581498
-7.01056719324876,3.34274726508983,13.3120825056742
-7.08789298208627,3.27224914763101,13.2884798518915
-7.1582292263096,3.20101270700245,13.2604971772713
-7.22156923969366,3.12910788690098,13.2282337147378
-7.27792394919114,3.05660460952239,13.1917950200792
-7.32732149982822,2.98357260134222,13.1512925262701
-7.36980678638071,2.91008122321768,13.106843084602
-7.40544091679476,2.83619930551834,13.0585684955207
-7.43430061269634,2.76199498894176,13.006595032054
-7.45647755264713,2.68753557161515,12.9510529586655
-7.47207766405284,2.61288736302621,12.8920760483071
-7.4812203698102,2.53811554526629,12.8298011003537
-7.48403779589471,2.46328404200761,12.7643674619929
-7.48067394614206,2.38845539557383,12.6959165555214
-7.47128385046629,2.3136906524008,12.624591413855
-7.45603269268881,2.23904925712219,12.5505362264064
-7.43509492402973,2.16458895545346,12.4738958973185
-7.40865336813977,2.0903657059881,12.3948156178688
-7.37689832333216,2.01643360096206,12.3134404546769
-7.34002666741573,1.94284479598732,12.2299149551647
-7.29824097023557,1.8696494487027,12.144382771532
-7.25174861870478,1.7968956662406,12.0569863043199
-7.20076095876239,1.7246294613624,11.9678663664544
-7.14549245832576,1.65289471707255,11.8771618684752
-7.08615989492509,1.58173315948253,11.7850095254831
-7.0229815713185,1.51118433866128,11.6915435861641
-6.95617656199249,1.44128561717723,11.5968955840914
-6.88596399305987,1.3720721660103,11.5011941113474
-6.81256235767904,1.30357696748888,11.4045646143669
-6.73618886873817,1.23583082488768,11.3071292117688
-6.65705885017947,1.16886237830642,11.2090065338187
-6.57538516798477,1.10269812643779,11.1103115830552
-6.49137770150639,1.03736245382416,11.011155615511
-6.40524285550927,0.972877663197699,10.9116460418718
-6.31718311299284,0.909264012496034,10.8118863478372
-6.22739662858572,0.846539756146605,10.7119760328838
-6.13607686205345,0.784721190215986,10.6120105665728
-6.0434122512304,0.723822701026366,10.5120813615009
-5.94958592348104,0.663856816849235,10.4122757619576
-5.85477544461371,0.604834262296225,10.3126770473284
-5.75915260401111,0.546764015038647,10.2133644492643
-5.66288323460522,0.4896533645003,10.1144131816313
-5.56612706621014,0.433507972182463,10.0158944822542
-5.46903761063284,0.378331933295326,9.91787566547317
-5.37176207690819,0.32412783938628,9.82042018454581
-5.27444131494991,0.27089684167234,9.72358770294631
-5.17720978587188,0.218638714801241,9.627434173635
-5.08019555721286,0.16735192078333,9.5320119254013
-4.98352032129147,0.117033672854073,9.43736975541318
-4.88729943492544,0.0676799990447437,9.34355302714157
-4.79164197876812,0.0192858052563682,9.25060377286486
-4.6966508345453,-0.028155062350596,9.15856079999787
-4.60242277851468,-0.0746497558214508,9.06745980053042
-4.5090485895177,-0.120206364881338,8.97733346290196
-4.416613170048,-0.164833857556209,8.88821158568122
-4.32519567882087,-0.208542022063228,8.80012119246227
-4.23486967339287,-0.251341410078287,8.71308664743063
-4.14570326144967,-0.293243281474195,8.62712977109506
-4.05775925945116,-0.334259550609589,8.54226995572208
-3.97109535739631,-0.374402734235886,8.45852428005015
-3.88576428854481,-0.413685901077625,8.37590762289996
-3.80181400300692,-0.452122623130223,8.294432775335
-3.71928784418798,-0.489726928708725,8.21411055106291
-3.63822472714757,-0.526513257271332,8.13494989480295
-3.55865931800622,-0.562496416032436,8.05695798837814
-3.48062221360321,-0.597691538371625,7.98014035432215
-3.40414012067822,-0.632114044037456,7.90450095682036
-3.32923603391597,-0.66577960113789,7.83004229983286
-3.25592941225737,-0.698704089902969,7.75676552227292
-3.1842363529418,-0.730903568199687,7.68467049013902
-3.11416976280365,-0.762394238773927,7.61375588552081
-3.04573952640181,-0.793192418189859,7.54401929242053
-2.97895267061311,-0.823314507433238,7.47545727935036
-2.91381352537,-0.852776964141602,7.40806547868367
-2.85032388026908,-0.881596276421415,7.34183866275418
-2.78848313682013,-0.90978893820967,7.27677081671138
-2.72828845614539,-0.937371426135376,7.21285520815369
-2.66973490197605,-0.964360177834639,7.15008445357208
-2.61281557882702,-0.990771571671684,7.08845058164768
-2.55752176526274,-1.01662190781714,7.02794509345555
-2.50384304219509,-1.04192739063417,6.96855901963493
-2.45176741618122,-1.06670411232263,6.91028297459305
-2.40128143771225,-1.09096803777112,6.85310720781547
-2.35237031450549,-1.11473499056694,6.79702165236075
-2.30501801983187,-1.13802064011413,6.74201597062131
-2.25920739592726,-1.16084048981008,6.68807959743567
-2.21492025255154,-1.18320986623204,6.63520178063963
-2.17213746077235,-1.20514390928523,6.58337161914592
-2.13083904206221,-1.2266575632652,6.53257809864292
-2.09100425280741,-1.24776556878828,6.4828101250041
-2.05261166433566,-1.2684824555445,6.43405655549943
-2.01563923857646,-1.28882253582892,6.38630622790045
-1.98006439947414,-1.30879989880817,6.33954798756949
-1.94586410027818,-1.32842840548046,6.29377071262281
-1.9130148868388,-1.34772168428838,6.24896333725613
-1.88149295703903,-1.36669312734523,6.20511487331932
-1.85127421649582,-1.3853558872369,6.16221443022523
-1.82233433066399,-1.40372287436267,6.12025123327592
-1.79464877347734,-1.42180675477965,6.07921464048686
-1.76819287266073,-1.43961994851682,6.03909415798785
-1.74294185184624,-1.45717462832612,5.99987945407679
-1.71887086962536,-1.47448271883934,5.96156037199976
-1.6959550556672,-1.49155589610061,5.92412694152865
-1.67416954403085,-1.50840558744612,5.8875693894046
-1.6534895037975,-1.52504297170328,5.85187814871307
-1.63389016714526,-1.54147897968345,5.81704386725357
-1.61534685498687,-1.55772429494304,5.7830574149645
-1.59783500028713,-1.57378935478936,5.74990989046071
-1.58133016917396,-1.58968435150849,5.71759262673896
-1.56580807995347,-1.60541923379364,5.68609719610373
-1.55124462013598,-1.62100370835374,5.65541541436309
-1.53761586157646,-1.63644724168269,5.62553934434226
-1.52489807382947,-1.65175906197099,5.59646129875938
-1.51306773581474,-1.6669481611425,5.56817384250625
-1.5021015458865,-1.68202329699967,5.54066979437386
-1.49197643039571,-1.69699299546197,5.51394222826059
-1.482669550831,-1.71186555288267,5.48798447389865
-1.4741583096208,-1.72664903843031,5.46279011713202
-1.4664203546755,-1.74135129652187,5.43835299977726
-1.45943358274546,-1.75597994929528,5.41466721909647
-1.45317614166714,-1.77054239911,5.39172712690961
-1.44762643156672,-1.7850458310647,5.36952732837166
-1.44276310508742,-1.79949721552209,5.3480626804383
-1.43856506670363,-1.81390331063142,5.32732829004194
-1.43501147118237,-1.82827066483976,5.30731951199825
-1.43208172124963,-1.84260561938389,5.28803194666204
-1.42975546451643,-1.85691431075514,5.26946143734933
-1.42801258971717,-1.87120267312999,5.25160406754144
-1.42683322231002,-1.88547644075978,5.23445615788526
-1.4261977194871,-1.8997411503135,5.21801426300256
-1.42608666463975,-1.91400214316787,5.2022751681201
-1.42648086132213,-1.92826456763959,5.18723588553085
-1.4273613267545,-1.94253338115482,5.17289365089563
-1.42870928490536,-1.95681335235157,5.1592459193933
-1.43050615919015,-1.97110906311102,5.14629036172669
-1.43273356482225,-1.98542491051402,5.13402485999034
-1.43537330085055,-1.99976510871946,5.12244750340518
-1.43840734191645,-2.01413369076167,5.11155658392457
-1.4418178297615,-2.02853451026407,5.10135059171503
-1.44558706451586,-2.04297124306677,5.09182821051438
-1.44969749579648,-2.05744738876612,5.08298831286901
-1.45413171364263,-2.07196627216436,5.07482995525173
-1.4588724393157,-2.08653104462794,5.06735237306031
-1.4639025159889,-2.10114468535329,5.06055497549696
-1.469204899352,-2.11581000253901,5.05443734032761
-1.47476264815514,-2.1305296344638,5.04899920852004
-1.48055891471542,-2.14530605046961,5.04424047875873
-1.4865769354089,-2.1601415518498,5.0401612018343
-1.49280002117075,-2.17503827264216,5.03676157490465
-1.4992115480251,-2.18999818032717,5.03404193562465
-1.50579494766638,-2.20502307643172,5.03200275614072
-1.51253369811322,-2.22011459703903,5.03064463694644
-1.51941131445588,-2.23527421320551,5.02996830059479
-1.52641133971799,-2.25050323128572,5.02997458526254
-1.53351733585316,-2.26580279316652,5.03066443816186
-1.54071287489699,-2.28117387641205,5.03203890879416
-1.54798153029506,-2.29661729432099,5.03409914204074
-1.55530686842729,-2.31213369589812,5.03684637108499
-1.56267244034936,-2.32772356574219,5.04028191016031
-1.57006177377184,-2.34338722385234,5.04440714711821
-1.57745836529798,-2.35912482535568,5.04922353581078
-1.58484567294106,-2.37493636015847,5.05473258828154
-1.59220710894275,-2.39082165252411,5.06093586675906
-1.59952603291392,-2.40678036058086,5.06783497544727
-1.60678574531977,-2.4228119757626,5.07543155210687
-1.61396948133145,-2.43891582218641,5.08372725942202
-1.62106040506661,-2.45509105597039,5.09272377614681
-1.62804160424174,-2.47133666449612,5.10242278802603
-1.6348960852595,-2.48765146561968,5.11282597848506
-1.64160676875456,-2.50403410683584,5.12393501908388
-1.64815648562199,-2.52048306440013,5.13575155973054
-1.65452797355234,-2.53699664241367,5.14827721864956
-1.66070387409832,-2.55357297187602,5.16151357210137
-1.66666673029786,-2.57021000971144,5.17546214384904
-1.67239898487912,-2.58690553777423,5.19012439436917
-1.67788297907302,-2.60365716183927,5.20550170980417
-1.68310095205932,-2.62046231058364,5.22159539065383
-1.68803504107238,-2.63731823456614,5.23840664020447
-1.6926672821932,-2.65422200521119,5.2559365526949
-1.69697961185414,-2.67117051380422,5.27418610121872
-1.70095386908315,-2.68816047050576,5.29315612536351
-1.70457179851427,-2.70518840339184,5.31284731858824
-1.70781505419102,-2.72225065752835,5.33326021534076
-1.7106652041895,-2.73934339408759,5.35439517791862
-1.71310373608741,-2.7564625895152,5.37625238307697
-1.71511206330546,-2.77360403475616,5.39883180838847
-1.71667153234673,-2.79076333454866,5.42213321836138
-1.71776343095955,-2.80793590679495,5.44615615032271
-1.7183689972484,-2.82511698201855,5.47089990007485
-1.71846942975709,-2.8423016029174,5.49636350733515
-1.71804589854726,-2.85948462402282,5.52254574096929
-1.71707955729444,-2.87666071147432,5.54944508403041
-1.71555155642268,-2.89382434292049,5.57705971861775
-1.71344305729755,-2.91096980755663,5.6053875105695
-1.71073524749583,-2.92809120630954,5.63442599400661
-1.70740935716843,-2.9451824521806,5.66417235574522
-1.70344667651153,-2.96223727075787,5.69462341959755
-1.69882857435868,-2.97924920090861,5.72577563058235
-1.69353651790455,-2.99621159566331,5.75762503906783
-1.68755209356863,-3.01311762330266,5.79016728487156
-1.68085702900437,-3.0299602686589,5.82339758134385
-1.67343321625681,-3.04673233464299,5.85731069946252
-1.66526273606828,-3.06342644400909,5.89190095196903
-1.65632788332886,-3.08003504136784,5.92716217757765
-1.64661119366471,-3.09655039545983,5.96308772529119
-1.63609547115339,-3.11296460170062,5.99967043885851
-1.624763817152,-3.12926958500844,6.03690264141107
-1.61259966021912,-3.14545710292574,6.07477612031742
-1.59958678710768,-3.16151874904524,6.11328211229622
-1.58570937480111,-3.17744595675122,6.15241128883052
-1.57095202356021,-3.19323000328626,6.19215374192715
-1.5552997909435,-3.20886201415325,6.23249897026742
-1.53873822675827,-3.22433296786246,6.27343586579626
-1.52125340889443,-3.23963370103238,6.31495270079903
-1.50283197998747,-3.25475491385329,6.35703711551625
-1.48346118485145,-3.2696871759212,6.39967610634813
-1.46312890861671,-3.28442093244979,6.44285601470197
-1.44182371550134,-3.29894651086693,6.48656251653639
-1.41953488813913,-3.31325412780177,6.53078061265783
-1.39625246738079,-3.32733389646755,6.57549461982501
-1.37196729247878,-3.3411758344444,6.62068816271825
-1.34667104156011,-3.35476987186553,6.66634416683064
-1.32035627228506,-3.36810586000917,6.71244485233875
-1.29301646258366,-3.38117358029754,6.75897172901027
-1.26464605135577,-3.39396275370316,6.80590559220628
-1.23524047901433,-3.4064630505614,6.85322652003515
-1.20479622774585,-3.41866410078727,6.90091387171484
-1.17331086135629,-3.43055550449273,6.94894628719917
-1.14078306456522,-3.4421268429999,6.99730168812291
-1.10721268160598,-3.45336769024383,7.04595728011887
-1.07260075398474,-3.46426762455719,7.09488955655861
-1.03694955724689,-3.47481624082775,7.14407430376647
-1.00026263659533,-3.48500316301783,7.1934866077544
-0.962544841201507,-3.49481805703366,7.24310086252214
-0.923802357047101,-3.5042506439305,7.29289077996492
-0.884042738131928,-3.51329071343826,7.3428294014273
-0.843274935881531,-3.52192813779025,7.39288911093816
-0.801509326587006,-3.53015288583639,7.44304165015826
-0.75875773670901,-3.5379550374202,7.49325813506744
-0.715033465878217,-3.54532479799748,7.54350907441383
-0.670351307425566,-3.55225251347285,7.59376438994313
-0.624727566277586,-3.55872868522842,7.64399343842021
-0.578180074054812,-3.56474398531767,7.69416503545052
-0.530728201215054,-3.57028927179564,7.74424748110251
-0.482392866087838,-3.57535560415511,7.79420858732683
-0.433196540651946,-3.57993425883697,7.84401570716131
-0.38316325291448,-3.58401674478156,7.89363576570475
-0.332318585757413,-3.58759481898608,7.94303529283566
-0.280689672126075,-3.59066050203248,7.99218045764515
-0.228305186443511,-3.59320609354829,8.04103710454654
-0.175195332145118,-3.59522418756236,8.08957079101682
-0.121391825239362,-3.59670768771616,8.13774682691803
-0.0669278738127898,-3.5976498222904,8.1855303153394
-0.0118381534107659,-3.59804415900623,8.23288619489384
0.0438412217604549,-3.59788461955928,8.2797792833951
0.100072731849758,-3.59716549384478,8.32617432283463
0.156817488619009,-3.59588145383118,8.37203602557042
0.21403527694997,-3.59402756704012,8.41732912163282
0.271684600590481,-3.59159930958993,8.46201840704581
0.329722732112474,-3.58859257876074,8.5060687930556
0.388105767036272,-3.58500370503904,8.5494453561524
0.446788682057165,-3.58082946360044,8.59211338876491
0.505725397291488,-3.57606708519002,8.63403845050207
0.564868842440482,-3.57071426636049,8.67518641981101
0.624171026751259,-3.56476917902967,8.71552354591578
0.683583112635217,-3.55823047931993,8.75501650089715
0.7430554927855,-3.55109731564376,8.79363243177002
0.802537870616608,-3.5433693360015,8.83133901241213
0.861979343831224,-3.53504669445876,8.868104495195
0.921328490901754,-3.52613005677351,8.90389776216639
0.980533460237287,-3.51662060514465,8.93868837563218
1.03954206179054,-3.50652004205656,8.97244662798508
1.09830186084424,-3.49583059319642,9.00514359062795
1.15676027370228,-3.48455500942393,9.03675116183992
1.21486466499781,-3.47269656777578,9.06724211343558
1.27256244631903,-3.46025907149022,9.09659013606939
1.32980117584253,-3.44724684903999,9.12476988304095
1.38652865865561,-3.43366475216533,9.15175701245994
1.44269304744098,-3.41951815290158,9.17752822763454
1.49824294319189,-3.40481293959956,9.20206131555209
1.55312749562109,-3.38955551193997,9.22533518332629
1.60729650292487,-3.37375277494675,9.24732989249236
1.66070051056229,-3.35741213200739,9.26802669103798
1.71329090871115,-3.34054147691173,9.28740804306602
1.76502002806452,-3.3231491849243,9.30545765599309
1.81584123363676,-3.30524410290835,9.32216050519664
1.86570901625381,-3.2868355385231,9.33750285603264
1.91457908141096,-3.26793324851903,9.35147228315549
1.96240843519094,-3.24854742615901,9.36405768708155
2.00915546694658,-3.22868868779622,9.37524930794827
2.05478002846552,-3.20836805864252,9.38503873643103
2.09924350934855,-3.18759695776404,9.3934189217908
2.14250890834973,-3.1663871823428,9.40038417703624
2.18454090044306,-3.14475089124624,9.40593018119499
2.22530589939938,-3.12270058794827,9.41005397869934
2.26477211567658,-3.10024910284791,9.41275397590276
2.30290960944669,-3.07740957503316,9.41402993475389
2.33969033860482,-3.05419543353952,9.41388296366544
2.3750882016269,-3.03062037815421,9.41231550562529
2.40907907516587,-3.00669835981789,9.40933132360739
2.44164084629871,-2.9824435606772,9.40493548334915
2.47275343936022,-2.95787037384182,9.39913433357136
2.50239883732249,-2.93299338290043,9.39193548372544
2.53056109770249,-2.90782734125023,9.38334777936062
2.55722636300332,-2.88238715129476,9.37338127521171
2.5823828657171,-2.85668784356451,9.36204720611467
2.60602092794028,-2.83074455581446,9.34935795586411
2.62813295567341,-2.80457251215218,9.33532702413224
2.64871342789851,-2.77818700224908,9.31996899157408
2.66775888054753,-2.75160336068655,9.30329948324835
2.68526788549417,-2.72483694648741,9.28533513048689
2.70124102471982,-2.69790312288172,9.2660935313489
2.7156808598213,-2.67081723735434,9.24559320979845
2.72859189704361,-2.64359460201999,9.22385357374556
2.73998054803594,-2.61625047436948,9.20089487209205
2.74985508654178,-2.58880003842896,9.17673815092383
2.75822560124624,-2.56125838637157,9.15140520899091
2.76510394501381,-2.53364050061901,9.12491855261556
2.77050368075881,-2.50596123646762,9.09730135016738
2.77444002419827,-2.47823530527166,9.06857738624208
2.77692978374319,-2.45047725821355,9.03877101567791
2.77799129778827,-2.42270147068842,9.00790711754068
2.7776443696641,-2.39492212732765,8.97601104920434
2.77591020051687,-2.36715320768354,8.9431086006503
2.77281132038169,-2.33940847259435,8.90922594910373
2.76837151771431,-2.31170145124663,8.87438961412057
2.76261576764424,-2.28404542894871,8.83862641323334
2.75557015920868,-2.25645343562715,8.80196341825852
2.74726182182247,-2.22893823505469,8.76442791236249
2.73771885123347,-2.20151231481643,8.72604734797684
2.72697023520668,-2.17418787701793,8.68684930564783
2.71504577917256,-2.14697682973686,8.64686145389848
2.70197603206709,-2.11989077921742,8.60611151017527
2.68779221258205,-2.09294102280442,8.56462720294513
2.67252613603433,-2.06613854261201,8.52243623500186
2.65621014205288,-2.03949399991976,8.47956624803456
2.63887702327118,-2.01301773028697,8.43604478850467
2.62055995520217,-1.9867197393743,8.39189927487136
2.60129242746068,-1.96060969946007,8.34715696619926
2.58110817648739,-1.93469694663693,8.30184493217631
2.56004111991577,-1.9089904786732,8.25599002456345
2.53812529271196,-1.88349895352174,8.20961885009258
2.51539478520543,-1.85823068845811,8.16275774482324
2.49188368311616,-1.83319365982851,8.11543274996344
2.46762600967238,-1.80839550338708,8.06766958915511
2.44265566990123,-1.78384351520115,8.0194936472195
2.41700639716301,-1.75954465310253,7.97092995035372
2.39071170198868,-1.73550553866191,7.92200314776496
2.36380482326924,-1.71173245966319,7.87273749472534
2.33631868183512,-1.68823137305398,7.82315683702622
2.30828583645341,-1.66500790834824,7.77328459680759
2.27973844226106,-1.6420673714568,7.72314375973506
2.25070821164297,-1.61941474892128,7.67275686349386
2.22122637755464,-1.59705471252708,7.62214598756692
2.19132365928122,-1.57499162427084,7.57133274426153
2.16103023061633,-1.55322954165831,7.52033827094732
2.13037569043705,-1.53177222330834,7.46918322346619
2.09938903564442,-1.51062313483934,7.41788777067358
2.06809863643242,-1.48978545501458,7.36647159006888
2.03653221384259,-1.46926208212336,7.31495386447207
2.00471681955616,-1.44905564057549,7.26335327970248
1.97267881787058,-1.42916848768672,7.21168802321535
1.94044386980311,-1.40960272063388,7.15997578365105
1.90803691926031,-1.39036018355847,7.10823375125194
1.87548218120863,-1.3714424747986,7.05647861910169
1.84280313177882,-1.35285095422941,7.00472658514197
1.8100225002339,-1.33458675069317,6.95299335492182
1.77716226272874,-1.31665076950055,6.90129414503544
1.74424363778737,-1.29904369998576,6.84964368720457
1.71128708342311,-1.2817660230986,6.79805623296265
1.67831229582553,-1.26481801901737,6.74654555889845
1.64533820953768,-1.24819977476747,6.69512497241784
1.61238299904695,-1.23191119183104,6.64380731798365
1.57946408171278,-1.21595199373393,6.59260498379422
1.54659812195494,-1.20032173359713,6.54152990886272
1.51380103662655,-1.18501980164018,6.49059359046042
1.48108800149711,-1.17004543262538,6.43980709188836
1.44847345877151,-1.15539771323181,6.38918105054306
1.4159711255725,-1.14107558934937,6.33872568624356
1.38359400331561,-1.12707787328344,6.28845080978802
1.35135438790675,-1.11340325086159,6.23836583170979
1.31926388069487,-1.10005028843457,6.18847977120417
1.28733340011364,-1.08701743976417,6.13880126519841
1.25557319394826,-1.07430305279154,6.08933857753891
1.22399285216539,-1.06190537628,6.04009960827107
1.19260132024658,-1.04982256632691,5.99109190298835
1.1614069129675,-1.03805269274003,5.94232266222877
1.13041732856778,-1.02659374527396,5.89379875089822
1.09963966325834,-1.01544363972329,5.84552670770113
1.0690804260156,-1.0046002238691,5.79751275456076
1.03874555361406,-0.994061283276316,5.74976280601205
1.00864042585132,-0.98382454693978,5.70228247855163
0.97876988092168,-0.973887692777219,5.65507709993061
0.949138230897021,-0.964248352967972,5.60815171837678
0.919749277275641,-0.954904119136496,5.56151111173414
0.890606326562309,-0.945852547380223,5.51515979650875
0.861712205844762,-0.937091163141592,5.46910203681061
0.833069278334161,-0.928617465924472,5.42334185318273
0.804679458839123,-0.920428933855493,5.37788303130901
0.776544229145031,-0.912523028091086,5.33272913059379
0.748664653272335,-0.904897197071307,5.28788349260664
0.721041392589522,-0.897548880621799,5.24334924938672
0.693674720758361,-0.890475513905429,5.19912933160196
0.666564538490819,-0.88367453122541,5.15522647655886
0.63971038809888,-0.877143369681869,5.11164323605961
0.613111467820161,-0.870879472684026,5.06838198410356
0.586766645903885,-0.864880293320301,5.02544492443116
0.560674474443346,-0.859143297588818,4.98283409790849
0.534833202942492,-0.853665967490909,4.94055138975151
0.509240791605721,-0.84844580399032,4.89859853658942
0.483894924341327,-0.843480329840947,4.85697713336703
0.458793021470361,-0.838767092286008,4.81568864008657
0.433932252133899,-0.834303665631621,4.77473438838947
0.409309546392899,-0.830087653697848,4.73411558797957
0.384921607015921,-0.826116692150295,4.69383333288889
0.360764920951051,-0.822388450715414,4.65388860758792
0.336835770479352,-0.818900635282673,4.61428229294251
0.313130244048094,-0.815650989896791,4.57501517201952
0.289644246782885,-0.81263729864325,4.53608793574402
0.266373510678654,-0.809857387430288,4.49750118841059
0.243313604470175,-0.807309125670588,4.45925545305188
0.220459943183565,-0.804990427865855,4.42135117666749
0.197807797370817,-0.802899255097469,4.38378873531643
0.175352302030065,-0.801033616426362,4.34656843907674
0.153088465214838,-0.799391570205253,4.30969053687561
0.131011176336067,-0.797971225306334,4.27315522119388
0.109115214161132,-0.796770742267443,4.2369626326485
0.087395254514621,-0.795788334359755,4.20111286445691
0.0658458776859246,-0.795022268579926,4.16560596678704
0.0444615755491258,-0.794470866569612,4.13044195099709
0.0232367584009965,-0.794132505465196,4.09562079376883
0.00216576152319998,-0.794005618680525,4.06114244113864
-0.0187571485249222,-0.794088696625375,4.02700681243011
-0.0395377678763637,-0.794380287362308,3.99321380409239
-0.0601819495824326,-0.794878997204514,3.95976329344822
-0.0806955980876763,-0.795583491257166,3.92665514235574
-0.101084663946559,-0.796492493904735,3.89388920078802
-0.121355138774558,-0.797604789246656,3.8614653103344
-0.141513050426219,-0.798919221483638,3.82938330762759
-0.1615644583926,-0.800434695256866,3.79764302770045
-0.18151544941045,-0.802150175942236,3.76624430727644
-0.201372133275385,-0.804064689901713,3.73518698799758
-0.221140638851281,-0.806177324693807,3.70447091959381
-0.240827110268025,-0.808487229245085,3.67409596299757
-0.260437703299778,-0.810993613984585,3.64406199340729
-0.279978581915823,-0.813695750942863,3.61436890330372
-0.299455914996099,-0.816592973817393,3.58501660542252
-0.318875873203498,-0.819684678005908,3.55600503568699
-0.338244626004993,-0.822970320609212,3.52733415610435
-0.357568338833688,-0.826449420404917,3.49900395762922
-0.376853170383874,-0.830121557793476,3.47101446299776
-0.396105270031202,-0.833986374717788,3.44336572953589
-0.415330775370105,-0.838043574557611,3.41605785194497
-0.434535809860594,-0.842292921999893,3.38909096506835
-0.453726480576614,-0.846734242886085,3.36246524664199
-0.472908876048136,-0.851367424037424,3.33618092003242
-0.492089064189198,-0.856192413059055,3.31023825696526
-0.511273090304128,-0.86120921812385,3.28463758024731
-0.530466975164209,-0.866417907736632,3.25937926648553
-0.549676713147035,-0.871818610479498,3.23446374880561
-0.568908270430872,-0.877411514738806,3.20989151957344
-0.588167583236299,-0.883196868414357,3.18566313312219
-0.607460556107458,-0.889174978611194,3.16177920848794
-0.626793060225207,-0.895346211314377,3.13824043215674
-0.646170931744505,-0.901710991047027,3.11504756082584
-0.665599970148323,-0.908269800511819,3.0922014241818
-0.685085936610395,-0.915023180216076,3.06970292769816
-0.704634552359072,-0.921971728080494,3.04755305545539
-0.724251497034559,-0.929116099031488,3.02575287298556
-0.74394240703174,-0.936457004577039,3.00430353014435
-0.763712873820806,-0.94399521236586,2.98320626401283
-0.783568442237827,-0.95173154572964,2.96246240183147
-0.80351460873736,-0.95966688320799,2.94207336396872
-0.823556819599143,-0.967802158055713,2.92204066692639
-0.843700469080847,-0.976138357731861,2.90236592638431
-0.863950897508771,-0.984676523370024,2.88305086028614
-0.884313389298303,-0.993417749229185,2.86409729196876
-0.904793170895877,-1.00236318212438,2.8455071533371
-0.925395408634017,-1.01151402083638,2.82728248808652
-0.94612520649101,-1.0208715154994,2.80942545497458
-0.966987603746571,-1.03043696696596,2.79193833114416
-0.987987572524784,-1.04021172614768,2.77482351549962
-1.00913001521542,-1.05019719333097,2.7580835321377
-1.03041976176465,-1.06039481746623,2.74172103383479
-1.05186156682589,-1.07080609542928,2.72573880559213
-1.07346010676156,-1.08143257125359,2.71013976824019
-1.09521997648613,-1.09227583533173,2.69492698210381
-1.1171456861408,-1.10333752358436,2.680103650729
-1.13924165758998,-1.1146193165952,2.66567312467273
-1.16151222072928,-1.12612293870989,2.65163890535649
-1.18396160959505,-1.13785015709711,2.63800464898462
-1.20659395826458,-1.14980278076955,2.62477417052786
-1.22941329653654,-1.16198265956303,2.61195144777286
-1.25242354538047,-1.17439168307107,2.59954062543793
-1.27562851214426,-1.1870317795329,2.58754601935512
-1.29903188550812,-1.19990491467217,2.57597212071886
-1.32263723017333,-1.21301309048401,2.56482360040066
-1.34644798127386,-1.22635834396748,2.5541053133297
-1.37046743849865,-1.2399427458008,2.54382230293859
-1.39469875991207,-1.25376839895621,2.53397980567332
-1.41914495545992,-1.26783743725157,2.52458325556639
-1.44380888014782,-1.28215202383529,2.51563828887156
-1.46869322687896,-1.29671434960149,2.50715074875859
-1.49380051893757,-1.31152663153159,2.49912669006592
-1.51913310210436,-1.32659111095908,2.49157238410878
-1.54469313639001,-1.34191005175349,2.48449432354013
-1.57048258737238,-1.35748573841963,2.47789922726129
-1.59650321712303,-1.37332047410832,2.47179404537857
-1.62275657470825,-1.38941657853418,2.46618596420215
-1.64924398624979,-1.40577638579621,2.46108241128255
-1.67596654453019,-1.42240224209681,2.45649106047993
-1.70292509812727,-1.43929650335443,2.45241983706069
-1.7301202400626,-1.45646153270519,2.44887692281538
-1.75755229594821,-1.47389969788844,2.44587076119131
-1.78522131161595,-1.49161336851132,2.44341006243268
-1.81312704021384,-1.50960491318683,2.44150380872035
-1.84126892875356,-1.52787669654021,2.44016125930261
-1.8696461040935,-1.54643107607797,2.43939195560776
-1.89825735834155,-1.56527039891386,2.43920572632831
-1.92710113366227,-1.58439699834592,2.43961269246594
-1.95617550647281,-1.60381319027851,2.44062327232542
-1.9854781710128,-1.62352126948325,2.44224818644483
-2.01500642227293,-1.64352350569238,2.44449846244834
-2.04475713826819,-1.66382213951826,2.44738543980702
-2.07472676164147,-1.6844193781921,2.45092077449186
-2.10491128058419,-1.70531739111552,2.45511644350204
-2.13530620906125,-1.72651830521766,2.45998474925076
-2.16590656632808,-1.74802420011115,2.46553832378894
-2.19670685572893,-1.76983710303956,2.47179013284663
-2.22770104276588,-1.79195898360931,2.47875347966999
-2.25888253243002,-1.81439174829846,2.48644200863068
-2.29024414578668,-1.83713723473519,2.49486970858285
-2.3217780958088,-1.86019720573833,2.50405091594141
-2.35347596245355,-1.88357334311241,2.51400031745375
-2.38532866697958,-1.90726724118981,2.52473295263532
-2.4173264455039,-1.93128040011211,2.53626421583784
-2.44945882180003,-1.95561421884332,2.54860985791703
-2.48171457934091,-1.9802699879073,2.56178598746504
-2.5140817325935,-2.00524888184187,2.57580907157076
-2.54654749757414,-2.03055195136205,2.59069593606916
-2.57909826167757,-2.0561801152254,2.60646376523896
-2.61171955279567,-2.08213415179193,2.62313010090569
-2.64439600774582,-2.10841469027177,2.64071284090515
-2.677111340033,-2.13502220165381,2.65923023685998
-2.70984830697409,-2.16195698930869,2.67870089122001
-2.74258867621767,-2.18921917926004,2.69914375351456
-2.77531319169787,-2.21680871011797,2.72057811576269
-2.80800153906613,-2.24472532266956,2.74302360698507
-2.84063231065113,-2.27296854912113,2.76650018675863
-2.8731829700031,-2.30153770198812,2.79102813775296
-2.90562981608582,-2.33043186262852,2.81662805718495
-2.93794794718687,-2.35964986941672,2.84332084712574
-2.97011122462427,-2.38919030555544,2.87112770359189
-3.00209223633615,-2.41905148652408,2.90007010435013
-3.03386226044867,-2.44923144716265,2.93016979536296
-3.0653912289266,-2.47972792839187,2.96144877580005
-3.09664769142078,-2.51053836357054,2.99392928153844
-3.12759877943708,-2.54165986449294,3.02763376707227
-3.15821017096197,-2.57308920703002,3.06258488575115
-3.18844605569146,-2.60482281641987,3.09880546826444
-3.21826910102167,-2.63685675221398,3.13631849928696
-3.24764041897205,-2.66918669288804,3.17514709220079
-3.27651953422457,-2.70180792012738,3.2153144618061
-3.30486435347618,-2.73471530279913,3.25684389493357
-3.33263113631498,-2.76790328062544,3.29975871887012
-3.35977446784541,-2.80136584757392,3.34408226750967
-3.38624723330172,-2.83509653498412,3.38983784514066
-3.4120005949046,-2.86908839445115,3.43704868778265
-3.43698397123068,-2.90333398049016,3.48573792198558
-3.4611450193803,-2.9378253330083,3.53592852100645
-3.48442962024466,-2.97255395961357,3.58764325828071
-3.50678186718916,-3.00751081779313,3.64090465810807
-3.52814405848556,-3.04268629699703,3.69573494347599
-3.54845669384127,-3.07807020066623,3.75215598094803
-3.56765847538954,-3.11365172824813,3.81018922254949
-3.58568631351931,-3.14941945724577,3.86985564458785
-3.60247533793825,-3.1853613253511,3.93117568335279
-3.61795891437631,-3.22146461271691,3.99416916764751
-3.6320686673503,-3.25771592442559,4.05885524811199
-3.64473450942218,-3.2941011732177,4.12525232330818
-3.65588467739446,-3.33060556254742,4.19337796254787
-3.66544577589563,-3.36721357003658,4.26324882545596
-3.67334282881654,-3.40390893140331,4.33488057827477
-3.67949933906397,-3.44067462494635,4.40828780692941
-3.68383735710192,-3.47749285667035,4.48348392689023
-3.68627755875169,-3.51434504614258,4.56048108988477
-3.6867393327209,-3.55121181317581,4.63929008753084
-3.68514087832617,-3.5880729654371,4.71992025198146
-3.68139931386691,-3.62490748708674,4.80237935369438
-3.67543079609527,-3.66169352855595,4.88667349646101
-3.66715065121166,-3.69840839757661,4.97280700985431
-3.65647351779529,-3.73502855158034,5.06078233928039
-3.64331350205369,-3.77152959158804,5.15059993384599
-3.62758434574564,-3.80788625771515,5.24225813228193
-3.60919960709615,-3.84407242642077,5.33575304719278
-3.58807285498125,-3.88006110963208,5.43107844793364
-3.56411787661302,-3.91582445587795,5.52822564244685
-3.53724889890196,-3.95133375356766,5.62718335842483
-3.50738082361378,-3.98655943655214,5.72793762419877
-3.47442947637096,-4.02147109210598,5.83047164978763
-3.43831186947584,-4.05603747146867,5.93476570857702
-3.39894647845122,-4.09022650308269,6.04079702013276
-3.35625353210678,-4.12400530866492,6.14853963468939
-3.31015531584459,-4.15734022224513,6.25796431988886
-3.26057648781527,-4.19019681230217,6.36903845037959
-3.20744440742742,-4.22253990712398,6.48172590091927
-3.15068947559757,-4.25433362351187,6.59598694365774
-3.09024548600648,-4.28554139894311,6.71177815030686
-3.02604998649984,-4.3161260272975,6.82905229993318
-2.95804464963903,-4.34604969824458,6.94775829313562
-2.88617565127034,-4.3752740403775,7.06784107339395
-2.81039405584001,-4.40376016816736,7.18924155639359
-2.7306562070389,-4.43146873279866,7.3118965681489
-2.6469241222151,-4.45835997693134,7.43573879275877
-2.55916588884708,-4.48439379341877,7.56069673063518
-2.46735606122473,-4.50952978799308,7.68669466804736
-2.37147605534334,-4.53372734591012,7.81365265881967
-2.27151453987645,-4.55694570252559,7.94148651901093
-2.16746782096087,-4.57914401775184,8.07010783538545
-2.05934021840121,-4.60028145432176,8.19942398846158
-1.94714443078538,-4.62031725976132,8.32933819089133
-1.83090188689762,-4.63921085194704,8.45974954188443
-1.71064308072416,-4.65692190809774,8.59055309834207
-1.58640788727089,-4.67341045702288,8.72163996330819
-1.45824585635387,-4.68863697442123,8.85289739228144
-1.3262164814852,-4.70256248099536,8.98420891785607
-1.1903894409591,-4.71514864311844,9.11545449307762
-1.05084480825015,-4.72635787576074,9.24651065380782
-0.907673228866663,-4.73615344735493,9.37725070029327
-0.760976060861494,-4.74449958625032,9.50754489802514
-0.61086547628882,-4.75136158837926,9.63726069786158
-0.457464521012395,-4.75670592573196,9.7662629752629
-0.3009071304172,-4.76050035521082,9.89441428836086
-0.141338098754233,-4.76271402741194,10.0215751544502
0.021086999943036,-4.76331759485946,10.1476043443518
0.18620194119226,-4.76228331919929,10.2723591939568
0.353830031197388,-4.75958517684169,10.3956959321149
0.5237843410375,-4.75519896252803,10.5174700238887
0.69586799483397,-4.74910239028651,10.6375365280499
0.869874512467352,-4.74127519123376,10.7557504675512
1.04558820703853,-4.73169920767546,10.8719672115712
1.22278463687119,-4.72035848295944,10.9860428675939
1.40123111143774,-4.70723934653831,11.0978346818588
1.5806872501625,-4.69233049370751,11.2072014464011
1.76090559261778,-4.67562305949686,11.3140039107888
1.9416322581856,-4.65711068621107,11.4181051965713
2.12260765281463,-4.63678958413597,11.5193712123672
2.30356722006312,-4.61465858495325,11.6176710674502
2.48424223319047,-4.59071918743664,11.7128774816389
2.66436062464624,-4.56497559503698,11.8048671892575
2.84364784891299,-4.53743474500208,11.8935213349171
3.02182777429194,-4.50810632871967,11.9787258588643
3.19862359888419,-4.4770028030174,12.0603718696648
3.3737587857197,-4.44413939220294,12.1383560020245
3.54695801172559,-4.40953408067914,12.2125807576114
3.71794812500905,-4.37320759602319,12.282954826816
3.88645910476201,-4.33518338247508,12.3493933894866
4.05222501797681,-4.29548756483808,12.4118183927882
4.21498496709845,-4.25414890285245,12.4701588044702
4.37448402272945,-4.21119873616253,12.5243508399723
4.53047413555057,-4.16667092005578,12.5743381619681
4.68271502172392,-4.12060175221058,12.6200720511207
4.83097501620398,-4.07302989074584,12.6615115470158
4.97503188859577,-4.02399626392042,12.6986235584398
5.11467361646539,-3.97354397188258,12.731382942378
5.24969911132395,-3.92171818091913,12.7597725513223
5.37991889286781,-3.86856601069993,12.7837832486971
5.50515570746206,-3.81413641505561,12.8034138924323
5.6252450872953,-3.75848005686432,12.8186712869291
5.74003584710757,-3.7016491776567,12.8295701038815
5.84939051589276,-3.64369746257673,12.8361327726264
5.95318570149777,-3.58467990135955,12.8383893408977
6.05131238657543,-3.5246526460055,12.8363773070518
6.14367615489099,-3.46367286584223,12.8301414250132
6.23019734752737,-3.40179860067408,12.81973348336
6.31081114907397,-3.33908861271987,12.8052120601161
6.38546760441455,-3.27560223803637,12.7866422549618
6.4541315672425,-3.2113992381166,12.7640954006864
6.51678258192448,-3.14653965233763,12.7376487558159
6.57341470079803,-3.08108365191457,12.7073851804249
6.62403623942312,-3.01509139599409,12.6733927972125
6.66866947270641,-2.94862289049359,12.6357646399619
6.70735027517724,-2.88173785026129,12.5945982915325
6.7401277090136,-2.81449556509792,12.5499955135404
6.76706356369222,-2.74695477014336,12.5020618698702
6.78823185136768,-2.67917352109164,12.4509063461364
6.80371826227126,-2.61120907465564,12.3966409671659
6.81361958455979,-2.54311777465937,12.3393804145145
6.81804309313923,-2.47495494409064,12.2792416459553
6.81710591203805,-2.40677478340157,12.2163435187923
6.81093435491259,-2.3386302752985,12.1508064187543
6.79966324823331,-2.27057309621723,12.0827518961134
6.78343524162892,-2.20265353463432,12.0123023105634
6.76240010975772,-2.13492041632083,11.9395804862628
6.73671404993559,-2.06742103660208,11.8647093783255
6.70653897958005,-2.00020109964535,11.7878117519079
6.67204183733467,-1.93330466475782,11.7090098749081
6.63339389152013,-1.86677409963966,11.6284252251576
6.59077005932119,-1.80065004050156,11.546178212854
6.54434823986724,-1.73497135892354,11.4623879188472
6.49430866410017,-1.66977513530128,11.3771718492662
6.44083326405114,-1.60509663869878,11.2906457068447
6.38410506387112,-1.54096931290133,11.2029231791836
6.32430759468073,-1.47742476844073,11.1141157440757
6.26162433502712,-1.41449278034526,11.024332491904
6.19623817846103,-1.35220129135073,10.933679965027
6.12833092947893,-1.29057642029475,10.8422620139678
6.05808282881482,-1.2296424754057,10.7501796701356
5.9856721088163,-1.16942197218867,10.6575310347297
5.91127457940093,-1.10993565560525,10.5644111834037
5.83506324486379,-1.05120252623951,10.4709120862049
5.75720795159555,-0.993239870141391,10.3771225422459
5.67787506657478,-0.93606329203877,10.2831281285203
5.59722718631689,-0.879686751612083,10.1890111622311
5.51542287579814,-0.824122602529051,10.0948506759698
5.43261643672437,-0.769381633942883,10.0007224050558
5.34895770438178,-0.715473114164186,9.90669878632861
5.26459187219107,-0.662404836225089,9.81284896767011
5.17965934298519,-0.610183165063338,9.71923882752864
5.09429560594568,-0.55881308606441,9.62593100371355
5.00863113806147,-0.50829825471068,9.53298493073298
4.92279132891702,-0.458641047098336,9.44045688495487
4.83689642757276,-0.409842611094904,9.34840003688319
4.75106151026906,-0.361902917922789,9.25686450985676
4.6653964676651,-0.314820813967018,9.16589744449675
4.58000601031416,-0.268594072618337,9.07554306825038
4.49498969107723,-0.223219445975769,8.98584276940191
4.41044194318565,-0.17869271624574,8.89683517494801
4.32645213268018,-0.135008746687635,8.80855623176178
4.24310462397787,-0.0921615319682974,8.72103929049804
4.16047885734781,-0.0501442478003119,8.63431519172236
4.07864943711207,-0.0089492997509392,8.5484123537761
3.997686229428,0.0314316288798069,8.46335686191998
3.91765446855128,0.0710075302022045,8.37917255832967
3.83861487052581,0.109788025980492,8.29588113254658
3.76062375329538,0.147783323046359,8.21350221201761
3.68373316228291,0.185004169941673,8.13205345238657
3.60799100053466,0.22146181484054,8.05155062722912
3.53344116257996,0.257167964792084,7.97200771695079
3.46012367120953,0.292134746317052,7.89343699659485
3.38807481642845,0.326374667383675,7.81584912233269
3.31732729589212,0.359900580781026,7.73925321643437
3.24791035618491,0.392725648901472,7.66365695054065
3.1798499343515,0.424863309937634,7.58906662708056
3.11316879914007,0.456327245493662,7.51548725869976
3.04788669146369,0.487131349605418,7.44292264558502
2.98402046363206,0.517289699159483,7.3713754505893
2.92158421694974,0.546816525696633,7.30084727207897
2.86058943731854,0.575726188581597,7.23133871444171
2.80104512852219,0.604033149517512,7.16284945620843
2.74295794290855,0.631751948380428,7.09537831575646
2.68633230922086,0.658897180346575,7.02892331457464
2.63117055736273,0.685483474282776,6.96348173808191
2.57747303991328,0.711525472368404,6.89905019400243
2.525238250238,0.737037810915586,6.83562466830939
2.47446293706842,0.762035102352948,6.77320057875856
2.42514221544879,0.786531918337075,6.71177282604035
2.37726967397161,0.810542773954937,6.65133584258614
2.33083747824497,0.834082112979862,6.59188363907031
2.28583647055472,0.857164294143184,6.53340984865531
2.2422562657022,0.879803578383404,6.47590776903099
2.20008534301452,0.902014117034577,6.41937040230368
2.15931113453921,0.923809940915717,6.36379049279377
2.11992010944816,0.945204950283166,6.30916056280289
2.08189785468772,0.966212905608196,6.2554729464143
2.04522915192191,0.986847419142541,6.2027198213914
2.00989805082559,1.00712194723505,6.15089323924069
1.97588793879162,1.02704978336328,6.09998515350612
1.94318160712396,1.04664405184458,6.04998744636231
1.91176131379371,1.06591770219176,6.00089195357402
1.881608842841,1.08488350407956,5.95269048788914
1.85270556050896,1.10355404288869,5.90537486093192
1.82503246820026,1.12194171579526,5.85893690366233
1.79857025234856,1.14005872837426,5.81336848546666
1.77329933129982,1.15791709168671,5.76866153194312
1.74919989929963,1.17552861982113,5.72480804144504
1.72625196768333,1.19290492786073,5.68180010044268
1.70443540336656,1.21005743024901,5.63962989776334
1.68372996473343,1.22699733952712,5.59828973776745
1.66411533501916,1.24373566541749,5.5577720525169
1.64557115328322,1.2602832142292,5.51806941298994
1.62807704306809,1.27665058856139,5.47917453939497
1.61161263883685,1.29284818728207,5.44108031063399
1.59615761028195,1.30888620576067,5.4037797729642
1.58169168459495,1.32477463633327,5.36726614790454
1.56819466678553,1.34052326898083,5.33153283943198
1.55564645813571,1.35614169220114,5.29657344051034
1.54402707287305,1.37163929405635,5.26238173899257
1.53331665314418,1.38702526337869,5.22895172293564
1.52349548236763,1.40230859111775,5.19627758536499
1.51454399704248,1.41749807181349,5.16435372852392
1.50644279708671,1.43260230517991,5.13317476764146
1.49917265477677,1.44762969778511,5.10273553425027
1.49271452235707,1.462588464814,5.07303107908458
1.48704953838588,1.47748663190068,5.04405667458641
1.48215903288122,1.49233203701838,5.01580781704661
1.47802453132814,1.50713233241492,4.98828022840572
1.47462775760608,1.52189498658294,4.96146985773802
1.47195063589267,1.53662728625422,4.93537288244066
1.46997529159788,1.55133633840807,4.90998570914813
1.46868405138014,1.56602907228447,4.88530497439132
1.46805944229381,1.58071224139306,4.86132754501839
1.46808419011495,1.59539242550935,4.83805051839401
1.46874121689049,1.6100760326503,4.81547122239163
1.47001363775364,1.62476930102172,4.79358721519275
1.47188475704631,1.63947830093034,4.77239628490548
1.47433806378767,1.65420893665368,4.7518964490138
1.47735722652565,1.66896694826166,4.73208595366778
1.48092608760702,1.6837579133837,4.71296327282376
1.48502865689936,1.6985872489157,4.69452710724277
1.48964910499712,1.71346021266177,4.67677638335402
1.49477175594202,1.72838190490544,4.65971025198986
1.50038107948709,1.74335726990586,4.64332808699718
1.50646168293162,1.75839109731441,4.62762948372958
1.51299830255365,1.77348802350765,4.61261425742381
1.51997579466499,1.78865253283271,4.59828244146291
1.52737912631276,1.80388895876139,4.58463428552787
1.53519336565047,1.81920148494964,4.57167025363886
1.54340367200056,1.83459414619922,4.55939102208611
1.55199528562955,1.85007082931845,4.54779747724996
1.56095351725604,1.86563527387943,4.53689071330894
1.57026373731118,1.88129107286906,4.52667202983389
1.57991136497046,1.89704167323149,4.51714292926546
1.58988185697525,1.91289037629987,4.50830511427194
1.60016069626187,1.92884033811528,4.50016048498346
1.61073338041562,1.94489456963109,4.49271113609808
1.62158540996704,1.96105593680109,4.48595935385474
1.63270227654696,1.97732716054977,4.47990761286753
1.64406945091731,1.99371081662362,4.47455857281493
1.655672370894,2.01020933532212,4.46991507497744
1.66749642917856,2.02682500110753,4.46598013861632
1.67952696111503,2.04355995209254,4.46275695718564
1.69174923238876,2.06041617940526,4.46024889436943
1.70414842668408,2.07739552643097,4.45845947993524
1.71670963331799,2.09449968793024,4.45739240539479
1.72941783486722,2.11173020903344,4.4570515194623
1.74225789480675,2.12908848411147,4.45744082330018
1.75521454517804,2.14657575552308,4.45856446554182
1.76827237430599,2.16419311223906,4.46042673708044
1.78141581458418,2.18194148834394,4.4630320656129
1.79462913034865,2.19982166141596,4.46638500992676
1.80789640586134,2.21783425078631,4.47049025391863
1.82120153342496,2.23597971567885,4.47535260033167
1.83452820165223,2.25425835323171,4.48097696419953
1.84785988391309,2.2726702964025,4.48736836598406
1.86117982698479,2.29121551175891,4.49453192439352
1.87447103993083,2.30989379715702,4.5024728488683
1.88771628323556,2.32870477930957,4.51119643172035
1.90089805822304,2.34764791124704,4.520708039913
1.91399859678946,2.36672246967443,4.53101310646723
1.92699985148017,2.38592755222707,4.54211712148067
1.93988348594354,2.40526207462902,4.55402562274552
1.9526308657953,2.42472476775814,4.56674418595139
1.96522304992859,2.44431417462183,4.58027841445946
1.97764078230635,2.46402864724843,4.59463392863412
1.9898644842743,2.48386634349899,4.60981635471863
2.00187424743418,2.50382522380499,4.62583131324136
2.01364982711878,2.52390304783776,4.6426844069398
2.02517063651153,2.54409737111583,4.66038120818921
2.0364157414554,2.56440554155688,4.67892724592407
2.04736385599716,2.58482469598145,4.69832799204005
2.05799333871486,2.60535175657589,4.71858884726545
2.06828218987783,2.62598342732284,4.73971512649147
2.07820804949013,2.64671619040751,4.76171204355118
2.08774819626996,2.66754630260918,4.7845846954382
2.09687954761867,2.68846979168735,4.80833804595689
2.10557866063497,2.70948245277268,4.83297690879668
2.11382173423065,2.73057984477368,4.8585059300245
2.1215846124057,2.75175728681016,4.88492956999051
2.12884278874191,2.7730098546856,4.91225208464325
2.13557141217458,2.79433237741068,4.94047750625248
2.14174529410342,2.81571943379127,4.96960962353871
2.14733891690379,2.83716534909441,4.99965196121091
2.15232644390058,2.8586641918067,5.03060775891508
2.15668173086663,2.8802097705,5.06247994959866
2.16037833910854,2.90179563081999,5.0952711372978
2.16338955020162,2.92341505261377,5.1289835743566
2.16568838243624,2.94506104721331,5.16361913808988
2.16724760903642,2.96672635489225,5.19917930690367
2.16803977821111,2.98840344251388,5.23566513588999
2.16803723509663,3.01008450138913,5.27307723191551
2.16721214564782,3.03176144536366,5.31141572822653
2.16553652253271,3.05342590915381,5.35068025859583
2.16298225308341,3.07506924695173,5.39086993104006
2.1595211293531,3.09668253132061,5.43198330113994
2.15512488032531,3.11825655240103,5.47401834499872
2.14976520631829,3.1397818174505,5.51697243187821
2.14341381562254,3.16124855073809,5.56084229655536
2.13604246340518,3.18264669381681,5.60562401144619
2.12762299290902,3.20396590619639,5.65131295854796
2.11812737896865,3.22519556643975,5.69790380125438
2.10752777385911,3.24632477370615,5.74539045610288
2.0957965554857,3.26734234976462,5.79376606451732
2.08290637791578,3.28823684150098,5.84302296461351
2.06883022424518,3.30899652394183,5.89315266313952
2.05354146178265,3.32960940381887,5.94414580762694
2.03701389952661,3.35006322369647,5.99599215883363
2.01922184789787,3.37034546668539,6.04868056356286
2.00014018068156,3.39044336176493,6.10219892794797
1.9797443991197,3.4103438897352,6.156534191296
1.95801069808432,3.43003378982093,6.2116723005877
1.93491603424792,3.44949956694692,6.26759818573548
1.91043819615548,3.46872749970493,6.3242957357046
1.88455587608797,3.48770364903026,6.38174777560666
1.85724874359383,3.5064138676054,6.43993604487772
1.82849752054975,3.52484381000685,6.49884117665671
1.79828405759754,3.54297894360945,6.55844267848262
1.76659141178838,3.56080456026139,6.61871891443149
1.73340392525026,3.5783057887408,6.67964708881642
1.69870730467876,3.59546760800341,6.74120323157561
1.66248870143553,3.61227486122833,6.80336218547472
1.62473679202281,3.6287122706668,6.8660975952508
1.58544185868693,3.6447644532967,6.92938189882512
1.54459586988784,3.66041593728248,6.99318632071223
1.50219256035674,3.67565117923813,7.05748086775159
1.45822751044897,3.6904545822873,7.12223432728657
1.41269822448499,3.70481051491225,7.18741426791346
1.36560420775893,3.71870333057982,7.25298704292035
1.31694704188097,3.73211738812935,7.31891779653191
1.26673045810869,3.74503707290437,7.38517047307183
1.21496040831105,3.757446818606,7.45170782914929
1.16164513319976,3.76933112984265,7.51849144897011
1.10679522745456,3.78067460534683,7.58548176286599
1.05042370136227,3.79146196182606,7.65263806912777
0.992546038584874,3.80167805841123,7.71991855922005
0.933180249668637,3.81130792166153,7.78728034644497
0.872346920905527,3.8203367710817,7.85467949811277
0.810069258158965,3.82875004510295,7.92207107126565
0.74637312526945,3.83653342747536,7.98940915198935
0.681287076661147,3.8436728740157,8.05664689833436
0.614842383778636,3.85015463965073,8.12373658685511
0.547073054993663,3.85596530569252,8.19062966276106
0.478015848634922,3.86109180727876,8.25727679365913
0.407710278809894,3.86552146090756,8.32362792685102
0.336198613706296,3.86924199199313,8.38963235013324
0.263525866082142,3.87224156236571,8.45523875603089
0.189739775677441,3.87450879763608,8.52039530937959
0.114890783307398,3.87603281434293,8.58504971815247
0.0390319964264131,3.87680324679863,8.64914930741181
-0.0377808540157686,3.87681027354715,8.71264109624765
-0.11548946556988,3.87604464334656,8.77547187754755
-0.19403302524218,3.87449770058665,8.83758830042488
-0.273348279476871,3.87216141005207,8.89893695511555
-0.353369613192929,3.8690283809403,8.95946446013609
-0.434029137859454,3.865091890044,9.01911755148008
-0.515256788549122,3.86034590400774,9.0778431736137
-0.596980429863488,3.85478510056961,9.13558857201662
-0.67912597057696,3.84840488869998,9.1923013869998
-0.761617486798657,3.84120142755086,9.2479297485191
-0.844377353403256,3.83317164413228,9.30242237169127
-0.927326383433787,3.82431324963404,9.35572865270806
-1.01038397513142,3.81462475431511,9.40779876483488
-1.09346826620004,3.8041054808862,9.4585837541723
-1.1764962948671,3.79275557631524,9.50803563485217
-1.25938416725735,3.78057602199038,9.55610748333546
-1.34204723055292,3.76756864217976,9.60275353147569
-1.42440025137213,3.75373611073319,9.64792925801039
-1.50635759876093,3.73908195597636,9.69159147814382
-1.58783343115518,3.72361056375482,9.73369843088624
-1.66874188663942,3.70732717859124,9.77420986381957
-1.74899727579881,3.69023790292651,9.81308711496532
-1.82851427643561,3.6723496944224,9.85029319143888
-1.90720812940072,3.65367036131085,9.88579284458428
-1.98499483477353,3.63420855578255,9.9195526412954
-2.06179134761141,3.61397376541522,9.95154103124322
-2.13751577248225,3.5929763026498,9.98172840974433
-2.21208755599086,3.57122729233078,10.0100871760228
-2.28542767651185,3.54873865733442,10.0365917866362
-2.35745883034893,3.52552310231704,10.061218803857
-2.42810561355219,3.50159409562266,10.0839469388211
-2.49729469864208,3.47696584939737,10.1047570892794
-2.56495500551023,3.45165329796498,10.12363237181
-2.6310178657938,3.42567207452573,10.1405581483752
-2.69541718005081,3.39903848624667,10.1555220471302
-2.7580895670989,3.37176948781895,10.1685139774204
-2.81897450491953,3.3438826535635,10.179526138924
-2.87801446257212,3.31539614817204,10.1885530249299
-2.93515502260917,3.28632869617618,10.1955914197621
-2.99034499353291,3.25669955024167,10.2006403903899
-3.04353651188575,3.2265284583897,10.2037012722898
-3.09468513362147,3.19583563025054,10.2047776496489
-3.14374991446012,3.16464170245843,10.2038753300236
-3.19069347898717,3.13296770329888,10.2010023135944
-3.23548207831603,3.10083501672216,10.1961687571761
-3.27808563619232,3.06826534583786,10.1893869331668
-3.31847778347702,3.03528067600637,10.1806711836394
-3.35663588100483,3.00190323764387,10.1700378697961
-3.3925410308718,2.96815546885646,10.1575053170261
-3.42617807626314,2.934059978019,10.1430937558214
-3.45753558998709,2.89963950641215,10.1268252588183
-3.48660585193421,2.86491689102977,10.1087236742472
-3.5133848157318,2.82991502766593,10.0888145560813
-3.53787206491167,2.79465683438812,10.0671250911841
-3.56007075895431,2.75916521549968,10.043684023764
-3.57998756961468,2.72346302609082,10.0185215774463
-3.5976326079732,2.68757303727305,9.9916693752782
-3.61301934269037,2.65151790218751,9.96316035798312
-3.62616450997456,2.61532012287271,9.93302870078027
-3.63708801579964,2.57900201807168,9.90130972908272
-3.64581283093241,2.54258569205344,9.86803983338396
-3.65236487934881,2.50609300451774,9.83325638363769
-3.65677292063321,2.4695455416462,9.79699764342822
-3.65906842696628,2.43296458835702,9.7593026842211
-3.65928545531406,2.39637110181435,9.72021129997402
-3.6574605154344,2.35978568623716,9.67976392237731
-3.65363243431667,2.3232285690464,9.63800153698175
-3.64784221766689,2.28671957838309,9.59496560045882
-3.64013290904293,2.25027812202371,9.55069795922495
-3.63054944723444,2.21392316771361,9.50524076964745
-3.61913852246836,2.1776732249329,9.45863642003476
-3.60594843200517,2.14154632810384,9.41092745459886
-3.59102893567177,2.10556002124297,9.36215649956196
-3.57443111185645,2.06973134405611,9.31236619156383
-3.55620721446822,2.03407681946892,9.26159910851059
-3.53641053133772,1.99861244258112,9.20989770298951
-3.51509524451107,1.96335367102751,9.15730423835899
-3.49231629286023,1.92831541672492,9.10386072760704
-3.46812923740462,1.89351203897972,9.04960887505643
-3.44259012970982,1.85895733892705,8.99459002097962
-3.41575538369892,1.82466455526933,8.9388450891721
-3.38768165118179,1.79064636127819,8.88241453751861
-3.35842570137751,1.75691486302148,8.82533831157343
-3.32804430467467,1.72348159877396,8.76765580116264
-3.29659412084424,1.69035753956834,8.70940580000441
-3.26413159189059,1.65755309084117,8.65062646833139
-3.23071283969678,1.62507809512628,8.5913552984887
-3.19639356859267,1.59294183574732,8.53162908347061
-3.16122897294683,1.56115304145958,8.47148388834978
-3.12527364985718,1.52971989199039,8.41095502454411
-3.0885815169901,1.49865002442692,8.3500770268584
-3.05120573559406,1.46795054039982,8.28888363323104
-3.01319863869088,1.43762801401065,8.22740776710918
-2.97461166442679,1.40768850045175,8.16568152237056
-2.93549529454515,1.37813754526685,8.10373615070504
-2.89589899792461,1.34898019420163,8.04160205136466
-2.85587117910878,1.32022100359379,7.9793087631875
-2.81545913173846,1.29186405125333,7.91688495879778
-2.77470899678253,1.26391294778436,7.85435844088241
-2.73366572545126,1.23637084830109,7.79175614044226
-2.6923730466639,1.20924046449184,7.7291041169157
-2.65087343893256,1.18252407698613,7.66642756007103
-2.60920810651521,1.15622354798151,7.60375079356463
-2.56741695968351,1.13034033408808,7.54109728006182
-2.52553859894425,1.10487549935052,7.47848962781839
-2.48361030304864,1.07982972840873,7.41594959862182
-2.44166802061894,1.05520333976025,7.35349811699294
-2.39974636521954,1.03099629908894,7.29115528055052
-2.35787861369703,1.00720823262655,7.2289403714435
-2.31609670761304,0.98383844051519,7.16687186875807
-2.27443125759323,0.960885910140853,7.10496746180931
-2.23291155041645,0.938349329409491,7.04324406423018
-2.1915655586692,0.916227099939296,6.98171782877335
-2.15041995279283,0.894517350144304,6.92040416274487
-2.10950011535313,0.873217948186286,6.85931774399174
-2.06883015736523,0.852326514773518,6.79847253736861
-2.0284329365105,0.831840435786718,6.73788181161282
-1.98833007708593,0.811756874714011,6.6775581565598
-1.94854199153098,0.792072784878393,6.61751350063468
-1.90908790338185,0.772784921442659,6.55775912855947
-1.86998587150782,0.753889853178271,6.49830569921843
-1.83125281548976,0.735383973986021,6.4391632636278
-1.79290454200645,0.717263514157776,6.38034128295943
-1.75495577209969,0.699524551369849,6.32184864657132
-1.71742016919508,0.682163021399849,6.26369369000093
-1.68031036776101,0.66517472856003,6.20588421288087
-1.64363800249436,0.648555355841327,6.14842749673924
-1.60741373792688,0.632300474763354,6.09133032265014
-1.57164729835247,0.616405554926638,6.03459898870256
-1.53634749798087,0.600865973264386,5.97823932725901
-1.50152227122934,0.585677022991948,5.92225672197752
-1.46717870306907,0.570833922253018,5.86665612457361
-1.43332305934896,0.55633182246243,5.81144207130095
-1.39996081702444,0.542165816346128,5.75661869913221
-1.36709669422431,0.528330945679605,5.70218976162331
-1.33473468009372,0.514822208726744,5.64815864444686
-1.30287806435616,0.501634567381586,5.59452838058242
-1.27152946654229,0.488762954016109,5.54130166515298
-1.2406908648376,0.476202278037575,5.48848086989902
-1.2103636245058,0.463947432159501,5.43606805728316
-1.18054852584864,0.451993298390674,5.38406499421984
-1.15124579166699,0.440334753747032,5.33247316542602
-1.1224551141919,0.428966675691571,5.28129378639027
-1.09417568145795,0.417883947307695,5.23052781595889
-1.06640620309463,0.407081462211734,5.18017596853858
-1.03914493551491,0.396554129210539,5.13023872591681
-1.012389706483,0.386296876710287,5.0807163487013
-0.986137939046468,0.376304656882769,5.03160888738157
-0.96038667482045,0.366572449595597,4.98291619301595
-0.935132596614418,0.357095266112837,4.93463792754817
-0.910372050394152,0.347868152572704,4.88677357375854
-0.886101066574022,0.338886193248976,4.83932244485516
-0.862315380636645,0.33014451360285,4.79228369371101
-0.839010453078953,0.321638283131964,4.74565632175359
-0.816181488685482,0.313362718023334,4.69943918751375
-0.79382345513136,0.305313083616901,4.65363101484102
-0.771931100918964,0.29748469668639,4.60823040079292
-0.750498972653609,0.289872927544111,4.56323582320592
-0.729521431664894,0.282473201976281,4.51864564795613
-0.708992669981483,0.275281003015371,4.47445813591764
-0.688906725668105,0.268291872555904,4.4306714496269
-0.669257497534524,0.26150141282003,4.38728365966138
-0.650038759227035,0.254905287679106,4.34429275074087
-0.631244172713769,0.24849922383741,4.30169662755988
-0.61286730117577,0.242279011883969,4.25949312035943
-0.594901621316334,0.23624050721841,4.21767999024671
-0.577340535101597,0.230379630856564,4.17625493427089
-0.560177380945783,0.224692370121454,4.13521559026323
-0.543405444354846,0.21917477922515,4.09455954144986
-0.527017968042519,0.213822979746839,4.05428432084505
-0.511008161533026,0.208633161012311,4.0143874154331
-0.495369210264838,0.203601580379925,3.97486627014648
-0.480094284210005,0.198724563437974,3.93571829164808
-0.46517654602363,0.193998504118214,3.89694085192491
-0.450609158738088,0.189419864730193,3.85853129170064
-0.436385293016576,0.184985175920843,3.82048692367423
-0.422498133980521,0.180691036563691,3.78280503559153
-0.408940887625269,0.17653411358186,3.74548289315686
-0.395706786838401,0.172511141708913,3.70851774279096
-0.382789097034819,0.168618923191439,3.671906814242
-0.37018112142263,0.164854327437151,3.63564732305581
-0.357876205913617,0.161214290612113,3.59973647291141
-0.345867743691905,0.157695815190577,3.56417145782777
-0.33414917945418,0.154295969460789,3.52894946424748
-0.322714013334581,0.15101188698999,3.49406767300284
-0.311555804527131,0.147840766051671,3.45952326116975
-0.300668174618282,0.144779869018083,3.42531340381447
-0.290044810641897,0.141826521720811,3.3914352756383
-0.27967946786867,0.138978112782132,3.35788605252487
-0.269565972341718,0.136232092919765,3.32466291299472
-0.259698223169768,0.133585974227485,3.29176303957157
-0.250070194589033,0.131037329433965,3.25918362006459
-0.240675937804607,0.12858379114212,3.22692184877066
-0.231509582621855,0.126223051051085,3.19497492760066
-0.222565338877996,0.123952859162895,3.16334006713357
-0.213837497683737,0.121771022975807,3.13201448760189
-0.205320432484521,0.119675406666106,3.10099541981193
-0.197008599950654,0.117663930260173,3.07028010600237
-0.188896540705231,0.115734568798462,3.03986580064408
-0.180978879898519,0.113885351492979,3.00974977118444
-0.17325032763713,0.112114360879744,2.97992929873893
-0.165705679276021,0.110419731967658,2.95040167873286
-0.158339815581071,0.108799651385103,2.92116422149592
-0.151147702769703,0.107252356525527,2.89221425281195
-0.144124392436716,0.105776134693212,2.86354911442653
-0.137265021372237,0.104369322250318,2.83516616451457
-0.130564811278414,0.103030303766269,2.80706277811023
-0.124019068391212,0.101757511170445,2.7792363475011
-0.11762318301342,0.100549422909108,2.75168428258882
-0.111372628964707,0.0994045631074153,2.72440401121799
-0.105262962954326,0.0983215007373283,2.69739297947507
-0.0992898238818389,0.0972988487921516,2.67064865195919
-0.0934489320709621,0.0963352634684086,2.64416851202639
-0.0877360884414469,0.0954294433556911,2.6179500620089
-0.0821471736236565,0.0945801286350798,2.59199082341088
-0.0766781470203001,0.0937861002866872,2.56628833708218
-0.0713250458195726,0.0930461793068299,2.54084016337125
-0.0660839839637449,0.0923592259352951,2.5156438822587
-0.060951151077055,0.0917241388931283,2.49069709347256
-0.0559228113565602,0.0911398546313295,2.46599741658643
-0.0509953024294274,0.0906053465908124,2.44154249110166
-0.0461650341799621,0.0901196244739443,2.41732997651452
-0.0414284875495044,0.0896817335279532,2.39335755236939
-0.036782213312157,0.0892907538404608,2.36962291829891
-0.0322228308291509,0.0889457996473658,2.34612379405192
-0.0277470267845007,0.0886460186532798,2.32285791951005
-0.0233515539044553,0.0883905913646901,2.29982305469379
-0.0190332296631072,0.0881787304359981,2.27701697975875
-0.0147889349763883,0.0880096800285627,2.25443749498278
-0.0106156128865482,0.0878827151828521,2.23208242074478
-0.0065102672390857,0.0877971412037906,2.20994959749562
-0.00246996135398508,0.0877522930593657,2.18803688572198
0.00150818330700935,0.0877475347925446,2.16634216590353
0.00542698847545547,0.0877822589465304,2.14486333846407
0.00928922041209453,0.0878558860033741,2.12359832371719
0.0130975912421347,0.0879678638359449,2.10254506180678
0.0168547602886174,0.0881176671732426,2.08170151264299
0.0205633354026394,0.0883047970790312,2.06106565583412
0.0242258742892928,0.0885287804437524,2.04063549061461
0.0278448858282693,0.088789169489674,2.02040903576982
0.0314228313881552,0.0890855412892125,2.0003843295578
0.0349621261335222,0.0894174972963644,1.98055942962843
0.0384651403239898,0.089784662891168,1.96093241294028
0.0419342006045077,0.0901866869371128,1.94150137567552
0.0453715912861706,0.0906232413514056,1.9222644331532
0.0487795556169424,0.0910940206879936,1.9032197197411
0.0521602970417261,0.0915987417332428,1.88436538876653
0.0555159804512718,0.0921371431141616,1.8656996124263
0.0588487334194723,0.0927089849190552,1.84722058169609
0.0621606474286418,0.0933140483304939,1.82892650623944
0.0654537790824274,0.0939521352704724,1.81081561431672
0.0687301513060441,0.0946230680576346,1.79288615269409
0.0719917545335706,0.0953266890764369,1.77513638655285
0.0752405478820825,0.0960628604581185,1.75756459939922
0.0784784603124389,0.0968314637733465,1.74016909297487
0.0817073917765742,0.0976323997364014,1.72294818716834
0.0849292143511825,0.098465587920768,1.70590021992744
0.0881457733577125,0.0993309664859938,1.68902354717299
0.0913588884686222,0.10022849191568,1.67231654271382
0.0945703547998724,0.101158138766465,1.65577759816347
0.0977819439896614,0.102119899427864,1.63940512285849
0.100995405263433,0.10311378389283,1.62319754377861
0.104212466485205,0.104139819538891,1.60715330546898
0.107434835195307,0.10519805091974,1.59127086996452
0.110664199634598,0.106288539567126,1.57554871671653
0.113902229755307,0.107411363802926,1.5599853425218
0.117150578218603,0.108566618561261,1.54457926145423
0.12041088137906,0.109754415220513,1.52932900479917
0.12368476025617,0.11097488144513,1.51423312099062
0.126973821493082,0.112228161037082,1.49929017555135
0.130279658302767,0.113514413796834,1.48449875103614
0.133603851401787,0.114833815393726,1.46985744697827
0.136947969931911,0.116186557245627,1.45536487983934
0.140313572369776,0.117572846407745,1.44101968296257
0.143702207424825,0.118992905470474,1.42682050652979
0.14711541492578,0.120446972466165,1.41276601752207
0.150554726695874,0.121935300784706,1.39885489968437
0.154021667417099,0.123458159097791,1.3850858534941
0.157517755483738,0.125015831291794,1.37145759613391
0.16104450384543,0.126608616409105,1.35796886146874
0.16460342084004,0.128236828597865,1.34461840002734
0.168196011016602,0.129900797069967,1.33140497898831
0.171823775948613,0.131600866067242,1.31832738217095
0.175488215037939,0.133337394835733,1.30538441003091
0.179190826309627,0.135110757607957,1.29257487966091
0.182933107197885,0.136921343593077,1.27989762479664
0.186716555323516,0.138769556974887,1.26735149582794
0.190542669263084,0.14065581691753,1.25493535981561
0.194412949310081,0.142580557578868,1.24264810051372
0.198328898228384,0.144544228131424,1.23048861839792
0.202292021998269,0.146547292790825,1.21845583069969
0.206303830555255,0.148590230851664,1.20654867144678
0.210365838522052,0.150673536730715,1.19476609151006
0.214479565933884,0.152797720017443,1.18310705865699
0.218646538957446,0.154963305531726,1.17157055761176
0.222868290603759,0.157170833388737,1.16015559012254
0.227146361435186,0.15942085907093,1.14886117503583
0.231482300266862,0.161713953507066,1.13768634837824
0.235877664862775,0.164050703158219,1.12663016344594
0.240334022626765,0.166431710110734,1.11569169090195
0.244852951288665,0.16885759217605,1.1048700188815
0.249436039585817,0.171328982997379,1.09416425310584
0.254084887940201,0.173846532163165,1.08357351700458
0.258801109131391,0.1764109053273,1.07309695184689
0.263586328965556,0.179022784336052,1.06273371688193
0.268442186940714,0.181682867361654,1.05248298948862
0.273370336908436,0.184391869042538,1.0423439653352
0.278372447732197,0.187150520630165,1.03231585854875
0.283450203942557,0.189959570142418,1.0223979018951
0.288605306389346,0.192819782523544,1.01258934696937
0.293839472891027,0.195731939810589,1.00288946439747
0.29915443888138,0.198696841306322,0.993297544048996
0.304551958053671,0.201715303758613,0.983812895261801
0.310033803002435,0.204788161546236,0.974434847078582
0.315601765862998,0.207916266871082,0.96516274849597
0.321257658948854,0.211100489956757,0.955995968726428
0.32700331538701,0.21434171925354,0.946933897473406
0.332840589751371,0.217640861649687,0.937975945220166
0.338771358694265,0.220998842689061,0.929121543532717
0.344797521576151,0.224416606795064,0.920370145377306
0.350921001093581,0.227895117500861,0.911721225452945
0.357143743905435,0.231435357685873,0.903174280539447
0.363467721257458,0.235038329818522,0.894728829861478
0.369894929605102,0.238705056205222,0.886384415469139
0.376427391234663,0.242436579245574,0.878140602635615
0.383067154882668,0.246233961693783,0.869996980272451
0.389816296353484,0.250098286926239,0.861953161363013
0.396676919135067,0.254030659215285,0.854008783414743
0.403651155012763,0.258032204009119,0.846163508930809
0.410741164681056,0.262104068217829,0.838417025901788
0.417949138353122,0.266247420505534,0.830769048318035
0.425277296368047,0.270463451588609,0.823219316703412
0.432727889795507,0.274753374539972,0.815767598671088
0.440303201037726,0.279118425099397,0.808413689502114
0.448005544428465,0.283559861989843,0.801157412747537
0.455837266828777,0.288078967239745,0.793998620854819
0.463800748219248,0.292677046511258,0.786937195819354
0.471898402288396,0.29735542943439,0.779973049861916
0.48013267701686,0.302115469947012,0.773106126132885
0.488506055257009,0.30695854664068,0.766336399444131
0.497021055307526,0.311886063112225,0.759663877029466
0.505680231482512,0.316899448321074,0.753088599334603
0.5144861746746,0.322000156952218,0.746610640837587
0.523441512911529,0.327189669784792,0.740230110900709
0.532548911905598,0.332469494066173,0.733947154654924
0.541811075595344,0.337841163891546,0.727761953917845
0.551230746678771,0.34330624058884,0.721674728146425
0.560810707137382,0.348866313108944,0.71568573542544
0.570553778750232,0.354522998421131,0.709795273492967
0.580462823597137,0.36027794191355,0.704003680804057
0.590540744550145,0.366132817798707,0.698311337633856
0.60079048575228,0.372089329523789,0.69271866722145
0.611215033082545,0.378149210185712,0.687226136955782
0.621817414606045,0.384314222950745,0.681834259604986
0.632600701008078,0.390586161478551,0.676543594590572
0.643568006010916,0.396966850350495,0.671354749307896
0.654722486771952,0.403458145502014,0.666268380494429
0.666067344261782,0.410061934658881,0.661285195647359
0.677605823620705,0.416780137777133,0.65640595449213
0.68934121449205,0.42361470748646,0.651631470503533
0.701276851330619,0.430567629536795,0.646962612481062
0.713416113684421,0.437640923247862,0.642400306180253
0.725762426447817,0.4448366419614,0.637945536001801
0.738319260084004,0.452156873495761,0.633599346740284
0.751090130814721,0.459603740602581,0.629362845394403
0.764078600774875,0.467179401425162,0.625237203040657
0.777288278129691,0.47488604995823,0.621223656772474
0.790722817151837,0.482725916508648,0.617323511706838
0.804385918255819,0.490701268156711,0.613538143060525
0.818281327986803,0.498814409217536,0.609868998298116
0.832412838960862,0.50706768170212,0.606317599354013
0.84678428975345,0.515463465777534,0.60288554493073
0.861399564732768,0.524004180225726,0.599574512875815
0.876262593834463,0.532692282900382,0.596386262639787
0.891377352273924,0.541530271181205,0.593322637817565
0.906747860192244,0.550520682425007,0.590385568775895
0.922378182231669,0.559666094412901,0.587577075369359
0.93827242703617,0.56896912579288,0.584899269747616
0.954434746672498,0.578432436517005,0.582354359256556
0.970869335966873,0.588058728272394,0.579944649436153
0.987580431752163,0.597850744905126,0.577672547117814
1.00457231202016,0.60781127283615,0.575540563624121
1.02184929497326,0.617943141468221,0.57355131807389
1.0394157379696,0.628249223582821,0.571707540795559
1.05727603635527,0.638732435725975,0.570012076851936
1.07543462217709,0.649395738581799,0.568467889679429
1.09389596276887,0.660242137332542,0.567078064844914
1.11266455920399,0.671274682003839,0.565845813923438
1.13174494460636,0.682496467793779,0.564774478500034
1.15114168231195,0.693910635384346,0.563867534298933
1.17085936387218,0.705520371233697,0.563128595443532
1.19090260689036,0.717328907847633,0.562561418850491
1.21127605268176,0.729339524028578,0.562169908761381
1.23198436374753,0.741555545100222,0.561958121415331
1.25303222105208,0.753980343105936,0.561930269866151
1.27442432109317,0.766617336978935,0.562090728947406
1.29616537275332,0.779469992682051,0.562444040388958
1.31826009392063,0.792541823314889,0.562994918088482
1.34071320786662,0.80583638918597,0.563748253541456
1.36352943936788,0.819357297847402,0.564709121433116
1.38671351055804,0.833108204089418,0.565882785395857
1.41027013649555,0.847092809892023,0.567274703935519
1.43420402043243,0.861314864330851,0.568890536529939
1.45851984876817,0.875778163434131,0.57073614990314
1.48322228567253,0.890486549987565,0.572817624478397
1.50831596735998,0.905443913283696,0.575141261013394
1.53380549599788,0.920654188812211,0.577713587420541
1.55969543322972,0.936121357887414,0.580541365775433
1.58599029329395,0.951849447208928,0.583631599516267
1.61269453571779,0.967842528351475,0.586991540836905
1.63981255756503,0.984104717179387,0.590628698276069
1.66734868521542,1.00064017318126,0.594550844504952
1.69530716565279,1.01745309871999,0.598766024315302
1.72369215723749,1.0345477381931,0.603282562809785
1.75250771993857,1.05192837709812,0.608109073796114
1.78175780499918,1.06959934099752,0.613254468386154
1.8114462440085,1.08756499437728,0.618727963800794
1.84157673735185,1.10582973939314,0.624539092381051
1.87215284200981,1.12439801449814,0.630697710805372
1.90317795867615,1.14327429294468,0.637214009512659
1.93465531816305,1.16246308115437,0.644098522329994
1.96658796706113,1.18196891694807,0.651362136303473
1.99897875262069,1.2017963676288,0.659016101729938
2.03183030681924,1.22195002790933,0.667072042386666
2.06514502957944,1.24243451767629,0.675541965955382
2.09892507110041,1.26325447958201,0.684438274636107
2.13317231326397,1.28441457645515,0.693773775945482
2.16788835007677,1.30591948852047,0.703561693693252
2.20307446710746,1.32777391041822,0.713815679129558
2.23873161987764,1.34998254801254,0.724549822254559
2.27486041116377,1.37255011497844,0.735778663280711
2.31146106716643,1.39548132915615,0.747517204236702
2.34853341250243,1.41878090866135,0.759780920700682
2.38607684397405,1.44245356773919,0.772585773648868
2.4240903030692,1.46650401234973,0.78594822140403
2.46257224714531,1.49093693547181,0.799885231666607
2.50152061924917,1.51575701211207,0.814414293609334
2.5409328165245,1.54096889400498,0.829553430014299
2.58080565715836,1.56657720398987,0.845321209429189
2.62113534581758,1.59258653004978,0.861736758317235
2.66191743752595,1.61900141899694,0.878819773172933
2.70314679993337,1.64582636978911,0.896590532573039
2.74481757392811,1.67306582646025,0.915069909129582
2.78692313254411,1.7007241706489,0.934279381308739
2.82945603811601,1.7288057137069,0.954241045076287
2.87240799763569,1.75731468837067,0.974977625327084
2.91576981626546,1.78625523997694,0.996512487052539
2.95953134896502,1.81563141720414,1.01886964619634
3.00368145019132,1.84544716232054,1.04207378014485
3.04820792163323,1.87570630091948,1.06615023779441
3.09309745794587,1.90641253112212,1.09112504913352
3.13833559045333,1.93756941222728,1.11702493427334
3.18390662879243,1.96918035278807,1.14387731185509
3.22979360047519,2.00124859809457,1.17171030675784
3.27597818835328,2.03377721704168,1.20055275702532
3.32244066597358,2.06676908836106,1.23043421992424
3.36915983082135,2.10022688619601,1.2613849770415
3.41611293545542,2.13415306499833,1.29343603832131
3.46327561654819,2.16854984372596,1.32661914493704
3.51062182185353,2.2034191893207,1.36096677088648
3.55812373513616,2.23876279944534,1.39651212319207
3.60575169910825,2.27458208446006,1.43328914058106
3.65347413643191,2.31087814861856,1.47133249051344
3.70125746886109,2.34765177046473,1.51067756441788
3.74906603461181,2.38490338241188,1.55136047098895
3.79686200406718,2.42263304948722,1.59341802739067
3.84460529394216,2.46084044722557,1.63688774820411
3.89225348005381,2.49952483869765,1.68180783194871
3.9397617088643,2.53868505065973,1.72821714499894
3.98708260798812,2.57831944881341,1.77615520271017
4.03416619588039,2.61842591216618,1.82566214755951
4.08095979095074,2.65900180648573,1.87677872409946
4.12740792037666,2.70004395684373,1.92954625051453
4.17345222892164,2.74154861924743,1.98400658656337
4.21903138809728,2.78351145136089,2.04020209768157
4.26408100604371,2.82592748232113,2.09817561501339
4.30853353854089,2.86879108165831,2.15797039113406
4.35231820160301,2.91209592733359,2.21963005121833
4.3953608861504,2.95583497291289,2.28319853940543
4.43758407529742,3.00000041389998,2.34872006010618
4.47890676484107,3.0445836532579,2.41623901399404
4.51924438758314,3.08957526615399,2.48579992841918
4.55850874216903,3.13496496396999,2.55744738198331
4.59660792717776,3.18074155762629,2.6312259230125
4.63344628125146,3.22689292027651,2.7071799816666
4.66892433010706,3.27340594943709,2.78535377542703
4.70293874132865,3.32026652862513,2.86579120770919
4.73538228789581,3.36745948858699,2.94853575935306
4.7661438214598,3.4149685682101,3.03363037275461
4.79510825643673,3.46277637522062,3.12111732841244
4.82215656604312,3.51086434678088,3.21103811367861
4.8471657914546,3.55921271011168,3.3034332835203
4.87000906532259,3.60780044327702,3.39834231311953
4.89055565093455,3.65660523628103,3.49580344216271
4.90867099835239,3.70560345264035,3.59585351069956
4.92421681890714,3.75477009160842,3.69852778648329
4.93705117946797,3.80407875124246,3.80385978374004
4.94702861793669,3.85350159251802,3.91188107335645
4.95400028144542,3.90300930471074,4.02262108451961
4.95781408875331,3.9525710722799,4.13610689789427
4.95831491834694,4.00215454350304,4.25236303047746
4.95534482374714,4.0517258011266,4.37141121233167
4.94874327751044,4.10124933531163,4.4932701554637
4.93834744538602,4.1506880191693,4.61795531518817
4.92399249204551,4.20000308719452,4.74547864439166
4.90551191974384,4.24915411692053,4.87584834119625
4.88273794119098,4.29809901413003,5.00906859060937
4.85550188781711,4.34679400197116,5.14513930084001
4.82363465449438,4.3951936143375,5.28405583506031
4.78696718163688,4.44325069388148,5.42580873949418
4.74533097543402,4.49091639503897,5.57038346882261
4.69855866678114,4.53814019244926,5.71776011000654
4.64648460925279,4.58486989515934,5.86791310574285
4.58894551621804,4.63105166700375,6.02081097888608
4.52578113692298,4.67663005355057,6.17641605928733
4.45683497106225,4.72154801600129,6.33468421462104
4.38195502102913,4.76574697242562,6.49556458688936
4.30099458067287,4.80916684670239,6.65899933641079
4.21381305900241,4.85174612552431,6.82492339521377
4.12027683685978,4.89342192380642,6.99326423186541
4.02026015414422,4.9341300588162,7.16394162986789
3.91364602470353,4.9738051333169,7.33686748185073
3.80032717552325,5.01238062798428,7.51194560187087
3.68020700634177,5.04978900332082,7.68907155820624
3.55320056530383,5.08596181125009,7.86813252908635
3.41923553574067,5.1208298165277,8.04900718384638
3.27825322863872,5.15432312805314,8.23156559201508
3.13020957483473,5.18637134011021,8.41566916285026
2.97507611046242,5.21690368350122,8.60117061781667
2.81284094867969,5.24584918647304,8.78791399845707
2.6435097302356,5.2731368452611,8.9757347120367
2.46710654500054,5.2986958040005,9.16445961724251
2.28367481619055,5.32245554367301,9.35390715208939
2.0932781386769,5.34434607967403,9.54388750602535
1.89600106249433,5.36429816749605,9.73420283803481
1.69194981245559,5.38224351593552,9.92464754231341
1.48125293465495,5.39811500713787,10.115008562829
1.26406186060905,5.41184692270353,10.3050657577908
1.04055137984799,5.42337517498518,10.4945923147257
0.810920011940657,5.4326375426155,10.6833552165021
0.575390269223405,5.43957390921581,10.8711157582621
0.334208801905534,5.4441265041506,11.057630114804
0.0876464177528216,5.44624014411228,11.2426499575297
-0.164002030795172,5.44586247424553,11.4259231196068
-0.420417898437055,5.44294420745317,11.6071943075321
-0.681259143206691,5.43743936046606,11.7862058567928
-0.946160871481743,5.42930548521027,11.9626985288367
-1.2147360350839,5.41850389396581,12.1364123460724
-1.48657628249644,5.40499987678508,12.3070874611379
-1.7612529648723,5.38876290962498,12.4744650562047
-2.0383182960687,5.36976685164769,12.6382882676356
-2.31730666443723,5.34799013015968,12.7983031308886
-2.59773609253986,5.32341591168946,12.9542595401717
-2.87910983936953,5.29603225775034,13.1059122169997
-3.16091813805177,5.26583226389711,13.253021681505
-3.4426400604121,5.23281418076358,13.395355220103
-3.72374549823808,5.19698151586182,13.5326878429223
-4.00369724956765,5.1583431150333,13.6648032242855
-4.28195319692264,5.11691322256602,13.7914946194667
-4.55796856310065,5.07271151912899,13.9125657509672
-4.83119822896463,5.02576313682539,14.0278316576389
-5.1010990966483,4.97609865082654,14.137119500149
-5.36713248074691,4.92375404721914,14.2402693165175
-5.62876650940582,4.86877066687571,14.3371347217747
-5.88547851676628,4.8111951253419,14.4275835461702
-6.13675740799333,4.75107920892069,14.5114984068183
-6.38210597809976,4.6884797473217,14.5887772081855
-6.62104316599974,4.62345846343093,14.6593335673962
-6.85310622567435,4.55608180093944,14.7230971609648
-7.07785279700584,4.48642073074787,14.7800139902271
-7.29486285973099,4.41455053723369,14.8300465634496
-7.50374055506296,4.34055058562823,14.8731739933246
-7.70411586082219,4.26450407189864,14.9093920093006
-7.89564610738028,4.18649775666471,14.9387128849506
-8.07801732333436,4.1066216847989,14.9611652813216
-8.25094540157021,4.0249688924608,14.976794007943
-8.41417707821224,3.94163510340097,14.9856597038738
-8.56749071887057,3.85671841643499,14.9878384418433
-8.71069690855092,3.77031898603453,14.9834212591691
-8.84363884356173,3.68253869800869,14.9725136197187
-8.96619252570765,3.593480842256,14.9552348117021
-9.07826676096921,3.50324978455453,14.9317172865476
-9.17980296671057,3.4119506393268,14.9021059445062
-9.27077479320435,3.31968894526647,14.8665573729549
-9.3511875668932,3.2265703456479,14.8252390436216
-9.42107756430222,3.13270027505794,14.7783284751301
-9.48051112685758,3.03818365419305,14.7260123673715
-9.52958362804169,2.9431245942565,14.6684857142369
-9.56841830531366,2.84762611237097,14.6059509012101
-9.59716497003881,2.75178985929321,14.5386167942158
-9.61599860929994,2.65571586058171,14.4666978259466
-9.6251178939045,2.55950227222737,14.3904130856736
-9.62474360716042,2.46324515161249,14.309985418264
-9.61511700907336,2.36703824451704,14.2256405378079
-9.59649815052921,2.27097278874507,14.1376061608948
-9.56916415177751,2.17513733479963,14.0461111641836
-9.53340745913702,2.0796175838931,13.9513847704895
-9.48953409331828,1.98449624344328,13.8536557671702
-9.43786190211431,1.88985290007479,13.7531517601386
-9.37871882946587,1.7957639100213,13.6500984663709
-9.31244121207898,1.70230230670834,13.5447190473142
-9.23937211387518,1.60953772518891,13.4372334851456
-9.15985970760697,1.51753634300616,13.3278580033845
-9.07425571198659,1.42636083696889,13.2168045329287
-8.98291389167255,1.33607035524714,13.1042802241737
-8.88618862644746,1.24672050412686,12.990487005479
-8.7844335549182,1.15836334870421,12.8756211878822
-8.67800029708482,1.07104742675166,12.7598731156185
-8.5672372591705,0.984817774949698,12.6434268616951
-8.45248852318955,0.899715966648054,12.5264599674878
-8.33409282286154,0.815780160300658,12.4091432250759
-8.21238260666467,0.733045157706014,12.2916405008131
-8.08768318806426,0.651542471180932,12.1741085984439
-7.96031198225751,0.571300398798561,12.0566971599142
-7.83057782814548,0.49234410683153,11.9395486018969
-7.69878039367914,0.414695718556732,11.8227980859513
-7.56520966222864,0.338374408599388,11.7065735201588
-7.4301454971929,0.263396502019736,11.5909955900293
-7.29385728169934,0.189775577375414,11.476177816443
-7.15660362993824,0.117522573025684,11.3622266383871
-7.01863216643022,0.0466458959794749,11.249241518262
-6.8801793693364,-0.0228484673727649,11.137315067558
-6.74147047378354,-0.0909568392637941,11.0265331907536
-6.60271943108897,-0.157677737870504,10.9169752453414
-6.46412891972657,-0.223011764489274,10.8087142159625
-6.32589040387274,-0.286961491062337,10.7018169007051
-6.18818423540471,-0.349531348510296,10.5963441077159
-6.05117979528959,-0.410727516284909,10.4923508603639
-5.91503567039629,-0.470557813516153,10.3898866092953
-5.77989986188034,-0.529031592088416,10.288995449822
-5.64591002142994,-0.58615963194288,10.1897163431879
-5.51319371181647,-0.641954038866776,10.092083340364
-5.38186868836068,-0.696428144995479,9.99612580712738
-5.2520431981046,-0.749596412220386,9.90186864928129
-5.12381629366443,-0.801474338664366,9.80933253697851
-4.99727815893093,-0.852078368357253,9.71853412720554
-4.87251044397593,-0.901425804216495,9.62948628358372
-4.74958660671766,-0.949534724412623,9.54219829273415
-4.62857225908885,-0.996423902175685,9.45667607654222
-4.50952551564044,-1.04211272907719,9.37292239974096
-4.3924973426982,-1.08662114180233,9.290937072312
-4.27753190636789,-1.12996955240941,9.21071714627739
-4.1646669178572,-1.17217878205703,9.13225710652538
-4.05393397474729,-1.21326999816539,9.05554905537826
-3.94535889700402,-1.25326465496494,8.98058289067057
-3.83896205666764,-1.2921844373743,8.90734647716156
-3.73475870029996,-1.33005120813965,8.83582581115644
-3.63275926339938,-1.36688695815903,8.76600517825764
-3.53296967611696,-1.4027137599077,8.69786730420897
-3.43539165972034,-1.43755372387499,8.63139349883388
-3.34002301335771,-1.47142895791745,8.56656379310248
-3.24685789077055,-1.50436152942977,8.5033570693925
-3.15588706669258,-1.53637343023136,8.44175118503571
-3.06709819275241,-1.56748654406457,8.38172308926472
-2.98047604277077,-1.59772261659904,8.32324893369511
-2.89600274740833,-1.6271032278357,8.26630417649512
-2.81365801817902,-1.65564976680408,8.21086368040969
-2.73341936089565,-1.68338340844683,8.15690180481752
-2.65526227866091,-1.71032509258633,8.10439249200994
-2.57916046455676,-1.73649550486956,8.05330934788754
-2.50508598422025,-1.76191505958906,8.00362571727699
-2.43300944852379,-1.7866038842801,7.95531475407381
-2.36290017660301,-1.81058180599606,7.90834948642008
-2.2947263494968,-1.83386833916697,7.86270287712679
-2.22845515468117,-1.85648267494871,7.81834787955066
-2.16405292179245,-1.8784436719732,7.77525748913403
-2.10148524984595,-1.89976984841304,7.7334047908145
-2.04071712626388,-1.92047937527714,7.69276300250772
-1.98171303803167,-1.94059007085701,7.65330551486347
-1.92443707530426,-1.96011939624657,7.61500592749069
-1.86885302778538,-1.97908445186162,7.57783808184239
-1.81492447420107,-1.99750197488835,7.54177609094616
-1.76261486518679,-2.0153883375933,7.50679436616053
-1.71188759990314,-2.0327595464307,7.47286764113149
-1.66270609668991,-2.04963124188576,7.43997099311761
-1.61503385806257,-2.06601869899611,7.40807986184577
-1.56883453034759,-2.08193682849601,7.37717006605358
-1.52407195824576,-2.09740017853142,7.34721781786781
-1.48071023460406,-2.11242293689649,7.31819973516221
-1.43871374566798,-2.12701893374491,7.29009285203151
-1.39804721207703,-2.14120164473235,7.26287462751218
-1.35867572585655,-2.15498419454855,7.23652295267448
-1.32056478364982,-2.1683793608004,7.21101615620398
-1.28368031642417,-2.18139957820951,7.18633300858509
-1.24798871587562,-2.1940569430901,7.16245272499311
-1.2134568577465,-2.20636321807537,7.13935496699567
-1.180052122261,-2.21832983706248,7.11701984315911
-1.14774241187413,-2.22996791034824,7.09542790864978
-1.11649616652017,-2.24128822992971,7.07456016391535
-1.08628237653737,-2.25230127494544,7.05439805252613
-1.05707059343703,-2.26301721723512,7.03492345825164
-1.02883093867598,-2.27344592699675,7.01611870144324
-1.00153411058329,-2.28359697852222,6.99796653478906
-0.975151389583614,-2.2934796559935,6.98045013850355
-0.949654641851893,-2.30310295932313,6.96355311500957
-0.925016321526135,-2.31247561002394,6.94725948316769
-0.901209471598,-2.32160605709418,6.9315536721032
-0.878207723593566,-2.33050248290542,6.91642051467825
-0.855985296150034,-2.33917280908168,6.90184524065316
-0.834516992587563,-2.34762470235918,6.88781346957773
-0.813778197569267,-2.35586558041719,6.87431120345071
-0.793744872936473,-2.36390261767127,6.86132481918249
-0.774393552800727,-2.37174275102117,6.84884106089378
-0.755701337968644,-2.37939268554609,6.83684703208025
-0.737645889770643,-2.38685890014131,6.82533018767113
-0.720205423359758,-2.39414765309031,6.81427832600724
-0.703358700542138,-2.40126498756752,6.80367958076204
-0.687085022196513,-2.40821673706727,6.79352241282742
-0.67136422033583,-2.41500853075508,6.7837956021839
-0.656176649860355,-2.42164579873806,6.77448823977354
-0.641503180047912,-2.42813377725137,6.76558971939183
-0.627325185823477,-2.43447751375855,6.75708972961385
-0.613624538847117,-2.44068187196356,6.74897824576819
-0.600383598456186,-2.44675153673294,6.74124552197105
-0.587585202494858,-2.45269101892683,6.73388208323158
-0.575212658061368,-2.4585046601378,6.72687871763862
-0.563249732200805,-2.46419663733692,6.72022646863764
-0.55168064256895,-2.46977096742657,6.713916627406
-0.540490048090422,-2.47523151169978,6.70794072533364
-0.529663039632332,-2.48058198020631,6.7022905266153
-0.519185130712708,-2.48582593602558,6.69695802096004
-0.509042248261135,-2.49096679944692,6.69193541642252
-0.499220723447379,-2.49600785205775,6.68721513236043
-0.489707282592186,-2.50095224074051,6.68278979252144
-0.480489038172975,-2.50580298157905,6.67865221826261
-0.471553479935796,-2.51056296367571,6.67479542190481
-0.462888466123635,-2.51523495288006,6.67121260022398
-0.454482214829996,-2.51982159543046,6.66789712808096
-0.446323295485574,-2.52432542150997,6.66484255219075
-0.438400620484838,-2.52874884871766,6.66204258503228
-0.430703436958396,-2.53309418545704,6.65949109889899
-0.423221318696154,-2.53736363424288,6.65718212009033
-0.415944158225468,-2.54155929492808,6.65510982324427
-0.408862159047771,-2.54568316785209,6.65326852581024
-0.401965828036438,-2.5497371569125,6.65165268266213
-0.395245967998081,-2.55372307256141,6.65025688085037
-0.388693670398819,-2.55764263472831,6.64907583449238
-0.382300308256603,-2.56149747567094,6.64810437980014
-0.376057529200157,-2.56528914275601,6.64733747024364
-0.369957248694641,-2.56901910117124,6.64677017184892
-0.363991643433778,-2.57268873657063,6.64639765862923
-0.358153144897773,-2.57629935765431,6.64621520814763
-0.352434433076038,-2.57985219868494,6.64621819720961
-0.346828430353425,-2.58334842194207,6.64640209768374
-0.3413282955584,-2.58678912011623,6.64676247244884
-0.335927418171318,-2.59017531864423,6.64729497146572
-0.330619412690761,-2.59350797798741,6.6479953279716
-0.325398113155677,-2.59678799585432,6.64885935479545
-0.32025756782089,-2.60001620936932,6.64988294079222
-0.315192033983375,-2.6031933971888,6.65106204739413
-0.310195972956567,-2.60632028156633,6.65239270527698
-0.30526404518983,-2.6093975303683,6.65387101113962
-0.300391105530104,-2.61242575904146,6.65549312459459
-0.295572198622666,-2.61540553253381,6.657255265168
-0.290802554447835,-2.61833736717014,6.65915370940674
-0.2860775839904,-2.62122173248362,6.66118478809102
-0.281392875038483,-2.62405905300472,6.66334488355047
-0.27674418810849,-2.62684971000881,6.6656304270817
-0.272127452492785,-2.62959404322352,6.66803789646571
-0.267538762426684,-2.63229235249726,6.67056381358302
-0.262974373371321,-2.63494489942999,6.67320474212489
-0.258430698408968,-2.63755190896734,6.67595728539877
-0.253904304747344,-2.64011357095926,6.67881808422611
-0.249391910329469,-2.64263004168423,6.6817838149309
-0.244890380545607,-2.64510144534011,6.68485118741711
-0.240396725043883,-2.64752787550255,6.68801694333337
-0.235908094636134,-2.64990939655204,6.69127785432322
-0.231421778295603,-2.65224604507049,6.6946307203592
-0.226935200243099,-2.65453783120814,6.69807236815928
-0.222445917118283,-2.65678474002187,6.70159964968389
-0.217951615232745,-2.65898673278557,6.70520944071203
-0.213450107901617,-2.66114374827345,6.70889863949504
-0.208939332850457,-2.66325570401708,6.7126641654862
-0.204417349694214,-2.66532249753676,6.71650295814494
-0.199882337485117,-2.66734400754818,6.7204119758141
-0.195332592326368,-2.66932009514475,6.72438819466869
-0.190766525048582,-2.67125060495648,6.72842860773481
-0.186182658945955,-2.67313536628583,6.73253022397728
-0.181579627569203,-2.67497419422134,6.7366900674546
-0.17695617257236,-2.67676689072933,6.74090517653983
-0.172311141610585,-2.67851324572439,6.7451726032061
-0.167643486286183,-2.6802130381191,6.74948941237523
-0.162952260140104,-2.68186603685341,6.75385268132841
-0.158236616686234,-2.68347200190418,6.75825949917733
-0.153495807485884,-2.6850306852752,6.76270696639469
-0.148729180259896,-2.68654183196825,6.76719219440261
-0.143936177035903,-2.6880051809354,6.77171230521782
-0.139116332328295,-2.6894204660129,6.77626443115227
-0.134269271348546,-2.69078741683713,6.78084571456789
-0.129394708243608,-2.69210575974271,6.78545330768427
-0.124492444360138,-2.69337521864317,6.79008437243806
-0.119562366532406,-2.69459551589437,6.7947360803927
-0.1146044453918,-2.69576637314088,6.79940561269747
-0.109618733695893,-2.69688751214561,6.80409016009434
-0.104605364675149,-2.69795865560278,6.80878692297167
-0.0995645503953619,-2.69897952793445,6.81349311146333
-0.094496580134049,-2.69994985607075,6.81820594559208
-0.0894018187690414,-2.70086937021391,6.82292265545603
-0.0842807051776284,-2.70173780458629,6.82764048145683
-0.0791337506446602,-2.70255489816235,6.83235667456851
-0.0739615372780953,-2.70332039538487,6.83706849664559
-0.068764716430555,-2.70403404686523,6.84177322076934
-0.0635440071255174,-2.70469561006798,6.8464681316309
-0.0583001944868617,-2.70530484997974,6.85115052595003
-0.0530341281705439,-2.70586153976233,6.85581771292827
-0.0477467207972657,-2.70636546139027,6.86046701473517
-0.0424389463850674,-2.70681640627255,6.86509576702654
-0.0371118387808565,-2.70721417585881,6.86970131949321
-0.0317664900899531,-2.70755858222978,6.87428103643925
-0.026404049102813,-2.70784944867195,6.87883229738829
-0.0210257197181614,-2.70808661023659,6.88335249771671
-0.0156327593618465,-2.7082699142829,6.88783904931233
-0.0102264774007937,-2.70839922100538,6.89228938125756
-0.00480823355152006,-2.70847440394527,6.89670094053541
0.000620563717263435,-2.70849535048608,6.90107119275736
0.00605845878835659,-2.70846196233306,6.90539762291165
0.0115039505064068,-2.70837415597671,6.90967773613075
0.01695549379513,-2.70823186314,6.91390905847669
0.0224115012815974,-2.70803503120952,6.91808913774299
0.0278703449276989,-2.70778362365029,6.92221554427191
0.0333303576688252,-2.70747762040419,6.92628587178562
0.0387898350597425,-2.70711701827202,6.93029773823016
0.0442470369275651,-2.70670183127909,6.93424878663071
0.0497001890316683,-2.70623209102411,6.93813668595708
0.0551474847303152,-2.70570784701165,6.94195913199787
0.0605870866537107,-2.70512916696768,6.94571384824229
0.0660171283831331,-2.70449613713855,6.94939858676813
0.0714357161357329,-2.70380886257301,6.95301112913472
0.0768409304545296,-2.70306746738743,6.95654928727955
0.0822308279030809,-2.70227209501404,6.9600109044173
0.0876034427642432,-2.70142290843229,6.96339385594004
0.0929567887423871,-2.70052009038308,6.96669605031725
0.0982888606683837,-2.69956384356607,6.96991542999455
0.103597636206624,-2.69855439081986,6.97304997228983
0.10888107756329,-2.69749197528514,6.97609769028547
0.114137133195046,-2.69637686055069,6.97905663371569
0.119363739517281,-2.69520933078235,6.98192488984755
0.124558822610992,-2.69398969083492,6.98470058435457
0.129720299927355,-2.69271826634694,6.98738188218186
0.134846081988995,-2.69139540381851,6.98996698840142
0.139934074086944,-2.69002147067206,6.99245414905665
0.144982177972227,-2.68859685529623,6.99484165199495
0.149988293541009,-2.68712196707282,6.99712782768718
0.154950320512182,-2.68559723638695,6.99931105003311
0.159866160096289,-2.68402311462047,7.00138973715165
0.164733716654614,-2.68240007412876,7.00336235215496
0.169550899347297,-2.68072860820097,7.00522740390537
0.174315623769269,-2.67900923100382,7.00698344775421
0.179025813572848,-2.67724247750913,7.00862908626155
0.183679402075769,-2.67542890340522,7.01016296989599
0.188274333853458,-2.67356908499226,7.01158379771357
0.192808566314338,-2.6716636190618,7.01289031801503
0.197280071256957,-2.66971312276066,7.01408132898055
0.201686836407731,-2.66771823343929,7.01515567928114
0.206026866938103,-2.66567960848493,7.01611226866603
0.210298186959919,-2.6635979251396,7.01695004852533
0.214498840997844,-2.66147388030339,7.01766802242717
0.218626895437645,-2.65930819032303,7.0182652466288
0.222680439949186,-2.65710159076613,7.01874083056099
0.226657588883005,-2.65485483618137,7.01909393728515
0.230556482639351,-2.65256869984479,7.01932378392269
0.234375289008599,-2.65024397349259,7.01942964205599
0.238112204481971,-2.64788146704063,7.01941083810075
0.241765455531539,-2.64548200829103,7.01926675364904
0.24533329985849,-2.64304644262605,7.01899682578289
0.248814027608695,-2.64057563268972,7.01860054735797
0.252205962554639,-2.63807045805745,7.01807746725701
0.255507463242808,-2.635531814894,7.01742719061293
0.25871692410569,-2.63296061560013,7.01664937900113
0.261832776537552,-2.63035778844837,7.01574375060105
0.264853489933229,-2.62772427720815,7.01471008032668
0.267777572689189,-2.62506104076074,7.01354819992604
0.270603573166191,-2.62236905270444,7.01225799804949
0.273330080612899,-2.61964930095023,7.01083942028679
0.275955726049859,-2.61690278730849,7.00929246917321
0.278479183113303,-2.61413052706698,7.0076172041643
0.280899168858301,-2.61133354856067,7.00581374157989
0.283214444520802,-2.60851289273368,7.00388225451704
0.285423816238217,-2.60566961269385,7.00182297273242
0.28752613572818,-2.60280477326031,6.99963618249414
0.289520300925236,-2.59991945050442,6.99732222640332
0.291405256575233,-2.59701473128462,6.99488150318574
0.293179994787243,-2.59409171277553,6.99231446745377
0.29484355554292,-2.59115150199171,6.98962162943902
0.296395027163227,-2.58819521530659,6.98680355469602
0.297833546732548,-2.58522397796688,6.98386086377739
0.299158300480231,-2.58223892360307,6.98079423188088
0.300368524119685,-2.57924119373616,6.97760438846882
0.301463503145191,-2.57623193728135,6.9742921168604
0.302442573086661,-2.57321231004893,6.97085825379736
0.303305119722603,-2.5701834742428,6.96730368898363
0.304050579251646,-2.56714659795709,6.96362936459944
0.304678438422979,-2.56410285467129,6.9598362747906
0.305188234626163,-2.56105342274426,6.95592546513345
0.305579555940776,-2.55799948490752,6.95189803207624
0.305852041146441,-2.55494222775832,6.9477551223575
0.306005379693807,-2.55188284125269,6.94349793240216
0.306039311637117,-2.54882251819906,6.93912770769603
0.30595362752902,-2.54576245375275,6.93464574213947
0.305748168278369,-2.54270384491161,6.93005337738088
0.305422824971737,-2.53964789001337,6.92535200213075
0.304977538659459,-2.53659578823488,6.92054305145712
0.304412300107048,-2.53354873909366,6.91562800606311
0.303727149512845,-2.53050794195221,6.91060839154732
0.302922176192812,-2.52747459552515,6.90548577764791
0.301997518233433,-2.52444989738979,6.90026177747115
0.300953362113666,-2.52143504350029,6.89493804670515
0.299789942296983,-2.51843122770575,6.88951628281967
0.298507540794503,-2.51543964127251,6.88399822425275
0.297106486700297,-2.51246147241099,6.87838564958493
0.295587155699932,-2.50949790580729,6.87268037670197
0.293949969553364,-2.50655012215985,6.86688426194675
0.292195395553308,-2.50361929772137,6.86099919926116
0.290323945960211,-2.50070660384633,6.85502711931886
0.288336177414992,-2.49781320654417,6.84896998864961
0.286232690330724,-2.49494026603857,6.84282980875591
0.284014128264423,-2.49208893633282,6.83660861522292
0.281681177270145,-2.48926036478161,6.83030847682213
0.27923456523458,-2.48645569166936,6.82393149460982
0.276675061196346,-2.4836760497953,6.81747980102083
0.274003474650185,-2.4809225640654,6.81095555895851
0.271220654837272,-2.47819635109134,6.80436096088152
0.268327490022831,-2.4754985187967,6.79769822788816
0.265324906762259,-2.4728301660303,6.79096960879901
0.262213869156967,-2.47019238218708,6.78417737923838
0.258995378101104,-2.46758624683635,6.7773238407155
0.255670470520369,-2.4650128293577,6.77041131970577
0.252240218604057,-2.46247318858449,6.763442166733
0.248705729031518,-2.45996837245511,6.75641875545304
0.245068142194149,-2.45749941767191,6.74934348173946
0.241328631414077,-2.45506734936806,6.74221876277189
0.237488402160614,-2.45267318078209,6.73504703612746
0.233548691265598,-2.4503179129404,6.72783075887601
0.229510766138683,-2.44800253434749,6.72057240667947
0.225375923983635,-2.44572802068418,6.71327447289593
0.221145491016657,-2.44349533451351,6.70593946768887
0.21682082168775,-2.44130542499455,6.69856991714203
0.212403297906098,-2.43915922760394,6.69116836238025
0.207894328270417,-2.43705766386514,6.68373735869677
0.203295347305201,-2.43500164108535,6.67627947468732
0.19860781470377,-2.43299205210006,6.6687972913914
0.19383321457897,-2.4310297750251,6.66129340144094
0.18897305472239,-2.42911567301618,6.65377040821692
0.184028865872872,-2.42725059403574,6.6462309250139
0.179002200995121,-2.42543537062711,6.63867757421301
0.173894634569136,-2.4236708196958,6.63111298646347
0.16870776189118,-2.42195774229789,6.62353979987291
0.163443198386971,-2.42029692343524,6.61596065920664
0.158102578937729,-2.41868913185765,6.60837821509618
0.152687557219687,-2.41713511987158,6.60079512325698
0.14719980505765,-2.41563562315545,6.59321404371562
0.141641011793123,-2.41419136058133,6.58563764004654
0.136012883667526,-2.41280303404287,6.57806857861838
0.130317143220955,-2.41147132828932,6.57050952784996
0.124555528706921,-2.41019691076546,6.56296315747599
0.118729793523461,-2.40898043145738,6.5554321378225
0.112841705660985,-2.40782252274375,6.54791913909197
0.106893047167175,-2.40672379925262,6.54042683065812
0.100885613629226,-2.40568485772343,6.53295788037044
0.0948212136736787,-2.40470627687416,6.52551495386813
0.0887016684840637,-2.40378861727332,6.51810071390369
0.0825288113365265,-2.40293242121678,6.51071781967578
0.0763044871535869,-2.40213821260902,6.5033689261714
0.0700305520761357,-2.40140649684887,6.49605668351714
0.0637088730537436,-2.40073776071936,6.48878373633941
0.0573413274533205,-2.40013247228163,6.48155272313347
0.0509298026861306,-2.39959108077262,6.47436627564098
0.0444761958531317,-2.39911401650643,6.46722701823603
0.0379824134085773,-2.39870169077911,6.46013756731917
0.0314503708417828,-2.39835449577672,6.45310053071955
0.0248819923769272,-2.39807280448652,6.4461185071045
0.0182792106907284,-2.39785697061105,6.43919408539667
0.0116439666477974,-2.3977073284849,6.43232984419817
0.00497820905344597,-2.39762419299415,6.42552835122157
-0.00171610557630777,-2.39760785949805,6.41879216272738
-0.00843701322782424,-2.39765860375306,6.4121238229677
-0.0151825425863338,-2.39777668183882,6.40552586363574
-0.0219507152161814,-2.3979623300861,6.39900080332086
-0.0287395457251997,-2.39821576500637,6.39255114696869
-0.0355470419136148,-2.39853718322304,6.38617938534618
-0.042371204907915,-2.39892676140405,6.37988799451093
-0.0492100292801435,-2.39938465619574,6.37367943528468
-0.0560615031530975,-2.39991100415783,6.36755615273038
-0.0629236082919483,-2.40050592169941,6.3615205756326
-0.0697943201828179,-2.40116950501579,6.35557511598074
-0.0766716080988739,-2.401901830026,6.34972216845476
-0.0835534351545316,-2.40270295231096,6.34396410991296
-0.0904377583483705,-2.40357290705217,6.33830329888133
-0.0973225285954017,-2.40451170897063,6.33274207504423
-0.104205690749341,-2.40551935226618,6.32728275873578
-0.111085183615566,-2.40659581055696,6.32192765043167
-0.11795893995546,-2.40774103681893,6.31667903024092
-0.124824886482858,-2.40895496332545,6.3115391573971
-0.131680943853346,-2.41023750158672,6.30651026974875
-0.138525026647157,-2.41158854228914,6.30159458324836
-0.14535504334647,-2.41300795523445,6.29679429143963
-0.152168896307888,-2.41449558927861,6.29211156494256
-0.158964481730918,-2.41605127227038,6.28754855093585
-0.165739689623298,-2.41767481098959,6.28310737263635
-0.172492403764011,-2.41936599108502,6.27879012877498
-0.179220501664855,-2.42112457701197,6.2745988930688
-0.185921854531459,-2.42295031196934,6.27053571368883
-0.192594327224632,-2.42484291783638,6.26660261272311
-0.199235778222977,-2.4268020951091,6.26280158563471
-0.205844059587669,-2.4288275228362,6.25913460071427
-0.212417016930366,-2.4309188585548,6.25560359852665
-0.218952489385185,-2.43307573822575,6.25221049135132
-0.225448309585714,-2.43529777616878,6.24895716261617
-0.23190230364804,-2.43758456499735,6.24584546632434
-0.238312291160771,-2.43993567555347,6.24287722647369
-0.244676085183053,-2.44235065684237,6.24005423646864
-0.25099149225159,-2.44482903596726,6.23737825852407
-0.257256312397671,-2.44737031806418,6.23485102306081
-0.263468339175233,-2.44997398623705,6.23247422809262
-0.269625359700987,-2.45263950149312,6.2302495386043
-0.275725154707639,-2.45536630267881,6.22817858592053
-0.281765498611244,-2.45815380641626,6.22626296706543
-0.287744159593742,-2.46100140704049,6.22450424411239
-0.293658899701716,-2.46390847653761,6.22290394352407
-0.299507474962426,-2.46687436448395,6.2214635554823
-0.305287635518168,-2.4698983979866,6.2201845332077
-0.310997125780011,-2.47297988162528,6.21906829226898
-0.316633684601963,-2.47611809739586,6.21811620988152
-0.322195045476606,-2.4793123046558,6.2173296241954
-0.327678936753264,-2.48256174007154,6.21670983357252
-0.333083081879732,-2.48586561756834,6.21625809585297
-0.338405199668608,-2.48922312828249,6.21597562761042
-0.343643004589259,-2.49263344051645,6.21586360339652
-0.348794207086443,-2.49609569969698,6.21592315497442
-0.353856513926606,-2.49960902833659,6.21615537054138
-0.358827628572846,-2.50317252599862,6.21656129394041
-0.363705251589546,-2.50678526926618,6.21714192386123
-0.368487081077655,-2.51044631171535,6.21789821303044
-0.373170813141564,-2.51415468389281,6.21883106739127
-0.377754142388543,-2.51790939329841,6.21994134527285
-0.382234762461652,-2.52170942437275,6.22122985654936
-0.386610366607036,-2.52555373849041,6.2226973617893
-0.390878648276495,-2.52944127395894,6.22434457139495
-0.395037301766184,-2.53337094602408,6.22617214473267
-0.39908402289227,-2.53734164688155,6.228180689254
-0.403016509704373,-2.54135224569581,6.23037075960827
-0.406832463237553,-2.54540158862606,6.23274285674685
-0.41052958830358,-2.5494884988601,6.23529742701974
-0.414105594322223,-2.55361177665616,6.23803486126476
-0.417558196193204,-2.5577701993933,6.24095549389006
-0.420885115209468,-2.56196252163081,6.24405960195041
-0.424084080012356,-2.56618747517682,6.24734740421788
-0.427152827589231,-2.57044376916673,6.25081906024761
-0.430089104314059,-2.57473009015189,6.25447466943934
-0.432890667031405,-2.57904510219882,6.25831427009543
-0.435555284184239,-2.5833874469995,6.26233783847607
-0.438080736985908,-2.58775574399322,6.2665452878527
-0.440464820636557,-2.5921485905003,6.27093646756031
-0.442705345584247,-2.5965645618682,6.27551116204956
-0.44480013883093,-2.60100221163058,6.28026908993978
-0.446747045283386,-2.60546007167944,6.28520990307374
-0.448543929149175,-2.60993665245121,6.29033318557527
-0.45018867537756,-2.61443044312688,6.29563845291081
-0.451679191145294,-2.61893991184679,6.30112515095602
-0.453013407387113,-2.62346350594057,6.30679265506864
-0.454189280370649,-2.62799965217251,6.31264026916884
-0.455204793315443,-2.63254675700299,6.31866722482821
-0.456057958055624,-2.63710320686624,6.32487268036888
-0.456746816745754,-2.64166736846499,6.33125571997399
-0.45726944360922,-2.64623758908239,6.33781535281097
-0.457623946728505,-2.65081219691163,6.34455051216899
-0.457808469876531,-2.6553895014036,6.3514600546122
-0.457821194388204,-2.65996779363318,6.35854275915017
-0.457660341071164,-2.66454534668434,6.36579732642712
-0.457324172154672,-2.6691204160546,6.37322237793155
-0.456810993275422,-2.67369124007913,6.38081645522796
-0.456119155499005,-2.67825604037494,6.38857801921221
-0.455247057375603,-2.68281302230536,6.39650544939241
-0.454193147028403,-2.68736037546535,6.40459704319693
-0.45295592427311,-2.69189627418779,6.41285101531139
-0.451533942766813,-2.6964188780711,6.42126549704642
-0.449925812184349,-2.70092633252856,6.42983853573807
-0.448130200420192,-2.70541676935943,6.43856809418262
-0.446145835813784,-2.7098883073423,6.44745205010785
-0.4439715093961,-2.71433905285072,6.45648819568254
-0.441606077155114,-2.71876710049143,6.46567423706612
-0.439048462317731,-2.72317053376534,6.47500779400062
-0.436297657645623,-2.7275474257514,6.4844863994466
-0.433352727742274,-2.73189583981345,6.49410749926519
-0.430212811368454,-2.73621383033021,6.50386845194829
-0.426877123763189,-2.74049944344848,6.51376652839864
-0.423344958967199,-2.74475071785951,6.52379891176209
-0.419615692145655,-2.74896568559865,6.53396269731376
-0.415688781906997,-2.75314237286819,6.5442548924002
-0.411563772614434,-2.75727880088335,6.55467241643955
-0.407240296686646,-2.76137298674136,6.56521210098149
-0.402718076884107,-2.76542294431342,6.57587068982909
-0.397996928577328,-2.76942668515954,6.58664483922435
-0.393076761993245,-2.77338221946584,6.59753111809932
-0.387957584435851,-2.77728755700424,6.60852600839472
-0.382639502477117,-2.78114070811425,6.61962590544774
-0.377122724114124,-2.78493968470643,6.63082711845096
-0.371407560888275,-2.7886825012873,6.64212587098398
-0.365494429962368,-2.79236717600516,6.6535183016194
-0.359383856151246,-2.79599173171655,6.665000464605
-0.353076473901675,-2.79955419707269,6.67656833062334
-0.346573029217045,-2.80305260762546,6.6882177876306
-0.339874381522449,-2.80648500695237,6.69994464177578
-0.332981505465637,-2.80984944779979,6.71174461840187
-0.325895492649337,-2.81314399324397,6.72361336313005
-0.318617553290373,-2.81636671786888,6.73554644302819
-0.311149017801037,-2.81951570896035,6.74753934786474
-0.303491338288131,-2.82258906771562,6.75958749144892
-0.295646089965126,-2.82558491046735,6.77168621305817
-0.287614972472877,-2.82850136992145,6.78383077895364
-0.279399811104372,-2.8313365964075,6.79601638398429
-0.271002557929028,-2.83408875914099,6.80823815328028
-0.262425292812079,-2.83675604749631,6.82049114403596
-0.253670224324687,-2.83933667228928,6.83277034738281
-0.244739690540432,-2.84182886706836,6.84507069035257
-0.235636159713968,-2.84423088941312,6.85738703793043
-0.226362230837697,-2.84654102223897,6.86971419519832
-0.216920634072402,-2.84875757510675,6.88204690956798
-0.207314231047951,-2.85087888553609,6.89437987310349
-0.197546015030257,-2.852903320321,6.90670772493257
-0.187619110950845,-2.85482927684651,6.91902505374615
-0.177536775295555,-2.85665518440491,6.93132640038513
-0.167302395849033,-2.85837950551008,6.94360626051354
-0.156919491291866,-2.86000073720866,6.95585908737676
-0.146391710647423,-2.8615174123863,6.96807929464351
-0.135722832575641,-2.86292810106776,6.98026125933016
-0.124916764511223,-2.86423141170902,6.99239932480561
-0.113977541643954,-2.86542599248012,7.00448780387489
-0.102909325739062,-2.86651053253691,7.01652098193961
-0.0917164037958229,-2.86748376328027,7.02849312023289
-0.0804031865428487,-2.86834445960101,7.04039845912658
-0.0689742067687958,-2.86909144110903,7.05223122150818
-0.0574341174874888,-2.8697235733448,7.06398561622481
-0.0457876899367659,-2.8702397689718,7.07565584159136
-0.0340398114106455,-2.87063898894805,7.08723608895985
-0.0221954829247227,-2.87092024367513,7.09872054634681
-0.0102598167150266,-2.87108259412303,7.11010340211537
0.00176196642911137,-2.87112515292916,7.12137884870857
0.013864539997293,-2.87104708546985,7.13254108643024
0.0260424747541738,-2.87084761090275,7.14358432726974
0.0382902418979071,-2.87052600317835,7.15450279876662
0.0506022163790067,-2.87008159201926,7.16529074791106
0.0629726803773749,-2.86951376386541,7.17594244507608
0.075395826934892,-2.86882196278368,7.18645218797706
0.087865763740615,-2.86800569134053,7.19681430565423
0.10037651706528,-2.86706451143597,7.20702316247359
0.112922035841452,-2.86599804509743,7.21707316214165
0.12549619588533,-2.86480597523219,7.22695875172909
0.13809280425584,-2.86348804633684,7.23667442569889
0.150705603746354,-2.8620440651625,7.24621472993359
0.163328277503991,-2.86047390133449,7.25557426575713
0.175954453771159,-2.85877748792518,7.26474769394591
0.188577710743659,-2.85695482197886,7.2737297387243
0.20119158153937,-2.85500596498742,7.28251519173924
0.213789559271212,-2.85293104331587,7.29109891600898
0.226365102217816,-2.85073024857661,7.29947584984071
0.238911639085018,-2.84840383795153,7.30764101071191
0.251422574351063,-2.8459521344611,7.31558949911036
0.263891293688101,-2.84337552717958,7.32331650232755
0.276311169452365,-2.84067447139569,7.33081729820045
0.288675566235158,-2.83784948871806,7.33808725879647
0.300977846466595,-2.83490116712491,7.34512185403676
0.313211376063819,-2.83183016095742,7.35191665525259
0.325369530115281,-2.82863719085652,7.35846733867024
0.337445698592482,-2.82532304364261,7.36476968881923
0.349433292080454,-2.82188857213806,7.3708196018595
0.361325747518139,-2.81833469493243,7.37661308882267
0.373116533939736,-2.81466239609019,7.38214627876291
0.384799158207998,-2.81087272480109,7.38741542181319
0.396367170730421,-2.8069667949733,7.39241689214242
0.40781417114924,-2.80294578476944,7.39714719080962
0.419133813996112,-2.79881093608599,7.40160294851094
0.430319814302426,-2.79456355397625,7.40578092821594
0.441365953156161,-2.79020500601752,7.40967802768939
0.452266083196331,-2.78573672162303,7.41329128189521
0.463014134036086,-2.78116019129924,7.41661786527932
0.473604117605674,-2.77647696584929,7.41965509392832
0.484030133406588,-2.77168865552351,7.42240042760124
0.494286373668371,-2.76679692911784,7.42485147163161
0.504367128399716,-2.76180351302118,7.42700597869761
0.514266790325696,-2.75671019021283,7.42886185045794
0.523979859703177,-2.75151879921113,7.43041713905161
0.53350094900669,-2.74623123297463,7.43167004845981
0.542824787477285,-2.74084943775701,7.43261893572851
0.551946225527195,-2.73537541191731,7.43326231205034
0.560860238993368,-2.7298112046868,7.433598843705
0.569561933233302,-2.72415891489413,7.43362735285722
0.578046547056877,-2.7184206896503,7.43334681821187
0.586309456488263,-2.71259872299521,7.43275637552598
0.594346178352305,-2.70669525450745,7.43185531797754
0.602152373680169,-2.70071256787906,7.43064309639135
0.609723850929413,-2.69465298945727,7.42911931932245
0.617056569014012,-2.68851888675486,7.42728375299774
0.624146640140295,-2.68231266693132,7.42513632111679
0.630990332445144,-2.67603677524654,7.42267710451299
0.63758407243322,-2.66969369348913,7.41990634067647
0.643924447210398,-2.66328593838143,7.41682442314045
0.650008206511035,-2.65681605996319,7.41343190073279
0.655832264517113,-2.650286639956,7.40972947669493
0.661393701467713,-2.6437002901106,7.40571800767046
0.666689765057752,-2.63705965053913,7.40139850256569
0.671717871625302,-2.63036738803448,7.39677212128518
0.676475607127272,-2.62362619437878,7.39184017334475
0.680960727903642,-2.61683878464322,7.38660411636537
0.685171161230867,-2.6100078954813,7.38106555445083
0.689105005665509,-2.60313628341754,7.37522623645286
0.692760531179514,-2.59622672313384,7.36908805412706
0.696136179089025,-2.58928200575553,7.36265304018332
0.699230561778957,-2.58230493713911,7.35592336623474
0.70204246222598,-2.57529833616379,7.34890134064872
0.704570833322921,-2.56826503302879,7.34158940630454
0.706814797007971,-2.56120786755837,7.33399013826139
0.7087736432024,-2.55412968751654,7.32610624134125
0.710446828560874,-2.54703334693329,7.31794054763087
0.711833975038746,-2.53992170444431,7.30949601390738
0.712934868281024,-2.53279762164586,7.30077571899184
0.71374945583801,-2.52566396146668,7.29178286103544
0.714277845212871,-2.51852358655852,7.28252075474279
0.714520301746685,-2.51137935770711,7.27299282853704
0.714477246346725,-2.50423413226497,7.26320262167129
0.714149253063984,-2.49709076260775,7.2531537812911
0.713537046526152,-2.4899520946155,7.24285005945265
0.712641499232439,-2.48282096618034,7.23229531010116
0.71146362871682,-2.4757002057418,7.22149348601429
0.710004594586421,-2.46859263085118,7.21044863571503
0.708265695441916,-2.46150104676615,7.19916490035863
0.706248365686898,-2.45442824507662,7.18764651059813
0.703954172233317,-2.44737700236317,7.1758977834329
0.701384811110122,-2.44035007888879,7.16392311904465
0.698542103982353,-2.43335021732508,7.15172699762516
0.695427994587913,-2.4263801415136,7.13931397620001
0.692044545099341,-2.41944255526332,7.1266886854525
0.688393932417872,-2.41254014118472,7.11385582655184
0.684478444407082,-2.40567555956129,7.10082016798953
0.680300476073389,-2.39885144725897,7.08758654242787
0.675862525700638,-2.39207041667401,7.07415984356441
0.671167190945964,-2.38533505471969,7.06054502301587
0.666217164904026,-2.37864792185223,7.04674708722515
0.66101523214664,-2.37201155113622,7.03277109439498
0.655564264744755,-2.36542844734971,7.01862215145119
0.649867218279575,-2.35890108612918,7.00430541103909
0.643927127849539,-2.35243191315435,6.98982606855587
0.637747104079713,-2.34602334337303,6.97518935922179
0.631330329140021,-2.33967776026573,6.96040055519323
0.624680052778583,-2.33339751515007,6.94546496271989
0.617799588376255,-2.32718492652476,6.93038791934893
0.610692309028306,-2.32104227945287,6.91517479117814
0.603361643658976,-2.31497182498414,6.89983097016058
0.595811073174486,-2.30897577961599,6.88436187146253
0.588044126659849,-2.3030563247927,6.86877293087689
0.580064377624669,-2.29721560644252,6.85306960229367
0.571875440302872,-2.29145573455189,6.8372573552292
0.563480966011121,-2.28577878277648,6.8213416724157
0.554884639570474,-2.28018678808834,6.80532804745242
0.546090175795569,-2.27468175045843,6.78922198251973
0.537101316055475,-2.26926563257397,6.77302898615703
0.527921824910068,-2.26394035958976,6.75675457110571
0.518555486825602,-2.25870781891276,6.74040425221776
0.509006102972909,-2.25356986001911,6.72398354443088
0.499277488111449,-2.24852829430276,6.70749796081054
0.489373467562202,-2.24358489495474,6.69095301065956
0.479297874272186,-2.23874139687235,6.67435419769541
0.469054545973141,-2.23399949659718,6.65770701829555
0.458647322436744,-2.22936085228104,6.64101695981091
0.448080042828465,-2.22482708367889,6.62428949894731
0.437356543161995,-2.22039977216773,6.60753010021497
0.426480653855953,-2.21608046079039,6.5907442144457
0.415456197394378,-2.2118706543233,6.57393727737749
0.404286986092328,-2.20777181936704,6.55711470830606
0.392976819967696,-2.20378538445884,6.54028190880295
0.381529484720171,-2.19991274020567,6.52344426149937
0.369948749818093,-2.19615523943713,6.50660712893529
0.358238366693767,-2.19251419737686,6.48977585247287
0.346402067047633,-2.18899089183144,6.47295575127349
0.334443561261505,-2.1855865633958,6.45615212133732
0.322366536920962,-2.18230241567382,6.43937023460456
0.310174657446792,-2.17913961551327,6.4226153381172
0.297871560835244,-2.17609929325381,6.40589265324019
0.285460858506716,-2.17318254298713,6.3892073749409
0.272946134262353,-2.17039042282797,6.37256467112546
0.2603309433479,-2.16772395519509,6.35596968203086
0.247618811624056,-2.16518412710109,6.33942751967135
0.234813234842404,-2.16277189044995,6.32294326733778
0.221917678025942,-2.16048816234129,6.30652197914842
0.208935574953086,-2.15833382538033,6.29016867964977
0.195870327743949,-2.15630972799253,6.2738883634659
0.182725306547573,-2.15441668474175,6.25768599499465
0.16950384932874,-2.15265547665115,6.24156650814927
0.156209261752887,-2.1510268515257,6.22553480614363
0.142844817167553,-2.14953152427532,6.20959576131968
0.129413756678771,-2.14817017723775,6.19375421501515
0.115919289320684,-2.14694346050024,6.17801497747005
0.102364592316663,-2.14585199221898,6.16238282777014
0.0887528114301051,-2.14489635893557,6.14686251382565
0.0750870614030717,-2.14407711588948,6.13145875238353
0.0613704264808547,-2.14339478732572,6.11617622907137
0.0476059610205349,-2.14284986679681,6.1010195984714
0.033796690181549,-2.14244281745833,6.08599348422255
0.0199456106962525,-2.14217407235705,6.07110247914893
0.00605569171843086,-2.14204403471106,6.0563511454129
-0.00787012425230979,-2.14205307818097,6.04174401469081
-0.02182892037237,-2.14220154713156,6.02728558836971
-0.0358178043843174,-2.14248975688301,6.01298033776315
-0.0498339074775146,-2.14291799395113,5.99883270434423
-0.0638743830813638,-2.14348651627588,5.984847099994
-0.0779364055933311,-2.14419555343741,5.97102790726357
-0.0920171690439243,-2.14504530685919,5.95737947964782
-0.106113885700807,-2.14603594999732,5.94390614186906
-0.120223784614243,-2.14716762851577,5.93061219016871
-0.134344110106063,-2.14844046044662,5.91750189260517
-0.148472120204363,-2.14985453633504,5.90457948935603
-0.162605085026147,-2.1514099193683,5.89184919302278
-0.176740285110107,-2.15310664548835,5.87931518893612
-0.190875009701786,-2.15494472348751,5.86698163546007
-0.205006554993318,-2.15692413508676,5.85485266429305
-0.21913222231999,-2.15904483499627,5.84293238076404
-0.23324931631584,-2.16130675095759,5.83122486412187
-0.247355143030537,-2.16370978376727,5.81973416781605
-0.261447008009767,-2.16625380728145,5.808464319767
-0.275522214341397,-2.16893866840109,5.79741932262402
-0.289578060669642,-2.17176418703748,5.78660315400906
-0.303611839179519,-2.17473015605774,5.77601976674444
-0.317620833553854,-2.17783634121003,5.76567308906271
-0.331602316905132,-2.18108248102825,5.75556702479675
-0.345553549684492,-2.18446828671584,5.74570545354825
-0.359471777570182,-2.18799344200868,5.73609223083272
-0.373354229337811,-2.19165760301668,5.7267311881992
-0.387198114714767,-2.19546039804407,5.71762613332277
-0.40100062222117,-2.19940142738812,5.70878085006795
-0.414758916999775,-2.20348026311622,5.70019909852123
-0.428470138637269,-2.20769644882124,5.69188461499078
-0.442131398979426,-2.21204949935502,5.68384111197146
-0.455739779942626,-2.21653890054004,5.67607227807334
-0.469292331324298,-2.22116410885918,5.66858177791171
-0.482786068614855,-2.22592455112358,5.66137325195689
-0.496217970813769,-2.23081962411863,5.65445031634172
-0.509584978252464,-2.23584869422821,5.64781656262514
-0.522883990426759,-2.24101109703712,5.64147555750967
-0.53611186384166,-2.24630613691197,5.63543084251113
-0.549265409871338,-2.25173308656052,5.62968593357868
-0.562341392637222,-2.25729118656978,5.62424432066314
-0.575336526907177,-2.26297964492296,5.61910946723196
-0.588247476018824,-2.2687976364955,5.61428480972875
-0.60107084983012,-2.27474430253051,5.60977375697562
-0.613803202700415,-2.28081875009387,5.60557968951641
-0.626441031505256,-2.28702005150927,5.60170595889893
-0.638980773688309,-2.2933472437736,5.59815588689451
-0.651418805353875,-2.29979932795306,5.59493276465273
-0.663751439403521,-2.30637526856041,5.5920398517898
-0.675974923720493,-2.31307399291383,5.58948037540859
-0.688085439405641,-2.31989439047788,5.58725752904857
-0.700079099068706,-2.32683531218706,5.58537447156388
-0.711951945178908,-2.3338955697526,5.58383432592776
-0.723699948478892,-2.34107393495311,5.5826401779616
-0.735319006466201,-2.34836913890963,5.58179507498695
-0.746804941946525,-2.35577987134587,5.58130202439874
-0.758153501663138,-2.36330477983443,5.58116399215813
-0.769360355006998,-2.37094246902958,5.58138390120334
-0.780421092812142,-2.37869149988772,5.58196462977696
-0.791331226241086,-2.3865503888761,5.58290900966816
-0.802086185765091,-2.39451760717096,5.58421982436838
-0.812681320244251,-2.40259157984589,5.58589980713912
-0.823111896112481,-2.41077068505164,5.58795163899035
-0.833373096672599,-2.41905325318813,5.59037794656848
-0.843460021506811,-2.42743756607017,5.59318129995247
-0.853367686008013,-2.43592185608779,5.59636421035708
-0.863091021037457,-2.4445043053625,5.59992912774225
-0.872624872714387,-2.45318304490087,5.60387843832742
-0.881964002343415,-2.46195615374655,5.60821446201031
-0.891103086485459,-2.47082165813241,5.61293944968902
-0.900036717178172,-2.47977753063407,5.61805558048716
-0.908759402311896,-2.48882168932641,5.62356495888116
-0.917265566167226,-2.49795199694465,5.62946961172969
-0.925549550120366,-2.50716626005163,5.63577148520467
-0.933605613522524,-2.51646222821301,5.64247244162388
-0.941427934759632,-2.5258375931822,5.64957425618525
-0.949010612498737,-2.53528998809673,5.6570786136029
-0.956347667127453,-2.54481698668813,5.6649871046454
-0.963433042392862,-2.55441610250718,5.67330122257682
-0.970260607246291,-2.56408478816648,5.68202235950114
-0.97682415790037,-2.57382043460268,5.69115180261122
-0.983117420104757,-2.58362037036024,5.70069073034326
-0.9891340516469,-2.59348186089913,5.71064020843817
-0.994867645084135,-2.60340210792865,5.72100118591151
-1.00031173071335,-2.61337824876983,5.73177449093377
-1.00545977978437,-2.62340735574863,5.74296082662306
-1.01030520796309,-2.63348643562259,5.75456076675263
-1.01484137905024,-2.6436124290434,5.76657475137572
-1.01906160896158,-2.65378221005789,5.77900308237068
-1.02295916997501,-2.6639925856502,5.79184591890964
-1.02652729525002,-2.67424029532779,5.80510327285397
-1.02975918362454,-2.68452201075398,5.81877500408061
-1.03264800469411,-2.69483433542993,5.8328608157431
-1.03518690417791,-2.70517380442874,5.84736024947204
-1.03736900957585,-2.7155368841848,5.86227268051945
-1.03918743612077,-2.72591997234108,5.87759731285238
-1.04063529302896,-2.73631939765745,5.89333317420125
-1.04170569005251,-2.74673141998304,5.90947911106853
-1.04239174433565,-2.75715223029561,5.92603378370435
-1.04268658757766,-2.76757795081106,5.94299566105521
-1.04258337350361,-2.77800463516604,5.96036301569318
-1.04207528564422,-2.78842826867688,5.97813391873264
-1.04115554542521,-2.79884476867782,5.99630623474254
-1.03981742056584,-2.80924998494168,6.01487761666211
-1.03805423378603,-2.81963970018611,6.0338455007289
-1.03585937182017,-2.83000963066839,6.05320710142781
-1.03322629473548,-2.84035542687192,6.0729594064706
-1.0301485455517,-2.85067267428738,6.09309917181571
-1.02661976015818,-2.86095689429163,6.11362291673845
-1.02263367752334,-2.87120354512716,6.13452691896219
-1.01818415019103,-2.8814080229852,6.15580720986145
-1.01326515505673,-2.89156566319504,6.17745956974833
-1.00787080441618,-2.90167174152263,6.19947952325388
-1.00199535727743,-2.9117214755809,6.22186233481663
-0.995633230926732,-2.92171002635451,6.24460300429059
-0.988779012737245,-2.93163249984149,6.26769626268564
-0.981427472208605,-2.94148394881409,6.29113656805333
-0.973573573224162,-2.95125937470119,6.31491810153158
-0.965212486511552,-2.96095372959424,6.33903476356202
-0.956339602291055,-2.97056191837885,6.36348017029391
-0.946950543094971,-2.98007880099361,6.38824765018886
-0.93704117673999,-2.989499194818,6.41333024084104
-0.926607629433302,-2.99881787719066,6.43872068602718
-0.91564629899191,-3.00802958805928,6.46441143300155
-0.904153868153338,-3.0171290327632,6.49039463005062
-0.892127317954667,-3.02611088494946,6.51666212432265
-0.879563941155539,-3.03496978962289,6.54320545994724
-0.866461355679537,-3.04370036633055,6.57001587645993
-0.852817518047072,-3.05229721248051,6.59708430754719
-0.8386307367717,-3.06075490679489,6.62440138012664
-0.823899685690572,-3.06906801289649,6.65195741377762
-0.80862341719857,-3.07723108302828,6.67974242053682
-0.792801375354511,-3.08523866190465,6.70774610507368
-0.776433408826749,-3.09308529069291,6.73595786525983
-0.75951978364444,-3.10076551112332,6.76436679314659
-0.742061195719755,-3.10827386972553,6.79296167636435
-0.724058783105415,-3.11560492218891,6.8217309999569
-0.705514137951079,-3.12275323784402,6.85066294866364
-0.686429318121339,-3.12971340426195,6.87974540966183
-0.666806858437397,-3.13648003196803,6.90896597578055
-0.646649781503938,-3.14304775926588,6.93831194919738
-0.625961608082189,-3.14941125716751,6.96777034562799
-0.604746366969822,-3.15556523442469,6.99732789901824
-0.583008604348056,-3.16150444265657,7.02697106674728
-0.560753392556218,-3.16722368156778,7.05668603534954
-0.537986338253997,-3.17271780425147,7.0864587267623
-0.514713589931734,-3.17798172257053,7.11627480510449
-0.490941844729404,-3.18301041261062,7.1461196839916
-0.466678354525337,-3.18779892019775,7.17597853438995
-0.441930931256288,-3.19234236647289,7.20583629301282
-0.416707951431229,-3.19663595351583,7.23567767125941
-0.391018359802091,-3.20067497000997,7.26548716469633
-0.36487167215576,-3.20445479693944,7.29524906308009
-0.338277977192863,-3.20797091330964,7.32494746091756
-0.311247937460241,-3.21121890188185,7.3545662685599
-0.283792789305629,-3.21419445491226,7.384089223824
-0.255924341824741,-3.21689337988557,7.41349990413411
-0.227654974772928,-3.21931160523295,7.44278173917444
-0.198997635415622,-3.22144518602372,7.47191802404237
-0.169965834294059,-3.22329030962022,7.50089193288996
-0.140573639885176,-3.22484330128482,7.52968653304001
-0.110835672137171,-3.22610062972785,7.55828479956136
-0.080767094864963,-3.22705891258529,7.58666963028634
-0.0503836069926596,-3.22771492181459,7.61482386125185
-0.0197014326331972,-3.22806558899714,7.64273028254373
0.0112626900015183,-3.22810801053568,7.67037165452279
0.0424915208633427,-3.22783945273497,7.69773072440903
0.0739673315034496,-3.22725735675392,7.72479024319919
0.105671919677146,-3.22635934341757,7.75153298289137
0.137586625110768,-3.22514321787719,7.77794175398872
0.169692346419775,-3.22360697410689,7.80399942325318
0.201969559163417,-3.22174879922543,7.82968893167869
0.234398335017515,-3.21956707763185,7.85499331265202
0.266958362043075,-3.2170603949438,7.87989571026838
0.299628966024563,-3.21422754172798,7.90437939776754
0.332389132847819,-3.21106751701176,7.92842779605561
0.365217531883742,-3.20757953156614,7.9520244922762
0.398092540340032,-3.20376301094992,7.97515325839434
0.430992268539535,-3.19961759830567,7.99779806975546
0.46389458608004,-3.19514315689852,8.01994312358128
0.496777148826754,-3.19033977238911,8.04157285736408
0.529617426685195,-3.18520775483268,8.06267196712018
0.562392732098875,-3.17974764039675,8.0832254254634
0.595080249212908,-3.17396019279046,8.10321849945923
0.627657063641626,-3.16784640439919,8.12263676822029
0.660100192775394,-3.16140749711878,8.14146614020378
0.692386616559123,-3.15464492288419,8.15969287017226
0.724493308672549,-3.14756036388839,8.177303575779
0.756397268040033,-3.14015573248773,8.19428525374021
0.788075550595712,-3.13243317079078,8.21062529555677
0.819505301228036,-3.1243950499287,8.2263115027492
0.850663785826279,-3.11604396900549,8.24133210157035
0.881528423350403,-3.10738275372759,8.25567575716165
0.912076817844767,-3.09841445471306,8.26933158711971
0.942286790315542,-3.0891423454812,8.28228917444158
0.97213641039141,-3.0795699201244,8.29453857981858
1.00160402768711,-3.06970089066481,8.30607035324983
1.03066830278971,-3.05953918409924,8.3168755449487
1.05930823778818,-3.04908893913631,8.32694571551701
1.08750320626757,-3.03835450263106,8.33627294536375
1.11523298269073,-3.02734042572246,8.34484984334703
1.14247777109153,-3.01605145968062,8.35266955462017
1.16921823300604,-3.00449255147073,8.3597257676649
1.19543551456963,-2.99266883904184,8.36601272049675
1.2211112727109,-2.98058564634912,8.37152520603025
1.24622770037575,-2.96824847811893,8.37625857659353
1.27076755071809,-2.95566301436689,8.38020874758455
1.29471416019661,-2.9428351046793,8.38337220026332
1.31805147052095,-2.9297707622694,8.38574598367702
1.34076404939376,-2.91647615782018,8.38732771571719
1.36283710999943,-2.90295761312587,8.38811558331071
1.38425652919416,-2.88922159454509,8.38810834174841
1.40500886435611,-2.8752747062788,8.38730531315774
1.42508136885908,-2.86112368348647,8.38570638412803
1.4444620061374,-2.84677538525468,8.38331200249931
1.46313946231422,-2.83223678743214,8.38012317332775
1.48110315737039,-2.81751497534571,8.37614145404287
1.49834325483542,-2.80261713641219,8.371368948814
1.51485066998709,-2.78755055266052,8.36580830214507
1.53061707655085,-2.7723225931796,8.35946269171919
1.54563491189494,-2.75694070650656,8.35233582051572
1.55989738072191,-2.74141241297062,8.3444319082249
1.57339845726183,-2.72574529700754,8.33575568198614
1.58613288597706,-2.7099469994596,8.32631236647782
1.59809618079305,-2.69402520987589,8.31610767338792
1.60928462287376,-2.6779876588276,8.30514779029588
1.61969525696486,-2.66184211025272,8.29343936899722
1.62932588633165,-2.64559635384441,8.28098951330366
1.6381750663228,-2.62925819749682,8.26780576635211
1.64624209659463,-2.61283545982206,8.25389609745685
1.65352701203412,-2.59633596275142,8.23926888853973
1.66003057242241,-2.57976752423372,8.22393292017372
1.66575425088355,-2.56313795104316,8.20789735727558
1.67070022116592,-2.54645503170847,8.19117173448358
1.67487134380694,-2.529726529575,8.17376594125632
1.67827115123354,-2.51296017601043,8.15569020672867
1.68090383185333,-2.49616366376459,8.13695508436094
1.68277421319335,-2.47934464049323,8.11757143641663
1.68388774414478,-2.46251070245484,8.09755041830436
1.68425047637348,-2.44566938838931,8.0769034628187
1.68386904495741,-2.42882817358637,8.05564226431416
1.68275064831282,-2.41199446415128,8.03377876284594
1.68090302747188,-2.39517559147452,8.01132512831043
1.67833444477456,-2.37837880691174,7.98829374461713
1.6750536620381,-2.36161127667942,7.96469719392347
1.67106991826701,-2.34488007697117,7.9405482409622
1.6663929069665,-2.32819218929899,7.91585981749066
1.6610327531216,-2.31155449606316,7.89064500688957
1.6549999899035,-2.29497377635363,7.86491702893814
1.64830553516382,-2.27845670198561,7.83868922479095
1.64096066777645,-2.26200983377089,7.81197504218068
1.63297700388506,-2.24563961802639,7.78478802086963
1.62436647311333,-2.22935238332033,7.75714177837158
1.61514129479304,-2.21315433745641,7.72904999596407
1.60531395426358,-2.19705156469523,7.70052640500993
1.5948971792946,-2.18105002321228,7.67158477360554
1.58390391668137,-2.16515554279082,7.64223889357167
1.57234730906059,-2.14937382274771,7.61250256780171
1.56024067199212,-2.13371043008987,7.58238959798042
1.54759747134963,-2.11817079789834,7.55191377268511
1.53443130106142,-2.10276022393677,7.52108885587975
1.5207558612396,-2.08748386948055,7.48992857581127
1.50658493673401,-2.07234675836257,7.45844661431581
1.49193237614459,-2.05735377623118,7.42665659654172
1.47681207132325,-2.04250967001562,7.39457208109441
1.46123793739445,-2.02781904759381,7.36220655060743
1.44522389332041,-2.01328637765727,7.32957340274263
1.42878384303531,-1.99891598976756,7.29668594162132
1.41193165716967,-1.98471207459846,7.26355736968712
1.39468115538425,-1.9706786843578,7.23020078000031
1.37704608933021,-1.95681973338293,7.19662914896231
1.35904012625001,-1.94313899890334,7.16285532946822
1.34067683323129,-1.92964012196402,7.12889204448417
1.32196966212387,-1.91632660850299,7.09475188104559
1.30293193512775,-1.90320183057626,7.06044728467169
1.28357683105807,-1.89026902772366,7.02599055419064
1.26391737229085,-1.8775313084684,6.99139383696927
1.24396641239178,-1.86499165194402,6.95666912454049
1.22373662442789,-1.8526529096414,6.92182824862106
1.20324048996107,-1.8405178072694,6.8868828775118
1.18249028871984,-1.8285889467221,6.85184451287169
1.16149808894498,-1.81686880814597,6.81672448685724
1.14027573840274,-1.80535975210023,6.78153395961769
1.11883485605804,-1.79406402180378,6.74628391713655
1.097186824399,-1.78298374546213,6.71098516940963
1.07534278240262,-1.77212093866785,6.67564834894932
1.05331361913065,-1.76147750686826,6.6402839096049
1.03110996794349,-1.75105524789398,6.6049021256883
1.00874220131902,-1.74085585454239,6.56951309139469
0.986220426262682,-1.73088091720985,6.53412672050713
0.963554480294006,-1.72113192656701,6.49875274637455
0.940753927994443,-1.71161027627134,6.46340072215213
0.917828058100621,-1.70231726571155,6.42808002129341
0.894785881126659,-1.69325410277831,6.39279983828323
0.871636127498783,-1.68442190665623,6.3575691896008
0.848387246185093,-1.67582171063205,6.32239691490233
0.825047403803092,-1.66745446491399,6.28729167841269
0.801624484187335,-1.65932103945785,6.2522619705157
0.778126088399428,-1.65142222679515,6.21731610953279
0.754559535162519,-1.64375874485901,6.18246224368014
0.730931861702372,-1.63633123980366,6.14770835319428
0.707249824977181,-1.6291402888136,6.11306225261659
0.683519903278309,-1.62218640289858,6.07853159322726
0.659748298184295,-1.61547002967075,6.04412386561961
0.635940936850645,-1.60899155610064,6.00984640240563
0.61210347461811,-1.60275131124861,5.97570638104428
0.588241297922433,-1.59674956896866,5.94171082678394
0.56435952748882,-1.59098655058178,5.90786661571102
0.54046302179473,-1.58546242751594,5.87418047789666
0.51655638078489,-1.58017732391018,5.84065900063405
0.492643949822892,-1.5751313191804,5.80730863175905
0.46872982386404,-1.57032445054447,5.77413568304691
0.444817851834642,-1.56575671550458,5.74114633367847
0.420911641203291,-1.56142807428482,5.70834663376938
0.397014562730222,-1.55733845222219,5.67574250795594
0.373129755381258,-1.55348774210919,5.64333975903184
0.349260131393364,-1.5498758064866,5.61114407163006
0.325408381479338,-1.54650247988486,5.57916101594458
0.301576980159661,-1.5433675710127,5.5473960514867
0.27776819121005,-1.54047086489199,5.51585453087127
0.253984073213774,-1.53781212493744,5.48454170362813
0.230226485208326,-1.53539109498043,5.45346272003445
0.206497092416549,-1.53320750123583,5.42262263496389
0.182797372052858,-1.53126105421119,5.3920264117487
0.159128619195709,-1.52955145055751,5.36167892605118
0.135491952717984,-1.52807837486102,5.33158496974103
0.111888321267493,-1.52684150137531,5.30174925477548
0.0883185092902823,-1.52584049569358,5.27217641707918
0.0647831430899622,-1.52507501636032,5.24287102042108
0.0412826969167524,-1.52454471642234,5.21383756028578
0.0178174990804401,-1.52424924491875,5.1850804677368
-0.00561226191807449,-1.52418824830972,5.15660411326975
-0.0290065312414991,-1.52436137184386,5.12841281065318
-0.0523653815615241,-1.5247682608641,5.10051082075526
-0.0756890068987893,-1.52540856205193,5.07290235535459
-0.0989777164609364,-1.52628192461015,5.04559158093347
-0.122231928481811,-1.52738800138388,5.01858262245217
-0.145452164064454,-1.52872644992005,4.99187956710281
-0.168639041030124,-1.53029693346536,4.96548646804171
-0.191793267775184,-1.5320991219027,4.93940734809892
-0.2149156371373,-1.53413269262622,4.91364620346404
-0.238007020272054,-1.53639733135515,4.88820700734722
-0.261068360540669,-1.53889273288641,4.86309371361464
-0.284100667409239,-1.5416186017861,4.83831026039747
-0.307105010359491,-1.54457465302016,4.81386057367373
-0.330082512810812,-1.54776061252408,4.78974857082224
-0.353034346052928,-1.55117621771194,4.76597816414806
-0.375961723188369,-1.55482121792485,4.74255326437884
-0.398865893083524,-1.55869537481879,4.71947778413136
-0.421748134326863,-1.56279846269204,4.69675564134791
-0.444609749192592,-1.56713026875223,4.67439076270168
-0.46745205760782,-1.57169059332302,4.65238708697085
-0.490276391121025,-1.57647924999047,4.63074856838067
-0.513084086869425,-1.58149606568912,4.60947917991298
-0.535876481542622,-1.58674088072763,4.58858291658262
-0.558654905339716,-1.5922135487542,4.56806379868006
-0.581420675916878,-1.59791393666132,4.5479258749795
-0.604175092322199,-1.60384192443006,4.52817322591194
-0.626919428914508,-1.60999740491361,4.50880996670223
-0.649654929262635,-1.61638028355991,4.48984025046931
-0.672382800021538,-1.62299047807309,4.47126827128886
-0.695104204781532,-1.62982791801368,4.45309826721724
-0.717820257886765,-1.63689254433703,4.43533452327564
-0.740532018219016,-1.64418430886982,4.41798137439339
-0.763240482942749,-1.65170317372421,4.40104320830901
-0.785946581207347,-1.65944911064916,4.38452446842769
-0.808651167802349,-1.66742210031865,4.36842965663371
-0.83135501676149,-1.67562213155615,4.35276333605603
-0.854058814911311,-1.68404920049479,4.33753013378545
-0.876763155360079,-1.69270330967286,4.32273474354125
-0.899468530922789,-1.70158446706377,4.30838192828531
-0.922175327477983,-1.71069268503994,4.29447652278142
-0.94488381725221,-1.72002797926996,4.28102343609741
-0.967594152027952,-1.72959036754817,4.26802765404743
-0.99030635627093,-1.73937986855589,4.25549424157157
-1.01302032017278,-1.74939650055357,4.24342834504989
-1.03573579260519,-1.75964028000289,4.23183519454763
-1.05845237398168,-1.77011122011794,4.22072010598801
-1.08116950902345,-1.78080932934455,4.21008848324928
-1.1038864794257,-1.7917346097668,4.19994582018171
-1.12660239642114,-1.80288705543964,4.19029770254076
-1.1493161932377,-1.81426665064665,4.18114980983175
-1.17202661744734,-1.82587336808183,4.1725079170614
-1.19473222320356,-1.83770716695434,4.16437789639143
-1.21743136336507,-1.84976799101499,4.15676571868875
-1.24012218150377,-1.86205576650347,4.14967745496691
-1.2628026037951,-1.87457040001501,4.14311927771279
-1.28547033078963,-1.88731177628537,4.13709746209248
-1.30812282906484,-1.90027975589296,4.1316183870298
-1.33075732275656,-1.91347417287687,4.12668853615063
-1.35337078497,-1.9268948322696,4.12231449858596
-1.37595992907092,-1.9405415075433,4.11850296962595
-1.39852119985777,-1.95441393796836,4.11526075121738
-1.42105076461638,-1.9685118258831,4.11259475229597
-1.44354450405943,-1.98283483387341,4.11051198894509
-1.46599800315348,-1.99738258186128,4.10901958437184
-1.48840654183701,-2.012154644101,4.10812476869097
-1.51076508563381,-2.02715054608205,4.10783487850693
-1.53306827616683,-2.04236976133756,4.10815735628384
-1.55531042157817,-2.05781170815753,4.10909974949269
-1.5774854868623,-2.07347574620572,4.11066970952469
-1.59958708412003,-2.08936117303952,4.1128749903595
-1.62160846274206,-2.105467220532,4.1157234469762
-1.64354249953192,-2.12179305119542,4.11922303349495
-1.66538168877919,-2.13833775440583,4.12338180103639
-1.68711813229518,-2.15510034252809,4.12820789528585
-1.70874352942421,-2.17207974694115,4.13370955374865
-1.73024916704544,-2.18927481396343,4.13989510268262
-1.7516259095809,-2.20668430067817,4.14677295369338
-1.77286418902746,-2.22430687065899,4.15435159997777
-1.79395399503142,-2.24214108959597,4.16263961220002
-1.81488486502641,-2.26018542082278,4.17164563398542
-1.83564587445658,-2.2784382207456,4.18137837701535
-1.85622562710896,-2.29689773417474,4.19184661570764
-1.8766122455806,-2.31556208956034,4.20305918146552
-1.89679336190778,-2.3344292941334,4.21502495647855
-1.91675610838683,-2.35349722895419,4.22775286705818
-1.93648710861759,-2.37276364386978,4.24125187649075
-1.95597246880305,-2.39222615238342,4.25553097739032
-1.9751977693404,-2.41188222643822,4.27059918353362
-1.99414805674118,-2.43172919111842,4.28646552115927
-2.01280783592027,-2.45176421927166,4.30313901971334
-2.03116106289569,-2.47198432605612,4.32062870202334
-2.04919113794361,-2.49238636341698,4.33894357388268
-2.0668808992554,-2.5129670144968,4.3580926130278
-2.08421261714555,-2.53372278798527,4.37808475749027
-2.10116798886225,-2.55465001241393,4.39892889330653
-2.11772813405454,-2.57574483040232,4.42063384156794
-2.13387359095238,-2.5970031928622,4.44320834479455
-2.14958431331878,-2.61842085316755,4.46666105261636
-2.16483966823521,-2.63999336129801,4.49100050674617
-2.17961843478426,-2.66171605796476,4.51623512522927
-2.19389880369581,-2.68358406872792,4.54237318595556
-2.20765837802545,-2.70559229811551,4.56942280942091
-2.22087417493609,-2.72773542375469,4.5973919407253
-2.2335226286561,-2.75000789052658,4.62628833079683
-2.24557959468942,-2.77240390475693,4.65611951683157
-2.25702035535518,-2.7949174284554,4.68689280194094
-2.2678196267362,-2.81754217361726,4.71861523399973
-2.27795156711766,-2.84027159660194,4.7512935836898
-2.28738978699881,-2.86309889260377,4.78493432173616
-2.29610736076177,-2.88601699023105,4.81954359533442
-2.30407684008308,-2.90901854621044,4.85512720377086
-2.31127026917412,-2.93209594023457,4.89169057323853
-2.31765920193748,-2.95524126997149,4.92923873085586
-2.3232147211266,-2.97844634625572,4.9677762778967
-2.32790745959583,-3.00170268848121,5.0073073622439
-2.33170762372799,-3.02500152021765,5.04783565008185
-2.33458501912534,-3.04833376507226,5.08936429684659
-2.3365090786489,-3.07169004282022,5.13189591745598
-2.33744889288915,-3.09506066582754,5.17543255584612
-2.33737324314896,-3.11843563579113,5.21997565384425
-2.33625063701682,-3.14180464082161,5.26552601941279
-2.33404934660491,-3.16515705289513,5.31208379430345
-2.33073744952274,-3.18848192570112,5.35964842116513
-2.32628287265215,-3.21176799291381,5.40821861015404
-2.32065343878415,-3.23500366691572,5.45779230509985
-2.31381691617219,-3.25817703800208,5.50836664928646
-2.3057410710491,-3.28127587409552,5.55993795091176
-2.29639372314756,-3.30428762100098,5.6125016482961
-2.28574280425546,-3.32719940323094,5.66605227491491
-2.27375641982784,-3.34999802543146,5.72058342433684
-2.26040291366718,-3.37266997443973,5.77608771515453
-2.24565093567236,-3.3952014220037,5.83255675600119
-2.22946951264482,-3.41757822819454,5.8899811107524
-2.21182812212716,-3.43978594554237,5.94835026401824
-2.19269676923579,-3.46180982392534,6.00765258703727
-2.17204606643414,-3.48363481624183,6.06787530408977
-2.14984731617755,-3.50524558489474,6.12900445955361
-2.12607259634379,-3.52662650911634,6.19102488573203
-2.10069484834621,-3.54776169316083,6.25392017158818
-2.07368796780776,-3.56863497539102,6.31767263252693
-2.04502689765515,-3.58922993828391,6.38226328136952
-2.01468772347255,-3.60952991937871,6.44767180067175
-1.98264777093347,-3.62951802318892,6.5138765165409
-1.94888570510871,-3.6491771340983,6.5808543741107
-1.91338163142596,-3.66848993025834,6.64858091483766
-1.87611719803529,-3.68743889850259,6.71703025578493
-1.83707569931161,-3.70600635029063,6.78617507106292
-1.79624218020325,-3.72417443869139,6.85598657559756
-1.75360354111258,-3.74192517641306,6.92643451139857
-1.70914864297266,-3.75924045488296,6.9974871365007
-1.6628684121609,-3.7761020643777,7.06911121675063
-1.61475594486958,-3.79249171520014,7.14127202061099
-1.56480661053122,-3.80839105989556,7.21393331715106
-1.51301815387662,-3.82378171649572,7.28705737739061
-1.45939079518391,-3.83864529277479,7.36060497915935
-1.40392732825841,-3.85296341149676,7.43453541562914
-1.3466332156667,-3.86671773662943,7.50880650767006
-1.2875166807325,-3.87989000049489,7.58337462017389
-1.22658879578922,-3.89246203182167,7.65819468247996
-1.16386356617214,-3.90441578465859,7.73322021302854
-1.09935800942478,-3.915733368105,7.80840334835576
-1.03309222918719,-3.92639707680699,7.88369487653189
-0.965089483230448,-3.93638942216359,7.95904427513119
-0.895376245100853,-3.94569316418187,8.03439975380671
-0.823982258839777,-3.95429134391429,8.10970830152756
-0.750940586250982,-3.96216731640639,8.18491573851887
-0.6762876461965,-3.96930478407778,8.25996677292646
-0.600063245415208,-3.97568783045408,8.33480506220876
-0.522310600375044,-3.98130095416258,8.40937327923828
-0.443076349690527,-3.98612910309972,8.48361318307339
-0.362410556661944,-3.99015770867364,8.55746569433911
-0.280366701521337,-3.99337272002099,8.6308709751328
-0.197001663003166,-3.9957606380932,8.70376851334689
-0.112375688894381,-3.99730854950348,8.77609721127686
-0.0265523552593668,-3.99800416002313,8.84779547835844
0.0604014859201132,-3.99783582761216,8.91880132785312
0.148415770901493,-3.99679259486767,8.98905247727679
0.237417300294129,-3.99486422077084,9.05848645234142
0.327329827232579,-3.99204121161268,9.12704069415597
0.418074157656554,-3.98831485097741,9.19465266940855
0.509568262682699,-3.98367722866264,9.26125998322908
0.601727402989903,-3.97812126841564,9.32680049440956
0.694464265074468,-3.97164075436622,9.39121243263768
0.787689109164493,-3.96423035603862,9.4544345173799
0.881309928514692,-3.95588565182705,9.51640607803161
0.975232619734196,-3.94660315082281,9.577067174935
1.069361163731,-3.9363803128847,9.63635872085063
1.16359781678837,-3.92521556684886,9.69422260245523
1.25784331122111,-3.91310832677945,9.75060180142766
1.35199706499365,-3.90005900616745,9.8054405146762
1.44595739961835,-3.8860690299913,9.85868427325407
1.53962176559136,-3.87114084456013,9.91028005950649
1.63288697456557,-3.85527792506839,9.96017642199146
1.72564943740631,-3.83848478079849,10.0083235877179
1.81780540722623,-3.82076695791728,10.0546735712496
1.90925122645061,-3.8021310398212,10.0991802802294
1.9998835769257,-3.78258464499471,10.1417996168906
2.08959973204862,-3.7621364223567,10.182489575131
2.17829780987057,-3.74079604407985,10.2212103327448
2.26587702610394,-3.71857419587846,10.2579243384237
2.35223794595023,-3.69548256477134,10.2925963931579
2.4372827336586,-3.67153382433673,10.325193725694
2.52091539872524,-3.64674161748758,10.3556860617294
2.60304203765134,-3.62112053680616,10.3840456865522
2.68357107019228,-3.59468610248772,10.4102475008642
2.76241346905285,-3.5674547379536,10.4342690695566
2.8394829820127,-3.53944374320435,10.4560906632412
2.9146963455024,-3.51067126599364,10.4756952923727
2.98797348869362,-3.48115627091295,10.4930687338352
3.05923772721626,-3.45091850648664,10.5081995499011
3.12841594567086,-3.4199784703851,10.521079099506
3.19543876816559,-3.38835737287208,10.5317015418239
3.26024071617311,-3.35607709860951,10.5400638321598
3.32276035307336,-3.32316016694978,10.5461657102165
3.3829404148227,-3.28962969085157,10.5500096808278
3.44072792626787,-3.25550933456037,10.5516009872851
3.49607430270362,-3.22082327019933,10.55094757742
3.54893543635556,-3.18559613341972,10.5480600626379
3.5992717675535,-3.14985297826292,10.5429516701285
3.64704834044536,-3.11361923138789,10.5356381885114
3.69223484318576,-3.07692064581907,10.5261379071999
3.73480563261763,-3.03978325437007,10.5144715497935
3.7747397435472,-3.00223332289761,10.5006622018338
3.81202088279335,-2.96429730353903,10.484735233278
3.84663740826984,-2.92600178808447,10.4667182160644
3.87858229343393,-2.88737346163158,10.446640837159
3.90785307750522,-2.84843905666736,10.4245348074875
3.93445180192601,-2.80922530771695,10.4004337671656
3.95838493359602,-2.76975890669449,10.3743731874507
3.97966327547201,-2.73006645908527,10.3463902698419
3.9983018651745,-2.69017444108237,10.316523842759
4.0143198622904,-2.65010915779444,10.2848142562311
4.02774042510104,-2.60989670263389,10.251303275022
4.03859057750013,-2.56956291798749,10.2160339706171
4.04690106689481,-2.52913335726355,10.1790506124875
4.05270621390651,-2.48863324840185,10.1403985590381
4.05604375470501,-2.44808745892399,10.1001241486363
4.05695467682065,-2.40752046259377,10.0582745911038
4.05548304928524,-2.36695630774855,10.0148978600385
4.05167584795233,-2.3264185873539,9.97004258631972
4.04558277684235,-2.28593041082576,9.9237579531289
4.03725608634796,-2.24551437765542,9.87609359280143
4.02675038912013,-2.20519255286482,9.82709948580391
4.014122474436,-2.16498644431114,9.77682586211112
3.99943112182646,-2.12491698185215,9.72532310523522
3.98273691471404,-2.08500449837574,9.67264165913759
3.96410205478145,-2.04526871269012,9.61883193823204
3.94359017775786,-2.00572871426369,9.56394424066501
3.92126617127383,-1.96640294979732,9.50802866503684
3.89719599539803,-1.92730921160511,9.45113503070519
3.87144650642881,-1.88846462777401,9.39331280179059
3.84408528447264,-1.84988565406699,9.3346110149819
3.81518046529892,-1.81158806752941,9.27507821121922
3.78480057691792,-1.77358696175367,9.21476237131096
3.75301438128515,-1.73589674375264,9.15371085552276
3.71989072149223,-1.69853113238901,9.09197034715697
3.68549837476125,-1.66150315830391,9.02958680012368
3.64990591151705,-1.62482516528536,8.96660539048767
3.61318156077045,-1.58850881301476,8.90307047195969
3.57539308200446,-1.55256508112699,8.83902553528572
3.53660764371648,-1.51700427451864,8.77451317147446
3.49689170873139,-1.48183602983698,8.70957503879039
3.45631092636429,-1.44706932308154,8.6442518334287
3.41493003147676,-1.41271247824976,8.5785832637776
3.37281275043823,-1.37877317695743,8.51260802816481
3.33002171397295,-1.34525846896507,8.44636379597635
3.28661837684426,-1.3121747835417,8.37988719202904
3.24266294430153,-1.27952794159773,8.31321378407189
3.19821430518996,-1.24732316852013,8.24637807328656
3.15332997160144,-1.21556510764356,8.17941348765289
3.10806602492385,-1.18425783429294,8.11235237804246
3.06247706812806,-1.15340487033419,8.0452260169006
3.01661618411541,-1.12300919917163,7.97806459937612
2.97053489993431,-1.09307328113238,7.91089724675688
2.9242831566619,-1.06359906918014,7.84375201206983
2.87790928473656,-1.0345880249027,7.77665588770432
2.83145998451792,-1.00604113471973,7.70963481491912
2.78498031184437,-0.977958926259932,7.6427136950954
2.73851366835221,-0.950341484858443,7.57591640260007
2.69210179631721,-0.923188470128372,7.50926579912699
2.64578477777632,-0.896499132562242,7.44278374938656
2.59960103768674,-0.870272330121846,7.37649113801796
2.55358735087909,-0.844506544777342,7.31040788760202
2.5077788525632,-0.819199898958849,7.24455297765721
2.46220905214699,-0.794350171886225,7.17894446450505
2.41690985013224,-0.769954815745072,7.11359950189659
2.37191155785534,-0.746010971679368,7.04853436229546
2.32724291984565,-0.722515485573423,6.98376445871864
2.28293113857992,-0.699464923598077,6.91930436704036
2.23900190141723,-0.676855587498283,6.85516784866976
2.19547940950546,-0.654683529601311,6.79136787351793
2.15238640845757,-0.632944567526871,6.72791664317469
2.10974422060318,-0.611634298582434,6.66482561422057
2.06757277862882,-0.590748113828953,6.60210552160408
2.02589066042799,-0.570281211803976,6.53976640201927
1.98471512499039,-0.550228611890926,6.47781761722324
1.94406214916781,-0.530585167324977,6.41626787723754
1.90394646516254,-0.511345577827533,6.35512526338233
1.8643815985922,-0.492504401862816,6.29439725109586
1.82537990699343,-0.474056068511509,6.23409073249639
1.78695261863474,-0.455994888957707,6.17421203864753
1.74910987151713,-0.438315067586703,6.1147669614917
1.71186075244895,-0.421010712692305,6.05576077542022
1.67521333608902,-0.404075846793478,5.99719825845199
1.63917472385999,-0.387504416561128,5.93908371299584
1.60375108264094,-0.371290302356782,5.88142098617527
1.56894768315563,-0.35542732738579,5.8242134896966
1.53476893797942,-0.339909266468502,5.76746421924505
1.50121843909497,-0.324729854433567,5.71117577339535
1.46829899493271,-0.309882794138206,5.65535037202633
1.43601266683871,-0.295361764120891,5.59998987423107
1.40436080491801,-0.281160425892437,5.54509579571643
1.37334408320745,-0.267272430871969,5.49066932568768
1.34296253413697,-0.253691426974689,5.43671134321595
1.31321558224384,-0.240411064858737,5.3832224330879
1.28410207710849,-0.227425003838782,5.33020290113832
1.25562032548581,-0.214726917474249,5.27765278906835
1.22776812260929,-0.20231049884036,5.22557188875268
1.20054278264995,-0.190169465490339,5.17395975604089
1.17394116831545,-0.178297564117324,5.12281572405859
1.14795971957824,-0.166688574924627,5.0721389160155
1.12259448152491,-0.155336315713104,5.02192825752808
1.09784113132206,-0.14423464569445,4.97218248846533
1.07369500429641,-0.133377469039259,4.92290017432688
1.05015111912989,-0.122758738168708,4.87407971716314
1.02720420217244,-0.112372456798714,4.82571936604791
1.00484871087768,-0.102212682745338,4.77781722711389
0.983078856368404,-0.0922735305002068,4.73037127316246
0.961888625140776,-0.0825491735845845,4.68337935285867
0.941271799917652,-0.0730338466906661,4.63683919952342
0.921221979662938,-0.0637218476185468,4.59074843953416
0.90173259877022,-0.0546075390171855,4.54510460034618
0.882796945440032,-0.0456853499375518,4.49990511814636
0.864408179261193,-0.0369497772059934,4.45514734515124
0.846559348012505,-0.0283953866257021,4.4108285565613
0.829243403701909,-0.0200168140139896,4.36694595718348
0.812453217860842,-0.0118087660829119,4.32349668773352
0.796181596112119,-0.00376602117059678,4.28047783082989
0.780421292030088,0.0041165701695526,4.23788641669076
0.765165020312228,0.0118440847147965,4.19571942854553
0.750405469281587,0.0194215262473517,4.15397380777182
0.736135312739714,0.0268538253504451,4.11264645876925
0.722347221189834,0.0341458393197309,4.07173425358039
0.70903387245012,0.0413023521838737,4.03123403626978
0.696187961676874,0.0483280748282977,3.991142627071
0.683802210817447,0.0552276452162993,3.95145682631205
0.671869377512555,0.0620056287019201,3.91217341812873
0.660382263467561,0.068666518429171,3.87328917397554
0.649333722312073,0.0752147358123957,3.83480085594333
0.638716666967,0.0816546310927504,3.79670521989284
0.628524076537935,0.0879904839659711,3.75899901841261
0.618749002753464,0.0942265042767833,3.72167900360984
0.609384575966662,0.100366832775496,3.68474192974242
0.60042401073773,0.106415541932502,3.64818455569982
0.591860611015339,0.112376636806582,3.61200364734071
0.583687774933883,0.118254055963089,3.57619597969449
0.575898999243466,0.124051672438256,3.54075833903392
0.568487883389024,0.129773294746033,3.50568752482566
0.561448133254574,0.135422667924027,3.47098035156531
0.554773564588186,0.141003474615283,3.4366336505033
0.548458106122799,0.14651933618277,3.40264427126776
0.542495802407622,0.151973813853627,3.36900908339007
0.53688081636439,0.157370409890326,3.33572497773898
0.531607431582315,0.162712568786086,3.30278886786848
0.526670054365156,0.168003678481987,3.27019769128469
0.522063215543368,0.17324707160336,3.23794841063674
0.51778157206387,0.178446026713191,3.20603801483646
0.513819908369553,0.183603769580346,3.17446352011129
0.510173137580197,0.188723474460603,3.14322197099504
0.506836302486064,0.193808265388535,3.11231044126039
0.503804576365011,0.198861217478444,3.08172603479748
0.501073263633568,0.203885358232631,3.05146588644212
0.498637800341984,0.208883668855378,3.02152716275752
0.496493754522916,0.21385908557115,2.99190706277303
0.494636826402973,0.218814500945585,2.96260281868312
0.493062848485995,0.223752765207958,2.93361169651007
0.49176778551656,0.228676687573861,2.90493099673321
0.49074773433184,0.233589037566963,2.87655805488791
0.489998923609586,0.238492546338761,2.84849024213693
0.489517713519647,0.243389907985315,2.82072496581707
0.489300595286133,0.248283780860058,2.79325966996351
0.489344190666958,0.253176788881798,2.76609183581451
0.489645251357199,0.258071522837136,2.73921898229874
0.490200658322395,0.262970541676556,2.71263866650765
0.49100742106761,0.267876373803534,2.68634848415495
0.492062676847763,0.272791518356024,2.66034607002543
0.493363689824475,0.277718446479787,2.63462909841517
0.494907850174396,0.282659602593037,2.60919528356494
0.496692673153679,0.287617405641948,2.58404238008894
0.49871579812305,0.292594250346609,2.55916818340042
0.500974987537633,0.29759250843704,2.53457053013619
0.503468125905465,0.302614529878959,2.51024729858154
0.506193218718389,0.307662644088983,2.48619640909735
0.509148391358787,0.312739161139023,2.46241582455088
0.512331887985387,0.317846372949629,2.43890355075188
0.515742070401169,0.322986554472113,2.41565763689547
0.51937741690618,0.32816196485926,2.3926761760133
0.523236521137866,0.333374848624516,2.36995730543437
0.527318090901338,0.338627436789518,2.34749920725701
0.531620946991797,0.343921948019886,2.32530010883328
0.536144022011147,0.349260589749218,2.30335828326721
0.540886359180668,0.354645559291214,2.28167204992818
0.545847111151431,0.360079044939932,2.26023977498078
0.551025538813972,0.365563227058126,2.23905987193234
0.556421010108583,0.371100279153697,2.21813080219956
0.562032998837416,0.376692368944248,2.19745107569533
0.567861083479441,0.382341659409772,2.17701925143714
0.573904946009145,0.388050309833512,2.15683393817822
0.580164370719725,0.39382047683103,2.13689379506273
0.586639243051366,0.399654315367528,2.11719753230614
0.593329548425065,0.405553979763482,2.0977439119022
0.600235371082333,0.411521624688648,2.07853174835755
0.607356892930941,0.417559406144485,2.05955990945535
0.614694392396795,0.423669482435076,2.04082731704916
0.622248243281831,0.429854015126593,2.02233294788828
0.630018913627755,0.436115169995369,2.00407583447587
0.638006964585271,0.442455117964642,1.98605506596112
0.646213049288357,0.448876036030008,1.96826978906675
0.654637911733001,0.455380108173645,1.95071920905318
0.663282385659682,0.461969526267344,1.9334025907207
0.672147393438775,0.468646490964379,1.91631925945088
0.681233944957914,0.47541321258024,1.89946860228882
0.690543136510246,0.482271911962247,1.88285006906737
0.700076149682359,0.489224821348047,1.86646317357491
0.709834250240556,0.49627418521298,1.85030749476803
0.719818787014024,0.503422261106297,1.83438267803062
0.730031190773312,0.510671320476183,1.81868843648085
0.74047297310239,0.51802364948354,1.80322455232753
0.751145725262466,0.525481549804447,1.78799087827745
0.762051117045557,0.533047339421208,1.77298733899516
0.773190895615707,0.54072335340188,1.75821393261696
0.784566884335604,0.548511944668139,1.74367073232059
0.796180981576175,0.556415484751327,1.7293578879524
0.808035159506627,0.564436364536506,1.71527562771356
0.820131462862238,0.572576994994295,1.70142425990728
0.832472007687038,0.580839807900271,1.6878041747485
0.845058980048368,0.58922725654165,1.67441584623819
0.857894634720157,0.597741816410967,1.6612598341038
0.870981293831551,0.606385985886414,1.64833678580797
0.884321345477388,0.615162286898476,1.63564743862727
0.897917242286814,0.624073265582472,1.62319262180296
0.911771499946147,0.633121492916547,1.61097325876578
0.925886695671912,0.642309565344657,1.59899036943679
0.940265466629759,0.651640105384008,1.58724507260622
0.954910508294764,0.661115762216403,1.57573858839257
0.969824572748416,0.670739212262877,1.56447224078395
0.98501046690734,0.680513159740957,1.55344746026394
1.0004710506786,0.690440337203863,1.54266578652397
1.01620923503613,0.700523506060852,1.53212887126469
1.03222798001273,0.71076545707793,1.52183848108837
1.04853029260153,0.721169010858018,1.51179650048467
1.06511922456092,0.731737018299667,1.50200493491213
1.08199787011625,0.742472361033306,1.49246591397763
1.09916936355177,0.753377951833968,1.48318169471617
1.11663687668545,0.764456735009351,1.47415466497342
1.13440361621951,0.775711686762016,1.46538734689324
1.1524728209588,0.787145815524437,1.45688240051275
1.17084775888896,0.798762162265532,1.44864262746717
1.18953172410605,0.810563800767255,1.44067097480693
1.2085280335886,0.822553837869688,1.43297053892938
1.22784002380319,0.83473541368304,1.42554456962749
1.24747104713373,0.847111701764827,1.41839647425793
1.2674244681246,0.859685909260415,1.4115298220308
1.28770365952716,0.872461277005028,1.40494834842339
1.30831199813873,0.885441079585192,1.39865595972021
1.3292528604228,0.898628625357482,1.39265673768153
1.35052961789857,0.912027256422327,1.38695494434257
1.37214563228767,0.92564034855051,1.38155502694547
1.39410425040504,0.939471311059864,1.37646162300611
1.41640879878092,0.953523586639547,1.37167956551763
1.43906257799982,0.967800651119129,1.36721388829254
1.46206885674228,0.982306013179599,1.36306983144522
1.48543086551431,0.99704321400324,1.35925284701623
1.50915179004892,1.01201582685917,1.35576860474004
1.53323476436365,1.02722745662119,1.3526229979574
1.55768286345723,1.04268173921443,1.34982214967347
1.58249909562796,1.05838234098706,1.34737241876255
1.60768639439575,1.07433295800325,1.34528040632021
1.63324761000899,1.09053731525327,1.34355296216315
1.65918550051691,1.1069991657765,1.34219719147695
1.68550272238735,1.12372228969292,1.34122046161166
1.71220182064897,1.14071049313842,1.34063040902467
1.73928521853658,1.15796760709903,1.34043494637008
1.76675520661714,1.17549748613909,1.34064226973342
1.79461393137372,1.19330400701793,1.3412608660099
1.82286338322346,1.21139106718961,1.34229952042439
1.85150538394532,1.22976258317991,1.34376732419024
1.88054157349234,1.2484224888345,1.34567368230404
1.90997339616267,1.26737473343213,1.34802832147247
1.93980208610258,1.28662327965612,1.35084129816701
1.97002865211431,1.30617210141752,1.35412300680134
2.00065386174076,1.32602518152263,1.35788418802585
2.0316782245982,1.3461865091778,1.36213593713255
2.06310197492786,1.36666007732352,1.3668897125632
2.09492505333634,1.38744987979009,1.37215734451205
2.12714708769431,1.40855990826647,1.3779510436143
2.15976737316253,1.4299941490738,1.38428340970965
2.19278485131349,1.45175657973467,1.39116744066968
2.22619808831675,1.47385116532895,1.39861654127637
2.26000525215562,1.49628185462669,1.40664453213788
2.29420408884242,1.51905257598814,1.41526565862636
2.32879189759957,1.54216723302087,1.424494599821
2.36376550497342,1.56562969998331,1.43434647743822
2.39912123784794,1.589443816924,1.44483686472892
2.43485489532529,1.61361338454532,1.4559817953214
2.47096171944082,1.63814215878025,1.46779777198624
2.50743636468015,1.66303384507027,1.48030177529794
2.5442728662669,1.68829209233236,1.49351127216566
2.58146460719007,1.71392048660257,1.5074442242034
2.61900428394138,1.73992254434347,1.52211909590779
2.65688387093375,1.76630170540233,1.53755486260871
2.69509458357386,1.79306132560689,1.55377101815612
2.73362683996322,1.8202046689849,1.57078758230306
2.77247022120433,1.84773489959382,1.58862510774238
2.81161343029084,1.87565507294641,1.60730468675169
2.85104424956314,1.9039681270182,1.6268479573977
2.89074949671429,1.93267687282212,1.64727710924807
2.93071497933417,1.96178398453601,1.66861488853531
2.97092544798409,1.99129198916821,1.69088460271372
3.01136454779823,2.02120325574645,1.71411012434671
3.05201476861342,2.05151998401551,1.73831589425773
3.09285739363411,2.08224419262874,1.76352692387429
3.1338724466454,2.11337770681904,1.78976879669016
3.17503863779398,2.14492214553474,1.81706766876651
3.21633330796389,2.17687890802625,1.84545026818842
3.25773237178232,2.20924915986958,1.87494389338844
3.29921025929949,2.24203381841328,1.90557641024421
3.3407398563963,2.27523353763571,1.93737624785221
3.38229244398399,2.30884869240036,1.9703723928749
3.42383763607157,2.34287936209734,2.00459438235337
3.46534331678897,2.37732531366039,2.0400722948724
3.50677557646755,2.41218598394914,2.07683673995972
3.54809864689374,2.44746046148809,2.11491884559619
3.58927483586728,2.48314746755445,2.15435024370803
3.63026446121219,2.51924533660871,2.19516305350727
3.67102578440628,2.5557519960633,2.23738986254134
3.71151494401415,2.59266494538634,2.28106370530757
3.75168588912894,2.62998123453964,2.32621803928351
3.79149031304948,2.66769744175206,2.37288671821894
3.83087758744246,2.70580965063189,2.42110396253114
3.86979469726329,2.74431342662433,2.47090432664039
3.9081861767348,2.78320379282331,2.52232266307885
3.94599404670975,2.82247520514964,2.57539408320221
3.98315775377097,2.86212152691124,2.63015391433042
4.01961411145254,2.90213600276457,2.68663765314131
4.05529724399588,2.94251123210067,2.74488091513853
4.09013853308605,2.98323914188319,2.80491938001444
4.12406656804697,3.02431095897077,2.8667887327277
4.15700710000746,3.06571718196067,2.93052460011594
4.18888300058514,3.10744755259626,2.99616248286519
4.21961422567049,3.14949102678635,3.0637376826604
4.24911778492929,3.19183574529034,3.13328522434513
4.27730771767827,3.23446900412979,3.20483977292366
4.30409507582522,3.27737722479347,3.27843554524544
4.32938791460102,3.32054592431006,3.35410621622017
4.35309129184749,3.36395968527042,3.43188481942193
4.37510727665978,3.40760212588875,3.51180364195264
4.3953349682163,3.45145587020041,3.59389411344955
4.41367052566194,3.49550251850261,3.67818668913757
4.43000720994041,3.53972261815291,3.76471072684614
4.44423543850021,3.58409563484958,3.85349435793147
4.45624285382309,3.62859992452739,3.94456435206913
4.46591440674565,3.67321270601182,4.0379459759086
4.47313245556141,3.71791003458454,4.13366284561123
4.47777688190274,3.76266677662299,4.2317367733257
4.47972522440842,3.80745658548687,4.33218760769146
4.47885283118197,3.85225187883442,4.43503306849954
4.47503303203866,3.89702381756139,4.54028857568314
4.46813733152293,3.94174228656556,4.64796707285639
4.45803562365321,3.98637587754922,4.7580788456693
4.4445964293163,4.03089187408168,4.87063133530011
4.4276871571875,4.07525623915255,4.98562894746257
4.4071743889953,4.1194336054554,5.10307285736577
4.38292418987901,4.16338726864884,5.2229608111271
4.35480244450377,4.20707918384949,5.34528692420527
4.32267521949918,4.25046996561732,5.4700414774893
4.28640915267383,4.29351889169889,5.59721071175121
4.24587186932868,4.33618391079801,5.72677662124394
4.20093242584569,4.37842165464587,5.85871674730206
4.1514617805649,4.42018745464357,5.99300397287975
4.09733329178196,4.46143536334916,6.12960631903897
4.03842324249953,4.50211818107892,6.2684867444787
3.97461139134922,4.54218748788752,6.4096029492742
3.90578154886678,4.58159368118498,6.55290718407183
3.83182217805148,4.62028601923878,6.69834606605919
3.75262701787304,4.65821267079757,6.84586040310247
3.66809572810556,4.69532077105803,6.99538502750955
3.57813455357024,4.73155648417883,7.1468486409405
3.48265700555828,4.76686507252494,7.30017367204287
3.38158455788382,4.80119097280153,7.45527614843778
3.27484735468788,4.83447787920979,7.61206558472328
3.16238492677849,4.86666883372614,7.7704448881909
3.04414691295548,4.89770632357302,7.9303102839707
2.92009378243138,4.9275323859117,8.09155126132592
2.790197554129,4.95608871974731,8.25405054281105
2.65444250831393,4.98331680499256,8.4176840779842
2.5128258857122,5.00915802858921,8.58232106332591
2.36535856897409,5.03355381753698,8.74782398995991
2.21206574107994,5.05644577862633,8.91404872069671
2.05298751504799,5.07777584461665,9.08084459782667
1.88817952910401,5.09748642654375,9.24805458297516
1.71771350131218,5.11552057178137,9.4155154301979
1.54167773755348,5.13182212742098,9.58305789333891
1.36017758667583,5.14633590847221,9.75050696849737
1.17333583663577,5.15900787032504,9.91768217225261
0.981293045508761,5.1697852848527,10.0843978560795
0.784207801369316,5.17861691947395,10.2504635571496
0.582256905236607,5.18545321843433,10.4156843854596
0.375635471549441,5.19024648550886,10.579861446956
0.164556940978904,5.19295106727538,10.7427923020405
-0.0507469991910528,5.19352353605772,10.9042714585401
-0.270026591384761,5.19192287159236,11.0640908979186
-0.49301428445005,5.18811064043277,11.2220406331887
-0.719425113807196,5.18205117207176,11.3779092966652
-0.948957187346474,5.17371173073502,11.5314847553786
-1.18129227859698,5.16306268178046,11.6825547516507
-1.41609652783568,5.15007765162615,11.8309075660245
-1.65302125089771,5.13473368012822,11.976332699441
-1.89170385449584,5.11701136433661,12.1186215712724
-2.13176885586787,5.09689499257383,12.2575682295567
-2.37282900355785,5.0743726678084,12.3929700695393
-2.61448649511104,5.04943641933205,12.5246285564141
-2.85633428643791,5.02208230179678,12.6523499479767
-3.09795748659214,4.99231048072559,12.7759460127563
-3.33893483072521,4.96012530367812,12.8952347390877
-3.57884022304154,4.92553535632956,13.0100410305166
-3.81724434069637,4.88855350280744,13.1201973829142
-4.05371628876756,4.8491969097254,13.2255445386968
-4.2878252957075,4.80748705345593,13.3259321136208
-4.51914243805204,4.76344971029254,13.421219191739
-4.74724238264418,4.71711492926744,13.511274884272
-4.97170513422906,4.66851698750979,13.5959788483582
-5.19211777600315,4.61769432815284,13.6752217619053
-5.40807619056071,4.56468948092312,13.7489057510641
-5.61918674867905,4.50954896567053,13.8169447671846
-5.82506795352382,4.45232317922321,13.8792649104915
-6.02535202813551,4.39306626607405,13.9358046981222
-6.21968643447841,4.3318359735249,13.9865152746065
-6.40773531288686,4.26869349202935,14.0313605633222
-6.58918083142618,4.20370328158297,14.0703173579382
-6.76372443548694,4.13693288511117,14.1033753533375
-6.93108798884196,4.06845272989681,14.1305371160048
-7.09101479840161,3.99833591817277,14.1518179943502
-7.24327051599291,3.92665800807677,14.1672459699225
-7.3876439116437,3.85349678622678,14.1768614509347
-7.5239475140613,3.77893203322446,14.1807170099715
-7.65201811523681,3.70304528343126,14.1788770681771
-7.77171713736551,3.62591958038583,14.1714175286164
-7.88293086153323,3.54763922924353,14.1584253618674
-7.98557051886105,3.46828954761779,14.1399981472281
-8.07957224601068,3.38795661619036,14.1162435732096
-8.16489690811433,3.30672703043237,14.0872789012268
-8.24152979329239,3.22468765474209,14.0532303966027
-8.30948018394652,3.14192538025833,14.0142327311497
-8.36878081095417,3.05852688755187,13.9704283617019
-8.41948719773306,2.97457841533175,13.9219668890323
-8.46167690188397,2.8901655362297,13.869004401605
-8.49544866275071,2.80537294064573,13.8117028085834
-8.52092146375451,2.72028422955187,13.7502291664471
-8.53823351876336,2.63498171706012,13.684755003462
-8.54754119204618,2.54954624346699,13.6154556461017
-8.54901786153751,2.46405699938993,13.5425095513421
-8.542852735205,2.37859136151388,13.4660976485435
-8.52924963027362,2.29322474036787,13.3864026944037
-8.50842572492306,2.20803044045498,13.3036086442095
-8.48061029184603,2.12307953296368,13.2179000423454
-8.44604342274242,2.03844074119641,13.1294614347331
-8.40497475243711,1.95418033876202,13.0384768055807
-8.35766219085595,1.87036206049451,12.9451290405229
-8.30437067058587,1.78704702598027,12.8495994179304
-8.24537091718988,1.70429367550165,12.7520671298682
-8.18093824885627,1.62215771813599,12.6527088338868
-8.11135141134292,1.54069209168631,12.5516982365443
-8.03689145354162,1.45994693406371,12.4492057092769
-7.95784064834199,1.3799695656912,12.3453979369748
-7.87448146282884,1.30080448245533,12.2404375993669
-7.78709558120723,1.22249335869482,12.1344830850846
-7.69596298322398,1.14507505968442,12.027688238058
-7.60136108024797,1.0685856630479,11.9202021356986
-7.50356391059004,0.993058488515069,11.8121688981426
-7.40284139509119,0.91852413542493,11.7037275276675
-7.29945865348866,0.845010527369257,11.5950117772552
-7.19367538158594,0.772542963368324,11.4861500471499
-7.08574528880779,0.701144174972497,11.3772653081563
-6.97591559531567,0.630834388689623,11.2684750503406
-6.8644265874937,0.561631393148282,11.1598912557251
-6.75151123029109,0.49355061042051,11.0516203935195
-6.63739483462262,0.426605170944206,10.9437634363946
-6.52229477778455,0.36080599150466,10.8364158962843
-6.40642027463756,0.296161855756144,10.7296678781945
-6.28997219713908,0.232679496787846,10.6236041505015
-6.17314293967399,0.170363681263322,10.5183042302415
-6.05611632753186,0.109217294688663,10.4138424819158
-5.93906756580911,0.0492414273914774,10.3102882283738
-5.82216322597341,-0.00956453917977076,10.2077058723771
-5.70556126731256,-0.0672028461988037,10.1061550275
-5.58941109049843,-0.123677271581935,10.0056906570717
-5.47385362052659,-0.178993044793255,9.90636321992949
-5.35902141634023,-0.233156762614854,9.80821882181287
-5.24503880451233,-0.286176306135735,9.71129937129252
-5.13202203443828,-0.338060759187178,9.61564273919789
-5.02007945258204,-0.388820328427316,9.52128292057312
-4.90931169341961,-0.438466265253573,9.42825019826031
-4.7998118848313,-0.487010789698606,9.3365713072772
-4.69166586580911,-0.534467016443478,9.24626959922385
-4.58495241446384,-0.580848883061032,9.15736520601881
-4.47974348443825,-0.626171080582889,9.06987520232996
-4.37610444795546,-0.670448986465183,8.98381376612756
-4.2740943438552,-0.713698600011042,8.89919233684736
-4.17376612909285,-0.755936480291959,8.81601977070904
-4.07516693229697,-0.797179686595571,8.73430249279051
-3.97833830809917,-0.837445721413904,8.65404464551047
-3.88331649106505,-0.876752475973836,8.57524823322086
-3.79013264816585,-0.915118178300428,8.49791326265721
-3.69881312883751,-0.952561343793653,8.42203787903771
-3.60937971177542,-0.989100728290059,8.34761849764231
-3.52184984771067,-1.02475528357288,8.27464993074019
-3.43623689750528,-1.05954411528703,8.20312550976821
-3.35255036499056,-1.09348644320919,8.13303720269444
-3.27079612405404,-1.12660156381791,8.06437572652931
-3.19097663955641,-1.15890881510406,7.99713065497317
-3.11309118173016,-1.1904275435581,7.93129052121238
-3.03713603377733,-1.22117707326758,7.86684291589676
-2.96310469244367,-1.2511766770556,7.80377458035054
-2.89098806140177,-1.28044554958924,7.74207149508477
-2.82077463732632,-1.3090027823853,7.68171896369403
-2.75245068859013,-1.33686734064001,7.62270169223276
-2.68600042655112,-1.36405804180857,7.56500386417714
-2.62140616943763,-1.39059353586063,7.50860921108753
-2.55864849887266,-1.4164922871377,7.45350107909431
-2.49770640910692,-1.4417725577393,7.39966249133569
-2.43855744905689,-1.46645239236537,7.34707620648114
-2.38117785726656,-1.49054960454361,7.29572477347783
-2.32554268993112,-1.51408176417156,7.24559058265966
-2.27162594213806,-1.53706618630492,7.1966559133606
-2.21940066249495,-1.55951992112504,7.14890297817443
-2.16883906132525,-1.58145974502036,7.10231396400296
-2.11991261262313,-1.60290215271852,7.05687107003427
-2.0725921499659,-1.62386335040753,7.0125565427911
-2.02684795658842,-1.64435924978675,6.96935270838738
-1.9826498498281,-1.66440546299035,6.92724200212903
-1.93996726015184,-1.68401729832783,6.88620699559198
-1.8987693049776,-1.70320975678869,6.84623042130746
-1.85902485750344,-1.7219975292602,6.8072951951813
-1.82070261075618,-1.74039499440929,6.7693844367702
-1.78377113706994,-1.75841621718197,6.73248148753424
-1.74819894320234,-1.77607494787554,6.69656992718094
-1.71395452129274,-1.79338462174098,6.66163358821215
-1.68100639586338,-1.81035835907502,6.62765656878071
-1.64932316705949,-1.82700896576318,6.59462324396002
-1.61887355032,-1.84334893423728,6.56251827552493
-1.58962641266524,-1.85939044481256,6.53132662033875
-1.56155080578248,-1.87514536737151,6.50103353743641
-1.53461599608484,-1.89062526336326,6.47162459389014
-1.50879149191293,-1.9058413880892,6.44308566953963
-1.48404706804305,-1.92080469324696,6.41540296066478
-1.46035278765944,-1.93552582970666,6.38856298267522
-1.43767902194246,-1.95001515049488,6.36255257188683
-1.41599646741812,-1.96428271396315,6.33735888645192
-1.39527616120891,-1.97833828711939,6.31296940650593
-1.37548949431948,-1.99219134910184,6.28937193359022
-1.35660822308534,-2.00585109477664,6.26655458940685
-1.33860447890671,-2.01932643844119,6.24450581395815
-1.32145077638408,-2.03262601761673,6.22321436312086
-1.30512001996693,-2.04575819691479,6.20266930570114
-1.28958550922106,-2.05873107196316,6.18286002001441
-1.2748209428156,-2.07155247337797,6.16377619003079
-1.260800421325,-2.08422997076969,6.14540780112432
-1.24749844893713,-2.09677087677163,6.12774513546191
-1.23488993415342,-2.10918225108035,6.11077876706499
-1.22295018956276,-2.1214709044984,6.09449955657514
-1.21165493076649,-2.13364340297053,6.07889864575236
-1.2009802745277,-2.14570607160514,6.06396745173267
-1.19090273621384,-2.1576649986737,6.04969766106995
-1.18139922659831,-2.16952603958131,6.03608122358484
-1.17244704808255,-2.18129482080228,6.02311034604184
-1.16402389039707,-2.1929767437754,6.01077748567416
-1.15610782583627,-2.20457698875372,5.99907534357419
-1.14867730407909,-2.21610051860462,5.98799685796618
-1.14171114664416,-2.22755208255626,5.97753519737602
-1.13518854102553,-2.23893621988684,5.96768375371211
-1.12908903455244,-2.2502572635539,5.95843613526982
-1.12339252801366,-2.26151934376098,5.94978615967091
-1.11807926908509,-2.2727263914595,5.94172784674847
-1.11312984559645,-2.28388214178405,5.93425541138664
-1.10852517867116,-2.29499013741978,5.92736325632372
-1.10424651577125,-2.30605373190056,5.92104596492615
-1.10027542367738,-2.31707609283737,5.91529829394047
-1.09659378143203,-2.32806020507618,5.91011516622905
-1.09318377327247,-2.33900887378525,5.90549166349544
-1.09002788157841,-2.34992472747178,5.90142301900382
-1.08710887985752,-2.36081022092825,5.8979046102971
-1.08440982579106,-2.37166763810883,5.89493195191732
-1.08191405436005,-2.3824990949367,5.89250068813174
-1.07960517107148,-2.39330654204308,5.89060658566733
-1.07746704530268,-2.40409176743909,5.88924552645653
-1.07548380378111,-2.41485639912177,5.88841350039601
-1.07363982421539,-2.42560190761556,5.88810659812075
-1.07191972909297,-2.436329608451,5.88832100379476
-1.07030837965839,-2.44704066458219,5.88905298792
-1.0687908700855,-2.45773608874513,5.89029890016465
-1.06735252185626,-2.46841674575868,5.8920551622119
-1.0659788783577,-2.47908335477047,5.89431826063
-1.06465569970813,-2.48973649144983,5.89708473976462
-1.06336895782296,-2.50037659013031,5.90035119465413
-1.06210483172975,-2.51100394590396,5.90411426396863
-1.06084970314158,-2.5216187166701,5.90837062297336
-1.05959015229724,-2.53222092514118,5.91311697651728
-1.05831295407611,-2.54281046080835,5.91835005204748
-1.0570050743951,-2.55338708186963,5.92406659265032
-1.05565366689457,-2.56395041712347,5.93026335012005
-1.05424606991953,-2.57449996783063,5.93693707805594
-1.05276980380187,-2.58503510954739,5.94408452498904
-1.05121256844927,-2.59555509393313,5.95170242753963
-1.04956224124543,-2.60605905053527,5.95978750360681
-1.04780687526617,-2.61654598855492,5.96833644559172
-1.04593469781543,-2.62701479859615,5.97734591365601
-1.04393410928467,-2.63746425440234,5.98681252901757
-1.04179368233866,-2.64789301458266,5.9967328672854
-1.03950216143047,-2.65829962433218,6.0071034518361
-1.03704846264753,-2.66868251714863,6.01792074723435
-1.03442167389075,-2.67904001654942,6.02918115270031
-1.03161105538765,-2.689370337792,6.04088099562673
-1.0286060405404,-2.69967158960115,6.0530165251493
-1.02539623710881,-2.70994177590633,6.06558390577352
-1.02197142872817,-2.72017879759258,6.07857921106212
-1.01832157676096,-2.73038045426821,6.09199841738693
-1.01443682248122,-2.74054444605281,6.10583739774979
-1.01030748958957,-2.75066837538857,6.12009191567695
-1.00592408705641,-2.76074974887854,6.13475761919212
-1.0012773122903,-2.77078597915489,6.14983003487327
-0.996358054627847,-2.78077438678049,6.16530456199891
-0.991157399140671,-2.79071220218693,6.18117646678953
-0.985666630754724,-2.80059656765223,6.19744087675053
-0.979877238676181,-2.81042453932126,6.21409277512302
-0.973780921117709,-2.82019308927192,6.23112699544922
-0.967369590318113,-2.82989910763008,6.24853821625956
-0.96063537784765,-2.83953940473609,6.26632095588884
-0.953570640190571,-2.84911071336583,6.28446956742894
-0.9461679645957,-2.85860969100885,6.30297823382607
-0.938420175185065,-2.86803292220637,6.32184096313074
-0.930320339309837,-2.87737692095156,6.34105158390865
-0.921861774142,-2.88663813315465,6.36060374082138
-0.913038053489376,-2.89581293917498,6.38049089038558
-0.903843014820793,-2.90489765642233,6.40070629691977
-0.894270766487342,-2.9138885420295,6.42124302868805
-0.884315695124828,-2.92278179559797,6.44209395425009
-0.873972473221657,-2.93157356201848,6.46325173902712
-0.86323606683555,-2.94025993436803,6.48470884209355
-0.852101743441609,-2.94883695688465,6.50645751320404
-0.840565079893414,-2.95730062802139,6.52848979006611
-0.828621970477958,-2.96564690358022,6.55079749586817
-0.816268635044406,-2.973871699927,6.57337223707305
-0.803501627185796,-2.98197089728798,6.59620540148702
-0.790317842452018,-2.98994034312827,6.61928815661446
-0.776714526571577,-2.99777585561252,6.64261144830801
-0.762689283658869,-3.00547322714776,6.66616599972416
-0.748240084382961,-3.01302822800817,6.68994231059404
-0.733365274073115,-3.02043661004119,6.71393065681904
-0.718063580735638,-3.0276941104543,6.73812109040056
-0.702334122955957,-3.03479645568142,6.76250343971329
-0.686176417659232,-3.04173936532763,6.78706731013077
-0.669590387702246,-3.04851855619064,6.81180208501183
-0.652576369268813,-3.05512974635731,6.8366969270564
-0.635135119040487,-3.06156865937297,6.86174078003821
-0.617267821113965,-3.06783102848116,6.88692237092218
-0.598976093636256,-3.07391260093126,6.91223021237317
-0.580261995128444,-3.07980914235084,6.93765260566278
-0.561128030468664,-3.08551644117964,6.96317764397991
-0.541577156504865,-3.09103031316152,6.98879321615051
-0.521612787267867,-3.09634660589057,7.01448701077108
-0.501238798755332,-3.10146120340719,7.0402465207599
-0.480459533257407,-3.10637003083987,7.06605904832929
-0.459279803195102,-3.11106905908761,7.09191171038134
-0.43770489444277,-3.11555430953838,7.11779144432866
-0.415740569106575,-3.11982185881797,7.14368501434124
-0.393393067731381,-3.12386784356381,7.1695790180191
-0.370669110909168,-3.12768846521795,7.19545989348989
-0.347575900262889,-3.13127999483295,7.22131392692953
-0.324121118780562,-3.13463877788445,7.24712726050294
-0.300312930475434,-3.13776123908362,7.27288590072103
-0.276159979349149,-3.14064388718292,7.29857572720886
-0.251671387636119,-3.14328331976772,7.32418250187928
-0.226856753308647,-3.14567622802684,7.34969187850461
-0.201726146823821,-3.14781940149426,7.37508941267849
-0.176290107094779,-3.1497097327545,7.40036057215857
-0.150559636670633,-3.15134422210376,7.42549074757951
-0.124546196111157,-3.15271998215879,7.45046526352505
-0.0982616975442173,-3.1538342424055,7.47526938994632
-0.0717184973959592,-3.15468435367898,7.49988835391272
-0.0449293882858357,-3.15526779256664,7.52430735168054
-0.0179075900807709,-3.15558216572614,7.5485115610633
0.00933325989498468,-3.1556252141096,7.57248615408691
0.0367791174953947,-3.15539481708571,7.59621630991122
0.0644155432322387,-3.15488899645124,7.61968722799925
0.0922277145949553,-3.15410592032358,7.6428841415135
0.120200439204366,-3.15304390690587,7.66579233091845
0.148318168791327,-3.15170142811648,7.6883971377671
0.176565013988747,-3.15007711307463,7.71068397864854
0.204924759922733,-3.14816975143405,7.73263835927269
0.233380882585986,-3.14597829655685,7.75424588866761
0.261916565973874,-3.1435018685198,7.77549229346407
0.290514719960961,-3.14073975694551,7.79636343224118
0.319157998893091,-3.13769142365126,7.81684530990654
0.347828820867541,-3.13435650510849,7.83692409208368
0.376509387671133,-3.13073481470606,7.85658611947903
0.405181705343701,-3.12682634481112,7.87581792220053
0.433827605331808,-3.12263126862122,7.89460623399931
0.462428766195253,-3.11814994180221,7.9129380064059
0.490966735826557,-3.11338290390638,7.93080042273226
0.519422954141474,-3.10833087956609,7.94818091191077
0.547778776196413,-3.10299477945824,7.96506716214135
0.576015495686742,-3.09737570103571,7.98144713431815
0.604114368778077,-3.09147492902208,7.99730907520724
0.632056638220968,-3.08529393566652,8.01264153034731
0.659823557697859,-3.0788343807564,8.02743335664547
0.687396416349813,-3.07209811138551,8.04167373464096
0.714756563429284,-3.06508716147621,8.05535218041026
0.741885433024193,-3.0578037510548,8.06845855708726
0.768764568797714,-3.05025028527942,8.08098308597362
0.795375648687508,-3.04242935322077,8.09291635721472
0.821700509507725,-3.0343437263962,8.10424934001783
0.847721171396785,-3.02599635705863,8.11497339239003
0.873419862053935,-3.01739037624186,8.1250802703747
0.898779040707716,-3.00852909156491,8.13456213676614
0.923781421759837,-2.99941598479819,8.14341156928375
0.948409998048516,-2.99005470919512,8.15162156818789
0.972648063676139,-2.98044908659325,8.15918556332132
0.996479236347047,-2.97060310428948,8.16609742056142
1.01988747916246,-2.96052091169463,8.17235144766982
1.04285712182089,-2.95020681677289,8.17794239952773
1.06537288117409,-2.93966528227257,8.18286548274656
1.08741988109006,-2.92890092175462,8.18711635964551
1.10898367157696,-2.91791849542623,8.19069115158874
1.13005024712356,-2.90672290578705,8.19358644167722
1.15060606421429,-2.8953191930961,8.19579927679107
1.17063805797923,-2.88371253066783,8.1973271689809
1.19013365794228,-2.87190822000617,8.19816809620734
1.20908080283287,-2.85991168578571,8.19832050243043
1.22746795443,-2.84772847068963,8.19778329705166
1.24528411040985,-2.83536423011412,8.19655585371339
1.26251881617145,-2.82282472674941,8.19463800846178
1.27916217561794,-2.81011582504777,8.19203005728122
1.29520486087389,-2.79724348558898,8.18873275300941
1.31063812092289,-2.78421375935401,8.18474730164416
1.32545378915205,-2.77103278191782,8.18007535805414
1.33964428979416,-2.75770676757217,8.17471902110734
1.35320264326089,-2.74424200338958,8.16868082823227
1.36612247036391,-2.73064484323952,8.1619637494284
1.37839799542419,-2.7169217017679,8.15457118074324
1.39002404827267,-2.7030790483511,8.14650693723492
1.40099606514875,-2.68912340103543,8.13777524544001
1.41131008850635,-2.67506132047312,8.12838073536734
1.42096276573991,-2.66089940386565,8.11832843203963
1.42995134684608,-2.64664427892517,8.10762374660531
1.43827368103933,-2.6323025978645,8.09627246704394
1.44592821234265,-2.61788103142621,8.08428074848907
1.4529139741772,-2.60338626296069,8.07165510319314
1.4592305829769,-2.58882498256339,8.05840239015936
1.46487823085684,-2.57420388128046,8.04452980446595
1.46985767736612,-2.55952964539253,8.03004486630856
1.47417024035815,-2.54480895078523,8.01495540978662
1.47781778601317,-2.53004845741537,7.99926957145993
1.48080271804958,-2.51525480388096,7.98299577870138
1.48312796616229,-2.50043460210297,7.96614273787208
1.48479697372762,-2.48559443212649,7.94871942234484
1.48581368481574,-2.4707408370483,7.93073506040176
1.4861825305526,-2.45588031807754,7.91219912303156
1.48590841487421,-2.44101932973595,7.89312131165187
1.48499669971695,-2.42616427520333,7.87351154578117
1.48345318968831,-2.41132150181381,7.85337995068494
1.48128411626259,-2.39649729670772,7.83273684501967
1.47849612154655,-2.38169788264381,7.81159272849802
1.4750962416603,-2.36692941397571,7.78995826959778
1.47109188977807,-2.35219797279629,7.76784429333645
1.46649083887417,-2.3375095652532,7.74526176913264
1.46130120421817,-2.32287011803822,7.72222179877472
1.45553142566371,-2.30828547505263,7.69873560451622
1.44919024977412,-2.29376139425071,7.67481451731673
1.44228671182759,-2.27930354466248,7.65046996524617
1.43483011774377,-2.26491750359692,7.62571346206932
1.42683002597261,-2.25060875402603,7.60055659602667
1.41829622938517,-2.23638268215014,7.57501101882661
1.40923873720525,-2.22224457514408,7.54908843486316
1.39966775701899,-2.20819961908367,7.52280059067228
1.38959367689858,-2.19425289705162,7.49615926463909
1.37902704767486,-2.18040938742141,7.46917625696712
1.36797856539178,-2.1666739623176,7.44186337991987
1.35645905397463,-2.15305138625057,7.41423244834406
1.34447944814194,-2.13954631492336,7.38629527048275
1.33205077658978,-2.12616329420803,7.35806363908597
1.31918414547517,-2.11290675928875,7.32954932282514
1.30589072222384,-2.09978103396843,7.30076405801696
1.29218171968606,-2.08679033013553,7.27171954066155
1.27806838066214,-2.07393874738754,7.24242741879842
1.26356196281799,-2.0612302728072,7.21289928518364
1.24867372400916,-2.04866878088761,7.18314667028999
1.23341490803016,-2.03625803360191,7.15318103563188
1.21779673080426,-2.02400168061332,7.1230137674153
1.20183036702734,-2.01190325962107,7.09265617051312
1.18552693727767,-1.99996619683741,7.06211946276459
1.16889749560195,-1.98819380759138,7.03141476959791
1.15195301758652,-1.97658929705409,7.00055311897361
1.13470438892097,-1.96515576108094,6.96954543664622
1.11716239445997,-1.95389618716573,6.9384025417409
1.09933770778795,-1.94281345550155,6.90713514264142
1.08124088128945,-1.93191034014361,6.8757538331852
1.06288233672713,-1.92118951026871,6.84426908916071
1.04427235632787,-1.91065353152651,6.81269126510215
1.02542107437625,-1.90030486747732,6.78103059137598
1.00633846931373,-1.89014588111143,6.7492971715534
0.987034356340441,-1.88017883644498,6.71750098006259
0.967518380515805,-1.87040590018726,6.68565186011433
0.947800010353083,-1.86082914347456,6.6537595218943
0.927888531902019,-1.85145054366563,6.621833541015
0.907793043313008,-1.84227198619389,6.58988335722041
0.887522449875366,-1.83329526647163,6.55791827333575
0.867085459521598,-1.82452209184146,6.52594745445526
0.846490578788879,-1.81595408357046,6.49397992736022
0.82574610922838,-1.80759277888248,6.46202458015959
0.804860144252519,-1.79943963302409,6.43009016214571
0.783840566409727,-1.79149602135997,6.3981852838572
0.762695045075918,-1.78376324149342,6.36631841734128
0.741431034551424,-1.77624251540792,6.3344978966079
0.720055772551881,-1.76893499162581,6.30273191826775
0.698576279081258,-1.76184174738002,6.27102854234667
0.676999355674982,-1.75496379079531,6.23939569326861
0.655331585000966,-1.74830206307524,6.20784116099981
0.633579330806177,-1.74185744069139,6.17637260234648
0.611748738196321,-1.73563073757145,6.14499754239885
0.589845734236158,-1.72962270728287,6.11372337611416
0.567876028857941,-1.72383404520902,6.08255737003152
0.545845116065519,-1.7182653907147,6.05150666411171
0.523758275421692,-1.71291732929823,6.02057827369496
0.50162057380649,-1.70779039472729,5.98977909157013
0.479436867434198,-1.70288507115588,5.95911589014863
0.457211804117069,-1.69820179521985,5.92859532373685
0.434949825763877,-1.69374095810862,5.89822393090078
0.412655171101635,-1.68950290761079,5.86800813691696
0.390331878609051,-1.68548795013145,5.8379542563037
0.367983789650536,-1.6816963526792,5.8080684954271
0.345614551799827,-1.67812834482075,5.77835695517638
0.323227622342598,-1.67478412060153,5.74882563370305
0.300826271947708,-1.67166384043033,5.71948042921911
0.278413588497044,-1.66876763292642,5.69032714284911
0.255992481064266,-1.66609559672769,5.66137148153144
0.233565684033057,-1.6636478022582,5.63261906096429
0.211135761345856,-1.66142429345401,5.60407540859201
0.188705110874377,-1.65942508944576,5.5757459666274
0.16627596890359,-1.65765018619713,5.54763609510629
0.143850414721198,-1.65609955809776,5.5197510749702
0.121430375304985,-1.65477315950994,5.49209611117372
0.0990176301008152,-1.65367092626785,5.46467633581287
0.0766138158844073,-1.65279277712864,5.43749681127119
0.0542204317003652,-1.65213861517451,5.41056253338033
0.0318388438723474,-1.65170832916503,5.38387843459215
0.00947029107859265,-1.65150179483899,5.35744938715931
-0.0128841105126026,-1.65151887616528,5.3312802063217
-0.0352233620525036,-1.65175942654203,5.30537565349603
-0.0575465767713442,-1.65222328994368,5.27974043946596
-0.0798529746918638,-1.65291030201536,5.25437922757064
-0.102141877300967,-1.65382029111418,5.22929663688913
-0.124412702183163,-1.65495307929712,5.20449724541862
-0.146664957619104,-1.65630848325499,5.17998559324442
-0.168898237152217,-1.65788631519226,5.15576618569972
-0.191112214126109,-1.65968638365241,5.1318434965132
-0.213306636195106,-1.66170849428848,5.1082219709427
-0.235481319809983,-1.66395245057865,5.08490602889321
-0.257636144680672,-1.66641805448653,5.06190006801757
-0.2797710482174,-1.66910510706595,5.03920846679811
-0.301886019951492,-1.67201340901013,5.01683558760787
-0.323981095936761,-1.67514276114488,4.99478577974968
-0.346056353132178,-1.67849296486577,4.97306338247182
-0.368111903766246,-1.68206382251899,4.95167272795863
-0.390147889683304,-1.68585513772584,4.93061814429473
-0.412164476671698,-1.68986671565051,4.90990395840147
-0.43416184877362,-1.69409836321108,4.88953449894411
-0.456140202576139,-1.69854988923355,4.86951409920838
-0.478099741482801,-1.70322110454865,4.84984709994501
-0.500040669964979,-1.7081118220313,4.83053785218081
-0.521963187791982,-1.71322185658242,4.81159071999478
-0.54386748423877,-1.71855102505301,4.79301008325792
-0.565753732269993,-1.72409914611011,4.77480034033502
-0.587622082698908,-1.72986604004452,4.75696591074709
-0.609472658319642,-1.73585152852,4.7395112377927
-0.631305548011125,-1.74205543426358,4.72244079112655
-0.653120800810934,-1.74847758069685,4.70575906929362
-0.674918419957219,-1.75511779150773,4.68947060221708
-0.696698356896784,-1.76197589016259,4.67357995363797
-0.718460505257356,-1.76905169935821,4.65809172350489
-0.740204694782027,-1.77634504041328,4.64301055031138
-0.761930685223827,-1.7838557325991,4.62834111337907
-0.783638160198363,-1.79158359240894,4.61408813508414
-0.805326720992467,-1.79952843276575,4.60025638302481
-0.82699588032681,-1.80769006216776,4.58685067212725
-0.848645056070466,-1.81606828377139,4.57387586668734
-0.870273564905451,-1.82466289441112,4.56133688234552
-0.891880615939349,-1.83347368355572,4.5492386879916
-0.913465304264183,-1.84250043220036,4.53758630759677
-0.935026604459817,-1.851742911694,4.52638482196918
-0.956563364040277,-1.86120088250155,4.51563937043003
-0.97807429684151,-1.87087409290021,4.50535515240634
-0.999557976349267,-1.88076227760937,4.49553742893671
-1.02101282896596,-1.89086515635351,4.48619152408612
-1.04243712721556,-1.90118243235742,4.47732282626562
-1.06382898288574,-1.91171379077318,4.46893678945242
-1.08518634010689,-1.92245889703828,4.46103893430606
-1.10650696836765,-1.93341739516413,4.4536348491756
-1.12778845546702,-1.94458890595448,4.44673019099299
-1.14902820040356,-1.95597302515303,4.44033068604733
-1.17022340620221,-1.96756932151959,4.43444213063453
-1.19137107267982,-1.97937733483425,4.42907039157669
-1.21246798915101,-1.99139657382883,4.42422140660521
-1.23351072707597,-2.00362651404521,4.41990118460139
-1.25449563265276,-2.01606659561974,4.41611580568815
-1.27541881935675,-2.02871622099336,4.41287142116598
-1.29627616043066,-2.0415747525469,4.41017425328634
-1.31706328132888,-2.05464151016098,4.40803059485498
-1.3377755521206,-2.0679157687002,4.40644680865792
-1.35840807985685,-2.0813967554211,4.40542932670209
-1.37895570090702,-2.09508364730376,4.4049846492626
-1.39941297327119,-2.1089755683065,4.40511934372837
-1.4197741688756,-2.1230715865437,4.40584004323732
-1.44003326585876,-2.13737071138648,4.40715344509239
-1.46018394085717,-2.15187189048629,4.40906630894907
-1.48021956129977,-2.1665740067213,4.41158545476512
-1.50013317772186,-2.18147587506591,4.41471776050259
-1.5199175161094,-2.19657623938347,4.41847015957233
-1.53956497028606,-2.21187376914271,4.42284963801071
-1.55906759435635,-2.22736705605828,4.42786323137798
-1.5784170952188,-2.24305461065604,4.43351802136769
-1.59760482516483,-2.25893485876393,4.43982113211607
-1.61662177457955,-2.27500613792931,4.4467797262004
-1.63545856476233,-2.29126669376389,4.45440100031481
-1.65410544088573,-2.30771467621753,4.46269218061209
-1.67255226511316,-2.32434813578245,4.47166051769978
-1.69078850989647,-2.34116501962944,4.48131328127864
-1.70880325147623,-2.35816316767808,4.49165775441154
-1.72658516360882,-2.37534030860307,4.50270122741075
-1.74412251154581,-2.39269405577904,4.51445099133137
-1.76140314629253,-2.41022190316657,4.5269143310588
-1.77841449917427,-2.42792122114229,4.54009851797808
-1.79514357673999,-2.44578925227627,4.5540108022128
-1.81157695603497,-2.46382310706037,4.56865840442168
-1.82770078027543,-2.48201975959116,4.58404850714066
-1.84350075495957,-2.50037604321182,4.60018824565888
-1.85896214445131,-2.51888864611751,4.61708469841669
-1.87406976907426,-2.53755410692901,4.63474487691457
-1.88880800275549,-2.55636881024006,4.65317571512182
-1.90316077125974,-2.57532898214409,4.67238405837438
-1.91711155105684,-2.59443068574637,4.69237665175157
-1.93064336886619,-2.6136698166682,4.71316012792204
-1.94373880192405,-2.63304209855012,4.73474099444995
-1.95637997902066,-2.65254307856158,4.75712562055268
-1.96854858235583,-2.67216812292512,4.78032022330265
-1.98022585026304,-2.69191241246327,4.80433085326614
-1.99139258085321,-2.71177093817736,4.8291633795733
-2.00202913663093,-2.73173849686751,4.8548234744144
-2.0121154501369,-2.75180968680395,4.88131659695838
-2.0216310306713,-2.77197890346002,4.90864797669118
-2.03055497215411,-2.79224033531813,4.93682259617258
-2.03886596217892,-2.81258795976021,4.96584517321154
-2.04654229231747,-2.83301553905487,4.99572014246181
-2.053561869733,-2.85351661645417,5.0264516364412
-2.05990223016025,-2.87408451241325,5.0580434659795
-2.06554055231076,-2.89471232094686,5.09049910010206
-2.07045367376131,-2.91539290613733,5.12382164535829
-2.07461810838364,-2.93611889880904,5.15801382460595
-2.0780100653726,-2.95688269338518,5.19307795526505
-2.08060546992921,-2.97767644494294,5.22901592705704
-2.08237998565372,-2.99849206648416,5.26582917924786
-2.08330903870265,-3.01932122643857,5.30351867741597
-2.08336784376141,-3.04015534641771,5.34208488976927
-2.08253143188249,-3.06098559923779,5.38152776303787
-2.08077468023605,-3.08180290723056,5.42184669797265
-2.07807234381723,-3.10259794086132,5.46304052448271
-2.07439908915066,-3.12336111767407,5.50510747644824
-2.06972953002906,-3.14408260158374,5.54804516624863
-2.06403826531825,-3.16475230253616,5.59185055904929
-2.05729991885628,-3.18535987655659,5.63651994689418
-2.04948918146875,-3.20589472620767,5.68204892265482
-2.04058085511672,-3.22634600147833,5.72843235389032
-2.0305498991873,-3.24670260112474,5.77566435667695
-2.0193714789296,-3.26695317448502,5.82373826946943
-2.00702101603177,-3.2870861237889,5.87264662706043
-1.99347424132644,-3.30708960698397,5.92238113470844
-1.97870724960324,-3.32695154109933,5.97293264250839
-1.96269655649804,-3.34665960616797,6.02429112008329
-1.94541915741848,-3.36620124972818,6.07644563167903
-1.92685258845546,-3.38556369192413,6.12938431174855
-1.90697498921887,-3.40473393122538,6.18309434111528
-1.88576516752481,-3.42369875078395,6.23756192380937
-1.86320266584947,-3.44244472544726,6.2927722646741
-1.83926782945248,-3.46095822944396,6.34870954784285
-1.81394187605965,-3.47922544475893,6.40535691619063
-1.78720696698183,-3.49723237021243,6.46269645186687
-1.75904627953305,-3.51496483125699,6.52070915801894
-1.72944408059694,-3.5324084905044,6.57937494181861
-1.6983858011766,-3.54954885899339,6.63867259890522
-1.66585811174842,-3.56637130820703,6.69857979936167
-1.63184899822601,-3.58286108284683,6.75907307534022
-1.59634783832592,-3.59900331436872,6.82012781045638
-1.55934547811227,-3.61478303528372,6.88171823106929
-1.52083430848307,-3.63018519422406,6.94381739956732
-1.48080834134706,-3.64519467177268,7.00639720977653
-1.43926328522594,-3.65979629705204,7.069428384609
-1.39619662000387,-3.67397486506474,7.13288047606586
-1.35160767053304,-3.68771515477632,7.19672186770763
-1.30549767879248,-3.70100194792702,7.26091977970131
-1.25786987428564,-3.71382004855667,7.32544027654996
-1.20872954235257,-3.72615430322333,7.3902482776059
-1.1580840900627,-3.73798962189335,7.45530757046362
-1.1059431093469,-3.7493109994767,7.52058082732215
-1.05231843702034,-3.76010353797844,7.58602962440027
-0.997224211342897,-3.77035246923347,7.65161446448016
-0.940676924760204,-3.78004317818793,7.71729480264679
-0.882695472466487,-3.78916122668753,7.78302907528119
-0.823301196430668,-3.79769237772914,7.84877473235619
-0.76251792452901,-3.80562262012836,7.91448827307202
-0.700372004431818,-3.81293819355257,7.98012528485842
-0.636892331897948,-3.81962561386518,8.04564048575721
-0.57211037313945,-3.82567169872334,8.11098777018708
-0.506060180929573,-3.83106359336845,8.17612025807859
-0.438778404140656,-3.83578879654499,8.24099034735344
-0.370304290414206,-3.83983518648073,8.30554976970773
-0.300679681683655,-3.84319104685811,8.3697496496438
-0.229949002291061,-3.84584509270401,8.43354056667986
-0.158159239462153,-3.84778649612265,8.49687262065097
-0.0853599159298026,-3.84900491179421,8.55969549999894
-0.0116030545240139,-3.84949050215956,8.62195855293266
0.0630568654231457,-3.84923396221018,8.68361086132411
0.138562959976677,-3.84822654380062,8.74460131718939
0.214856000886216,-3.84646007940008,8.80487870158783
0.291874484309834,-3.84392700519905,8.8643917657569
0.369554707983489,-3.84062038348636,8.92308931428493
0.447830856805664,-3.83653392421244,8.9809202901091
0.526635096765393,-3.83166200565506,9.03783386111173
0.605897677099534,-3.82599969410433,9.09377950807428
0.685547040521856,-3.8195427624858,9.14870711373606
0.765509941322672,-3.8122877078416,9.2025670526925
0.845711571093682,-3.80423176759233,9.25531028185735
0.926075691788534,-3.79537293450472,9.3068884312035
1.00652477578592,-3.78570997029333,9.35725389448894
1.08698015257895,-3.77524241778829,9.40635991966717
1.16736216167247,-3.76397061160456,9.4541606986762
1.24759031122932,-3.75189568725325,9.50061145629596
1.32758344196757,-3.73901958863966,9.54566853776169
1.40725989577362,-3.72534507389839,9.58928949482022
1.48653768846172,-3.71087571952105,9.63143316991667
1.56533468607818,-3.69561592273815,9.6720597782021
1.64356878411989,-3.67957090212287,9.71113098705671
1.72115808901077,-3.66274669639074,9.7486099928297
1.79802110115765,-3.64515016137615,9.78446159450437
1.87407689888886,-3.62678896517325,9.81865226400699
1.94924532256385,-3.60767158143603,9.85115021288914
2.02344715813223,-3.58780728083946,9.8819254551262
2.09660431941433,-3.56720612071081,9.9109498657891
2.1686400283738,-3.5458789328476,9.93819723536257
2.23947899265538,-3.52383730954592,9.96364331950049
2.30904757966857,-3.50109358786998,9.98726588402763
2.37727398650928,-3.47766083220116,10.0090447450171
2.44408840502818,-3.45355281511141,10.0289618037938
2.50942318137463,-3.42878399661315,10.0470010767354
2.57321296937019,-3.40336950184402,10.0631487197667
2.63539487709445,-3.37732509725126,10.0773930474643
2.69590860609855,-3.35066716534679,10.0897245467146
2.75469658269833,-3.32341267810909,10.1001358848897
2.81170408083859,-3.29557916911413,10.1086219125328
2.86687933606291,-3.26718470448153,10.1151796605671
2.92017365016888,-3.23824785272746,10.1198083320658
2.97154148617649,-3.20878765361898,10.1225092886469
3.02094055328771,-3.1788235861286,10.1232860315767
3.06833188156636,-3.1483755355904,10.1221441776917
3.11367988612085,-3.11746376016161,10.1190914302667
3.15695242062551,-3.08610885669572,10.114137544981
3.19812082007085,-3.05433172613399,10.1072942911527
3.23715993268702,-3.02215353852366,10.0985754084297
3.27404814103862,-2.98959569777108,10.0879965591437
3.30876737234234,-2.95667980623784,10.0755752765493
3.34130309811052,-2.92342762928717,10.0613309091848
3.37164432327464,-2.88986105988668,10.0452845616032
3.39978356499111,-2.85600208337169,10.0274590317359
3.42571682137843,-2.82187274247093,10.0078787451566
3.44944353047898,-2.78749510269419,9.98656968652601
3.47096651978004,-2.7528912181777,9.96355932850054
3.49029194666711,-2.71808309808005,9.9388765583948
3.50742923021818,-2.6830926736172,9.91255160288915
3.52239097477949,-2.64794176582101,9.88461595107627
3.53519288579215,-2.61265205410117,9.8551022761395
3.54585367836395,-2.57724504568557,9.824044355954
3.55439497910241,-2.54174204600906,9.79147699289869
3.56084122174277,-2.50616413011539,9.75743593316167
3.56521953711911,-2.47053211513155,9.7219577858162
3.56755963803701,-2.43486653386848,9.68507994193638
3.56789369961376,-2.39918760959602,9.64684049401364
3.56625623565497,-2.36351523203492,9.6072781559249
3.56268397163723,-2.32786893460242,9.56643218369326
3.55721571486296,-2.29226787294265,9.52434229727001
3.54989222234756,-2.25673080476728,9.48104860355502
3.54075606698981,-2.2212760710263,9.43659152085918
3.52985150256464,-2.18592157842353,9.39101170499964
3.5172243280629,-2.15068478328576,9.34434997720424
3.5029217518861,-2.11558267678975,9.29664725398763
3.48699225638508,-2.08063177154588,9.24794447914718
3.46948546321106,-2.0458480895328,9.19828255801184
3.45045199992484,-2.01124715137257,9.14770229406317
3.42994336828625,-1.97684396693174,9.09624432803261
3.40801181462079,-1.94265302722935,9.04394907956512
3.38471020263447,-1.90868829762942,8.99085669152498
3.36009188902095,-1.87496321229159,8.93700697700576
3.33421060217787,-1.84149066985034,8.88243936909301
3.30712032432145,-1.80828303029033,8.82719287341512
3.27887517726075,-1.77535211298252,8.77130602350537
3.24952931206516,-1.7427091958432,8.7148168389859
3.21913680283108,-1.71036501557608,8.65776278657334
3.18775154472656,-1.67832976895541,8.60018074389439
3.15542715646627,-1.64661311510662,8.54210696609007
3.12221688734269,-1.61522417873958,8.48357705517729
3.08817352891474,-1.58417155428828,8.42462593212783
3.0533493314303,-1.55346331091,8.36528781161658
3.0177959250361,-1.52310699829638,8.30559617938317
2.98156424580582,-1.49310965324837,8.24558377214486
2.94470446659656,-1.46347780696662,8.18528255999161
2.90726593272339,-1.43421749300932,8.12472373118979
2.86929710242338,-1.40533425586928,8.06393767931529
2.83084549206286,-1.37683316012257,8.00295399263335
2.7919576260255,-1.3487188001017,7.94180144563855
2.75267899120392,-1.32099531004676,7.88050799266564
2.71305399600405,-1.29366637468902,7.81910076347963
2.67312593375889,-1.26673524022239,7.75760606075155
2.63293695043761,-1.2402047256191,7.69604935932551
2.59252801652585,-1.21407723424738,7.63445530718144
2.55193890294446,-1.18835476574999,7.57284772799803
2.51120816086686,-1.163038928144,7.51124962522032
2.47037310528824,-1.13813095010344,7.44968318753713
2.42946980219537,-1.11363169338821,7.38816979567426
2.38853305918087,-1.08954166538386,7.3267300304109
2.3475964193431,-1.06586103171876,7.26538368172809
2.30669215831032,-1.04258962892638,7.20414975900009
2.2658512842264,-1.01972697712253,7.14304650214156
2.22510354053466,-0.997272292668495,7.08209139362572
2.18447741139691,-0.975224500793132,7.02130117129142
2.14400012958508,-0.953582248148168,6.96069184185946
2.10369768668491,-0.932343915272965,6.90027869508149
2.06359484545275,-0.911507628946325,6.84007631844785
2.02371515416944,-0.891071274404611,6.78009861238345
1.98408096283829,-0.871032507406988,6.72035880586419
1.94471344107745,-0.851388766130085,6.66086947238949
1.90563259756119,-0.832137282875877,6.60164254624951
1.86685730086846,-0.813275095577991,6.54268933902906
1.828405301602,-0.794799059093067,6.48402055629335
1.79029325564537,-0.776705856265134,6.42564631440366
1.7525367484309,-0.758992008752246,6.36757615741454
1.715150320096,-0.741653887605912,6.30981907400685
1.6781474914108,-0.724687723594994,6.25238351441428
1.64154079036524,-0.708089617266957,6.19527740730373
1.60534177930896,-0.69185554874038,6.1385081765731
1.56956108254289,-0.675981387223748,6.08208275803248
1.53420841426642,-0.660462900256452,6.02600761593784
1.49929260678974,-0.64529576266893,5.97028875934867
1.46482163892576,-0.630475565259718,5.91493175828375
1.43080266448161,-0.615997823188014,5.85994175965155
1.39724204077444,-0.601857984081146,5.8053235029341
1.36414535710149,-0.588051435857058,5.75108133560554
1.3315174630991,-0.574573514262595,5.69721922826847
1.29936249693015,-0.561419510129008,5.64374078949346
1.26768391324412,-0.548584676346676,5.59064928034884
1.23648451085808,-0.536064234561582,5.53794762860974
1.2057664601116,-0.523853381596576,5.48563844263713
1.17553132985259,-0.51194729560089,5.43372402491913
1.14578011401482,-0.500341141931819,5.38220638526837
1.11651325775212,-0.489030078772804,5.33108725367074
1.08773068309746,-0.478009262492527,5.2803680927818
1.05943181411891,-0.467273852749913,5.23005011006893
1.03161560154765,-0.456819017350189,5.18013426959779
1.00428054685631,-0.446639936857391,5.13062130346324
0.977424725768905,-0.436731808968925,5.08151172286544
0.951045811186535,-0.427089852657929,5.03280582883298
0.925141095515543,-0.417709312089358,4.9845037225956
0.899707512387329,-0.408585460315822,4.93660531560974
0.874741657761396,-0.399713602759307,4.88911033924088
0.850239810405349,-0.391089080484966,4.84201835410729
0.826197951747602,-0.382707273273256,4.79532875909023
0.802611785100437,-0.374563602496687,4.74904080001604
0.779476754252825,-0.366653533807497,4.70315357801632
0.756788061434026,-0.358972579642538,4.65766605757227
0.734540684650489,-0.351516301551674,4.61257707425005
0.712729394399939,-0.344280312355918,4.56788534213393
0.691348769767797,-0.337260278141525,4.52358946096441
0.670393213912229,-0.330451920096187,4.47968792298867
0.649856968945151,-0.323851016193393,4.43617911953069
0.629734130217464,-0.317453402730982,4.39306134728885
0.610018660017628,-0.311254975729767,4.35033281436833
0.590704400693445,-0.305251692198079,4.30799164605637
0.571785087207587,-0.299439571267927,4.26603589034786
0.553254359137981,-0.293814695208391,4.22446352322913
0.535105772134698,-0.288373210321734,4.18327245372757
0.517332808845402,-0.283111327727617,4.14246052873481
0.499928889321817,-0.278025324040667,4.102025537611
0.482887380919963,-0.273111541946514,4.06196521657772
0.466201607707168,-0.268366390681307,4.02227725290699
0.449864859389074,-0.263786346419577,3.98295928891361
0.433870399769978,-0.259367952575164,3.94400892575816
0.418211474759974,-0.255107820019824,3.90542372706761
0.402881319942416,-0.251002627223972,3.86720122238047
0.387873167715224,-0.247049120323895,3.82933891042343
0.373180254019562,-0.243244113119627,3.79183426222589
0.358795824669346,-0.239584487007534,3.75468472407902
0.344713141294971,-0.236067190851561,3.71788772034567
0.330925486914525,-0.232689240796899,3.68144065612712
0.317426171145636,-0.229447720029761,3.64534091979287
0.304208535070936,-0.226339778486771,3.60958588537909
0.29126595576993,-0.223362632517384,3.57417291486152
0.278591850529908,-0.220513564502599,3.53909936030822
0.266179680748268,-0.217789922433122,3.50436256591743
0.254022955538438,-0.215189119449987,3.46995986994578
0.242115235051318,-0.21270863335056,3.43588860653176
0.230450133523935,-0.210346006062698,3.40214610741916
0.219021322066725,-0.208098843089739,3.36872970358529
0.207822531200601,-0.205964812928874,3.33563672677829
0.196847553154694,-0.203941646465366,3.30286451096789
0.18609024393537,-0.202027136344931,3.2704103937138
0.175544525176851,-0.200219136326536,3.23827171745566
0.165204385783476,-0.19851556061774,3.2064458307285
0.155063883373356,-0.196914383194613,3.17493008930724
0.145117145532887,-0.195413637108172,3.14372185728394
0.13535837089131,-0.194011413779179,3.1128185080812
0.125781830024187,-0.192705862283055,3.08221742540482
0.11638186619442,-0.191495188626583,3.05191600413905
0.107152895939122,-0.190377655017972,3.02191165118746
0.0980894095103807,-0.189351579131794,2.99220178626205
0.0891859711776809,-0.188415333370208,2.96278384262376
0.080437219399471,-0.187567344121828,2.9336552677767
0.071837866871087,-0.186806091019485,2.90481352411886
0.0633827004559858,-0.186130106198116,2.87625608955161
0.0550665810069759,-0.18553797355388,2.84798045805034
0.0468844430838737,-0.185028328005599,2.81998414019859
0.0388312945737655,-0.184599854759505,2.79226466368757
0.0309022162198062,-0.184251288578248,2.76481957378332
0.0230923610642458,-0.183981413055054,2.73764643376338
0.0153969538111374,-0.183789059893854,2.71074282532477
0.00781129011395417,-0.183673108196168,2.6841063489652
0.000330735793114573,-0.183632483755467,2.65773462433905
-0.0070492740117989,-0.18366615835969,2.63162529058989
-0.0143332357505569,-0.183773149102543,2.60577600666103
-0.0215255784271703,-0.183952517704178,2.58018445158554
-0.0286306646169805,-0.184203369841773,2.55484832475726
-0.035652791531983,-0.184524854490539,2.52976534618406
-0.0425961921305971,-0.184916163275593,2.50493325672476
-0.0494650362682822,-0.185376529835148,2.4803498183108
-0.0562634318855722,-0.185905229195395,2.45601281415402
-0.0629954262302726,-0.186501577157429,2.43192004894149
-0.0696650071107277,-0.187164929696575,2.40806934901866
-0.0762761041772246,-0.187894682374369,2.38445856256179
-0.0828325902287516,-0.188690269763496,2.36108555974061
-0.0893382825424798,-0.189551164885903,2.33794823287227
-0.0957969442234725,-0.190476878664319,2.31504449656739
-0.10221228557227,-0.191466959387351,2.29237228786917
-0.108587965468125,-0.19252099218835,2.26992956638637
-0.114927592765784,-0.193638598538164,2.24771431442096
-0.121234727703848,-0.194819435751932,2.22572453709127
-0.127512883322837,-0.196063196510004,2.20395826245134
-0.133765526891224,-0.197369608393082,2.18241354160719
-0.139996081337775,-0.198738433431658,2.16108844883079
-0.146207926688665,-0.200169467669801,2.1399810816723
-0.152404401507923,-0.201662540743329,2.11908956107136
-0.158588804339849,-0.2032175154724,2.09841203146788
-0.16476439515214,-0.204834287468527,2.0779466609132
-0.170934396778543,-0.206512784756031,2.05769164118196
-0.177101996359947,-0.208252967407904,2.03764518788546
-0.183270346782868,-0.21005482719608,2.01780554058696
-0.189442568114402,-0.211918387256065,1.99817096291957
-0.195621749032745,-0.213843701765901,1.97873974270714
-0.201810948252472,-0.215830855639411,1.95951019208886
-0.208013195943822,-0.217879964233659,1.94048064764797
-0.214231495145282,-0.219991173070581,1.92164947054512
-0.220468823168844,-0.222164657572695,1.90301504665693
-0.22672813299733,-0.224400622812834,1.88457578672017
-0.233012354673256,-0.226699303277803,1.86633012648223
-0.239324396678733,-0.229060962645884,1.84827652685814
-0.245667147305955,-0.231485893578093,1.83041347409487
-0.252043476017857,-0.233974417523092,1.81273947994318
-0.258456234798576,-0.236526884535656,1.79525308183774
-0.264908259493366,-0.239143673108595,1.77795284308582
-0.271402371137659,-0.241825190018021,1.76083735306515
-0.277941377274993,-0.244571870181847,1.74390522743139
-0.284528073263554,-0.247384176531408,1.72715510833578
-0.291165243571098,-0.250262599896097,1.71058566465336
-0.29785566305805,-0.253207658900883,1.69419559222242
-0.30460209824859,-0.256219899876603,1.67798361409556
-0.311407308589552,-0.259299896782906,1.66194848080287
-0.318274047696985,-0.262448251143722,1.64608897062797
-0.325205064590227,-0.265665591995133,1.63040388989711
-0.332203104913366,-0.268952575845526,1.61489207328219
-0.339270912143959,-0.272309886647897,1.59955238411805
-0.346411228788887,-0.27573823578417,1.58438371473469
-0.353626797567243,-0.279238362061418,1.56938498680494
-0.360920362580141,-0.282811031719848,1.5545551517082
-0.368294670467316,-0.286457038452411,1.5398931909109
-0.375752471550436,-0.29017720343592,1.52539811636415
-0.383296520962977,-0.293972375373525,1.51106897091938
-0.390929579766561,-0.297843430548428,1.49690482876249
-0.39865441605362,-0.301791272888689,1.4829047958672
-0.406473806036243,-0.305816834042988,1.46906801046836
-0.414390535121065,-0.309921073467209,1.45539364355574
-0.422407398970028,-0.3141049785217,1.44188089938923
-0.430527204546827,-0.318369564579073,1.42852901603599
-0.438752771148864,-0.322715875142388,1.41533726593043
-0.447086931424466,-0.327144981973597,1.40230495645772
-0.455532532375152,-0.331657985232068,1.38943143056167
-0.464092436342665,-0.336256013623072,1.37671606737774
-0.4727695219805,-0.340940224556051,1.36415828289217
-0.481566685209592,-0.345711804312531,1.35175753062784
-0.490486840157821,-0.350571968223506,1.33951330235803
-0.499532920082962,-0.355521960856134,1.32742512884876
-0.508707878278644,-0.360563056209584,1.31549258063085
-0.518014688962883,-0.36569655791985,1.30371526880251
-0.527456348148676,-0.370923799473364,1.29209284586357
-0.537035874496128,-0.376246144429218,1.2806250065823
-0.546756310145526,-0.381664986649824,1.26931148889599
-0.556620721530715,-0.387181750539792,1.25815207484624
-0.566632200172115,-0.392797891292852,1.24714659155016
-0.576793863448611,-0.398514895146598,1.23629491220869
-0.587108855347543,-0.404334279644837,1.22559695715307
-0.597580347191921,-0.410257593907333,1.2150526949309
-0.608211538343949,-0.416286418906699,1.20466214343283
-0.619005656883876,-0.422422367752206,1.19442537106136
-0.62996596026309,-0.428667085980249,1.18434249794295
-0.641095735930342,-0.435022251851214,1.17441369718492
-0.652398301929864,-0.441489576652465,1.16463919617849
-0.663877007470098,-0.448070805007169,1.15501927794939
-0.675535233461631,-0.454767715188652,1.14555428255767
-0.687376393022867,-0.461582119439977,1.13624460854803
-0.699403931951853,-0.468515864298413,1.12709071445248
-0.711621329162588,-0.475570830924439,1.11809312034678
-0.724032097084017,-0.482748935434933,1.10925240946241
-0.736639782019817,-0.490052129240152,1.1005692298558
-0.74944796446696,-0.497482399384109,1.09204429613648
-0.762460259390915,-0.50504176888792,1.08367839125613
-0.775680316455201,-0.512732297095673,1.07547236836016
-0.789111820202912,-0.520556080022358,1.06742715270394
-0.802758490187642,-0.528515250703363,1.0595437436355
-0.816624081051117,-0.536611979545009,1.05182321664671
-0.830712382544684,-0.54484847467559,1.04426672549508
-0.845027219491622,-0.55322698229633,1.03687550439817
-0.859572451687099,-0.561749787031654,1.02965087030283
-0.874351973732383,-0.570419212278137,1.02259422523143
-0.889369714799756,-0.579237620551447,1.0157070587074
-0.904629638324363,-0.588207413830579,1.00899095026231
-0.92013574161903,-0.59733103389862,1.00244757202687
-0.935892055407859,-0.606610962679267,0.99607869140826
-0.951902643274197,-0.616049722568251,0.989886173856283
-0.968171601018315,-0.625649876758794,0.983871985720751
-0.984703055919907,-0.635414029560174,0.97803819720275
-1.00150116590025,-0.645344826708417,0.972386985402328
-1.01857011857856,-0.655444955668082,0.966920637465289
-1.03591413021693,-0.665717145924062,0.961641553831749
-1.05353744454767,-0.676164169262251,0.956552251589231
-1.07144433147688,-0.686788840037868,0.951655367933039
-1.08963908565757,-0.697594015430172,0.946953663736751
-1.10812602492527,-0.70858259568223,0.942450027235684
-1.12690948858889,-0.719757524324316,0.9381474778262
-1.14599383556906,-0.731121788379471,0.9340491699838
-1.16538344237594,-0.742678418549642,0.930158397302926
-1.18508270091792,-0.754430489380768,0.926478596661459
-1.20509601613234,-0.766381119405071,0.923013352512886
-1.22542780342896,-0.778533471258717,0.919766401309152
-1.24608248593633,-0.790890751772942,0.91674163605719
-1.26706449154073,-0.803456212036618,0.91394311101215
-1.28837824970717,-0.816233147428111,0.911375046510334
-1.31002818807091,-0.829224897614232,0.909041833944818
-1.33201872878794,-0.842434846513891,0.906948040886749
-1.35435428463198,-0.855866422224009,0.905098416355239
-1.37703925482521,-0.869523096905077,0.903497896238786
-1.40007802058904,-0.883408386623631,0.90215160887104
-1.42347494040117,-0.89752585114878,0.901064880763734
-1.44723434494385,-0.911879093699779,0.900243242499483
-1.47136053172822,-0.926471760641468,0.899692434787065
-1.49585775937858,-0.941307541124272,0.899418414681731
-1.52073024155991,-0.956390166665278,0.899427361972927
-1.54598214053103,-0.971723410666726,0.899725685741709
-1.57161756030538,-0.987311087868084,0.900320031089938
-1.59764053940034,-1.0031570537277,0.901217286043213
-1.62405504315538,-1.01926520372977,0.902424588629264
-1.65086495559839,-1.03563947261234,0.9039493341333
-1.67807407083901,-1.05228383351148,0.90579918253161
-1.70568608396649,-1.06920229701708,0.907982066104365
-1.73370458142914,-1.08639891013494,0.910506197228333
-1.76213303087135,-1.10387775515003,0.913380076349825
-1.79097477040328,-1.12164294838529,0.916612500137873
-1.82023299727741,-1.13969863885014,0.920212569817175
-1.84991075594535,-1.15804900677277,0.924189699679954
-1.88001092546697,-1.17669826200968,0.928553625775343
-1.91053620624363,-1.19565064232601,0.933314414774404
-1.94148910604547,-1.21491041153974,0.938482473008291
-1.97287192530267,-1.23448185752238,0.944068555676461
-2.00468674162885,-1.25436929004892,0.95008377622111
-2.03693539354438,-1.27457703848892,0.956539615863323
-2.06961946336601,-1.29510944933073,0.963447933295574
-2.10274025922869,-1.31597088353032,0.970820974524374
-2.13629879620418,-1.33716571367581,0.978671382855923
-2.17029577648034,-1.35869832095854,0.9870122090166
-2.20473156856419,-1.38057309194109,0.995856921399045
-2.23960618547078,-1.40279441511222,1.00521941642344
-2.27491926185942,-1.4253666772186,1.01511402900226
-2.31067003007787,-1.44829425936235,1.02555554309559
-2.34685729507462,-1.47158153285346,1.0365592023424
-2.38347940813863,-1.49523285480551,1.04814072075184
-2.42053423942568,-1.51925256346269,1.06031629343698
-2.45801914922984,-1.54364497324592,1.07310260737141
-2.4959309579585,-1.56841436950521,1.08651685214745
-2.53426591476913,-1.5935650029651,1.10057673071277
-2.57301966482615,-1.61910108384961,1.11530047005971
-2.61218721513628,-1.64502677567268,1.13070683183988
-2.65176289892129,-1.67134618867971,1.14681512287365
-2.69174033848756,-1.69806337292532,1.16364520552194
-2.73211240655273,-1.72518231097214,1.1812175078849
-2.77287118599087,-1.75270691019496,1.19955303378914
-2.81400792795879,-1.78064099467431,1.21867337252216
-2.85551300836802,-1.80898829666304,1.23860070826962
-2.89737588266892,-1.83775244760919,1.25935782920718
-2.93958503891568,-1.86693696871817,1.28096813619576
-2.98212794908406,-1.89654526103683,1.30345565102482
-3.02499101861677,-1.92658059504191,1.3268450241444
-3.06815953417524,-1.95704609971498,1.35116154182273
-3.11161760958074,-1.98794475108579,1.37643113266173
-3.15534812993301,-2.01927936022606,1.40268037339808
-3.19933269389948,-2.05105256067519,1.42993649391315
-3.2435515541749,-2.08326679527976,1.45822738136973
-3.28798355611788,-2.11592430242851,1.48758158338873
-3.33260607457819,-2.14902710166462,1.51802831017345
-3.37739494893789,-2.18257697865729,1.54959743548362
-3.42232441639793,-2.21657546951494,1.58231949635567
-3.46736704355293,-2.25102384442272,1.61622569145973
-3.51249365630759,-2.28592309058731,1.65134787797801
-3.55767326820112,-2.32127389447299,1.68771856688264
-3.60287300721927,-2.35707662331327,1.72537091648508
-3.64805804118843,-2.39333130588345,1.76433872412241
-3.6931915018624,-2.43003761252048,1.80465641583939
-3.73823440782966,-2.46719483437773,1.84635903391844
-3.78314558638766,-2.50480186190348,1.88948222210298
-3.82788159455107,-2.5428571625337,1.93406220835282
-3.87239663938245,-2.58135875759137,1.98013578496364
-3.91664249785714,-2.62030419838654,2.02774028587566
-3.96056843649916,-2.65969054151376,2.07691356099061
-4.00412113105129,-2.69951432334577,2.12769394730898
-4.04724458647096,-2.73977153372522,2.18012023669405
-4.08988005757347,-2.7804575888594,2.23423164006288
-4.13196597067582,-2.82156730342602,2.29006774779906
-4.17343784662802,-2.86309486190207,2.34766848617714
-4.21422822565383,-2.90503378913166,2.40707406958363
-4.25426659446011,-2.94737692015318,2.46832494831629
-4.29347931611244,-2.99011636931103,2.53146175173945
-4.33178956321512,-3.03324349868209,2.59652522657146
-4.3691172549753,-3.07674888585293,2.66355617007854
-4.40537899877464,-3.12062229108971,2.73259535794935
-4.44048803691598,-3.16485262394899,2.80368346662542
-4.47435419925863,-3.20942790938495,2.87686098986509
-4.5068838625022,-3.2543352534155,2.95216814932233
-4.53797991692628,-3.29956080841779,3.02964479892778
-4.56754174144084,-3.34508973813198,3.1093303228666
-4.59546518784994,-3.3909061824608,3.19126352695744
-4.62164257527862,-3.43699322216174,3.27548252324886
-4.64596269575941,-3.48333284353848,3.36202460766357
-4.66831083202009,-3.52990590324825,3.45092613053814
-4.68856878855794,-3.57669209335266,3.54222235992563
-4.70661493712653,-3.62366990675032,3.63594733755132
-4.72232427779918,-3.67081660314124,3.73213372733829
-4.73556851680716,-3.71810817568473,3.8308126564489
-4.74621616238024,-3.76551931852469,3.93201354882189
-4.75413263984102,-3.81302339536845,4.0357639512218
-4.75918042722208,-3.86059240931818,4.14208935185883
-4.76121921268476,-3.90819697416637,4.25101299168243
-4.76010607502029,-3.95580628737987,4.36255566850211
-4.75569568850552,-4.00338810500963,4.47673553414262
-4.74784055336704,-4.05090871877603,4.59356788489983
-4.73639125307632,-4.09833293559201,4.71306494562675
-4.72119673965471,-4.14562405979819,4.83523564784692
-4.70210464810851,-4.19274387839587,4.9600854023652
-4.67896164104028,-4.23965264957433,5.08761586692235
-4.65161378439101,-4.28630909483927,5.21782470952149
-4.61990695515883,-4.33267039505772,5.35070536813941
-4.58368728181066,-4.37869219074327,5.48624680762504
-4.5428016179544,-4.42432858691116,5.62443327467958
-4.49709804966811,-4.46953216283818,5.76524405190845
-4.44642643668982,-4.51425398706511,5.90865321203298
-4.39063898745541,-4.55844363798035,6.05462937344929
-4.3295908677322,-4.60204923032227,6.20313545842246
-4.26314084233263,-4.64501744793379,6.35412845530503
-4.19115194910478,-4.68729358309639,6.50755918626843
-4.11349220408578,-4.72882158276072,6.66337208213457
-4.03003533637038,-4.76954410197888,6.82150496598936
-3.94066155089122,-4.80940256482642,6.98188884735097
-3.84525831693136,-4.84833723308291,7.14444772875041
-3.74372117979511,-4.88628728291568,7.30909842665982
-3.63595459265261,-4.92319088978381,7.47575040877286
-3.52187276514944,-4.95898532174741,7.64430564969991
-3.40140052493954,-4.99360704133101,7.81465850718748
-3.27447418785962,-5.02699181604923,7.98669562100333
-3.14104243202327,-5.05907483765789,8.16029583664606
-3.00106717067584,-5.0897908501444,8.33533015603683
-2.8545244182241,-5.11907428641733,8.51166171733183
-2.70140514344305,-5.14685941359737,8.68914580595288
-2.54171610347281,-5.17308048674977,8.86762989887127
-2.37548065185839,-5.19767191083278,9.04695374409282
-2.20273951356159,-5.22056841056722,9.22694947718083
-2.02355151959457,-5.24170520786068,9.40744177651528
-1.83799429369733,-5.26101820634457,9.58824805882226
-1.64616488331302,-5.27844418250591,9.76917871631521
-1.44818032701429,-5.29392098281779,9.95003739656986
-1.24417815050789,-5.30738772619344,10.1306213260074
-1.03431678339956,-5.31878501101067,10.3107216775867
-0.818775889045046,-5.32805512587567,10.4901239830056
-0.597756600049224,-5.33514226321962,10.6686085893889
-0.371481652310342,-5.33999273474883,10.8459511600916
-0.140195410942672,-5.34255518769995,11.0219232188819
0.0958362180490654,-5.34278082078815,11.196292736382
0.336325995825439,-5.34062359867752,11.3688247572517
0.58096568323184,-5.33604046375232,11.5392820661874
0.829426501666048,-5.32899154392406,11.7074258904013
1.08135972523208,-5.31944035517555,11.8730166358313
1.33639740608225,-5.30735399751858,12.03581465392
1.59415323373101,-5.29270334302851,12.1955810354089
1.85422352793399,-5.27546321461696,12.3520784272017
2.1161883634756,-5.25561255421438,12.5050718679952
2.37961282391264,-5.23313457905686,12.654329638035
2.64404837999465,-5.20801692480799,12.7996241180506
2.90903438714175,-5.18025177429607,12.9407326521589
3.17409969502452,-5.14983597070961,13.0774384093004
3.43876436097831,-5.11677111417045,13.2095312375975
3.70254145771411,-5.0810636406928,13.3368085059
3.96493896458165,-5.042724882638,13.459075926716
4.22546173051492,-5.00177110988786,13.5761483547143
4.48361349576731,-4.95822355108351,13.6878505550418
4.7388989586389,-4.91210839441004,13.7940179358054
4.99082587263099,-4.86345676754938,13.8944972392524
5.23890715884602,-4.81230469657252,13.989147186417
5.48266301799851,-4.7586930436965,14.077839070302
5.72162302612506,-4.70266742398949,14.1604572930231
5.95532819798602,-4.64427810126698,14.2368998427536
6.18333300224367,-4.58357986358191,14.3070787067728
6.40520731278295,-4.52063187886943,14.3709202174263
6.62053828101028,-4.45549753146122,14.4283653283551
6.82893211461785,-4.38824424033266,14.4793698189293
7.03001574912901,-4.3189432600875,14.5239044254251
7.22343839953232,-4.24766946581647,14.5619548981059
7.40887298045536,-4.1745011230878,14.5935219839994
7.58601738460721,-4.09951964443662,14.6186213357931
7.75459561061254,-4.02280933381618,14.637283347894
7.91435873285009,-3.94445712055526,14.6495529213111
8.06508570747216,-3.86455228443203,14.6554891596007
8.20658401039603,-3.78318617352509,14.6551649986742
8.33869010470067,-3.70045191653609,14.6486667737851
8.46126973650795,-3.61644413129586,14.6360937274876
8.57421806005445,-3.53125863116706,14.6175574627884
8.677459594245,-3.44499213104126,14.5931813460853
8.7709480145016,-3.35774195459773,14.5630998648063
8.85466578516136,-3.26960574444607,14.5274579449218
8.92862363901732,-3.18068117671501,14.4864102337008
8.99285991182088,-3.09106568157815,14.4401203532197
9.04743974066153,-3.00085617112296,14.3887601302088
9.09245413609744,-2.91014877587598,14.3325088078391
9.12801893872273,-2.81903859119361,14.271552245011
9.15427367151768,-2.72761943461804,14.2060821086096
9.17138029983532,-2.63598361518157,14.1362950640472
9.17952191123164,-2.54422171552205,14.0623919692174
9.17890132754955,-2.4524223875492,13.9845770767474
9.16973966172413,-2.36067216227682,13.9030572491649
9.15227483169483,-2.26905527431167,13.8180411912836
9.1267600435986,-2.17765350136683,13.7297387037813
9.09346225608604,-2.08654601904725,13.6383599615873
9.05266063716211,-1.99580927103875,13.5441148203243
9.0046450244162,-1.90551685472054,13.4472121536679
8.94971439888635,-1.81573942211541,13.3478592240979
8.8881753821122,-1.72654459599316,13.2462610891279
8.82034076518466,-1.63799690085037,13.1426200447134
8.74652807781023,-1.55015770840602,13.0371351071623
8.66705820458772,-1.46308519717609,12.930001534505
8.58225405485642,-1.37683432562237,12.8214103879324
8.49243929163018,-1.29145681831174,12.7115481335768
8.39793712429145,-1.20700116447075,12.6005962845971
8.29906916889287,-1.12351262827813,12.4887310832416
8.19615437911097,-1.04103327020324,12.3761232222931
8.08950805012368,-0.959601978671959,12.2629376050611
7.97944089694809,-0.879254511322438,12.1493331428673
7.86625820808209,-0.800023545101425,12.0354625887808
7.7502590746478,-0.72193873444656,11.9214724061937
7.63173569463926,-0.645026776801151,11.8075026706875
7.51097275133453,-0.569311484714658,11.6936870035242
7.38824686444307,-0.494813863794006,11.5801525350029
7.26382611212591,-0.421552195787336,11.4670198958547
7.13796962164579,-0.349542126102397,11.3544032347966
7.01092722607857,-0.278796755085871,11.2424102603372
6.88293918424226,-0.209326732417023,11.1311423049156
6.75423596077581,-0.141140353998677,11.0206944094597
6.62503806312207,-0.0742436607601175,10.9111554264691
6.4955559320369,-0.00864053881967812,10.8026081397634
6.36598988215492,0.0556671795109712,10.6951293990805
6.23653008908972,0.118679614363806,10.5887902677632
6.10735661952783,0.180398737040352,10.4836561818406
5.97863950078992,0.240828269238788,10.3797871188765
5.85053882637355,0.299973583159453,10.277237775039
5.72320489405881,0.357841602831402,10.1760577489217
5.59677837324557,0.41444070696892,10.0762917307372
5.4713904982976,0.469780633634072,9.97797969558574
5.34716328479025,0.523872386949751,9.88115709959211
5.22420976569255,0.576728146077284,9.78585507779276
5.10263424465854,0.628361176643704,9.69210064274188
4.98253256375439,0.678785744776269,9.59991688289247
4.86399238310424,0.728017033875884,9.50932315989346
4.74709347009811,0.776071064236686,9.42033530402621
4.63190799596605,0.822964615596301,9.33296580708384
4.51850083768457,0.868715152680133,9.24722401207322
4.40692988334018,0.913340753783504,9.16311629919293
4.29724633923215,0.95686004241748,9.08064626760985
4.18949503714915,0.999292122027853,8.99981491262288
4.08371474040234,1.04065651378178,8.92062079786426
3.97993844734039,1.08097309740318,8.84306022224658
3.87819369120785,1.12026205502588,8.76712738141754
3.77850283533866,1.15854381802278,8.69281452353448
3.68088336279945,1.19583901676,8.62011209921672
3.58534815971323,1.23216843321629,8.54900890557561
3.49190579160315,1.26755295640144,8.47949222426125
3.4005607721973,1.30201354050077,8.41154795349909
3.31131382423016,1.335571165668,8.34516073412167
3.22416213186339,1.36824680138459,8.28031406962848
3.13909958442936,1.4000613723,8.21699044033232
3.05611701127383,1.43103572646514,8.15517141167262
2.97520240754196,1.46119060586904,8.09483773679545
2.89634115081215,1.4905466191876,8.03596945351697
2.81951620853721,1.51912421665288,7.97854597580127
2.74470833630159,1.54694366695067,7.92254617989599
2.67189626694716,1.57402503605511,7.86794848527894
2.60105689065868,1.6003881679091,7.81473093057739
2.53216542613432,1.62605266686098,7.76287124462813
2.46519558299597,1.65103788176895,7.71234691285133
2.4001197156198,1.67536289168652,7.66313523911471
2.33690896858908,1.6990464930442,7.61521340326671
2.27553341398964,1.72210718824476,7.56855851451853
2.2159621807833,1.74456317559164,7.52314766085479
2.15816357650667,1.76643234047244,7.47895795465163
2.10210520155232,1.78773224772223,7.43596657467966
2.04775405629627,1.80848013509351,7.39415080466631
1.99507664134052,1.82869290776292,7.35348806858962
1.94403905114256,1.84838713380707,7.31395596287147
1.89460706130475,1.86757904058268,7.27553228563479
1.84674620979624,1.88628451194906,7.23819506318449
1.80042187237838,1.90451908627369,7.20192257386751
1.75559933250186,1.92229795516407,7.16669336946235
1.71224384593962,1.93963596287207,7.1324862942434
1.67032070041515,1.95654760631935,7.0992805018603
1.62979527048006,1.97304703569515,7.06705547016693
1.5906330678887,1.98914805558003,7.03579101412973
1.55279978771099,2.00486412655198,7.00546729693928
1.51626135041745,2.02020836723319,6.97606483944381
1.48098394016315,2.03519355673864,6.94756452801819
1.44693403948932,2.04983213748928,6.9199476209764
1.414078460654,2.06413621835528,6.89319575363039
1.38238437379459,2.0781175780966,6.86729094209328
1.35181933211752,2.09178766907009,6.84221558591968
1.3223512943022,2.10515762117449,6.81795246967127
1.29394864429815,2.1182382460062,6.79448476349087
1.26658020868658,2.1310400412008,6.77179602276382
1.24021527176977,2.14357319493657,6.74987018694103
1.21482358854379,2.15584759057835,6.72869157759379
1.19037539570287,2.16787281144102,6.70824489576633
1.16684142081608,2.17965814565385,6.68851521868819
1.14419288980998,2.19121259110803,6.6694879959047
1.12240153288404,2.20254486047107,6.6511490448803
1.10143958897863,2.213663386253,6.6334845461257
1.08127980890929,2.22457632591057,6.61648103789708
1.06189545727428,2.23529156697648,6.60012541051187
1.04326031323669,2.24581673220203,6.58440490032301
1.02534867027655,2.25615918470234,6.56930708339059
1.00813533500268,2.26632603309433,6.5548198688871
0.99159562510879,2.27632413661848,6.54093149226997
0.975705366553328,2.28616011023616,6.5276305082528
0.960440890037571,2.29584032969528,6.51490578360401
0.945779026851903,2.30537093655738,6.50274648980004
0.931697104155789,2.31475784318042,6.4911420955577
0.918172939752783,2.32400673765172,6.48008235926859
0.905184836417878,2.33312308866639,6.46955732135682
0.892711575830758,2.34211215034702,6.45955729657924
0.880732412164923,2.35097896700093,6.45007286628613
0.869227065379229,2.35972837781182,6.44109487065869
0.858175714255213,2.36836502146297,6.43261440093816
0.847558989220517,2.37689334068977,6.42462279166039
0.837357964995844,2.38531758675957,6.41711161290814
0.827554153100191,2.39364182387717,6.41007266259262
0.818129494246554,2.40186993351494,6.40349795877426
0.809066350657869,2.41000561866634,6.3973797320323
0.800347498330717,2.41805240802238,6.39171041789136
0.791956119272177,2.4260136600706,6.38648264931267
0.783875793733216,2.43389256711626,6.38168924925661
0.776090492460113,2.44169215922607,6.37732322332278
0.76858456898366,2.44941530809453,6.37337775247281
0.761342751964212,2.45706473083343,6.36984618584083
0.754350137609123,2.46464299368521,6.36672203363579
0.747592182177615,2.47215251566083,6.36399896013932
0.741054694586799,2.47959557210324,6.3616707768024
0.734723829131255,2.4869742981775,6.35973143544374
0.728586078327399,2.49429069228861,6.35817502155213
0.72262826589273,2.50154661942851,6.3569957476951
0.716837539869021,2.50874381445366,6.35618794703544
0.711201365897503,2.51588388529443,6.35574606695718
0.705707520653205,2.52296831609818,6.35566466280234
0.700344085444728,2.52999847030747,6.35593839171924
0.69509943998495,2.53697559367508,6.35656200662342
0.689962256337383,2.54390081721763,6.35753035027173
0.684921493042209,2.5507751601096,6.35883834944992
0.679966389425377,2.55759953251944,6.36048100927438
0.675086460093498,2.56437473838979,6.36245340760797
0.670271489616722,2.57110147816353,6.36475068959027
0.665511527401226,2.5777803514576,6.36736806228227
0.660796882752437,2.58441185968655,6.37030078942543
0.656118120129641,2.59099640863761,6.37354418631518
0.651466054592183,2.59753431099934,6.37709361478867
0.646831747437026,2.60402578884562,6.38094447832669
0.642206502027071,2.61047097607704,6.38509221726973
0.637581859809233,2.61686992082146,6.38953230414784
0.632949596520952,2.62322258779578,6.39426023912435
0.628301718583441,2.62952886063057,6.39927154555334
0.623630459679717,2.63578854415976,6.40456176565059
0.6189282775151,2.64200136667679,6.41012645627812
0.614187850757636,2.64816698215948,6.41596118484222
0.609402076155591,2.65428497246504,6.42206152530493
0.60456406582894,2.66035484949721,6.42842305430909
0.5996671447315,2.66637605734716,6.43504134741696
0.594704848280156,2.67234797440981,6.44191197546258
0.58967092014737,2.67826991547729,6.44903050101803
0.584559310212981,2.68414113381114,6.45639247497388
0.579364172671081,2.68996082319481,6.46399343323394
0.574079864287556,2.69572811996789,6.47182889352481
0.568700942803702,2.70144210504383,6.47989435232057
0.563222165481131,2.7071018059122,6.48818528188289
0.557638487783008,2.71270619862729,6.49669712741728
0.551945062186504,2.71825420978398,6.5054253043458
0.546137237121162,2.72374471848255,6.51436519569686
0.540210556027739,2.72917655828336,6.52351214961283
0.534160756531915,2.73454851915273,6.53286147697589
0.527983769727132,2.73985934940115,6.5424084491531
0.521675719560667,2.74510775761478,6.55214829586115
0.515232922316914,2.75029241458131,6.56207620315169
0.508651886191732,2.75541195521118,6.57218731151807
0.501929310951566,2.76046498045487,6.58247671412413
0.495062087670949,2.76545005921727,6.59293945515605
0.488047298541878,2.77036573026973,6.60357052829797
0.480882216748439,2.77521050416054,6.61436487533231
0.473564306399972,2.77998286512451,6.62531738486556
0.466091222515947,2.78468127299209,6.63642289118047
0.458460811055681,2.78930416509857,6.64767617321545
0.45067110898588,2.79384995819382,6.65907195367194
0.442720344378998,2.79831705035278,6.67060489825065
0.434606936535258,2.80270382288717,6.68226961501739
0.426329496121197,2.80700864225843,6.69406065389919
0.417886825317505,2.81122986199209,6.7059725063115
0.409277917968903,2.81536582459369,6.71799960491702
0.400501959728784,2.81941486346615,6.73013632351685
0.391558328191321,2.82337530482852,6.74237697707439
0.382446593003724,2.82724546963598,6.75471582187252
0.373166515951362,2.83102367550081,6.76714705580444
0.363718051008446,2.83470823861407,6.77966481879838
0.354101344347025,2.83829747566755,6.79226319337661
0.344316734297074,2.84178970577561,6.80493620534855
0.334364751250502,2.84518325239634,6.81767782463826
0.324246117501983,2.84847644525141,6.83048196624611
0.313961747019581,2.85166762224403,6.84334249134433
0.303512745138252,2.85475513137421,6.85625320850621
0.292900408169374,2.85773733265056,6.86920787506845
0.282126222919634,2.86061259999771,6.88220019862597
0.27119186611268,2.86337932315849,6.89522383865852
0.260099203707136,2.86603590958974,6.9082724082881
0.248850290104725,2.86858078635079,6.9213394761662
0.237447367242441,2.87101240198352,6.93441856848956
0.225892863562888,2.87332922838256,6.94750317114311
0.214189392857133,2.87552976265477,6.96058673196854
0.202339752974653,2.87761252896632,6.97366266315673
0.190346924395176,2.8795760803763,6.98672434376214
0.178214068657489,2.88141900065524,6.99976512233705
0.165944526640586,2.88313990608727,7.01277831968348
0.153541816692752,2.88473744725426,7.02575723172009
0.141009632604572,2.88621031080056,7.03869513246172
0.128351841422083,2.88755722117656,7.05158527710838
0.115572481096699,2.88877694235969,7.064420905241
0.102675757968832,2.88986827955099,7.0771952441204
0.0896660440825136,2.89083008084575,7.08990151208625
0.0765478743287058,2.89166123887636,7.1025329220524
0.0633259434153446,2.89236069242583,7.11508268509459
0.0500051026625892,2.89292742801003,7.12754401412682
0.0365903566221358,2.89336048142711,7.13991012766196
0.0230868595198811,2.89365893927211,7.15217425365237
0.00949991152164516,2.89382194041525,7.16432963340596
-0.0041650451779036,2.89384867744186,7.17636952557288
-0.0179024304425343,2.8937383980524,7.18828721019815
-0.0317065304569184,2.89349040642074,7.2000759928349
-0.0455715021627886,2.89310406450887,7.21172920871324
-0.0594913778668495,2.89257879333644,7.22324022695927
-0.0734600700180403,2.89191407420339,7.23460245485874
-0.0874713761512895,2.89110944986392,7.24580934215969
-0.101518983994441,2.89016452565023,7.25685438540835
-0.115596476734574,2.88907897054442,7.26773113231227
-0.129697338439475,2.88785251819688,7.27843318612488
-0.143814959629583,2.88648496788978,7.28895421004507
-0.157942642995267,2.88497618544403,7.29928793162592
-0.172073609253859,2.88332610406847,7.30942814718601
-0.186201003140439,2.88153472514971,7.31936872621715
-0.200317899525939,2.87960211898148,7.32910361578207
-0.214417309655729,2.87752842543218,7.33862684489557
-0.228492187501426,2.87531385454945,7.34793252888274
-0.24253543621833,2.87295868710073,7.35701487370773
-0.256539914700453,2.87046327504872,7.36586818026657
-0.27049844422482,2.86782804196082,7.3744868486375
-0.284403815176331,2.86505348335176,7.38286538228251
-0.298248793844192,2.86214016695861,7.39099839219348
-0.312026129280606,2.85908873294744,7.39888060097669
-0.325728560212144,2.85589989405123,7.40650684686926
-0.339348821993967,2.85257443563835,7.41387208768153
-0.35287965359683,2.84911321571137,7.42097140465895
-0.366313804616614,2.84551716483588,7.42780000625769
-0.379644042295915,2.84178728599913,7.43435323182803
-0.392863158547113,2.83792465439846,7.44062655519962
-0.405963976966173,2.83393041715947,7.44661558816325
-0.418939359826356,2.82980579298426,7.45231608384348
-0.431782215040947,2.82555207172978,7.45772393995691
-0.444485503084042,2.82117061391678,7.46283520195105
-0.457042243858454,2.81666285016983,7.4676460660189
-0.469445523499785,2.81203028058895,7.47215288198447
-0.48168850110577,2.80727447405356,7.47635215605498
-0.493764415380076,2.80239706745957,7.48024055343531
-0.505666591179827,2.79739976489051,7.48381490080091
-0.51738844595628,2.79228433672367,7.48707218862532
-0.52892349607821,2.78705261867248,7.49000957335896
-0.540265363027785,2.78170651076621,7.49262437945588
-0.551407779458903,2.77624797626843,7.49491410124572
-0.562344595108216,2.77067904053563,7.49687640464808
-0.573069782549344,2.76500178981747,7.49850912872714
-0.583577442781076,2.75921837000035,7.4998102870843
-0.593861810640669,2.75333098529589,7.50077806908733
-0.603917260033719,2.74734189687632,7.5014108409344
-0.613738308972429,2.74125342145835,7.50170714655194
-0.623319624414505,2.73506792983783,7.50166570832552
-0.632656026895321,2.72878784537689,7.50128542766318
-0.641742494946412,2.72241564244593,7.5005653853911
-0.650574169293814,2.71595384482245,7.49950484198157
-0.659146356830243,2.7094050240491,7.49810323761378
-0.667454534355561,2.70277179775304,7.49636019206811
-0.675494352080491,2.69605682792926,7.49427550445486
-0.683261636889045,2.68926281918983,7.49184915277887
-0.690752395355629,2.68239251698198,7.48908129334146
-0.697962816513342,2.67544870577709,7.48597225998166
-0.704889274370473,2.66843420723332,7.4825225631589
-0.71152833017279,2.66135187833435,7.47873288887952
-0.717876734409704,2.65420460950675,7.47460409746989
-0.723931428562956,2.64699532271857,7.47013722219899
-0.72968954659702,2.63972696956177,7.46533346775369
-0.735148416190938,2.63240252932101,7.46019420857019
-0.740305559711848,2.62502500703142,7.45472098702526
-0.745158694930999,2.61759743152795,7.44891551149107
-0.749705735483566,2.61012285348876,7.44277965425788
-0.753944791074084,2.6026043434754,7.43631544932862
-0.757874167429861,2.59504498997212,7.42952509009003
-0.761492366005184,2.58744789742689,7.42241092686487
-0.76479808343964,2.57981618429668,7.41497546434992
-0.767790210774336,2.5721529810993,7.40722135894491
-0.770467832430268,2.56446142847429,7.39915141597713
-0.772830224953498,2.55674467525522,7.39076858682715
-0.774876855532264,2.54900587655567,7.38207596596079
-0.776607380291506,2.54124819187111,7.37307678787267
-0.778021642370708,2.53347478319904,7.36377442394693
-0.7791196697913,2.52568881317926,7.35417237924046
-0.779901673120222,2.51789344325661,7.34427428919428
-0.780368042936565,2.510091831868,7.3340839162786
-0.780519347108503,2.50228713265579,7.3236051465773
-0.780356327888011,2.49448249270919,7.3128419863173
-0.779879898831123,2.48668105083579,7.30179855834849
-0.779091141551706,2.47888593586451,7.29047909857995
-0.777991302316936,2.471100264982,7.27888795237784
-0.776581788492853,2.46332714210369,7.26702957093071
-0.774864164848533,2.45556965628124,7.25490850758754
-0.772840149727524,2.44783088014746,7.24252941417417
-0.770511611095365,2.4401138684003,7.22989703729322
-0.767880562472033,2.43242165632684,7.21701621461308
-0.764949158758268,2.42475725836853,7.20389187115093
-0.761719691964771,2.41712366672867,7.19052901555506
-0.758194586853267,2.40952385002303,7.17693273639132
-0.754376396498463,2.40196075197448,7.16310819843881
-0.750267797779862,2.39443729015233,7.14906063899933
-0.745871586812407,2.38695635475707,7.13479536422534
-0.741190674324826,2.37952080745113,7.12031774547089
-0.736228080994484,2.37213348023598,7.10563321566995
-0.730986932747453,2.36479717437616,7.09074726574613
-0.725470456032393,2.35751465937039,7.07566544105803
-0.719681973076686,2.35028867197004,7.06039333788409
-0.713624897133149,2.34312191524513,7.04493659995051
-0.707302727725457,2.33601705769782,7.02930091500597
-0.700719045900234,2.32897673242349,7.01349201144646
-0.693877509493603,2.32200353631915,6.99751565499343
-0.686781848419741,2.31510002933915,6.98137764542837
-0.679435859988801,2.30826873379784,6.96508381338663
-0.671843404261322,2.30151213371884,6.94864001721321
-0.664008399446025,2.29483267423064,6.93205213988301
-0.655934817347619,2.28823276100786,6.91532608598802
-0.647626678871038,2.28171475975788,6.89846777879341
-0.639088049588219,2.275280995752,6.88148315736468
-0.630323035373308,2.26893375340071,6.86437817376769
-0.621335778111889,2.26267527587214,6.84715879034317
-0.612130451489568,2.25650776475309,6.82983097705719
-0.602711256864968,2.25043337975175,6.81240070892903
-0.593082419231904,2.2444542384412,6.79487396353745
-0.583248183275248,2.23857241604291,6.77725671860645
-0.573212809524698,2.23278994524907,6.75955494967142
-0.56298057061038,2.22710881608305,6.74177462782614
-0.55255574762397,2.22153097579657,6.72392171755151
-0.541942626588688,2.21605832880292,6.70600217462601
-0.531145495041317,2.21069273664476,6.68802194411847
-0.520168638729045,2.20543601799564,6.66998695846301
-0.509016338423742,2.20028994869392,6.65190313561632
-0.497692866855965,2.19525626180793,6.63377637729696
-0.486202485770742,2.19033664773121,6.61561256730643
-0.474549443106951,2.18553275430661,6.59741756993174
-0.462737970301838,2.18084618697787,6.57919722842875
-0.450772279721991,2.17627850896766,6.56095736358579
-0.438656562221841,2.17183124148054,6.54270377236679
-0.426394984830563,2.16750586392978,6.52444222663304
-0.413991688567979,2.16330381418665,6.50617847194269
-0.401450786389904,2.15922648885088,6.48791822642688
-0.388776361263136,2.15527524354102,6.46966717974155
-0.375972464370111,2.15145139320346,6.4514309920935
-0.363043113443034,2.14775621243865,6.43321529333957
-0.349992291227156,2.14419093584346,6.41502568215759
-0.336823944072633,2.14075675836815,6.3968677252876
-0.323541980654298,2.13745483568682,6.37874695684187
-0.310150270818484,2.13428628458008,6.36066887768227
-0.296652644555887,2.13125218332855,6.34263895486319
-0.283052891099342,2.12835357211602,6.3246626211386
-0.269354758145229,2.12559145344105,6.3067452745313
-0.255561951197111,2.12296679253569,6.28889227796279
-0.241678133030083,2.12048051779022,6.27110895894191
-0.227706923274221,2.11813352118256,6.25340060931039
-0.213651898115394,2.1159266587114,6.23577248504347
-0.199516590111627,2.11386075083156,6.21822980610375
-0.185304488123108,2.11193658289077,6.20077775634624
-0.171019037353854,2.11015490556654,6.18342148347282
-0.156663639502999,2.10851643530202,6.16616609903398
-0.142241653023553,2.10702185473985,6.14901667847598
-0.12775639348649,2.10567181315291,6.13197826123136
-0.113211134047906,2.10446692687087,6.11505585085082
-0.0986091060169901,2.1034077797016,6.09825441517442
-0.0839534995224823,2.10249492334635,6.08157888654012
-0.0692474642752741,2.10172887780787,6.06503416202749
-0.0544941104247627,2.10111013179037,6.0486251037347
-0.0396965095065585,2.10063914309042,6.0323565390866
-0.024857695479118,2.10031633897806,6.01623326117189
-0.009980665846858,2.10014211656698,6.00026002910737
0.00493161713270155,2.10011684317308,5.98444156842703
0.0198762251602317,2.1002408566606,5.96878257149416
0.0348502625267928,2.10051446577491,5.95328769793423
0.0498508646694079,2.10093795046125,5.9379615750865
0.064875196652482,2.10151156216866,5.92280879847247
0.0799204515775341,2.10223552413838,5.90783393227887
0.0949838489237037,2.10311003167595,5.89304150985328
0.110062632821488,2.10413525240643,5.87843603421036
0.125154070262154,2.105311326512,5.86402197854651
0.14025544924527,2.10663836695137,5.84980378676108
0.155364076866771,2.10811645966034,5.83578587398192
0.170477277349986,2.10974566373298,5.8219726270934
0.185592390022022,2.11152601158281,5.80836840526471
0.20070676723791,2.11345750908351,5.79497754047656
0.215817772254873,2.11554013568862,5.78180433804414
0.230922777059114,2.11777384452973,5.76885307713434
0.246019160147464,2.12015856249271,5.7561280112753
0.261104304266251,2.12269419027153,5.74363336885605
0.276175594109736,2.12538060239933,5.73137335361453
0.291230413980453,2.12821764725617,5.71935214511161
0.306266145413782,2.1312051470533,5.70757389918944
0.321280164769107,2.13434289779348,5.69604274841182
0.336269840789865,2.13763066920701,5.68476280248474
0.351232532134845,2.14106820466328,5.67373814865497
0.366165584883068,2.14465522105746,5.66297285208473
0.381066330014599,2.14839140867211,5.65247095620037
0.395932080869656,2.15227643101354,5.64223648301299
0.410760130588388,2.15630992462258,5.63227343340905
0.425547749533724,2.16049149885975,5.62258578740879
0.4402921826997,2.16482073566451,5.61317750439055
0.454990647107723,2.16929718928856,5.60405252327875
0.469640329193232,2.17392038600309,5.59521476269363
0.484238382185266,2.17868982377978,5.58666812106055
0.4987819234815,2.18360497194563,5.57841647667683
0.513268032021317,2.18866527081153,5.57046368773399
0.527693745659572,2.19387013127451,5.56281359229327
0.542056058543736,2.19921893439383,5.55547000821243
0.556351918497149,2.20471103094073,5.54843673302155
0.570578224411228,2.21034574092223,5.54171754374575
0.584731823649468,2.21612235307877,5.53531619667281
0.59880950946621,2.22204012435603,5.52923642706334
0.612808018443199,2.22809827935099,5.52348194880149
0.626724027947035,2.23429600973247,5.51805645398398
0.640554153610716,2.24063247363642,5.51296361244529
0.654294946842563,2.247106795036,5.50820707121681
0.667942892365918,2.25371806308711,5.50379045391784
0.681494405793093,2.26046533144932,5.49971736007616
0.694945831237188,2.26734761758279,5.49599136437609
0.708293438965467,2.27436390202153,5.49261601583171
0.721533423098131,2.2815131276234,5.48959483688327
0.734661899356452,2.28879419879729,5.48693132241437
0.747674902864318,2.29620598070814,5.48462893868798
0.760568386007427,2.3037472984602,5.48269112219889
0.773338216354465,2.31141693625919,5.48112127844065
0.785980174644754,2.31921363655403,5.47992278058476
0.798489952847006,2.32713609915876,5.47909896807004
0.810863152293959,2.33518298035544,5.47865314509999
0.82309528189783,2.34335289197881,5.47858857904619
0.835181756451666,2.35164440048353,5.47890849875568
0.847117895021834,2.36005602599485,5.47961609276022
0.858898919437058,2.36858624134369,5.4807145073856
0.870519952879553,2.37723347108719,5.48220684475898
0.881976018583997,2.38599609051558,5.48409616071244
0.89326203865021,2.39487242464674,5.48638546258095
0.904372832975611,2.40386074720933,5.48907770689294
0.915303118313654,2.41295927961603,5.49217579695184
0.926047507464629,2.42216618992789,5.49568258030704
0.936600508605361,2.43147959181135,5.49960084611262
0.946956524764518,2.44089754348924,5.50393332237253
0.957109853450366,2.45041804668733,5.50868267307087
0.967054686437991,2.46003904557793,5.51385149518604
0.976785109723138,2.46975842572214,5.51944231558761
0.986295103649964,2.4795740130126,5.5254575878151
0.99557854322014,2.48948357261833,5.53189968873757
1.00462919859086,2.49948480793366,5.53877091509358
1.01344073576945,2.50957535953308,5.54607347991083
1.02200671751232,2.51975280413406,5.55380950880515
1.03032060443627,2.53001465356991,5.56198103615866
1.03837575634996,2.54035835377486,5.57059000117708
1.04616543381371,2.55078128378362,5.5796382438264
1.05368279993577,2.56128075474761,5.58912750064929
1.06092092241308,2.57185400897049,5.59905940046197
1.06787277582485,2.58249821896527,5.60943545993228
1.07453124418704,2.5932104865357,5.62025707904023
1.08088912377602,2.60398784188454,5.63152553642228
1.08693912622945,2.61482724275138,5.64324198460113
1.09267388193253,2.62572557358303,5.65540744510292
1.09808594369764,2.63667964473906,5.66802280346411
1.10316779074523,2.64768619173577,5.68108880413065
1.10791183299369,2.65874187453146,5.69460604525234
1.1123104156659,2.66984327685614,5.70857497337562
1.11635582421971,2.68098690558899,5.72299587803849
1.1200402896097,2.69216919018674,5.73786888627144
1.12335599388687,2.70338648216633,5.75319395700891
1.12629507614311,2.71463505464529,5.76897087541595
1.12884963880656,2.7259111019434,5.78519924713533
1.13101175429368,2.73721073924893,5.80187849246078
1.13277347202367,2.74853000235337,5.81900784044228
1.13412682580003,2.75986484745797,5.83658632293011
1.13506384156385,2.77121115105613,5.85461276856443
1.13557654552272,2.78256470989504,5.87308579671808
1.13565697265856,2.79392124102059,5.89200381140027
1.13529717561698,2.80527638190925,5.91136499512982
1.13448923398031,2.81662569069072,5.93116730278674
1.13322526392526,2.82796464646531,5.95140845545162
1.13149742826586,2.83928864971975,5.97208593424277
1.12929794688094,2.85059302284538,5.99319697416163
1.12661910752515,2.86187301076254,6.01473855795731
1.12345327702084,2.87312378165496,6.03670741002187
1.11979291282764,2.884340427818,6.05909999032841
1.11563057498536,2.89551796662441,6.0819124884243
1.11095893842451,2.90665134161136,6.10514081749291
1.10577080563788,2.91773542369246,6.12878060849724
1.10005911970513,2.92876501249816,6.15282720441951
1.09381697766125,2.93973483784822,6.17727565461146
1.08703764419828,2.95063956135946,6.20212070927028
1.07971456568835,2.96147377819222,6.22735681405575
1.07184138451474,2.97223201893855,6.25297810486467
1.06341195369613,2.98290875165521,6.27897840277881
1.05442035178768,2.99349838404428,6.30535120920351
1.04486089804108,3.00399526578417,6.33208970121383
1.03472816780421,3.01439369101334,6.35918672712623
1.02401700813922,3.0246879009692,6.38663480231326
1.01272255363642,3.03487208678418,6.41442610527999
1.00084024239975,3.04494039244079,6.44255247402017
0.988365832177552,3.05488691788731,6.47100540267126
0.975295416611259,3.06470572231538,6.49977603848697
0.961625441572462,3.07439082760057,6.5288551791464
0.947352721557364,3.08393622190662,6.55823327041897
0.932474456105909,3.09333586345376,6.58790040420421
0.916988246211231,3.10258368445121,6.61784631696563
0.90089211068344,3.11167359519363,6.64806038857763
0.884184502430152,3.12059948832073,6.67853164160452
0.866864324614655,3.12935524323917,6.70924874103019
0.848930946651073,3.13793473070525,6.74019999445709
0.830384219994462,3.14633181756657,6.77137335279247
0.811224493682398,3.15454037166034,6.8027564114397
0.79145262958334,3.16255426686574,6.83433641201188
0.771070017305816,3.17036738830706,6.8661002445844
0.750078588721415,3.17797363770407,6.89803445050251
0.728480832053542,3.18536693886545,6.9301252257592
0.706279805483032,3.19254124332081,6.96235842495803
0.683479150220986,3.19949053608604,6.9947195658744
0.660083102998542,3.2062088415566,7.02719383462811
0.636096507922906,3.21269022952254,7.05976609147883
0.6115248276486,3.21892882129871,7.09242087725497
0.586374153812805,3.22491879596303,7.12514242042535
0.560651216683723,3.23065439669528,7.15791464482169
0.534363393971087,3.23612993720812,7.19072117801857
0.507518718748428,3.24133980826193,7.22354536037612
0.480125886437312,3.24627848425414,7.25637025474922
0.452194260804625,3.25094052987355,7.28917865686512
0.423733878925035,3.2553206068095,7.32195310637016
0.394755455062066,3.25941348050521,7.35467589854416
0.365270383422705,3.26321402694447,7.38732909667943
0.335290739742233,3.26671723945995,7.41989454511945
0.304829281657941,3.2699182355514,7.45235388295038
0.273899447832575,3.27281226370131,7.48468855833655
0.242515355790845,3.27539471017547,7.51687984348925
0.210691798434985,3.27766110579527,7.54890885025571
0.178444239208245,3.27960713266843,7.58075654631371
0.14578880587838,3.28122863086448,7.61240377195452
0.1127422829165,3.28252160502109,7.64383125743529
0.0793221024502818,3.28348223086707,7.67501964087957
0.0455463337742578,3.28410686164768,7.70594948670278
0.0114336714039429,3.28439203443779,7.73660130453722
-0.0229965783353313,3.28433447632827,7.76695556862913
-0.0577245121896302,3.28393111047091,7.79699273767846
-0.0927296463279512,3.28317906196714,7.82669327508984
-0.127990934159705,3.28207566358597,7.85603766960133
-0.163486785608998,3.2806184612964,7.88500645625576
-0.199195087831699,3.2788052195999,7.9135802376776
-0.235093227356287,3.27663392664855,7.94173970561645
-0.271158113624463,3.27410279913476,7.96946566271692
-0.307366203902409,3.27121028693874,7.9967390444728
-0.343693529528472,3.26795507752008,8.02354094132213
-0.380115723457949,3.2643361000404,8.04985262083863
-0.416608049060557,3.26035252920419,8.07565554997351
-0.453145430121157,3.25600378880564,8.10093141730075
-0.489702481989307,3.25128955496972,8.12566215521814
-0.526253543818406,3.24620975907615,8.14982996205544
-0.562772711830431,3.24076459035593,8.17341732404065
-0.599233873537692,3.23495449815027,8.19640703707464
-0.635610742848659,3.22878019382289,8.21878222826454
-0.671876895980693,3.22224265231709,8.24052637716587
-0.708005808098564,3.2153431133501,8.26162333668361
-0.743970890593927,3.20808308223767,8.28205735358275
-0.779745528917494,3.20046433034305,8.30181308855927
-0.815303120872511,3.19248889514532,8.32087563582302
-0.850617115275322,3.18415907992279,8.33923054214503
-0.885661050886341,3.1754774530484,8.35686382532264
-0.920408595512621,3.16644684689491,8.37376199201701
-0.954833585181489,3.15707035634853,8.38991205491903
-0.988910063283313,3.14735133693097,8.40530154920117
-1.02261231958055,3.13729340253059,8.41991854821446
-1.05591492897965,3.12690042274457,8.4337516783917
-1.08879278996225,3.11617651983504,8.44679013332013
-1.1212211625724,3.10512606530291,8.45902368694873
-1.15317570585727,3.0937536760846,8.47044270589795
-1.18463251465981,3.08206421037741,8.48103816084184
-1.21556815566368,3.07006276310074,8.49080163693533
-1.24595970259228,3.05775466100087,8.49972534326197
-1.27578477046666,3.04514545740853,8.50780212128027
-1.30502154882929,3.03224092665881,8.51502545224962
-1.3336488338443,3.01904705818456,8.52138946361983
-1.3616460591881,3.00557005029464,8.52688893437104
-1.38899332564824,2.99181630364967,8.53151929929429
-1.4156714293527,2.97779241444864,8.53527665220544
-1.44166188855618,2.96350516734033,8.53815774808907
-1.46694696891505,2.94896152807438,8.54016000417123
-1.49150970718754,2.93416863590741,8.54128149992376
-1.51533393330112,2.91913379578033,8.54152097600542
-1.53840429073494,2.90386447028328,8.54087783214855
-1.56070625517046,2.88836827142539,8.53935212400256
-1.58222615136977,2.87265295222692,8.53694455894889
-1.6029511682469,2.85672639815152,8.53365649090461
-1.62286937210384,2.84059661839703,8.5294899141348
-1.64196971800896,2.82427173706312,8.5244474560964
-1.66024205930194,2.8077599842146,8.51853236933896
-1.67767715521564,2.79106968685893,8.51174852248989
-1.69426667661155,2.77420925985714,8.50410039035437
-1.71000320983149,2.75718719678664,8.49559304316225
-1.72488025867481,2.74001206077502,8.48623213499597
-1.73889224451577,2.72269247532332,8.476023891436
-1.75203450458213,2.70523711513738,8.46497509646141
-1.76430328842133,2.68765469698547,8.45309307864517
-1.77569575258647,2.66995397060022,8.44038569668496
-1.78620995357933,2.65214370964235,8.42686132431161
-1.79584483909281,2.63423270274366,8.41252883461819
-1.8046002376001,2.61622974464573,8.39739758385386
-1.81247684634223,2.59814362745093,8.38147739472707
-1.81947621777007,2.57998313200123,8.3647785392634
-1.82560074450055,2.56175701940015,8.34731172126359
-1.83085364285086,2.54347402269222,8.32908805840754
-1.83523893501723,2.52514283871401,8.3101190640501
-1.83876142996829,2.50677212012985,8.29041662875423
-1.84142670312524,2.48837046766468,8.26999300160701
-1.84324107490374,2.46994642254592,8.24886077136327
-1.84421158819392,2.4515084591653,8.2270328474613
-1.84434598485692,2.43306497797081,8.20452244095408
-1.84365268131732,2.4146242985983,8.18134304539892
-1.84214074333183,2.3961946532514,8.15750841774707
-1.83981986001531,2.37778418033742,8.13303255927405
-1.8367003172051,2.35940091836648,8.1079296965901
-1.83279297024502,2.3410528001199,8.08221426276875
-1.82810921626965,2.32274764709331,8.05590087863039
-1.82266096606902,2.30449316421913,8.0290043342159
-1.81646061561284,2.28629693487214,8.00153957048409
-1.80952101731229,2.26816641616115,7.97352166126493
-1.80185545109562,2.25010893450915,7.94496579549901
-1.79347759537255,2.23213168152321,7.9158872597918
-1.78440149796009,2.21424171015502,7.88630142130969
-1.77464154704059,2.19644593115212,7.85622371104278
-1.76421244222037,2.17875110979907,7.82566960745789
-1.75312916575472,2.1611638629472,7.79465462056316
-1.7414069540027,2.1436906563311,7.76319427640393
-1.72906126917197,2.12633780216914,7.73130410200778
-1.71610777141142,2.10911145704478,7.69899961079476
-1.70256229130611,2.09201762006511,7.66629628846714
-1.68844080282605,2.07506213129207,7.63320957939101
-1.67375939677711,2.05825067044183,7.59975487348077
-1.65853425479941,2.04158875584692,7.56594749359536
-1.64278162395508,2.02508174367541,7.53180268345382
-1.62651779194408,2.00873482740121,7.49733559607587
-1.60975906298364,1.9925530375188,7.46256128275196
-1.5925217343836,1.97654124149582,7.42749468254538
-1.57482207384669,1.96070414395623,7.39215061232791
-1.55667629751959,1.94504628708678,7.3565437573488
-1.53810054881773,1.9295720512591,7.32068866233594
-1.51911087804326,1.91428565585956,7.28459972312631
-1.49972322281321,1.89919116031899,7.24829117882213
-1.47995338931149,1.88429246533391,7.2117771044677
-1.45981703437567,1.86959331427118,7.17507140424084
-1.43932964842692,1.85509729474749,7.13818780515223
-1.41850653924866,1.84080784037533,7.10113985124441
-1.39736281661698,1.82672823266696,7.06394089828214
-1.37591337778342,1.81286160308774,7.0266041089242
-1.35417289380872,1.79921093525044,6.98914244836684
-1.33215579674335,1.78577906724195,6.95156868044772
-1.30987626764919,1.77256869407396,6.91389536419917
-1.2873482254544,1.75958237024926,6.87613485083868
-1.26458531663179,1.74682251243537,6.83829928118444
-1.24160090568931,1.73429140223734,6.80040058348301
-1.21840806645983,1.72199118906157,6.7624504716362
-1.19501957417555,1.70992389306284,6.72446044381378
-1.17144789831158,1.69809140816677,6.68644178143844
-1.14770519618148,1.68649550515999,6.64840554852934
-1.12380330726694,1.67513783484073,6.61036259139041
-1.09975374826232,1.66401993122252,6.57232353862956
-1.0755677088144,1.6531432147839,6.53429880149485
-1.05125604793645,1.64250899575739,6.4962985745137
-1.02682929107552,1.63211847745105,6.45833283642153
-1.00229762781086,1.62197275959614,6.4204113513658
-0.97767091016141,1.61207284171476,6.38254367037217
-0.952958651479466,1.60241962650148,6.34473913305916
-0.9281700259077,1.59301392321315,6.30700686958817
-0.903313868376405,1.58385645106149,6.26935580283589
-0.87839867511771,1.57494784260305,6.23179465077623
-0.853432604673549,1.56628864712153,6.19433192905939
-0.828423479374185,1.55787933399769,6.15697595377588
-0.803378787264211,1.54972029606223,6.11973484439349
-0.778305684453135,1.54181185292717,6.08261652685569
-0.753210997867901,1.53415425429182,6.04562873683031
-0.728101228384983,1.52674768321925,6.00877902309748
-0.702982554320047,1.5195922593796,5.97207475106627
-0.677860835253554,1.51268804225685,5.93552310641007
-0.652741616171138,1.50603503431573,5.89913109881059
-0.627630131898026,1.49963318412574,5.86290556580137
-0.602531311807323,1.4934823894394,5.82685317670139
-0.577449784782477,1.48758250022219,5.79098043663049
-0.552389884414847,1.48193332163165,5.7552936905979
-0.527355654417851,1.47653461694338,5.71979912765628
-0.502350854239809,1.47138611042194,5.68450278511351
-0.477378964858203,1.46648749013464,5.64941055279512
-0.452443194738734,1.46183841070662,5.61452817735054
-0.427546485943203,1.45743849601553,5.57986126659669
-0.402691520370896,1.45328734182445,5.54541529389286
-0.377880726118851,1.44938451835185,5.51119560254102
-0.353116283947016,1.44572957277733,5.47720741020632
-0.328400133835028,1.44232203168229,5.44345581335248
-0.303733981617982,1.4391614034246,5.40994579168748
-0.279119305689254,1.43624718044664,5.37668221261512
-0.254557363759101,1.43357884151587,5.3436698356881
-0.230049199658433,1.43115585389778,5.31091331705911
-0.2055956501778,1.42897767546043,5.27841721392606
-0.181197351932303,1.4270437567106,5.24618598896837
-0.156854748243761,1.42535354276112,5.21422401477129
-0.1325680960321,1.42390647522935,5.18253557823535
-0.108337472708569,1.42270199406673,5.15112488496864
-0.0841627830639666,1.42173953931946,5.11999606365945
-0.0600437661456672,1.42101855282024,5.08915317042734
-0.0359800021178319,1.42053847981143,5.05860019315071
-0.011970919099728,1.42029877049967,5.02834105576931
0.0119842000223433,1.42029888154222,4.9983796225601
0.0358862108134853,1.4205382774654,4.96871970238534
0.0597361005424601,1.42101643201527,4.93936505291168
0.0835349814706983,1.42173282944115,4.91031938479936
0.107284084180517,1.4226869657121,4.88158636586071
0.130984750944519,1.42387834966698,4.85316962518723
0.154638429137685,1.42530650409835,4.82507275724476
0.178246664693233,1.42697096677074,4.79729932593633
0.201811095602879,1.42887129137371,4.7698528686323
0.225333445461726,1.43100704841013,4.74273690016764
0.248815517057614,1.43337782602007,4.71595491680616
0.27225918600437,1.43598323074095,4.68951040017165
0.29566639441803,1.43882288820403,4.66340682114597
0.319039144634772,1.4418964437681,4.63764764373411
0.342379492968922,1.44520356309037,4.61223632889637
0.365689543509111,1.44874393263521,4.58717633834776
0.388971441950325,1.45251726012104,4.56247113832492
0.41222736945929,1.4565232749057,4.53812420332069
0.435459536570387,1.4607617283106,4.5141390197865
0.458670177108966,1.46523239388399,4.490519089803
0.481861542138725,1.46993506760363,4.46726793471898
0.505035893929546,1.47486956801893,4.44438909875884
0.528195499941947,1.480035736333,4.42188615259889
0.551342626824113,1.48543343642447,4.39976269691254
0.574479534417241,1.4910625548094,4.37802236588462
0.597608469764738,1.49692300054328,4.35666883069482
0.620731661120653,1.50301470506309,4.33570580297032
0.643851311952516,1.5093376219694,4.3151370382077
0.666969594933633,1.51589172674851,4.29496633916384
0.690088645919704,1.52267701643438,4.27519755921576
0.713210557904522,1.52969350921029,4.25583460568921
0.736337374949363,1.53694124394983,4.23688144315544
0.759471086080579,1.54442027969715,4.21834209669601
0.782613619149788,1.55213069508594,4.20022065513477
0.805766834650978,1.56007258769675,4.18252127423654
0.828932519488737,1.56824607335238,4.16524817987163
0.852112380691798,1.57665128535052,4.1484056711452
0.875308039065961,1.58528837363339,4.13199812349042
0.898521022780494,1.59415750389342,4.11602999172425
0.921752760882003,1.60325885661458,4.10050581306422
0.945004576729798,1.61259262604838,4.08543021010492
0.968277681346752,1.62215901912379,4.07080789375218
0.991573166679666,1.63195825429032,4.05664366611317
1.01489199876316,1.6419905602931,4.04294242334006
1.03823501078119,1.65225617487919,4.02970915842514
1.06160289602025,1.66275534343392,4.01694896394452
1.08499620070858,1.6734883175462,4.00466703474776
1.10841531673549,1.68445535350167,3.99286867059032
1.13186047424536,1.69565671070234,3.98155927870545
1.15533173410068,1.7070926500116,3.97074437631195
1.1788289802089,1.71876343202316,3.960429593054
1.20235191170788,1.73066931525249,3.9506206733687
1.22590003500492,1.74281055424952,3.94132347877711
1.24947265566463,1.75518739763085,3.93254399009375
1.27306887014113,1.76780008603012,3.92428830954968
1.29668755735026,1.78064884996492,3.91656266282352
1.32032737007786,1.79373390761858,3.90937340097475
1.3439867262205,1.80705546253521,3.90272700227308
1.36766379985525,1.8206137012263,3.89663007391728
1.39135651213575,1.83440879068716,3.89108935363671
1.41506252201196,1.84844087582141,3.88611171116806
1.43877921677165,1.86271007677183,3.88170414959958
1.4625037024021,1.87721648615568,3.87787380657477
1.48623279377095,1.89196016620275,3.87462795534668
1.50996300462602,1.90694114579431,3.87197400567396
1.53369053741401,1.92215941740118,3.86991950454902
1.55741127291943,1.93761493391903,3.86847213674832
1.58112075972498,1.95330760539922,3.86763972519426
1.60481420349615,1.96923729567336,3.86743023111774
1.62848645609317,1.98540381886984,3.86785175400973
1.6521320045145,2.00180693582062,3.86891253135005
1.67574495967707,2.01844635035664,3.8706209381005
1.69931904503933,2.03532170549027,3.87298548594946
1.72284758507451,2.05243257948322,3.87601482229426
1.74632349360237,2.06977848179842,3.87971772894692
1.76973926198923,2.08735884893462,3.88410312054881
1.79308694722708,2.10517304014236,3.88918004267854
1.81635815990432,2.12322033302014,3.89495766963743
1.83954405208177,2.14149991898982,3.90144530189597
1.86263530508941,2.16001089865044,3.90865236318414
1.88562211726082,2.1787522770096,3.91658839720822
1.90849419162404,2.19772295859196,3.92526306397554
1.93124072356937,2.21692174242456,3.93468613570879
1.95385038851661,2.23634731689876,3.94486749233033
1.97631132960601,2.25599825450897,3.95581711649691
1.99861114543966,2.27587300646848,3.96754508816421
2.02073687790187,2.29596989720313,3.98006157866061
2.04267500008951,2.31628711872366,3.99337684424869
2.06441140438588,2.3368227248781,4.00750121915279
2.08593139071366,2.3575746254857,4.02244510803044
2.1072196550056,2.37854058035448,4.03821897786507
2.1282602779339,2.39971819318477,4.05483334925704
2.14903671394217,2.42110490536148,4.07229878708996
2.16953178062663,2.44269798963841,4.0906258905486
2.18972764851628,2.4644945437183,4.10982528246492
2.20960583130452,2.48649148373296,4.12990759796838
2.22914717658823,2.50868553762815,4.15088347241672
2.248331857173,2.53107323845859,4.17276352858337
2.26713936300688,2.55365091759926,4.19555836307777
2.28554849380801,2.57641469787927,4.21927853197508
2.30353735245506,2.5993604866459,4.24393453563213
2.32108333921258,2.62248396876658,4.26953680266664
2.33816314686706,2.64578059957765,4.29609567307747
2.35475275685257,2.66924559778933,4.32362138048422
2.37082743644859,2.69287393835731,4.35212403346521
2.38636173713589,2.7166603453319,4.38161359597401
2.40132949419972,2.74059928469705,4.41209986681532
2.41570382767283,2.7646849572119,4.44359245816276
2.42945714471418,2.78891129126898,4.47610077310217
2.44256114352224,2.81327193578365,4.50963398218572
2.45498681888482,2.83776025313086,4.54420099898388
2.46670446947006,2.86236931214601,4.5798104546244
2.47768370696624,2.88709188120788,4.61647067130944
2.48789346717997,2.91192042142262,4.6541896348046
2.49730202320496,2.93684707992899,4.69297496589615
2.50587700077512,2.96186368334617,4.7328338908157
2.5135853959175,2.98696173138644,4.77377321063462
2.52039359502163,3.0121323906564,4.81579926963404
2.52626739744263,3.03736648867143,4.85891792265988
2.53117204075563,3.06265450810939,4.90313450147625
2.53507222877911,3.08798658133056,4.94845378013494
2.53793216248363,3.11335248519219,4.99487993938296
2.53971557390124,3.13874163618698,5.04241653013539
2.5403857631488,3.1641430859362,5.09106643604521
2.5399056386757,3.18954551706903,5.14083183520788
2.53823776084266,3.21493723952097,5.19171416104358
2.53534438893443,3.24030618728512,5.24371406240629
2.53118753170346,3.26563991565114,5.29683136297509
2.52572900153581,3.2909255989677,5.35106501998956
2.5189304723232,3.31615002896508,5.40641308239789
2.51075354111707,3.3412996136753,5.46287264849368
2.50115979363098,3.36636037698799,5.52043982312428
2.49011087364775,3.39131795888079,5.57910967456139
2.47756855637549,3.41615761636351,5.63887619113225
2.46349482578448,3.44086422517573,5.69973223771761
2.44785195594247,3.46542228227778,5.76166951223078
2.43060259635067,3.48981590917506,5.82467850220025
2.41170986126603,3.51402885611568,5.88874844158654
2.39113742297773,3.53804450720109,5.9538672679723
2.36884960898599,3.56184588644913,6.02002158027292
2.34481150301126,3.58541566484799,6.08719659712314
2.31898904973952,3.60873616843907,6.15537611610339
2.29134916318645,3.63178938746552,6.22454247397719
2.26185983853874,3.6545569866219,6.29467650811927
2.23049026730507,3.67702031643896,6.36575751932082
2.19721095558276,3.69916042583569,6.43776323616595
2.16199384521802,3.7209580758687,6.51066978117972
2.12481243760922,3.74239375470663,6.58445163895448
2.08564191987281,3.76344769385468,6.65908162646653
2.04445929306134,3.78409988565126,6.73453086580036
2.00124350209228,3.80433010205579,6.81076875950157
1.9559755670149,3.82411791474265,6.887762968783
1.90863871521111,3.843442716513,6.96547939481088
1.85921851409503,3.86228374403127,7.04388216329937
1.80770300384442,3.88062010188942,7.12293361264176
1.75408282966674,3.89843078799644,7.20259428580606
1.69835137307249,3.91569472028608,7.2828229262202
1.64050488159955,3.93239076473009,7.36357647786875
1.58054259640455,3.94849776463838,7.44481008981792
1.51846687711127,3.9639945712221,7.52647712537914
1.45428332328184,3.97886007538866,7.60852917611374
1.38800089185463,3.99307324073203,7.69091608087121
1.31963200987339,4.00661313767428,7.77358595004258
1.24919268181566,4.01945897870814,7.8564851951971
1.17670259081539,4.03159015468276,7.93955856425598
1.10218519306482,4.04298627206835,8.02274918234025
1.02566780467518,4.05362719112757,8.10599859841155
0.947181680273957,4.06349306491498,8.18924683780476
0.866762082619589,4.07256437901797,8.27243246072974
0.784448342522018,4.0808219919461,8.35549262679581
0.700283908370382,4.08824717606819,8.43836316558817
0.614316384587071,4.09482165898989,8.52097865329824
0.526597558350846,4.10052766525764,8.60327249538284
0.437183413960779,4.10534795826865,8.68517701519716
0.346134134247543,4.10926588226015,8.76662354851656
0.25351408847914,4.11226540424575,8.84754254383066
0.159391806254521,4.11433115576108,8.92786366826098
0.0638399369306301,4.11544847427656,9.00751591892022
-0.0330648058138051,4.11560344413025,9.08642773949845
-0.131241714611175,4.11478293683073,9.16452714182722
-0.230606174499486,4.11297465057647,9.24174183213951
-0.331069764669836,4.11016714883615,9.31799934170974
-0.432540375980111,4.10634989783272,9.39322716152562
-0.534922344265758,4.10151330277332,9.46735288061108
-0.638116599392372,4.09564874266732,9.54030432758895
-0.742020829905545,4.08874860357569,9.61200971504224
-0.846529663041472,4.08080631013678,9.68239778620477
-0.951534859767964,4.07181635521662,9.75139796348594
-1.0569255244304,4.06177432753532,9.81894049831018
-1.16258832848153,4.05067693712611,9.88495662173044
-1.26840774767879,4.03852203848925,9.94937869525587
-1.37426631203837,4.02530865130953,10.0121403613181
-1.48004486774335,4.01103697861369,10.0731766927875
-1.58562285011329,3.99570842225278,10.1324243409423
-1.69087856665723,3.97932559560347,10.1898216812851
-1.79568948915038,3.96189233339283,10.2453089566028
-1.89993255359882,3.94341369856193,10.2988284166631
-2.00348446688676,3.92389598609534,10.3503244539504
-2.10622201883746,3.90334672375601,10.3997437348492
-2.2080223983639,3.88177466967797,10.4470353257002
-2.30876351233756,3.85918980678278,10.4921508131669
-2.40832430576565,3.83560333399952,10.5350444183773
-2.50658508183789,3.81102765428251,10.5756731043242
-2.60342782038443,3.78547635943526,10.6139966760394
-2.69873649327765,3.7589642117639,10.6499778730891
-2.79239737531133,3.73150712259798,10.6835824539711
-2.88429934910236,3.70312212773115,10.7147792720331
-2.97433420258222,3.67382735984872,10.7435403425747
-3.06239691767774,3.64364201802323,10.7698409008345
-3.14838594882355,3.61258633437284,10.793659450614
-3.23220349000087,3.58068153799105,10.8149778033338
-3.31375572905961,3.54794981626845,10.8337811073688
-3.39295308815174,3.51441427373989,10.8500578675568
-3.46971044918359,3.48009888860125,10.8637999548268
-3.54394736328159,3.44502846705086,10.8750026059441
-3.61558824336084,3.40922859562006,10.8836644134185
-3.68456253898585,3.37272559166587,10.8897873056736
-3.75080489281863,3.33554645220672,10.8933765176228
-3.81425527805949,3.2977188012882,10.8944405518473
-3.87485911639906,3.25927083607147,10.892991130615
-3.93256737611603,3.22023127184129,10.8890431390268
-3.98733665007201,3.18062928613323,10.8826145596146
-4.03912921347251,3.14049446218227,10.8737263987579
-4.08791306137966,3.09985673189486,10.862402605321
-4.13366192607754,3.05874631854688,10.8486699819449
-4.17635527450334,3.01719367940772,10.8325580894596
-4.21597828606676,2.97522944848852,10.8140991449085
-4.25252181128465,2.93288437960845,10.793327913698
-4.28598231175733,2.89018928996851,10.7702815964064
-4.316361782107,2.8471750044162,10.7449997107994
-4.3436676545856,2.80387230057815,10.7175239696138
-4.36791268713978,2.76031185503012,10.6878981546745
-4.38911483579351,2.71652419066536,10.6561679879185
-4.4072971122732,2.67253962541388,10.6223809998961
-4.4224874278574,2.6283882224551,10.5865863963182
-4.43471842448103,2.58409974205663,10.5488349232119
-4.44402729416395,2.53970359516128,10.5091787312346
-4.4504555878651,2.49522879883362,10.4676712396879
-4.454049014886,2.45070393366614,10.4243670007516
-4.4548572339622,2.40615710323392,10.3793215644443
-4.45293363718737,2.3616158956752,10.3325913447928
-4.44833512791367,2.31710734746372,10.2842334876724
-4.44112189376262,2.2726579094275,10.2343057407523
-4.43135717586535,2.22829341505724,10.1828663259573
-4.4191070354279,2.18403905113662,10.1299738148255
-4.4044401186888,2.1399193307159,10.0756870071159
-4.38742742130163,2.09595806843955,10.0200648129887
-4.36814205313578,2.05217835822889,9.9631661390503
-4.34665900444446,2.00860255331062,9.90504977852592
-4.32305491430117,1.96525224857303,9.8457743057901
-4.29740784215428,1.92214826522295,9.78539797545695
-4.26979704329525,1.87931063770828,9.72397862619978
-4.24030274897942,1.83675860286307,9.66157358944132
-4.20900595188034,1.79451059122535,9.59823960302616
-4.17598819749894,1.75258422047113,9.5340327299591
-4.14133138208935,1.71099629090208,9.46900828226603
-4.10511755760237,1.66976278291936,9.40322075000784
-4.06742874408839,1.62889885641104,9.33672373545334
-4.02834674994187,1.58841885197652,9.2695698923937
-3.98795300031158,1.54833629390796,9.20181087055894
-3.9463283739444,1.50866389484568,9.13349726507685
-3.90355304867504,1.46941356202198,9.0646785708953
-3.85970635572191,1.43059640500617,8.995403142072
-3.81486664289809,1.39222274486215,8.9257181558198
-3.76911114679881,1.35430212462902,8.85566958118119
-3.72251587398107,1.31684332103484,8.78530215219343
-3.67515549110863,1.27985435735372,8.71465934539405
-3.62710322399544,1.24334251731695,8.6437833615075
-3.57843076544426,1.20731435998955,8.57271511114474
-3.52920819174295,1.17177573552507,8.50149420434168
-3.47950388765037,1.13673180171277,8.43015894375611
-3.42938447967573,1.1021870412334,8.35874632133943
-3.37891477743074,1.06814527954148,8.28729201829584
-3.32815772281148,1.03460970329485,8.21583040814063
-3.27717434674815,1.00158287925425,8.1443945626679
-3.22602373324428,0.969066773578739,8.07301626063881
-3.17476299041324,0.93706277144546,8.0017259990025
-3.12344722820853,0.905571696925378,7.93055300646398
-3.07212954253588,0.874593833049482,7.85952525921619
-3.02086100542805,0.84412894200331,7.78866949865692
-2.96969066095918,0.814176285390756,7.71801125091551
-2.91866552657291,0.784734644511394,7.64757484801898
-2.86783059949787,0.755802340598801,7.57738345053245
-2.8172288679252,0.727377254970663,7.50745907151418
-2.76690132662545,0.699456849044624,7.43782260163178
-2.71688699668607,0.67203818417711,7.36849383529208
-2.66722294905616,0.645117941285481,7.29949149764379
-2.61794433159156,0.618692440216981,7.2308332723186
-2.56908439930057,0.592757658830981,7.16253582978318
-2.52067454749925,0.567309251763994,7.09461485618123
-2.47274434759396,0.542342568849748,7.02708508255171
-2.42532158521863,0.517852673169459,6.95996031431608
-2.37843230046452,0.493834358710035,6.89325346093419
-2.33210082995071,0.47028216761059,6.82697656563512
-2.28634985049467,0.447190406980044,6.76114083513592
-2.24120042415328,0.424553165270987,6.69575666926753
-2.19667204441625,0.402364328197189,6.63083369043348
-2.15278268334514,0.380617594184284,6.56638077283325
-2.10954883946265,0.35930648934515,6.5024060713876
-2.06698558620836,0.338424381973418,6.43891705030957
-2.02510662078827,0.317964496550315,6.37592051126965
-1.98392431325667,0.297919927261723,6.31342262110932
-1.94344975567975,0.278283651023882,6.25142893906205
-1.90369281124119,0.259048540017643,6.18994444344553
-1.8646621631601,0.240207373732496,6.12897355779359
-1.82636536330221,0.221752850522854,6.06852017640046
-1.78880888037458,0.203677598680226,6.00858768925409
-1.75199814760377,0.185974187025945,5.94917900633916
-1.71593760980646,0.168635135030075,5.89029658129376
-1.68063076977022,0.151652922463001,5.83194243440731
-1.64608023387031,0.13501999858697,5.77411817495024
-1.61228775685657,0.118728790895563,5.71682502282889
-1.57925428575176,0.102771713409697,5.66006382956177
-1.54698000281006,0.087141174539297,5.60383509857573
-1.51546436749101,0.071829584520278,5.54813900482294
-1.48470615741067,0.0568293624368673,5.49297541372159
-1.45470350823783,0.0421329428396682,5.43834389942506
-1.42545395250847,0.0277327819701492,5.38424376242613
-1.39695445733722,0.0136213636024881,5.33067404650425
-1.36920146100927,-0.000208795486112206,5.27763355502531
-1.3421909084408,-0.0137651404053786,5.22512086660447
-1.31591828550027,-0.0270550733908352,5.17313435014392
-1.2903786521867,-0.0400859493801702,5.12167217925812
-1.26556667466475,-0.0528650719156694,5.07073234610016
-1.2414766561597,-0.065399689361295,5.02031267460322
-1.21810256671837,-0.0776969914230381,4.97041083315224
-1.19543807184481,-0.0897641059612457,4.92102434670079
-1.17347656002211,-0.101608096083725,4.87215060834909
-1.15221116913387,-0.113235957508553,4.82378689039893
-1.13163481180081,-0.12465461618566,4.77593035490197
-1.11174019964998,-0.135870926166428,4.72857806371764
-1.09251986653538,-0.146891667710727,4.68172698809715
-1.07396619073047,-0.157723545620989,4.63537401781013
-1.05607141611383,-0.168373187793165,4.58951596983037
-1.03882767237086,-0.178847143974594,4.54414959659701
-1.02222699423468,-0.189151884719066,4.49927159386752
-1.00626133979061,-0.199293800529591,4.4548786081784
-0.990922607868883,-0.209279201179636,4.41096724392973
-0.976202654550843,-0.21911431520383,4.36753407010894
-0.962093308814307,-0.228805289549413,4.32457562666949
-0.948586387343822,-0.238358189379934,4.28208843057928
-0.935673708531844,-0.247778998022986,4.24006898155376
-0.923347105696868,-0.257073617054023,4.19851376748815
-0.91159843954449,-0.266247866508541,4.15741926960293
-0.9004196098973,-0.2753074852152,4.11678196731626
-0.889802566719319,-0.284258131242689,4.07659834285688
-0.879739320460452,-0.293105382453425,4.03686488563048
-0.87022195174613,-0.301854737157391,3.99757809635214
-0.861242620436984,-0.310511614859705,3.95873449095724
-0.852793574082993,-0.319081357095739,3.92033060430263
-0.844867155796114,-0.327569228347847,3.88236299366974
-0.83745581156495,-0.335980417038018,3.84482824208063
-0.830552097034502,-0.344320036590974,3.80772296143783
-0.824148683773555,-0.35259312656249,3.77104379549848
-0.818238365051668,-0.360804653827917,3.73478742269257
-0.812814061147204,-0.36895951382611,3.69895055879527
-0.80786882420725,-0.377062531854182,3.66352995946243
-0.803395842679674,-0.385118464408701,3.62852242263845
-0.799388445336986,-0.393132000569147,3.59392479084498
-0.795840104911033,-0.40110776341965,3.55973395335897
-0.792744441356967,-0.409050311505203,3.52594684828799
-0.790095224764304,-0.416964140318738,3.49256046455044
-0.78788637793225,-0.424853683815622,3.4595718437683
-0.78611197862588,-0.432723315952289,3.42697808207925
-0.784766261529129,-0.440577352245912,3.39477633187519
-0.783843619909925,-0.448420051352154,3.36296380347365
-0.783338607012207,-0.456255616658183,3.33153776672839
-0.783245937188947,-0.464088197888315,3.30049555258532
-0.783560486789714,-0.471921892719734,3.26983455458943
-0.784277294815712,-0.479760748405928,3.23955223034844
-0.785391563354645,-0.487608763405554,3.20964610295843
-0.786898657807197,-0.495469889014606,3.18011376239674
-0.788794106916329,-0.50334803099985,3.15095286688696
-0.791073602610055,-0.511247051231614,3.12216114424081
-0.793732999667807,-0.519170769314111,3.09373639318161
-0.796768315219953,-0.527122964211588,3.06567648465355
-0.800175728089512,-0.535107375868668,3.03797936312119
-0.803951577984595,-0.543127706823366,3.01064304786316
-0.808092364549575,-0.551187623811305,2.98366563426409
-0.812594746282522,-0.559290759359776,2.95704529510845
-0.817455539325911,-0.567440713370331,2.93078028188017
-0.822671716137165,-0.575641054688678,2.90486892607139
-0.828240404045111,-0.583895322660706,2.87930964050387
-0.834158883697972,-0.592207028673526,2.85410092066639
-0.840424587408053,-0.600579657680471,2.82924134607137
-0.84703509739787,-0.609016669709052,2.80472958163369
-0.85398814395199,-0.617521501350892,2.78056437907503
-0.861281603478472,-0.62609756723273,2.75674457835634
-0.868913496483344,-0.634748261467599,2.7332691091416
-0.876881985461172,-0.643476959085326,2.71013699229547
-0.88518537270434,-0.652287017441533,2.6873473414177
-0.893822098033292,-0.66118177760433,2.66489936441682
-0.902790736449592,-0.670164565717922,2.64279236512587
-0.912089995713241,-0.679238694342375,2.6210257449626
-0.921718713845374,-0.688407463768773,2.59959900463668
-0.931675856557005,-0.697674163309031,2.57851174590641
-0.941960514604199,-0.707042072559637,2.55776367338724
-0.95257190106961,-0.716514462638568,2.53735459641459
-0.96350934857002,-0.726094597394656,2.51728443096318
-0.97477230638911,-0.735785734588656,2.49755320162521
-0.986360337534366,-0.745591127045266,2.47816104364965
-0.998273115716642,-0.755514023775321,2.45910820504485
-1.01051042225057,-0.765557671067404,2.44039504874667
-1.02307214287364,-0.775725313548043,2.42202205485423
-1.0359582644814,-0.786020195209687,2.40398982293546
-1.04916887177597,-0.796445560405604,2.38629907440464
-1.06270414382447,-0.807004654810814,2.36895065497371
-1.076564350524,-0.817700726348145,2.35194553717975
-1.09074984896899,-0.828537026078452,2.3352848229904
-1.10526107971681,-0.839516809054004,2.31896974648917
-1.12009856294682,-0.850643335134002,2.30300167664285
-1.13526289450789,-0.861919869761127,2.28738212015257
-1.15075474184905,-0.873349684697994,2.27211272439065
-1.16657483982734,-0.884936058722293,2.25719528042494
-1.18272398638689,-0.896682278279377,2.24263172613246
-1.19920303810257,-0.908591638090966,2.22842414940408
-1.21601290558141,-0.920667441718584,2.21457479144193
-1.23315454871431,-0.932913002080264,2.20108605015111
-1.2506289717706,-0.945331641918998,2.18796048362735
-1.26843721832715,-0.957926694221305,2.17520081374205
-1.28658036602357,-0.970701502584234,2.16280992982614
-1.30505952113468,-0.983659421529005,2.15079089245405
-1.32387581295074,-0.996803816759432,2.13914693732916
-1.34303038795593,-1.01013806536314,2.12788147927167
-1.36252440379457,-1.02366555595351,2.11699811631017
-1.38235902301478,-1.0373896887502,2.10650063387756
-1.40253540657826,-1.05131387559594,2.09639300911232
-1.42305470712479,-1.06544153990716,2.08667941526572
-1.4439180619794,-1.07977611655606,2.07736422621532
-1.46512658588989,-1.09432105168138,2.06845202108526
-1.48668136348158,-1.10907980242514,2.05994758897339
-1.50858344141618,-1.12405583659244,2.05185593378511
-1.53083382024061,-1.13925263223137,2.04418227917377
-1.55343344591176,-1.15467367712971,2.03693207358697
-1.57638320098206,-1.17032246822532,2.03011099541808
-1.59968389543077,-1.18620251092646,2.02372495826182
-1.6233362571251,-1.20231731833879,2.0177801162727
-1.64734092189492,-1.21867041039483,2.01228286962446
-1.67169842320421,-1.2352653128824,2.00723987006859
-1.69640918140212,-1.2521055563675,2.00265802658956
-1.72147349253588,-1.26919467500762,1.99854451115381
-1.74689151670734,-1.28653620525091,1.99490676454945
-1.77266326595449,-1.3041336844165,1.99175250231283
-1.79878859163891,-1.32199064915126,1.98908972073777
-1.82526717131964,-1.34011063375781,1.98692670296291
-1.85209849509342,-1.35849716838866,1.98527202513156
-1.87928185138106,-1.37715377710099,1.98413456261842
-1.90681631213919,-1.39608397576645,1.98352349631648
-1.93470071747639,-1.41529126983006,1.98344831897675
-1.96293365965229,-1.43477915191231,1.98391884159298
-1.99151346643794,-1.45455109924797,1.98494519982244
-2.02043818381586,-1.47461057095527,1.9865378604332
-2.04970555799735,-1.49496100512869,1.98870762776726
-2.07931301673523,-1.5156058157484,1.99146565020819
-2.10925764990961,-1.53654838939924,1.99482342664065
-2.13953618936447,-1.55779208179178,1.99879281288828
-2.170144987973,-1.57934021407792,2.00338602811521
-2.20107999790956,-1.6011960689533,2.00861566117541
-2.23233674810676,-1.62336288653818,2.01449467689249
-2.26391032087603,-1.64584386002889,2.02103642225166
-2.29579532767098,-1.66864213111116,2.02825463248373
-2.32798588397322,-1.69176078512668,2.03616343701991
-2.36047558328096,-1.71520284598409,2.04477736529422
-2.39325747018188,-1.7389712708053,2.05411135236907
-2.42632401249248,-1.76306894429784,2.06418074435747
-2.45966707244753,-1.78749867284392,2.07500130361374
-2.4932778769247,-1.81226317829651,2.08658921366262
-2.52714698669074,-1.83736509147287,2.09896108383467
-2.56126426465793,-1.86280694533549,2.11213395357366
-2.5956188431411,-1.88859116785072,2.12612529637974
-2.63019909010815,-1.91472007451486,2.14095302334952
-2.66499257441962,-1.94119586053776,2.15663548627224
-2.69998603005556,-1.96802059267368,2.1731914802383
-2.73516531933148,-1.99519620068944,2.19064024571426
-2.77051539510855,-2.02272446845965,2.20900147003546
-2.80602026200719,-2.05060702467907,2.22829528826487
-2.84166293663766,-2.07884533318215,2.24854228336377
-2.8774254068659,-2.10744068286006,2.26976348561705
-2.91328859013804,-2.13639417716564,2.29198037125297
-2.9492322908929,-2.16570672319704,2.31521486019376
-2.9852351570976,-2.19537902035098,2.33948931287091
-3.02127463594849,-2.22541154853727,2.36482652603503
-3.05732692878652,-2.25580455594626,2.39124972748757
-3.09336694528417,-2.28655804636186,2.41878256965774
-3.12936825696931,-2.31767176601294,2.44744912194506
-3.16530305016072,-2.34914518995707,2.4772738617443
-3.20114207839928,-2.38097750799093,2.50828166406614
-3.23685461446953,-2.41316761008293,2.54049778966374
-3.27240840211729,-2.44571407132448,2.57394787157158
-3.30776960758085,-2.47861513639735,2.60865789996004
-3.34290277106584,-2.51186870355592,2.64465420520547
-3.37777075830704,-2.54547230812457,2.68196343907278
-3.4123347123749,-2.57942310551173,2.72061255390389
-3.44655400589892,-2.61371785374388,2.76062877970314
-3.48038619389625,-2.64835289552476,2.80203959900742
-3.51378696740992,-2.68332413982663,2.8448727194266
-3.54671010817878,-2.71862704302293,2.88915604373744
-3.57910744457906,-2.75425658957381,2.93491763741218
-3.61092880909639,-2.79020727227842,2.98218569346142
-3.64212199760675,-2.82647307211082,3.0309884944697
-3.67263273076501,-2.86304743765893,3.08135437170122
-3.70240461782083,-2.89992326418923,3.13331166115323
-3.731379123203,-2.9370928723632,3.1868886564345
-3.75949553623568,-2.97454798663486,3.24211355834754
-3.78669094437234,-3.01227971336288,3.29901442105469
-3.81290021035603,-3.05027851867416,3.35761909471068
-3.83805595373805,-3.08853420612054,3.41795516444752
-3.86208853720998,-3.12703589417429,3.48004988560167
-3.88492605822729,-3.16577199361306,3.54393011507886
-3.90649434642598,-3.20473018484956,3.60962223875792
-3.92671696735585,-3.2438973952665,3.67715209484273
-3.94551523307631,-3.28325977662278,3.74654489308
-3.96280822018148,-3.3228026826023,3.81782512977063
-3.97851279584145,-3.36251064658254,3.89101649851423
-3.99254365246504,-3.40236735970622,3.96614179663912
-4.00481335160632,-3.44235564934525,4.04322282728513
-4.01523237775194,-3.48245745805262,4.12228029712288
-4.0237092026386,-3.52265382310424,4.20333370971137
-4.03015036075987,-3.56292485673939,4.28640125451596
-4.03446053672748,-3.60324972721495,4.37149969163096
-4.03654266515535,-3.64360664079528,4.45864423227477
-4.03629804373301,-3.68397282480632,4.54784841515228
-4.03362646014891,-3.72432451188918,4.63912397880688
-4.0284263335135,-3.76463692559488,4.73248073011537
-4.02059487091457,-3.80488426746848,4.82792640911138
-4.010028239715,-3.84503970577698,4.92546655035778
-3.99662175617328,-3.88507536604134,5.02510434112536
-3.98027009093044,-3.9249623235386,5.12684047667424
-3.96086749186241,-3.9646705979453,5.23067301297535
-3.93830802474435,-4.00416915029815,5.33659721725232
-3.91248583211142,-4.04342588245201,5.44460541676895
-3.88329541063032,-4.08240763921884,5.55468684633377
-3.8506319072149,-4.12108021337385,5.66682749504121
-3.81439143402889,-4.15940835371726,5.78100995281777
-3.77447140241801,-4.19735577638071,5.89721325739203
-3.73077087570204,-4.23488517956735,6.01541274235757
-3.68319094063502,-4.27195826191344,6.13557988704928
-3.63163509720911,-4.30853574465666,6.25768216900419
-3.57600966633291,-4.34457739779216,6.38168291982847
-3.51622421476127,-4.38004207039236,6.50754118534126
-3.45219199648811,-4.41488772525901,6.63521159091421
-3.38383040963928,-4.44907147806756,6.76464421297062
-3.31106146771878,-4.48254964115334,6.89578445765138
-3.23381228386886,-4.51527777207637,7.02857294769414
-3.15201556660557,-4.54721072708759,7.16294541860728
-3.06561012528491,-4.57830271960258,7.29883262525104
-2.97454138334484,-4.60850738377057,7.43616025996269
-2.8787618971547,-4.63777784320583,7.57484888338152
-2.77823187808888,-4.6660667849257,7.71481386914051
-2.67291971522818,-4.69332653851477,7.85596536359529
-2.56280249588141,-4.7195091605076,7.99820826175571
-2.44786652091556,-4.74456652395328,8.1414422005708
-2.32810781168597,-4.7684504130941,8.28556157069331
-2.20353260517352,-4.79111262305734,8.43045554781425
-2.07415783376479,-4.81250506442484,8.57600814461144
-1.9400115859582,-4.83257987250799,8.72209828429657
-1.80113354414668,-4.85128952111856,8.86859989667475
-1.65757539551892,-4.86858694058621,9.01538203754614
-1.50940121204019,-4.88442563973379,9.16230903218256
-1.35668779542307,-4.89875983148091,9.30924064350205
-1.19952498298148,-4.91154456170492,9.45603226544167
-1.03801591028115,-4.92273584094792,9.60253514189306
-0.872277226558625,-4.93229077851735,9.74859661141775
-0.702439258981888,-4.94016771848825,9.89406037779946
-0.528646121970504,-4.94632637707644,10.0387668063202
-0.351055767983521,-4.95072798081527,10.1825532454669
-0.169839976420741,-4.95333540493329,10.3252543735854
0.0148157224324866,-4.95411331129881,10.4667025698037
0.202712191154601,-4.95302828526738,10.6067283083418
0.39363689899001,-4.95004897074339,10.7451605751218
0.587364207638368,-4.94514620274514,10.8818273053814
0.783655730497244,-4.93829313674575,11.0165558407872
0.982260766315965,-4.92946537405013,11.1491734043375
1.18291680767279,-4.91864108246147,11.2795075911432
1.3853501241093,-4.90580111148922,11.4073868729806
1.5892764191499,-4.89092910135543,11.532641114327
1.79440155980665,-4.87401158506703,11.6551020974145
2.00042237652656,-4.85503808283886,11.774604053683
2.20702753088669,-4.83400118817604,11.8909841988683
2.41389844769045,-4.81089664495419,12.004083268844
2.62071030747285,-4.78572341487317,12.1137460532321
2.82713309479261,-4.75848373470271,12.2198219237222
3.03283269708277,-4.72918316278765,12.3221653539881
3.23747204825669,-4.69783061433591,12.4206364280656
3.44071231073279,-4.66443838507279,12.5151013340578
3.64221408905518,-4.62902216291117,12.6054328400688
3.84163866785751,-4.59160102735759,12.6915107493259
4.03864926655041,-4.55219743644856,12.7732223315422
4.23291230281472,-4.51083720108934,12.8504627276939
4.42409865675974,-4.4675494467475,12.9231353255312
4.61188492746128,-4.42236656253618,12.9911521033231
4.79595467353286,-4.37532413780474,13.0544339395334
4.97599962940665,-4.32646088643831,13.1129108863573
5.15172088910995,-4.27581855915028,13.1665224052912
5.32283004951789,-4.22344184413302,13.2152175631794
5.48905030534235,-4.16937825651115,13.2589551874642
5.65011748847777,-4.11367801711709,13.2977039796647
5.80578104476302,-4.05639392118054,13.3314425864153
5.95580494172934,-3.99758119759028,13.3601596277125
6.09996850148136,-3.9372973594482,13.3838536823332
6.23806715349453,-3.87560204669084,13.4025332307063
6.36991310279942,-3.81255686160261,13.4162165558329
6.49533590975263,-3.74822519808633,13.4249316031547
6.61418297835634,-3.68267206559114,13.4287158005644
6.72631995087404,-3.61596390862416,13.4276158400347
6.8316310072883,-3.54816842279093,13.4216874226023
6.93001906894854,-3.47935436832009,13.410994968689
7.0214059065515,-3.40959138203042,13.3956112959628
7.10573215337625,-3.3389497886928,13.375617267137
7.18295722544865,-3.26750041272693,13.3511014102797
7.25305915102985,-3.19531439115208,13.3221595143456
7.31603431250102,-3.12246298868374,13.2888942027615
7.37189710434513,-3.04901741583435,13.2514144879809
7.42067951150095,-2.97504865083606,13.2098353099833
7.46243061287817,-2.90062726615841,13.1642770617236
7.4972160152727,-2.82582326034326,13.1148651045368
7.52511722330419,-2.75070589582545,13.0617292764825
7.54623095131199,-2.67534354334924,13.0050033965589
7.56066838339002,-2.59980353353032,12.9448247676464
7.56855438791557,-2.52415201605042,12.8813336809401
7.57002669303352,-2.44845382690722,12.8146729245178
7.56523502959645,-2.37277236407753,12.7449872985525
7.55434024803752,-2.29716947188685,12.6724231395314
7.53751341556794,-2.22170533431375,12.5971278556757
7.51493489995083,-2.14643837739465,12.5192494755849
7.48679344591081,-2.07142518083251,12.4389362119445
7.45328525000077,-1.99672039885399,12.3563360419453
7.41461303946761,-1.92237669030235,12.271596305872
7.37098516034409,-1.84844465789984,12.1848633251215
7.32261467964962,-1.77497279656253,12.0962820407189
7.26971850621407,-1.70200745060356,12.0059956732041
7.21251653425178,-1.62959277961782,11.9141454045765
7.15123081341307,-1.55777073280123,11.8208700828017
7.08608474863247,-1.48658103142332,11.7263059492079
7.01730233268243,-1.41606115913993,11.6305863889352
6.94510741393199,-1.3462463598063,11.5338417044401
6.86972300140684,-1.27716964242764,11.4361989119132
6.79137060885361,-1.20886179286534,11.3377815603312
6.71026963913075,-1.14135139190188,11.238709572738
6.62663680988374,-1.074664839256,11.1390991092373
6.54068562111615,-1.00882638313207,11.0390624510809
6.45262586494261,-0.943858154882903,10.938707905142
6.3626631775058,-0.879780208364123,10.8381397279917
6.27099863275949,-0.816610563559647,10.7374580687266
6.17782837756345,-0.75436525406223,10.6367589296445
6.08334330730421,-0.693058377999679,10.5361341438181
5.98772878104918,-0.632702152006292,10.4356713685879
5.89116437505897,-0.573306967849915,10.3354540939677
5.79382367332491,-0.514881451337582,10.2355616649455
5.69587409366391,-0.457432523136716,10.1360693166526
5.59747674779105,-0.400965461164143,10.0370482213823
5.49878633369964,-0.345483964211409,9.93856554643951
5.39995105860896,-0.290990216492001,9.84068452182761
5.30111259068867,-0.237484952813679,9.74346451679248
5.20240603773651,-0.184967524097287,9.64696112427396
5.10395995096911,-0.133435962981673,9.55122625234346
5.00589635208446,-0.0828870492728226,9.45630822174139
4.90833078176673,-0.0333163750136271,9.36225186866431
4.81137236782829,0.0152815910310602,9.26909865199185
4.71512391121893,0.0629134396615902,9.17688676418442
4.61968198817663,0.109586758472898,9.08565124512558
4.52513706684655,0.155310070179101,8.99542409822663
4.43157363675422,0.200092772169882,8.90623440815522
4.33907034958386,0.243945077419384,8.81810845959371
4.24770016978188,0.286877956853225,8.73106985647749
4.15753053357873,0.328903083264777,8.6451396412064
4.06862351509733,0.370032776858174,8.56033641336535
3.9810359982937,0.410279952482581,8.47667644753156
3.8948198535529,0.449658068610091,8.39417380978631
3.81002211784177,0.48818107809825,8.31284047258757
3.72668517739751,0.525863380767607,8.23268642769749
3.64484695200754,0.562719777814862,8.15371979689424
3.56454108001144,0.598765428073118,8.07594694023115
3.48579710322878,0.634015806122412,7.99937256163863
3.40864065108765,0.668486662246104,7.92399981169417
3.33309362329725,0.702193984221797,7.84983038741387
3.2591743704732,0.735153960929204,7.77686462894583
3.18689787218733,0.767382947751814,7.70510161306962
3.11627591197303,0.798897433744192,7.63453924342939
3.04731724887381,0.829714010532376,7.5651743374486
2.98002778517586,0.859849342910955,7.49700270989385
2.91441073001549,0.889320141097088,7.43001925307264
2.85046675859885,0.918143134598853,7.36421801366579
2.78819416681504,0.946335047652931,7.29959226620967
2.72758902106404,0.973912576184627,7.23613458325604
2.66864530315799,1.00089236624164,7.17383690224903
2.61135505018902,1.02729099385174,7.11269058916867
2.55570848928789,1.05312494625366,7.05268649899934
2.5016941672266,1.07841060444982,6.99381503308934
2.44929907484399,1.10316422702911,6.93606619347414
2.39850876629695,1.12740193520823,6.87942963424179
2.34930747316085,1.15113969903953,6.82389471002335
2.30167821342165,1.17439332473449,6.76945052169507
2.25560289541902,1.19717844305167,6.71608595938232
2.21106241681421,1.21951049869919,6.66378974285696
2.16803675866955,1.24140474070242,6.61255045942211
2.1265050747375,1.26287621368833,6.56235659937877
2.08644577606662,1.28393975003933,6.51319658916936
2.04783661103992,1.30460996287014,6.46505882229337
2.01065474096779,1.32490123978277,6.41793168808957
1.9748768113631,1.34482773735571,6.37180359847852
1.94047901903018,1.36440337632483,6.32666301275795
1.90743717510295,1.3836418374148,6.28249846054189
1.87572676416947,1.40255655778122,6.23929856293288
1.84532299962185,1.421160728025,6.19705205201455
1.81620087537091,1.43946728974194,6.15574778874945
1.78833521406524,1.45748893357186,6.11537477936505
1.76170071195356,1.47523809771305,6.07592219030807
1.73627198052808,1.49272696686909,6.03737936184483
1.71202358508508,1.50996747159662,5.99973582038273
1.68893008033686,1.52697128802383,5.96298128958496
1.6669660432068,1.5437498379109,5.92710570034835
1.64610610293658,1.56031428902481,5.89209919971075
1.62632496863179,1.57667555580238,5.85795215875224
1.60759745436884,1.59284430027637,5.82465517955119
1.58989850198295,1.60883093324106,5.7921991012537
1.57320320165333,1.62464561563451,5.76057500531214
1.55748681039835,1.64029826011622,5.72977421994572
1.54272476858966,1.65579853281965,5.69978832387356
1.52889271459066,1.67115585526048,5.67060914936789
1.51596649762089,1.68637940638233,5.64222878467272
1.50392218894445,1.70147812472256,5.61463957583058
1.49273609147651,1.71646071068204,5.58783412795773
1.48238474789864,1.73133562888348,5.56180530600583
1.47284494736986,1.74611111060375,5.53654623504562
1.46409373091681,1.76079515626669,5.51205030010628
1.45610839558302,1.77539553798352,5.48831114560171
1.44886649741374,1.78991980212887,5.46532267437309
1.44234585334948,1.80437527194118,5.44307904637509
1.4365245420983,1.8187690501368,5.42157467703107
1.43138090405355,1.83310802152802,5.40080423528103
1.42689354032097,1.8473988556358,5.38076264134403
1.42304131091579,1.86164800928855,5.36144506421543
1.41980333218815,1.87586172919894,5.34284691891729
1.41715897353194,1.89004605451138,5.32496386351931
1.41508785342983,1.90420681931325,5.30779179594555
1.41356983488487,1.91834965510337,5.29132685058139
1.41258502028638,1.93247999321204,5.2755653946934
1.41211374575588,1.94660306716705,5.26050402467379
1.41213657501644,1.96072391500066,5.24613956211982
1.41263429282697,1.97484738149324,5.23246904975727
1.41358789802099,1.98897812034902,5.21948974721631
1.41497859618748,2.00312059630062,5.2071991266667
1.41678779202989,2.01727908713859,5.19559486831849
1.41899708143777,2.03145768566319,5.18467485579342
1.42158824330372,2.04566030155548,5.17443717137134
1.42454323111728,2.05989066316553,5.16488009111514
1.42784416436597,2.07415231921553,5.15600207987677
1.43147331977228,2.08844864041609,5.14780178618653
1.43541312239464,2.10278282099418,5.14027803702666
1.43964613661903,2.11715788013156,5.13342983249003
1.4441550570672,2.13157666331259,5.12725634032382
1.44892269944642,2.14604184358096,5.12175689035765
1.45393199136513,2.16055592270458,5.1169309688151
1.45916596313784,2.17512123224864,5.1127782125069
1.46460773860228,2.18973993455672,5.10929840290391
1.47024052597119,2.20441402364028,5.10649146008721
1.47604760874055,2.21914532597685,5.10435743657254
1.4820123366757,2.23393550121775,5.10289651100589
1.48811811689652,2.2487860428061,5.1021089817265
1.49434840508247,2.26369827850629,5.10199526019363
1.50068669681802,2.27867337084619,5.10255586427286
1.50711651909895,2.29371231747357,5.10379141137761
1.51362142201981,2.30881595142848,5.10570261146138
1.52018497066272,2.32398494133357,5.10829025985598
1.52679073720769,2.33921979150422,5.1115552299509
1.53342229328481,2.35452084198116,5.11549846570896
1.54006320258834,2.36988826848779,5.12012097401318
1.54669701377332,2.38532208231502,5.12542381683983
1.55330725365501,2.40082213013668,5.13140810325271
1.55987742073182,2.4163880937584,5.13807498121349
1.56639097905273,2.43201948980352,5.14542562920334
1.57283135244998,2.44771566933944,5.15346124765085
1.57918191915848,2.46347581744821,5.16218305016164
1.58542600684337,2.47929895274533,5.17159225454495
1.59154688805749,2.495183926851,5.18169007363306
1.59752777615073,2.51112942381817,5.19247770588926
1.60335182165352,2.52713395952197,5.20395632580059
1.60900210915707,2.54319588101553,5.21612707405181
1.61446165471295,2.55931336585716,5.22899104747756
1.61971340377514,2.57548442141416,5.2425492887897
1.62474022970771,2.59170688414893,5.25680277607769
1.62952493288148,2.60797841889304,5.27175241208016
1.63405024038334,2.62429651811532,5.28739901322616
1.63829880636181,2.64065850119025,5.30374329844557
1.64225321303265,2.65706151367297,5.32078587774829
1.64589597236846,2.67350252658789,5.33852724057292
1.64920952849588,2.68997833573761,5.35696774390595
1.65217626082434,2.70648556103949,5.37610760017365
1.65477848792989,2.72302064589725,5.39594686490918
1.65699847221751,2.73957985661533,5.41648542419869
1.65881842538507,2.75615928186375,5.43772298191093
1.66022051471169,2.77275483220185,5.45965904671571
1.66118687019279,2.78936223966903,5.48229291889779
1.66169959254361,2.80597705745121,5.50562367697362
1.6617407620922,2.82259465963174,5.52965016411955
1.66129244858217,2.83921024103577,5.55437097442121
1.66033672190468,2.85581881717729,5.57978443895511
1.65885566377789,2.8724152243182,5.60588861171437
1.65683138039108,2.88899411964899,5.63268125539236
1.65424601602933,2.90554998160079,5.66015982703866
1.65108176769311,2.9220771102985,5.68832146360377
1.64732090072562,2.93856962816534,5.71716296738994
1.64294576545876,2.95502148068858,5.74668079142716
1.6379388148869,2.97142643735698,5.77687102479482
1.63228262337532,2.98777809278006,5.8077293779109
1.62595990640791,3.00406986799971,5.83925116781237
1.61895354137626,3.02029501200442,5.87143130345173
1.61124658940974,3.03644660345669,5.90426427103644
1.60282231824296,3.05251755264383,5.93774411943947
1.59366422611436,3.06850060366267,5.97186444571082
1.58375606668605,3.08438833684838,6.00661838072152
1.573081874972,3.10017317145747,6.04199857497308
1.56162599425755,3.11584736861509,6.07799718460718
1.54937310398992,3.13140303453646,6.11460585765174
1.53630824861491,3.1468321240318,6.15181572054126
1.52241686733113,3.16212644430442,6.18961736495053
1.50768482472863,3.17727765905066,6.2280008349828
1.49209844227407,3.19227729287058,6.26695561475425
1.47564453060032,3.2071167359975,6.30647061641867
1.45831042255293,3.2217872493543,6.34653416867683
1.44008400694152,3.23627996994373,6.38713400581696
1.42095376293862,3.25058591657952,6.4282572573332
1.40090879506334,3.26469599596452,6.46989043817033
1.37993886868228,3.27860100912118,6.5120194396439
1.35803444595407,3.29229165817951,6.55462952108543
1.33518672213919,3.30575855352618,6.59770530226328
1.31138766219086,3.31899222131839,6.64123075663006
1.28663003753732,3.33198311136452,6.68518920544792
1.26090746296075,3.34472160537327,6.72956331284292
1.23421443347233,3.35719802557158,6.77433508184005
1.2065463610779,3.36940264369097,6.81948585142993
1.17789961132347,3.38132569032034,6.86499629471771
1.14827153950485,3.39295736462283,6.91084641820437
1.11766052642092,3.40428784441247,6.95701556224933
1.08606601354527,3.41530729658564,7.0034824027624
1.0534885374872,3.42600588790072,7.05022495417154
1.0199297636083,3.43637379609836,7.09722057371142
0.985392518657995,3.44640122135301,7.14444596707562
0.949880822287643,3.45607839804535,7.19187719547347
0.913399917300252,3.46539560684372,7.23948968412964
0.875956298490507,3.47434318708104,7.28725823226231
0.837557739927955,3.48291154941248,7.3351570245723
0.798213320534995,3.49109118873766,7.38315964427256
0.757933447810652,3.4988726973693,7.43123908768373
0.716729879551116,3.50624677842943,7.47936778041741
0.674615743418684,3.51320425945195,7.52751759516515
0.631605554212102,3.51973610616972,7.57565987110606
0.587715228693446,3.52583343646208,7.62376543494204
0.542962097829501,3.53148753443795,7.67180462356394
0.497364916309321,3.53668986462775,7.71974730834749
0.4509438692041,3.54143208625641,7.76756292107202
0.403720575640797,3.54570606756804,7.81522048144947
0.355718089367126,3.54950390017201,7.86268862624565
0.306960896092531,3.55281791337854,7.9099356399694
0.257474907497589,3.55564068849125,7.95692948709957
0.207287451813049,3.55796507302258,8.00363784581324
0.156427260879201,3.55978419479762,8.05002814317254
0.104924453606695,3.56109147591052,8.0960675917208
0.0528105157710607,3.56188064649724,8.14172322743271
0.000118276085133928,3.56214575828769,8.18696194895639
-0.0531181214936997,3.56188119789979,8.23175055807924
-0.106863249251201,3.56108169983762,8.2760558013429
-0.161080431014618,3.55974235915572,8.31984441272665
-0.215731781262791,3.55785864375128,8.36308315731229
-0.270778248034,3.55542640624624,8.40573887583807
-0.32617965960194,3.5524418954214,8.44777853004303
-0.381894774874273,3.54890176716522,8.48916924869827
-0.43788133745189,3.54480309490017,8.52987837421617
-0.494096133270583,3.54014337945051,8.569873509724
-0.550495051730195,3.5349205583162,8.60912256648389
-0.6070331501997,3.52913301431849,8.64759381153707
-0.663664721770111,3.52277958358409,8.6852559154469
-0.720343366110732,3.5158595628362,8.72207800001185
-0.777022063268154,3.50837271596212,8.75802968581717
-0.833653250231722,3.50031927982887,8.79308113949187
-0.89018890007391,3.49169996932012,8.82720312053605
-0.946580603459487,3.48251598156972,8.86036702758272
-1.00277965230336,3.47276899936913,8.89254494395779
-1.05873712534389,3.4624611937286,8.92370968240231
-1.11440397538633,3.451595225574,8.95383482882174
-1.16973111795955,3.44017424656389,8.98289478492852
-1.22466952111954,3.42820189901416,9.01086480964656
-1.27917029612368,3.41568231491997,9.03772105914859
-1.33318478869252,3.40262011406779,9.06344062540108
-1.38666467056903,3.38902040123313,9.0880015730952
-1.43956203108071,3.37488876246235,9.11138297484695
-1.49182946840584,3.36023126044011,9.13356494455475
-1.54342018024354,3.34505442894693,9.15452866880843
-1.5942880535864,3.3293652664142,9.1742564362501
-1.64438775329551,3.31317122858728,9.19273166479376
-1.6936748091802,3.29648022031002,9.20993892661814
-1.74210570128874,3.27930058644725,9.22586397085474
-1.78963794312191,3.26164110196442,9.24049374390126
-1.83623016248838,3.24351096118676,9.25381640729885
-1.88184217972924,3.22491976626278,9.26582135312074
-1.9264350830493,3.20587751485973,9.27649921682842
-1.96997130070371,3.18639458712136,9.28584188756105
-2.01241466980142,3.16648173192044,9.29384251583305
-2.05373050150075,3.14615005244116,9.30049551862444
-2.09388564238733,3.12541099112851,9.30579658185776
-2.13284853184072,3.10427631404373,9.30974266026544
-2.17058925521326,3.08275809466692,9.31233197466042
-2.2070795926622,3.06086869718946,9.31356400663267
-2.24229306349509,3.03862075934048,9.3134394907033
-2.27620496590747,3.01602717479273,9.31196040397688
-2.30879241201155,2.99310107519464,9.30912995334153
-2.3400343580747,2.96985581187594,9.30495256027476
-2.36991162990702,2.94630493727505,9.29943384332104
-2.39840694335722,2.92246218613718,9.29258059831488
-2.4255049198971,2.89834145653184,9.2844007764305
-2.45119209729449,2.87395679073922,9.27490346014596
-2.47545693539515,2.84932235605422,9.26409883721598
-2.49828981705329,2.82445242555701,9.25199817275336
-2.51968304426963,2.79936135889829,9.23861377952445
-2.53963082961484,2.77406358314683,9.22395898656847
-2.55812928303328,2.74857357374592,9.20804810625483
-2.57517639413986,2.72290583562448,9.19089639989607
-2.59077201013839,2.69707488450714,9.17252004203691
-2.60491780950531,2.67109522846647,9.15293608354228
-2.61761727159682,2.64498134975891,9.13216241360883
-2.6288756423505,2.61874768698428,9.11021772082569
-2.63869989626451,2.59240861760705,9.08712145341069
-2.64709869484825,2.56597844087559,9.06289377874818
-2.65408234174791,2.53947136117379,9.03755554235404
-2.65966273475871,2.51290147183712,9.0111282263925
-2.66385331494267,2.4862827394632,8.98363390786727
-2.66666901307659,2.45962898874481,8.95509521660799
-2.66812619365965,2.4329538878507,8.92553529316982
-2.66824259671306,2.40627093437772,8.89497774676119
-2.66703727760674,2.37959344189483,8.86344661331141
-2.66453054514857,2.35293452709786,8.83096631378569
-2.66074389817187,2.32630709759104,8.79756161285123
-2.65569996085515,2.29972384030919,8.7632575779934
-2.64942241700602,2.27319721059205,8.72807953917634
-2.64193594353776,2.24673942192006,8.69205304913744
-2.63326614336249,2.22036243631844,8.65520384439964
-2.62343947791989,2.19407795543432,8.61755780708062
-2.61248319955438,2.16789741228957,8.57914092757202
-2.60042528394662,2.1418319637097,8.53997926815655
-2.58729436279796,2.11589248342738,8.50009892762505
-2.57311965695832,2.09008955585702,8.45952600695003
-2.55793091017914,2.06443347053517,8.41828657606631
-2.54175832366424,2.03893421721939,8.37640664180401
-2.52463249158162,2.01360148163713,8.33391211701334
-2.50658433768959,1.98844464187387,8.29082879091517
-2.48764505322038,1.96347276538897,8.24718230070611
-2.46784603615414,1.93869460664571,8.20299810444117
-2.44721883200578,1.91411860534124,8.15830145521241
-2.42579507623673,1.88975288522052,8.11311737663664
-2.40360643839293,1.86560525345768,8.06747063966061
-2.38068456806011,1.84168320058694,8.02138574068751
-2.35706104271713,1.81799390096455,7.97488688102418
-2.33276731755763,1.79454421374241,7.92799794764434
-2.30783467734059,1.77134068433342,7.88074249525905
-2.28229419032039,1.74838954634786,7.83314372968207
-2.25617666429747,1.72569672398004,7.78522449247436
-2.22951260482167,1.70326783482358,7.73700724684833
-2.20233217557132,1.68110819309384,7.6885140648101
-2.17466516092256,1.65922281323566,7.63976661551476
-2.14654093071559,1.63761641389432,7.59078615480737
-2.11798840721649,1.61629342222796,7.54159351592014
-2.08903603426618,1.5952579785394,7.49220910129424
-2.05971174860108,1.57451394120554,7.44265287549286
-2.03004295332382,1.5540648918829,7.39294435917056
-2.00005649349608,1.53391414096768,7.34310262406281
-1.96977863382035,1.51406473328955,7.29314628895812
-1.93923503837219,1.49451945401822,7.24309351661468
-1.90845075233997,1.4752808347627,7.19296201158236
-1.87745018572472,1.45635115984325,7.14276901889064
-1.84625709894917,1.43773247271683,7.0925313235624
-1.81489459032153,1.41942658253702,7.04226525091373
-1.78338508529649,1.4014350708304,6.99198666759935
-1.75175032747378,1.38375929827146,6.94171098336387
-1.72001137127181,1.36640041153918,6.89145315345906
-1.68818857621271,1.34935935023872,6.84122768168775
-1.6563016027533,1.33263685387252,6.79104862403554
-1.62436940959533,1.31623346884555,6.740929592852
-1.59241025240775,1.30014955549044,6.69088376154397
-1.56044168389311,1.28438529509858,6.64092386974398
-1.52848055512999,1.26894069694406,6.59106222891813
-1.4965430181233,1.25381560528816,6.54131072837834
-1.46464452949477,1.23900970635257,6.49168084166515
-1.43279985524628,1.22452253525025,6.44218363326804
-1.40102307652939,1.21035348286362,6.39282976565171
-1.36932759635552,1.19650180266021,6.34362950655742
-1.33772614718202,1.18296661743693,6.29459273655015
-1.30623079931088,1.16974692598415,6.2457289567831
-1.27485297003809,1.15684160966222,6.19704729695254
-1.24360343349311,1.14424943888281,6.14855652341717
-1.2124923311096,1.13196907948875,6.10026504745718
-1.18152918267038,1.11999909902621,6.05218093364978
-1.15072289787107,1.10833797290381,6.0043119083388
-1.12008178834904,1.09698409043371,5.95666536817743
-1.08961358012615,1.08593576075029,5.90924838872429
-1.05932542641558,1.07519121860258,5.86206773307403
-1.02922392074513,1.06474863001696,5.81512986050516
-0.999315110351557,1.05460609782722,5.76844093512854
-0.969604509802324,1.0447616670696,5.72200683452136
-0.94009711480323,1.03521333024053,5.67583315833237
-0.910797416152567,1.0259590324156,5.62992523684519
-0.88170941380434,1.01699667622838,5.58428813948759
-0.852836631005144,1.00832412670826,5.53892668327553
-0.824182128471313,0.999939215976634,5.49384544118171
-0.795748518574873,0.991839747801253,5.44904875041941
-0.767537979508779,0.984023502008848,5.4045407206331
-0.739552269403821,0.976488238756262,5.36032524198824
-0.711792740371392,0.969231702660792,5.31640599315345
-0.684260352448154,0.962251626790569,5.27278644916908
-0.656955687420343,0.955545736516072,5.22946988919677
-0.629878962507216,0.949111753224094,5.18645940414554
-0.603030043884716,0.942947397895648,5.1437579041703
-0.576408460032083,0.937050394549515,5.10136812603957
-0.550013414885654,0.931418473553278,5.05929264036958
-0.52384380078555,0.926049374803833,5.01753385872268
-0.497898211202404,0.920940850779536,4.97609404056831
-0.472174953232631,0.91609066946622,4.93497530010538
-0.446672059852024,0.911496617159465,4.89417961294538
-0.421387301918747,0.907156501145577,4.85370882265593
-0.396318199917935,0.903068152263826,4.81356464716486
-0.371462035441278,0.899229427352548,4.77374868502539
-0.346815862396027,0.895638211581815,4.73426242154314
-0.322376517938863,0.892292420675373,4.69510723476626
-0.298140633131058,0.889190003024642,4.65628440134005
-0.274104643312248,0.886328941697564,4.61779510222776
-0.250264798191008,0.883707256345133,4.57964042829968
-0.226617171651219,0.881323005008431,4.54182138579261
-0.203157671273981,0.879174285829034,4.5043389016421
-0.179882047575531,0.877259238665612,4.46719382869019
-0.156785902962307,0.875576046619565,4.43038695077127
-0.133864700404888,0.874122937472522,4.39391898767901
-0.111113771833169,0.87289818503849,4.35779060001749
-0.088528326255607,0.871900110433436,4.32200239393957
-0.0661034576059396,0.871127083265043,4.28655492577586
-0.0438341523211813,0.870577522745344,4.25144870655764
-0.0217152966551712,0.870249898728906,4.21668420643717
0.000258316267680997,0.870142732679174,4.18226185900882
0.0220919796534376,0.870254598565563,4.14818206553473
0.0437910664891177,0.870584123693809,4.11444519907849
0.0653610232369783,0.871129989472052,4.08105160855054
0.0868073637666689,0.871890932115048,4.04800162266895
0.108135663519087,0.872865743288876,4.01529555383924
0.129351553895532,0.874053270698409,3.98293370195701
0.150460716865561,0.87545241861978,3.95091635813705
0.171468879786755,0.877062148379987,3.91924380837258
0.192381810429437,0.878881478785731,3.88791633712845
0.213205312199262,0.880909486503496,3.85693423087185
0.23394521955044,0.883145306392806,3.8262977815443
0.254607393582243,0.885588131794552,3.7960072899785
0.275197717811373,0.888237214776156,3.76606306926368
0.295722094112639,0.89109186633531,3.73646544806313
0.316186438820348,0.894151456563939,3.70721477388726
0.336596678982728,0.897415414773939,3.67831141632597
0.356958748761655,0.900883229586199,3.64975577024365
0.37727858596989,0.904554448984312,3.62154825894031
0.397562128738021,0.908428680334313,3.59368933728222
0.417815312303226,0.912505590371704,3.56617949480553
0.438044065911975,0.916784905156941,3.53901925879602
0.458254309828753,0.921266410000487,3.51220919734842
0.47845195244285,0.925949949358444,3.48574992240837
0.498642887465252,0.930835426699718,3.45964209280034
0.518832991207658,0.935922804345563,3.43388641724457
0.539028119935598,0.941212103282298,3.40848365736604
0.559234107287644,0.946703402947886,3.38343463069861
0.579456761752663,0.952396840993008,3.35874021368725
0.599701864197048,0.958292613017166,3.33440134469127
0.619975165433839,0.964390972280267,3.31041902699135
0.640282383825628,0.970692229390083,3.28679433180331
0.660629202913111,0.977196751965871,3.26352840130126
0.681021269061109,0.98390496427837,3.24062245165285
0.701464189113872,0.990817346866321,3.21807777606924
0.721963528051412,0.997934436129538,3.19589574787235
0.742524806638586,1.00525682389852,3.17407782358195
0.763153499058603,1.01278515698051,3.15262554602492
0.783855030522558,1.02052013668168,3.13154054746917
0.804634774846569,1.02846251830543,3.11082455278444
0.825498051987979,1.03661311062606,3.09047938263225
0.846450125532075,1.04497277533771,3.07050695668715
0.867496200120637,1.05354242647783,3.05090929689135
0.888641418813597,1.06232302982461,3.03168853074477
0.90989086037496,1.07131560226765,3.01284689463234
0.931249536474055,1.08052121115108,2.9943867371905
0.952722388793089,1.08994097358826,2.97631052271458
0.974314286031839,1.09957605574699,2.95862083460863
0.996030020800221,1.10942767210424,2.94132037887948
1.01787430638934,1.11949708466926,2.92441198767621
1.03985177341147,1.12978560217366,2.90789862287651
1.06196696629933,1.14029457922724,2.8917833797211
1.08422433965478,1.15102541543812,2.87606949049734
1.10662825443704,1.16197955449543,2.86076032827293
1.12918297398018,1.17315848321317,2.84585941068053
1.15189265982971,1.18456373053331,2.83137040375404
1.17476136738767,1.19619686648624,2.81729712581691
1.19779304135568,1.20805950110676,2.80364355142302
1.22099151096496,1.22015328330342,2.79041381535009
1.24436048498249,1.232479899679,2.77761221664583
1.26790354648187,1.24504107329994,2.76524322272633
1.29162414736764,1.25783856241225,2.75331147352657
1.31552560264137,1.27087415910136,2.74182178570219
1.33961108439767,1.2841496878933,2.73077915688161
1.36388361553821,1.29766700429442,2.72018876996751
1.38834606319144,1.31142799326686,2.71005599748613
1.41300113182568,1.32543456763661,2.70038640598266
1.43785135604287,1.33968866643113,2.69118576046079
1.46289909304034,1.35419225314331,2.682460028864
1.48814651472748,1.36894731391832,2.67421538659596
1.51359559948425,1.38395585565975,2.66645822107694
1.53924812354815,1.39921990405166,2.65919513633282
1.56510565201621,1.4147415014924,2.65243295761283
1.59116952944842,1.43052270493663,2.64617873603169
1.61744087005876,1.44656558364125,2.64043975323149
1.64392054748009,1.46287221681106,2.63522352605798
1.67060918408891,1.47944469114002,2.6305378112455
1.69750713987603,1.49628509824338,2.62639061010428
1.72461450084912,1.51339553197627,2.62279017320326
1.75193106695314,1.53077808563383,2.61974500504076
1.77945633949462,1.54843484902814,2.61726386869505
1.80718950805595,1.56636790543689,2.61535579044579
1.83512943688584,1.58457932841843,2.61403006435696
1.86327465075236,1.60307117848826,2.61329625681088
1.89162332024516,1.62184549965113,2.61316421098214
1.92017324651368,1.64090431578343,2.61364405123968
1.94892184542871,1.66024962686012,2.61474618746401
1.97786613115482,1.67988340502026,2.61648131926592
2.00700269912182,1.69980759046532,2.61886044009192
2.03632770838401,1.72002408718416,2.6218948412007
2.06583686335648,1.74053475849848,2.62559611549368
2.09552539491873,1.76134142242243,2.629976161182
2.12538804087652,1.78244584683017,2.63504718527054
2.15541902577398,1.80384974442469,2.64082170683888
2.18561204004906,1.82555476750155,2.64731256009762
2.21596021852673,1.84756250250082,2.65453289719705
2.24645611824563,1.86987446434062,2.66249619076407
2.27709169561539,1.89249209052566,2.67121623614151
2.30785828290378,1.9154167350239,2.6807071533028
2.33874656405433,1.93864966190476,2.69098338841328
2.3697465498376,1.96219203873226,2.70205971500772
2.40084755234111,1.9860449297062,2.71395123475233
2.43203815880579,2.01020928854512,2.72667337775742
2.46330620481924,2.03468595110429,2.74024190240551
2.49463874687923,2.05947562772255,2.75467289465761
2.52602203434394,2.08457889529162,2.76998276679875
2.557441480789,2.109996189042,2.78618825558177
2.5888816347951,2.13572779403957,2.80330641972678
2.62032615019395,2.16177383638725,2.82135463673124
2.65175775580479,2.18813427412666,2.84035059894413
2.68315822469825,2.21480888783465,2.86031230885541
2.71450834302947,2.24179727091035,2.88125807354989
2.74578787848759,2.26909881954855,2.90320649827272
2.77697554841468,2.29671272239587,2.92617647905159
2.80804898765311,2.32463794988674,2.9501871943187
2.83898471618679,2.35287324325677,2.97525809547355
2.86975810664903,2.38141710323174,3.00140889632539
2.90034335177645,2.41026777839143,3.0286595613526
2.93071343189664,2.43942325320795,3.05703029271394
2.96084008254527,2.46888123575968,3.08654151594492
2.99069376231672,2.49863914512225,3.11721386427092
3.02024362106184,2.5286940984399,3.14906816146658
3.04945746855532,2.55904289768082,3.18212540319
3.07830174376569,2.58968201608227,3.21640673671832
3.1067414848708,2.62060758429185,3.25193343901039
3.1347403001728,2.65181537621338,3.28872689302097
3.1622603400776,2.68330079456709,3.32680856219006
3.18926227031556,2.7150588561756,3.36619996303044
3.21570524659195,2.74708417698922,3.40692263573605
3.24154689086825,2.77937095686558,3.44899811273385
3.26674326948792,2.81191296412126,3.49244788510208
3.29124887337309,2.84470351987472,3.5372933667785
3.31501660053196,2.87773548220261,3.58355585648332
3.33799774112998,2.91100123013375,3.6312564972829
3.36014196539129,2.94449264750772,3.68041623372258
3.38139731461035,2.97820110672781,3.73105576645917
3.40171019556749,3.01211745244082,3.78319550432726
3.42102537865489,3.04623198517935,3.83685551377664
3.43928600003333,3.08053444500518,3.89205546562316
3.45643356815213,3.11501399519578,3.94881457905995
3.47240797497769,3.14965920601928,4.00715156288228
3.48714751228723,3.18445803864674,4.06708455388569
3.50058889339587,3.21939782925419,4.12863105240476
3.51266728069472,3.25446527337071,4.19180785496845
3.52331631938732,3.28964641053254,4.25663098405723
3.532468177819,3.3249266093072,4.32311561495776
3.54005359480039,3.36029055275551,4.39127599972232
3.54600193433094,3.39572222440353,4.46112538825296
3.55024124813086,3.43120489480045,4.53267594654371
3.55269834639094,3.46672110874248,4.60593867212949
3.55329887714747,3.50225267324715,4.68092330680599
3.55196741468569,3.53778064636602,4.75763824670251
3.54862755736745,3.57328532692832,4.83609044980788
3.54320203526867,3.60874624531159,4.91628534106939
3.53561282799827,3.64414215533925,4.9982267152059
3.52578129305251,3.6794510274088,5.08191663739801
3.51362830503735,3.71465004295761,5.16735534204199
3.49907440606529,3.74971559037657,5.25454112977823
3.48203996760303,3.78462326248476,5.34347026303115
3.46244536401073,3.81934785568083,5.43413686032355
3.44021115797369,3.85386337088915,5.52653278965649
3.41525829798125,3.88814301642031,5.62064756127401
3.38750832795709,3.92215921286722,5.71646822016122
3.35688360908793,3.95588360015841,5.81397923865405
3.32330755383506,3.98928704689056,5.91316240956944
3.28670487204502,4.02233966206181,6.01399674029466
3.24700182900048,4.055010809326,6.11645834830565
3.20412651517264,4.08726912388616,6.22052035861401
3.15800912734944,4.11908253214272,6.32615280367264
3.10858226072206,4.15041827420818,6.43332252629883
3.05578121141396,4.18124292939534,6.54199308620216
2.99954428883396,4.21152244478047,6.65212467073124
2.93981313712633,4.24122216693621,6.76367401047859
2.87653306487863,4.2703068769209,6.87659430040617
2.80965338213099,4.29874082860248,6.99083512717506
2.73912774361114,4.32648779038445,7.10634240338049
2.66491449699671,4.35351109039039,7.22305830940866
2.58697703488248,4.37977366515084,7.34092124364275
2.50528414900533,4.40523811182232,7.45986578175301
2.41981038515548,4.42986674395342,7.57982264580842
2.33053639707976,4.45362165079648,7.70071868394553
2.23744929756274,4.47646476014565,7.82247686132271
2.14054300475615,4.49835790466374,7.94501626307522
2.03981858171714,4.51926289164011,8.06825210996735
1.93528456701352,4.53914157610112,8.19209578741292
1.8269572941606,4.55795593717272,8.31645488850309
1.71486119757162,4.57566815757181,8.44123327164199
1.59902910263299,4.59224070607994,8.56633113334428
1.4795024974595,4.60763642282807,8.69164509669588
1.35633178384387,4.62181860719698,8.81706831591818
1.22957650489202,4.63475110811269,8.94249059740824
1.09930554683147,4.64639841649126,9.06779853755202
0.965597312496671,4.65672575956198,9.19287567752546
0.828539864034117,4.6656991967737,9.31760267520844
0.688231032431646,4.67328571696417,9.44185749424108
0.544778491562846,4.67945333644918,9.5655156101494
0.398299794548947,4.68417119766553,9.68845023335983
0.248922370377901,4.68740966798051,9.8105325488092
0.0967834788838903,4.68914043826092,9.93163197173995
-0.0579698776197725,4.68933662077645,10.05161641915
-0.215181087545734,4.68797284599636,10.1703525962439
-0.374684109326119,4.68502535782463,10.2877062971081
-0.536303697779666,4.68047210680746,10.403542718707
-0.699855678249474,4.67429284083871,10.5177267871766
-0.865147268899006,4.66646919288343,10.6301234952658
-1.03197745122557,4.65698476523713,10.7405982496624
-1.20013738850554,4.64582520983998,10.849017226824
-1.36941089152682,4.63297830416934,10.9552477358296
-1.53957493059515,4.6184340222427,11.0591585866646
-1.71040019242432,4.60218460027472,11.160620462265
-1.88165168014152,4.5842245965482,11.2595062925626
-2.05308935425999,4.56455094507824,11.3556916287043
-2.22446881209826,4.54316300267216,11.4490550155629
-2.39554200276043,4.52006258901484,11.5394783606109
-2.5660579744422,4.49525401943987,11.6268472972014
-2.73576365049451,4.46874413008068,11.7110515402856
-2.90440463036709,4.44054229513328,11.7919852325982
-3.07172601127094,4.41066043600247,11.8695472793608
-3.23747322614603,4.37911302214599,11.9436416695873
-3.40139289330233,4.34591706347686,12.0141777821284
-3.56323367292149,4.31109209423075,12.0810706746581
-3.72274712546657,4.27466014825479,12.1442413538924
-3.8796885669502,4.23664572572359,12.203617025428
-4.03381791595958,4.19707575133971,12.2591313217054
-4.18490052733135,4.15597952412622,12.3107245067286
-4.33270800741126,4.11338865897053,12.358343656319
-4.47701900592263,4.06933702012838,12.4019428128299
-4.61761997960397,4.02386064694642,12.4414831134171
-4.75430592295845,3.97699767210902,12.4769328911297
-4.88688106168425,3.92878823276059,12.5082677482688
-5.01515950462307,3.87927437489769,12.5354706016416
-5.13896585037191,3.82849995146524,12.5585316995318
-5.25813574504594,3.77651051462808,12.5774486103919
-5.37251638805537,3.72335320272242,12.5922261834539
-5.48196698316165,3.66907662242097,12.6028764816403
-5.58635913250344,3.61373072667095,12.60941868734
-5.68557717172599,3.55736668898495,12.6118789817866
-5.77951844480378,3.50003677468103,12.6102903989465
-5.86809351760969,3.44179420968029,12.6046926549822
-5.95122632975023,3.38269304747722,12.5951319544994
-6.0288542846495,3.32278803490059,12.5816607749264
-6.10092827832003,3.26213447728062,12.5643376304907
-6.16741266770135,3.20078810363161,12.5432268173676
-6.22828517987253,3.13880493244792,12.5183981416643
-6.2835367638489,3.07624113869661,12.489926631982
-6.33317138705159,3.0131529225706,12.4578922383544
-6.37720577888855,2.94959638054374,12.4223795194082
-6.41566912420346,2.88562737924316,12.3834773196155
-6.44860270963329,2.8213014326252,12.3412784385219
-6.47605952616294,2.75667358290968,12.2958792938268
-6.49810383137629,2.69179828569306,12.2473795801778
-6.51481067507513,2.62672929962539,12.195881925503
-6.52626539207142,2.56151958099847,12.141491546662
-6.53256306605397,2.49622118355393,12.0843159061355
-6.53380796848811,2.4308851637808,12.0244643714049
-6.53011297652843,2.36556149193238,11.962047878591
-6.52159897391057,2.30029896895233,11.8971786018331
-6.50839423874085,2.23514514946061,11.8299696297941
-6.49063382202415,2.17014627091096,11.760534650572
-6.46845892066348,2.10534718899388,11.6889876461906
-6.44201624853134,2.04079131932207,11.6154425977334
-6.41145740905679,1.97652058540052,11.5400132020661
-6.37693827259511,1.91257537284933,11.4628126009809
-6.3386183616526,1.84899448981611,11.3839531234776
-6.29666024683054,1.78581513348483,11.3035460417847
-6.25122895613189,1.72307286256045,11.2217013416076
-6.2024914000454,1.66080157558366,11.1385275069817
-6.15061581458721,1.59903349490651,11.0541313200052
-6.09577122424214,1.53779915613982,10.9686176756166
-6.0381269265081,1.47712740286441,10.8820894114941
-5.97785199951042,1.41704538638264,10.7946471530532
-5.91511483391966,1.35757857027324,10.7063891734408
-5.85008269017912,1.29875073950122,10.6174112683383
-5.7829212818284,1.24058401382546,10.5278066453172
-5.71379438549829,1.18309886524024,10.437665827422
-5.64286347795159,1.12631413918173,10.3470765705975
-5.57028740035495,1.07024707922803,10.2561237945214
-5.49622204978944,1.01491335502024,10.1648895263613
-5.42082009784306,0.960327093132818,10.0734528569311
-5.34423073597699,0.906500910623794,9.98188990869191
-5.26659944721959,0.853445950999311,9.89027381501346
-5.188067803618,0.801171922331876,9.79867471009105
-5.10877328876651,0.74968713727812,9.70715972889866
-5.02884914463377,0.698998554749085,9.61579301654675
-4.94842424182661,0.649111822994315,9.52463574640901
-4.86762297235703,0.600031323869983,9.43374614638097
-4.78656516391973,0.551760218070948,9.34317953263665
-4.70536601463969,0.504300491116808,9.25298835025668
-4.62413604721312,0.457652999892592,9.16322222011167
-4.54298108133866,0.41181751955567,9.07392799139815
-4.46200222331899,0.366792790631562,8.98514979924071
-4.38129587170545,0.322576566132573,8.89692912679238
-4.30095373785841,0.279165658544465,8.80930487128595
-4.221062880304,0.236555986537619,8.72231341351088
-4.14170575178208,0.194742621270259,8.6359886902142
-4.06296025790047,0.153719832162272,8.55036226894804
-3.98489982633605,0.113481132028877,8.46546342491201
-3.90759348555299,0.0740193214738561,8.38131921936431
-3.83110595204234,0.0353265324521805,8.29795457920159
-3.7554977251239,-0.00260572907835253,8.21539237733386
-3.68082518839103,-0.0397865414874673,8.13365351350665
-3.60714071692048,-0.0762255268467428,8.05275699524868
-3.53449278941277,-0.111932811401374,7.97272001864837
-3.46292610447265,-0.146918987184678,7.89355804868752
-3.39248170028428,-0.181195074812981,7.8152848988846
-3.32319707698109,-0.214772487491293,7.73791281002331
-3.25510632105511,-0.247662996253407,7.66145252776469
-3.18824023119579,-0.279878696453732,7.58591337896265
-3.12262644499211,-0.311431975522278,7.5113033465232
-3.0582895659752,-0.342335481988785,7.43762914266759
-2.99525129052089,-0.372602095776968,7.36489628047783
-2.93353053417227,-0.402244899765224,7.29310914362066
-2.87314355698221,-0.431277152605994,7.22227105416271
-2.81410408751335,-0.459712262792118,7.15238433840461
-2.75642344516964,-0.487563763955108,7.0834503906765
-2.70011066056814,-0.514845291377161,7.01546973505059
-2.64517259369266,-0.541570559696011,6.94844208493865
-2.59161404960191,-0.567753341779255,6.88236640055386
-2.53943789149435,-0.593407448742706,6.8172409442267
-2.48864515095937,-0.618546711085454,6.75306333357401
-2.43923513527037,-0.643184960912761,6.68983059252902
-2.39120553159925,-0.667336015216578,6.62753920024799
-2.34455250805432,-0.691013660182405,6.56618513791575
-2.2992708114644,-0.714231636490314,6.50576393347911
-2.25535386185077,-0.737003625577287,6.44627070434198
-2.21279384354646,-0.759343236827553,6.38770019806152
-2.17158179293816,-0.781263995657226,6.33004683108824
-2.13170768282098,-0.802779332459444,6.2733047255968
-2.09316050336919,-0.823902572376119,6.21746774445749
-2.05592833973844,-0.84464692586254,6.16252952440035
-2.01999844632526,-0.865025480011254,6.10848350742655
-1.98535731771977,-0.885051190601976,6.05532297052277
-1.95199075639547,-0.904736874844675,6.00304105373586
-1.91988393718787,-0.924095204783452,5.9516307866657
-1.88902146862015,-0.94313870132939,5.90108511343482
-1.85938745113954,-0.961879728891158,5.85139691619345
-1.83096553233306,-0.980330490572821,5.80255903721871
-1.80373895919535,-0.998503023908998,5.75456429966629
-1.77769062752452,-1.01640919710828,5.70740552703238
-1.75280312852481,-1.03406070577658,5.66107556138309
-1.72905879269682,-1.05146907009285,5.6155672804075
-1.70643973109776,-1.06864563241053,5.57087361334955
-1.68492787405509,-1.08560155525876,5.52698755587285
-1.66450500741779,-1.10234781971833,5.48390218391111
-1.64515280642944,-1.11889522414826,5.44161066655562
-1.62685286730732,-1.13525438323947,5.40010627802969
-1.60958673661124,-1.15143572737319,5.35938240879848
-1.59333593848508,-1.16744950226232,5.31943257586122
-1.57808199985295,-1.18330576885496,5.2802504322708
-1.56380647365068,-1.1990144034799,5.24182977592468
-1.55049096017195,-1.21458509821509,5.20416455766896
-1.53811712660669,-1.23002736146033,5.16724888875591
-1.52666672484779,-1.2453505186967,5.13107704769374
-1.51612160764017,-1.26056371341566,5.09564348652551
-1.50646374314421,-1.27567590820172,5.06094283657269
-1.49767522798385,-1.29069588595304,5.02696991367692
-1.48973829884711,-1.30563225122527,4.9937197229723
-1.482635342705,-1.32049343168438,4.96118746321859
-1.47634890571233,-1.33528767965509,4.92936853072438
-1.47086170085183,-1.35002307375192,4.89825852288769
-1.46615661438094,-1.36470752058075,4.86785324137989
-1.46221671113789,-1.37934875649893,4.83814869499751
-1.45902523876216,-1.39395434942313,4.80914110220499
-1.45656563088169,-1.40853170067413,4.78082689338998
-1.45482150931718,-1.42308804684849,4.75320271285166
-1.45377668535187,-1.43763046170763,4.72626542054093
-1.45341516011289,-1.45216585807504,4.70001209357032
-1.4537211241082,-1.46670098973312,4.67444002751014
-1.45467895596129,-1.48124245331131,4.64954673748608
-1.45627322038377,-1.49579669015772,4.62532995909245
-1.45848866542403,-1.51036998818682,4.60178764913408
-1.46131021902845,-1.52496848369622,4.57891798620886
-1.46472298494962,-1.5395981631457,4.55671937114163
-1.46871223803465,-1.5542648648922,4.53519042727953
-1.47326341892471,-1.56897428087475,4.51433000065732
-1.47836212819537,-1.5837319582436,4.49413716004101
-1.48399411996612,-1.59854330092797,4.47461119685634
-1.49014529500543,-1.61341357113752,4.45575162500854
-1.49680169335696,-1.62834789079226,4.43755818059843
-1.50394948651067,-1.64335124287661,4.42003082153913
-1.51157496914166,-1.65842847271285,4.40316972707721
-1.51966455043839,-1.67358428914998,4.38697529722078
-1.52820474504055,-1.68882326566386,4.37144815207657
-1.53718216360622,-1.70414984136482,4.35658913109731
-1.54658350302668,-1.71956832190927,4.34239929223985
-1.55639553630646,-1.73508288031163,4.32887991103379
-1.56660510212548,-1.7506975576536,4.31603247955966
-1.57719909409918,-1.7664162636874,4.30385870533527
-1.58816444975217,-1.78224277733027,4.29236051010763
-1.59948813921999,-1.79818074704728,4.28154002854786
-1.61115715369321,-1.81423369111986,4.27139960684528
-1.62315849361789,-1.83040499779754,4.26194180119664
-1.63547915666534,-1.84669792533057,4.25316937618566
-1.64810612548474,-1.86311560188109,4.24508530304739
-1.66102635525111,-1.87966102531082,4.23769275781147
-1.6742267610214,-1.89633706284325,4.23099511931768
-1.68769420491143,-1.9131464505985,4.22499596709652
-1.70141548310602,-1.93009179299908,4.21969907910709
-1.71537731271511,-1.94717556204497,4.21510842932404
-1.72956631848862,-1.96440009645661,4.21122818516451
-1.7439690194029,-1.98176760068427,4.20806270474577
-1.75857181513231,-1.99928014378281,4.20561653396348
-1.77336097241926,-2.01693965815055,4.20389440338006
-1.78832261135701,-2.03474793813147,4.20290122491216
-1.80344269159986,-2.0527066384798,4.2026420883054
-1.81870699851575,-2.07081727268644,4.20312225738464
-1.83410112929744,-2.08908121116668,4.20434716606676
-1.84961047904868,-2.10749967930889,4.20632241412309
-1.8652202268632,-2.12607375538402,4.2090537626777
-1.88091532191466,-2.14480436831596,4.21254712942758
-1.89668046957726,-2.16369229531287,4.21680858357003
-1.91250011759749,-2.18273815936001,4.22184434042226
-1.92835844233879,-2.20194242657463,4.22766075571778
-1.94423933512214,-2.22130540342371,4.23426431956363
-1.96012638868688,-2.24082723380578,4.24166165004223
-1.97600288379772,-2.26050789599798,4.24985948644111
-1.99185177602501,-2.28034719947006,4.25886468209358
-2.00765568272738,-2.30034478156716,4.26868419681293
-2.02339687026727,-2.32050010406358,4.2793250889025
-2.03905724149154,-2.34081244958999,4.29079450672382
-2.05461832351158,-2.36128091793687,4.3030996798045
-2.07006125581869,-2.38190442223749,4.31624790946777
-2.08536677877307,-2.40268168503381,4.3302465589649
-2.10051522250623,-2.42361123422929,4.34510304309225
-2.11548649627919,-2.44469139893302,4.36082481727406
-2.13026007834076,-2.46592030519989,4.37741936609258
-2.14481500633253,-2.48729587167198,4.39489419124682
-2.1591298682893,-2.50881580512699,4.41325679892171
-2.17318279428633,-2.53047759593984,4.43251468654933
-2.18695144878665,-2.55227851346423,4.45267532894444
-2.20041302374461,-2.57421560134133,4.4737461637967
-2.21354423252364,-2.59628567274365,4.4957345765026
-2.22632130468914,-2.61848530556227,4.5186478843205
-2.2387199817394,-2.64081083754676,4.54249331983305
-2.25071551383999,-2.66325836140725,4.5672780137018
-2.26228265762947,-2.68582371988931,4.59300897669996
-2.27339567516632,-2.70850250083234,4.61969308100989
-2.28402833408947,-2.73129003222357,4.64733704077354
-2.29415390906685,-2.75418137726001,4.67594739188477
-2.30374518460833,-2.7771713294316,4.70553047101442
-2.31277445932148,-2.80025440763972,4.73609239386012
-2.32121355169038,-2.82342485136573,4.76763903261485
-2.32903380745914,-2.84667661590528,4.80017599265
-2.33620610870338,-2.87000336768482,4.83370858841067
-2.34270088467416,-2.89339847967766,4.86824181852341
-2.34848812449952,-2.91685502693759,4.90378034011873
-2.35353739183001,-2.94036578226929,4.94032844237349
-2.35781784151431,-2.96392321205513,4.97789001928098
-2.36129823839176,-2.98751947225937,5.0164685416595
-2.36394697828776,-3.01114640463117,5.05606702841347
-2.36573211129768,-3.03479553312888,5.09668801706446
-2.36662136744353,-3.05845806058907,5.13833353357311
-2.36658218478608,-3.08212486566424,5.18100506147672
-2.36558174007311,-3.10578650005431,5.22470351037133
-2.3635869820016,-3.1294331860576,5.26942918377137
-2.36056466716853,-3.15305481446779,5.31518174638418
-2.35648139878119,-3.17664094284417,5.36196019084163
-2.35130366819308,-3.20018079418301,5.4097628039357
-2.34499789932658,-3.22366325601872,5.45858713240978
-2.33753049603747,-3.2470768799839,5.5084299483631
-2.32886789246965,-3.27040988185793,5.55928721433047
-2.31897660644102,-3.29365014213423,5.61115404810546
-2.30782329589316,-3.3167852071367,5.6640246873807
-2.2953748184281,-3.33980229071603,5.71789245428477
-2.28159829394586,-3.36268827655697,5.7727497199009
-2.26646117038492,-3.38542972112735,5.82858786885901
-2.24993129255658,-3.40801285730012,5.88539726409841
-2.23197697405093,-3.43042359867905,5.94316721190458
-2.21256707217881,-3.4526475446587,6.00188592732965
-2.19167106589926,-3.47466998624883,6.0615405001122
-2.16925913666682,-3.49647591269269,6.12211686121793
-2.14530225211619,-3.51805001890808,6.18359975012867
-2.11977225248491,-3.53937671377907,6.24597268301305
-2.0926419396562,-3.56044012932503,6.30921792191746
-2.06388516868555,-3.5812241307728,6.3733164451215
-2.03347694165459,-3.60171232755575,6.43824791880698
-2.0013935036757,-3.6218880852624,6.50399067019435
-1.96761244084954,-3.64173453855494,6.5705216623045
-1.93211277995651,-3.66123460507624,6.63781647050821
-1.89487508964064,-3.68037100036143,6.70584926102833
-1.85588158282274,-3.69912625376769,6.77459277156293
-1.81511622005642,-3.71748272543314,6.84401829419982
-1.7725648135186,-3.73542262427273,6.91409566079415
-1.72821513130316,-3.75292802701581,6.98479323098171
-1.68205700166408,-3.76998089828677,7.05607788300063
-1.63408241683268,-3.78656311172616,7.12791500749288
-1.58428563601191,-3.80265647214638,7.20026850445574
-1.53266328713006,-3.81824273871132,7.27310078351004
-1.47921446691656,-3.83330364912558,7.3463727676487
-1.42394083884396,-3.84782094481421,7.42004390062384
-1.36684672846294,-3.86177639706914,7.49407215812502
-1.30793921564155,-3.87515183413397,7.56841406289386
-1.24722822320615,-3.88792916919356,7.64302470391214
-1.18472660146959,-3.9000904292299,7.71785775979083
-1.12045020812273,-3.91161778470049,7.79286552647681
-1.05441798295838,-3.92249357999031,7.86799894938206
-0.986652016892174,-3.93270036458291,7.94320766002691
-0.917177614743685,-3.94222092489092,8.01844001727424
-0.846023351242627,-3.95103831668106,8.09364315321627
-0.77322111972997,-3.959135898023,8.1687630237583
-0.698806173032277,-3.96649736268661,8.24374446392597
-0.62281715599963,-3.97310677390665,8.31853124790341
-0.545296129213405,-3.97894859842909,8.39306615378962
-0.466288583389852,-3.9840077407484,8.46729103303918
-0.385843444029212,-3.98826957744047,8.54114688453151
-0.304013065887759,-3.9917199914914,8.61457393319027
-0.220853216881999,-3.99434540651862,8.68751171305078
-0.136423051070014,-3.99613282077657,8.75989915464998
-0.0507850703947504,-3.99706984083634,8.83167467658854
0.0359949250822846,-3.9971447148254,8.90277628109074
0.123847898681026,-3.9963463651111,8.97314165336273
0.212701650509629,-3.99466442030984,9.04270826452549
0.302480902896701,-3.99208924650204,9.11141347787439
0.393107397910166,-3.98861197753247,9.17919465819357
0.484500006963579,-3.98422454427484,9.24598928382987
0.576574852447919,-3.97891970274016,9.31173506120899
0.66924544126194,-3.97269106090921,9.37637004145497
0.762422810047584,-3.96553310417085,9.43983273875381
0.856015681869106,-3.9574412192507,9.50206225008352
0.949930634005971,-3.94841171651697,9.56299837591542
1.04407227646077,-3.93844185055456,9.62258174147619
1.13834344071484,-3.92752983890237,9.68075391814652
1.23264537819666,-3.91567487885399,9.73745754456081
1.32687796786174,-3.9028771622277,9.79263644696333
1.42093993221847,-3.88913788801779,9.84623575836899
1.51472906107279,-3.87445927284641,9.89820203607299
1.60814244220582,-3.85884455914264,9.94848337705161
1.70107669814379,-3.84229802098363,9.99702953079736
1.79342822812895,-3.8248249675412,10.0437920091355
1.8850934543544,-3.8064317440867,10.088724192575
1.97596907148482,-3.78712573051618,10.1317814327574
2.06595229845047,-3.7669153373682,10.1729211505762
2.15494113147277,-3.7458099993166,10.2121029295593
2.24283459725742,-3.72382016613133,10.2492886041175
2.32953300527523,-3.700957291111,10.2844423422894
2.41493819804243,-3.67723381700169,10.3175307226293
2.49895379831025,-3.65266315942752,10.3485228049143
2.58148545207981,-3.6272596878693,10.3773901943709
2.66244106637094,-3.6010387042384,10.4041070991518
2.74173104069428,-3.57401641910348,10.4286503808247
2.81926849120334,-3.54620992563833,10.4509995976666
2.89496946653771,-3.5176371713689,10.4711370405924
2.96875315441017,-3.48831692780742,10.4890477615793
3.04054207803806,-3.45826875807065,10.5047195944888
3.11026228157325,-3.42751298258824,10.5181431682192
3.17784350374475,-3.39607064301499,10.5293119121629
3.24321933899268,-3.36396346446871,10.5382220539782
3.30632738544189,-3.33121381622208,10.544872609722
3.36710937913711,-3.29784467098287,10.5492653664257
3.42551131403852,-3.26387956290278,10.5514048572348
3.4814835473565,-3.22934254445923,10.5512983292634
3.53498088988644,-3.19425814235855,10.5489557043524
3.58596268108818,-3.15865131261193,10.5443895329484
3.63439284873874,-3.12254739493766,10.5376149413545
3.68023995307179,-3.08597206664428,10.528649572628
3.72347721540104,-3.04895129614997,10.5175135214318
3.76408253130781,-3.01151129629308,10.5042292631642
3.80203846855339,-2.97367847758717,10.4888215777206
3.83733224995591,-2.93547940157249,10.4713174682526
3.86995572154621,-2.89694073441245,10.4517460753132
3.89990530638963,-2.8580892008807,10.4301385867863
3.92718194452794,-2.81895153887962,10.4065281440129
3.9517910195594,-2.77955445462684,10.3809497445334
3.97374227243309,-2.73992457864027,10.3534401418727
3.99304970308709,-2.70008842264653,10.3240377427978
4.00973146060803,-2.66007233753103,10.2927825024778
4.02380972263129,-2.61990247244079,10.2597158179763
4.03531056473813,-2.57960473514399,10.2248804204989
4.04426382063587,-2.53920475374223,10.1883202668157
4.05070293393211,-2.49872783982378,10.1500804302674
4.05466480233258,-2.45819895313757,10.1102069917538
4.05618961510479,-2.41764266785969,10.0687469310913
4.05532068465689,-2.37708314051528,10.025748019109
4.05210427308245,-2.33654407961058,9.9812587108428
4.04658941451833,-2.29604871702117,9.93532804016093
4.0388277341535,-2.25561978117398,9.88800551614452
4.02887326471328,-2.21527947205267,9.83934102152036
4.016782261225,-2.17504943804727,9.78938471342622
4.00261301484899,-2.13495075466155,9.73818692676617
3.98642566653234,-2.09500390508363,9.68579808039211
3.96828202121345,-2.05522876261779,9.63226858632542
3.94824536327288,-2.01564457496865,9.57764876221017
3.92638027389041,-1.97626995036179,9.52198874716732
3.90275245093108,-1.93712284547872,9.46533842119665
3.87742853194317,-1.89822055517781,9.40774732825161
3.85047592081046,-1.85957970396753,9.34926460309043
3.82196261855894,-1.82121623919262,9.28993890198596
3.79195705877535,-1.7831454258897,9.22981833735618
3.7605279480517,-1.7453818432637,9.1689504163577
3.72774411182664,-1.70793938273331,9.10738198346562
3.69367434595133,-1.67083124748953,9.04515916704529
3.65838727426496,-1.6340699535088,8.98232732990419
3.62195121242309,-1.59766733195927,8.91893102379645
3.58443403818109,-1.5616345329367,8.85501394783726
3.54590306829549,-1.52598203046447,8.79061891077064
3.50642494216739,-1.49071962869108,8.72578779702124
3.46606551231583,-1.45585646921698,8.66056153644895
3.42488974173358,-1.42140103948245,8.59498007771485
3.38296160814492,-1.38736118214721,8.52908236515693
3.34034401515362,-1.35374410539322,8.46290631906631
3.29709871024001,-1.32055639408146,8.39648881924678
3.25328620953891,-1.28780402169499,8.32986569173428
3.20896572930498,-1.25549236300054,8.263071698548
3.16419512394899,-1.22362620736259,8.19614053033981
3.11903083050768,-1.19220977264472,8.12910480180592
3.0735278193908,-1.16124671963482,8.06199604972177
3.02773955123239,-1.13074016693208,7.99484473345957
2.98171793965814,-1.10069270623577,7.92768023784709
2.93551331976829,-1.0711064179776,7.86053087822597
2.88917442212392,-1.04198288724149,7.79342390756843
2.84274835201605,-1.01332321991699,7.72638552551244
2.79628057378864,-0.985128059034437,7.65944088917697
2.74981489998159,-0.957397601232633,7.59261412562137
2.70339348505497,-0.930131613311991,7.5259283458155
2.6570568234532,-0.903329448828528,7.45940565999039
2.61084375176637,-0.876990064686522,7.39306719424275
2.56479145474565,-0.85111203769009,7.32693310827057
2.5189354749309,-0.825693581016354,7.26102261412073
2.47330972565031,-0.800732560575263,7.19535399583459
2.42794650715524,-0.776226511223549,7.12994462988127
2.38287652565722,-0.752172652802637,7.0648110062737
2.33812891503859,-0.728567905972623,6.99996875026677
2.29373126101382,-0.70540890781671,6.93543264454218
2.24970962752451,-0.682692027192683,6.87121665178923
2.20608858515749,-0.660413379810152,6.80733393759602
2.16289124138242,-0.638568843014341,6.74379689357012
2.12013927241272,-0.617154070259231,6.68061716061299
2.07785295650118,-0.596164505254762,6.61780565227711
2.03605120848945,-0.575595395774664,6.55537257813956
1.99475161543895,-0.555441807113247,6.49332746713051
1.95397047317838,-0.535698635181162,6.43167919075974
1.91372282361186,-0.51636061923176,6.37043598618845
1.87402249263962,-0.497422354211183,6.30960547909834
1.83488212855133,-0.478878302726779,6.24919470631386
1.79631324076082,-0.460722806629762,6.18921013813754
1.75832623875845,-0.442950098209342,6.12965770036235
1.72093047116571,-0.425554310996725,6.07054279592854
1.68413426478443,-0.408529490178513,6.01187032619606
1.64794496354028,-0.391869602620051,5.95364471180705
1.61236896722816,-0.375568546500259,5.89586991311591
1.5774117699738,-0.359620160560369,5.83854945016771
1.54307799833317,-0.344018232969777,5.78168642220835
1.5093714489579,-0.328756509813034,5.72528352671276
1.47629512576137,-0.313828703202609,5.6693430779197
1.44385127652639,-0.29922849902275,5.61386702486436
1.41204142890127,-0.284949564310279,5.55885696890186
1.38086642573671,-0.270985554278681,5.50431418071718
1.35032645972143,-0.257330118992307,5.45023961681837
1.32042110727954,-0.243976909697873,5.39663393551232
1.29114936169732,-0.23091958482082,5.34349751236338
1.26250966545194,-0.218151815634377,5.29083045513696
1.23449994171875,-0.205667291609414,5.2386326182314
1.20711762503785,-0.193459725453428,5.18690361660278
1.18035969112448,-0.181522857847121,5.13564283918819
1.1542226858113,-0.16985046188721,5.0848494618343
1.12870275311394,-0.158436347244194,5.03452245973859
1.10379566241414,-0.147274364043866,4.98466061941178
1.07949683475792,-0.136358406481431,4.93526255017025
1.05580136826846,-0.125682416177055,4.88632669516834
1.03270406267623,-0.115240385281714,4.8378513419804
1.0101994429707,-0.105026359342129,4.7898346327434
0.988281782180164,-0.0950344399335547,4.74227457387088
0.966945123288277,-0.0852587870690953,4.69516904534969
0.946183300297071,-0.0756936213941262,4.64851580963073
0.925989958448188,-0.0663332261743092,4.60231252012571
0.906358573615157,-0.05717194908555,4.55655672932144
0.887282470880811,-0.048204203814119,4.51124589652368
0.868754842315016,-0.0394244714750099,4.46637739524245
0.850768763968784,-0.0308273018564528,4.42194852023067
0.83331721210167,-0.0224073144983339,4.37795649418811
0.81639307866003,-0.0141591996121021,4.33439847414223
0.799989186024325,-0.0060777188495632,4.29127155751786
0.784098301044104,0.00184229407222228,4.24857278790707
0.768713148379729,0.0096059328829078,4.20629916055075
0.753826423170199,0.0172182184008618,4.16444762754302
0.739430803046628,0.0246840982985584,4.12301510276962
0.725518959511137,0.0320084469849138,4.08199846659099
0.712083568700956,0.0391960655983206,4.04139457028065
0.699117321557578,0.0462516821043328,4.00120024022922
0.686612933420771,0.0531799514921488,3.9614122819243
0.674563153067158,0.0599854560642423,3.92202748371582
0.662960771212949,0.0666727058136829,3.88304262037671
0.651798628500236,0.0732461388838855,3.84445445646796
0.641069622986021,0.0797101221057211,3.80625974951732
0.63076671715294,0.0860689516071101,3.76845525302035
0.620882944460322,0.0923268534904093,3.73103771927221
0.611411415453949,0.098487984573088,3.69400390203866
0.602345323452522,0.10455643318737,3.65735055907396
0.593677949828509,0.110536220034699,3.62107445449363
0.585402668900662,0.116431299091051,3.58517236100922
0.577512952455122,0.122245558559314,3.54964106203257
0.570002373911603,0.127982821865071,3.51447735365608
0.562864612150772,0.133646848692358,3.47967804651606
0.556093455018488,0.13924133605605,3.44523996754519
0.549682802522167,0.144769919407751,3.41115996162045
0.543626669734084,0.150236173772161,3.37743489311244
0.537919189416003,0.155643614911074,3.34406164734163
0.532554614379096,0.160995700512291,3.31103713194719
0.527527319592655,0.166295831400854,3.27835827817342
0.522831804054682,0.171547352770183,3.24602204207902
0.518462692437002,0.176753555430764,3.21402540567391
0.514414736517122,0.181917677074223,3.18236537798814
0.510682816408606,0.187042903550693,3.15103899607752
0.507261941601353,0.192132370157539,3.12004332597001
0.504147251822706,0.197189162937562,3.08937546355704
0.501334017729944,0.202216319984978,3.05903253543366
0.498817641444275,0.207216832757512,3.02901169969111
0.496593656936072,0.212193647393088,2.99931014666554
0.494657730270694,0.217149666029655,2.96992509964623
0.493005659723842,0.222087748126827,2.94085381554649
0.491633375775047,0.227010711788047,2.91209358554047
0.490536940987502,0.231921335082115,2.88364173566889
0.48971254978209,0.236822357362983,2.85549562741642
0.489156528113136,0.241716480586787,2.82765265826361
0.48886533305303,0.246606370625181,2.80011026221589
0.488835552292581,0.251494658574083,2.77286591031223
0.489063903563589,0.256383942057035,2.74591711111587
0.489547233989861,0.261276786522428,2.7192614111893
0.490282519372543,0.266175726533897,2.69289639555605
0.491266863415374,0.271083267053272,2.666819688151
0.492497496895171,0.276001884715498,2.64102895226164
0.493971776782564,0.28093402909501,2.61552189096202
0.495687185317743,0.285882123963083,2.59029624754142
0.497641329045717,0.290848568535739,2.56534980592953
0.4998319378153,0.295835738711818,2.54068039111993
0.502256863745846,0.300845988300873,2.51628586959358
0.504914080165453,0.305881650240589,2.49216414974397
0.507801680524177,0.310945037803459,2.4683131823056
0.510917877285541,0.316038445792476,2.44473096078722
0.514261000799411,0.321164151725644,2.4214155219115
0.517829498159122,0.326324417009143,2.39836494606255
0.521621932045495,0.331521488098992,2.37557735774264
0.525636979560218,0.336757597651097,2.35305092603971
0.529873431050878,0.342034965659594,2.33078386510687
0.534330188929701,0.347355800583403,2.30877443465538
0.539006266487937,0.352722300460954,2.28702094046232
0.543900786707605,0.358136654013029,2.2655217348944
0.549012981072164,0.363601041733735,2.24427521744905
0.554342188377517,0.36911763696956,2.22327983531414
0.55988785354458,0.374688606986569,2.20253408394765
0.565649526434495,0.380316114025721,2.18203650767837
0.571626860667429,0.386002316346366,2.1617857003291
0.57781961244574,0.391749369257944,2.1417803058634
0.584227639382139,0.397559426139945,2.12201901905725
0.590850899333365,0.403434639450176,2.10250058619672
0.597689449239719,0.409377161721394,2.08322380580314
0.604743443970687,0.415389146546364,2.06418752938667
0.612013135176742,0.421472749551406,2.04539066222984
0.619498870147299,0.427630129358488,2.02683216420209
0.627201090674631,0.433863448535931,2.00851105060674
0.635120331923476,0.440174874537779,1.99042639306147
0.643257221305901,0.4465665806319,1.97257732041388
0.651612477360877,0.453040746816845,1.95496301969312
0.660186908637897,0.459599560727538,1.93758273709917
0.66898141258385,0.466245218529811,1.92043577903096
0.677996974432213,0.472979925803825,1.90352151315475
0.687234666093546,0.479805898416382,1.88683936951413
0.696695645046097,0.486725363382155,1.87038884168308
0.706381153225248,0.493740559713813,1.85416948796341
0.716292515910371,0.500853739261024,1.8381809326282
0.726431140607553,0.50806716753832,1.82242286721257
0.736798515926518,0.51538312454175,1.80689505185335
0.747396210449942,0.52280390555427,1.79159731667918
0.758225871593221,0.530331821939784,1.77652956325261
0.769289224452622,0.537969201925715,1.76169176606578
0.780588070639598,0.545718391374008,1.7470839740913
0.792124287098927,0.553581754540377,1.73270631238997
0.803899824908166,0.561561674821659,1.71855898377715
0.815916708055772,0.569660555491049,1.70464227054934
0.828177032195101,0.577880820421,1.69095653627279
0.840682963371312,0.58622491479353,1.67750222763604
0.85343673671807,0.594695305797652,1.664279876368
0.866440655120744,0.603294483313602,1.65129010122371
0.879697087842659,0.612024960583521,1.6385336100394
0.893208469110742,0.6208892748682,1.626011201859
0.906977296656746,0.629889988089456,1.61372376913398
0.921006130210036,0.63902968745769,1.60167229999855
0.935297589937718,0.648310986084109,1.58985788062217
0.949854354827683,0.657736523577066,1.57828169764171
0.964679161009942,0.667308966621932,1.566945040675
0.979774800011376,0.677031009543845,1.55584930491824
0.995144116938823,0.686905374852656,1.54499599382928
1.01079000858517,0.696934813769328,1.53438672189898
1.02671542145289,0.707122106732983,1.52402321751302
1.04292334968908,0.717470063887751,1.5139073259062
1.05941683292613,0.7279815255485,1.50404101221178
1.07619895402133,0.738659362644475,1.49442636460796
1.09327283668898,0.749506477139796,1.48506559756394
1.11064164301792,0.760525802429721,1.47596105518796
1.12830857086718,0.771720303711467,1.46711521467951
1.14627685113218,0.783092978328362,1.45853068988835
1.16454974487345,0.794646856085962,1.45021023498242
1.18313054029967,0.806384999538749,1.44215674822738
1.2020225495962,0.818310504245884,1.43437327587984
1.22122910559019,0.830426498994441,1.42686301619684
1.24075355824276,0.842736145988432,1.419629323564
1.26059927095836,0.855242641001854,1.41267571274445
1.28076961670107,0.867949213493865,1.40600586325118
1.30126797390716,0.88085912668412,1.39962362384483
1.32209772218267,0.893975677586162,1.39353301715924
1.34326223777438,0.907302196996672,1.38773824445715
1.36476488880206,0.920842049438239,1.38224369051777
1.38660903023946,0.934598633053212,1.37705392865875
1.40879799863068,0.948575379446045,1.37217372589414
1.43133510652848,0.962775753471431,1.36760804823045
1.45422363664018,0.977203252965369,1.36336206610249
1.47746683566632,0.991861408416164,1.35944115995062
1.50106790781682,1.00675378257221,1.355850925941
1.52503000798856,1.02188396998328,1.35259718183003
1.54935623458787,1.03725559647179,1.34968597297436
1.57404962198064,1.05287231853046,1.34712357848724
1.59911313255222,1.06873782264255,1.34491651754211
1.6245496483586,1.08485582452069,1.34307155582386
1.65036196234964,1.10123006826,1.34159571212811
1.6765527691445,1.11786432540134,1.34049626510838
1.70312465533867,1.13476239389993,1.3397807601709
1.73008008932131,1.1519280969946,1.33945701651622
1.75742141058095,1.1693652819727,1.33953313432678
1.78515081847676,1.1870778188254,1.34001750209872
1.81327036045199,1.20506959878797,1.34091880411616
1.84178191966536,1.2233445327592,1.34224602806548
1.87068720201557,1.24190654959429,1.34400847278664
1.89998772253321,1.26075959426466,1.34621575615812
1.92968479111367,1.27990762587856,1.34887782311127
1.95977949756419,1.29935461555548,1.3520049537693
1.990272695937,1.31910454414759,1.35560777170555
2.02116498812027,1.33916139980075,1.35969725231448
2.05245670665778,1.35952917534762,1.36428473128869
2.08414789676737,1.380211865525,1.36938191319358
2.11623829752803,1.4012134640072,1.37500088013107
2.14872732220463,1.42253796024702,1.38115410048219
2.18161403767883,1.44418933611552,1.38785443771763
2.21489714295443,1.46617156233149,1.39511515926395
2.24857494670469,1.48848859467121,1.40294994541215
2.28264534382927,1.51114436994881,1.41137289825361
2.31710579098772,1.53414280175702,1.42039855062736
2.35195328107673,1.55748777595808,1.43004187506091
2.38718431661803,1.58118314591395,1.44031829268531
2.42279488202401,1.60523272744486,1.45124368210351
2.45878041470842,1.62964029350474,1.46283438818906
2.49513577500963,1.65440956856184,1.47510723079049
2.53185521489481,1.67954422267253,1.48807951331461
2.56893234541367,1.70504786523593,1.50176903115974
2.60636010287169,1.73092403841665,1.51619407996765
2.64413071369369,1.7571762102228,1.53137346366077
2.68223565794993,1.78380776722591,1.54732650222831
2.72066563151865,1.81082200690938,1.56407303922272
2.75941050686089,1.83822212963156,1.5816334489247
2.79845929238552,1.86601123018962,1.60002864313242
2.83780009038511,1.89419228896987,1.61928007752717
2.87742005352625,1.92276816267029,1.63940975756466
2.91730533988101,1.95174157458065,1.66044024383776
2.95744106649042,1.98111510440557,1.68239465685277
2.99781126145463,2.01089117761595,1.70529668115798
3.03839881454962,2.04107205431379,1.72917056875901
3.07918542637517,2.071659817596,1.75404114175174
3.12015155604507,2.10265636140221,1.77993379409946
3.16127636743674,2.13406337783243,1.80687449247635
3.20253767402477,2.16588234391995,1.83488977609538
3.24391188233059,2.19811450784574,1.86400675543369
3.28537393402924,2.23076087458056,1.89425310976427
3.32689724676354,2.26382219094158,1.92565708339744
3.3684536537261,2.29729893005098,1.95824748053132
3.41001334208103,2.33119127518452,1.99205365860476
3.45154479030883,2.36549910299881,2.02710552004167
3.4930147045715,2.40022196612707,2.06343350227021
3.53438795420861,2.4353590751341,2.1010685658951
3.57562750649025,2.47090927982242,2.14004218089615
3.61669436076941,2.5068710498827,2.18038631072085
3.65754748219312,2.54324245488351,2.22213339413358
3.69814373515102,2.58002114359661,2.265316324679
3.73843781665929,2.61720432265625,2.30996842761195
3.77838218989937,2.65478873455293,2.35612343414159
3.81792701815301,2.69277063496429,2.40381545283249
3.85702009939917,2.73114576942838,2.45307893800131
3.89560680186305,2.76990934936752,2.50394865494326
3.93363000083404,2.80905602747362,2.55645964181891
3.97103001709686,2.84857987246947,2.61064716802869
4.00774455734919,2.888474343264,2.6665466888994
4.04370865700916,2.92873226252323,2.72419379650496
4.07885462584741,2.96934578968315,2.78362416644208
4.11311199691109,3.01030639343486,2.84487350038067
4.14640747924022,3.05160482371756,2.90797746420895
4.17866491491188,3.09323108325988,2.97297162159436
4.20980524098237,3.13517439871559,3.03989136278336
4.23974645693367,3.17742319144581,3.10877182846668
4.26840359826668,3.21996504800582,3.17964782854128
4.29568871692031,3.26278669040136,3.2525537556063
4.32151086923202,3.30587394618623,3.32752349303828
4.34577611219149,3.34921171848028,3.40459031750004
4.3683875087748,3.39278395599474,3.48378679574944
4.38924514318103,3.43657362315962,3.5651446756271
4.40824614682632,3.48056267045662,3.6486947711184
4.42528473598172,3.52473200506938,3.73446684140223
4.44025226197042,3.56906146197217,3.82248946382015
4.45303727486557,3.61352977558726,3.91278990072195
4.46352560165306,3.65811455215076,4.00539396016991
4.47160043984186,3.70279224293649,4.10032585051259
4.47714246751837,3.74753811849742,4.1976080288707
4.48002997084968,3.79232624409395,4.29726104361263
4.48013899004238,3.83712945648873,4.39930337093545
4.47734348475889,3.88191934229751,4.50375124570868
4.47151551998006,3.92666621809557,4.6106184867831
4.46252547328125,3.97133911248903,4.71991631701545
4.4502422644576,4.01590575036992,4.83165317831159
4.43453360839244,4.06033253958303,4.94583454204631
4.41526629200909,4.10458456024111,5.06246271527647
4.39230647608055,4.1486255569333,5.18153664322653
4.36552002259236,4.19241793407892,5.30305170859045
4.33477284826058,4.23592275468515,5.42699952826233
4.29993130469819,4.27909974277278,5.55336774817905
4.26086258559942,4.32190728973849,5.68213983703111
4.21743516117062,4.36430246492505,5.81329487967376
4.16951923987871,4.40624103067245,5.94680737114657
4.11698725741346,4.44767746212273,6.08264701228828
4.05971439256657,4.48856497204938,6.22077850801148
3.99757910952054,4.52885554097802,6.36116136938018
3.93046372581138,4.56849995285917,6.50374972071036
3.85825500498382,4.60744783654494,6.64849211298895
3.78084477269506,4.64564771331068,6.79533134497945
3.69813055474437,4.68304705064872,6.94420429345139
3.61001623521283,4.7195923225446,7.09504175403506
3.5164127325907,4.75522907642647,7.24776829426137
3.41723869145205,4.78990200695572,7.4023021203983
3.31242118690925,4.82355503680074,7.55855495973816
3.20189643874586,4.85613140450621,7.71643196002395
3.08561053178976,4.88757375953812,7.87583160772567
2.96352013875046,4.9178242645479,8.03664566688807
2.83559324141114,4.94682470486046,8.19875914026882
2.70180984573987,4.97451660514749,8.36205025446855
2.56216268617081,5.00084135320174,8.52639047072084
2.41665791400992,5.0257403306792,8.69164452296002
2.26531576464524,5.0491550506238,8.85767048471612
2.1081711979957,5.07102730153513,9.02431986629874
1.94527450641864,5.09129929768291,9.1914377436245
1.77669188412202,5.10991383531302,9.35886291991506
1.60250595199697,5.12681445432986,9.52642812134416
1.42281623170652,5.14194560497854,9.6939602275429
1.23773956284126,5.15525281898834,9.8612805376826
1.04741045698874,5.1666828845775,10.0282050726437
0.851981382664251,5.17618402465787,10.1945449135492
0.651622975220625,5.18370607751868,10.3601065766932
0.446524166097849,5.18920067921065,10.5246924246271
0.236892226091609,5.19262144679693,10.6881011128866
0.0229527177155643,5.19392416158614,10.8501280715476
-0.195050647794064,5.19306695141577,11.0105660204907
-0.416856252731469,5.19001047101225,11.1692055169437
-0.642184917703991,5.18471807941837,11.3258355335487
-0.870740351515658,5.17715601344915,11.4802440648824
-1.10220970795223,5.16729355611554,11.6322187600363
-1.33626425043439,5.15510319894136,11.7815475785535
-1.5725601246148,5.1405607970937,11.9280194667108
-1.81073923805524,5.12364571625077,12.071425050852
-2.05043024514149,5.10434097014487,12.2115573441986
-2.29124963438676,5.08263334774149,12.3482124633235
-2.53280291425084,5.05851352904911,12.4811903502453
-2.77468589257505,5.0319761885982,12.6102954959107
-3.01648604371547,5.0030200856821,12.735337660676
-3.25778395646287,4.97164814051639,12.856132587276
-3.49815485488216,4.9378674955476,12.9725027016915
-3.73717018330062,4.90168956122504,13.084277797287
-3.97439924583738,4.86313004564176,13.1912956976029
-4.20941089011011,4.82220896755042,13.2934028932362
-4.44177522409164,4.77895065236682,13.3904551483522
-4.67106535453087,4.7333837108873,13.4823180725121
-4.89685913490983,4.685541000564,13.5688676537054
-5.11874091059075,4.63545956930424,13.6499907487128
-5.33630324862114,4.58318058188468,13.7255855272122
-5.54914863961578,4.52874922919655,13.7955618663687
-5.7568911592263,4.47221462066382,13.8598416930105
-5.95915807694183,4.4136296602999,13.9183592708922
-6.15559140033706,4.35305090698948,13.9710614309727
-6.34584934339359,4.29053841969817,14.0179077430852
-6.52960770816034,4.2261555884237,14.0588706278459
-6.7065611697816,4.15996895180567,14.0939354081298
-6.87642445579658,4.09204800240647,14.1231002999323
-7.03893341159053,4.02246498076215,14.1463763429225
-7.19384594494111,3.95129465937784,14.1637872714806
-7.34094284373991,3.87861411790743,14.1753693274857
-7.48002846216178,3.80450251081036,14.1811710165757
-7.61093127178807,3.72904082881953,14.1812528100366
-7.73350427544549,3.65231165558307,14.1756867948852
-7.84762528278485,3.57439892085878,14.1645562750868
-7.95319704787447,3.49538765164338,14.1479553271846
-8.05014727030684,3.41536372261004,14.1259883139242
-8.13842846249717,3.33441360720662,14.0987693597089
-8.21801768697541,3.25262413073449,14.0664217919404
-8.28891616852473,3.17008222668479,14.0290775524662
-8.35114878698903,3.08687469755503,13.9868765834779
-8.40476345744817,3.00308798130682,13.9399661922812
-8.44983040523555,2.91880792455412,13.8885003993897
-8.48644134394118,2.83411956349334,13.8326392743813
-8.51470856509991,2.7491069135026,13.7725482638994
-8.53476394870754,2.66385276824755,13.7083975160858
-8.54675790403514,2.57843850903868,13.6403612056009
-8.55085825042598,2.4929439250886,13.568616863216
-8.54724904786265,2.40744704522074,13.4933447137695
-8.53612938708827,2.32202398148267,13.4147270260506
-8.5177121489609,2.23674878502009,13.3329474779306
-8.49222274252138,2.15169331447144,13.2481905397932
-8.45989783096936,2.0669271170499,13.1606408790366
-8.42098405437853,1.98251732238898,13.0704827881283
-8.3757367575505,1.89852854914224,12.9778996383958
-8.32441873091461,1.81502282424545,12.8830733614341
-8.26729897184074,1.7320595146737,12.7861839597117
-8.20465147315103,1.64969527145475,12.6874090476579
-8.136754045006,1.56798398563523,12.5869234242259
-8.06388717570879,1.48697675583786,12.4848986776427
-7.9863329363279,1.4067218669952,12.3815028227891
-7.9043739333918,1.32726477980024,12.2768999713968
-7.8182923132661,1.24864813037424,12.1712500350107
-7.72836882119229,1.17091173961979,12.0647084604388
-7.63488191735353,1.09409263170007,11.9574259972099
-7.5381069517418,1.01822506106467,11.8495484963703
-7.43831539903831,0.943340547427427,11.7412167397854
-7.3357741541877,0.869467918092419,11.6325662989618
-7.23074488885079,0.796633357019699,11.5237274222777
-7.12348346846209,0.724860460023127,11.4148249494012
-7.01423942919886,0.654170295497315,11.305978251581
-6.90325551378964,0.584581470079629,11.197301196424
-6.79076726475164,0.516110198665678,11.088902135715
-6.67700267334873,0.448770378212279,10.9808839147948
-6.56218188230399,0.382573664780335,10.8733439019876
-6.44651694008189,0.317529553290843,10.7663740365546
-6.33021160437416,0.253645459490022,10.6600608936545
-6.21346119227758,0.190926803643982,10.5544857648037
-6.0964524745408,0.129377095509046,10.4497247523507
-5.979363611177,0.0689980201504932,10.3458488765128
-5.86236412568898,0.009789524209815,10.242924193564
-5.7456149151294,-0.0482500977517808,10.1410119238079
-5.62926829322001,-0.105124117178065,10.0401685880261
-5.51346806377655,-0.160837286027485,9.94044615114627
-5.39834962172833,-0.215395752157315,9.84189217193964
-5.28404007908122,-0.268806975844909,9.74454995761938
-5.17065841324717,-0.32107964768252,9.64845872227928
-5.05831563525029,-0.372223608056838,9.55365374817971
-4.947114975417,-0.422249768399956,9.46016654895628
-4.83715208426367,-0.471170034375089,9.36802503389494
-4.72851524640777,-0.518997231138046,9.27725367248519
-4.62128560544588,-0.56574503079431,9.18787365852954
-4.51553739786271,-0.611427882151625,9.09990307315255
-4.41133819415826,-0.656060942849212,9.01335704611615
-4.30874914550321,-0.69966001392726,8.92824791490867
-4.20782523435593,-0.742241476884035,8.84458538113379
-4.10861552759578,-0.78382223325289,8.76237666378153
-4.01116343084658,-0.824419646717622,8.68162664901627
-3.91550694278022,-0.864051487771921,8.60233803616734
-3.82167890830287,-0.902735880917134,8.5245114796547
-3.72970726963448,-0.940491254382149,8.44814572662644
-3.63961531439611,-0.977336292339795,8.37323775012617
-3.55142191991821,-1.01328988958585,8.29978287764645
-3.46514179307705,-1.0483711086393,8.22777491495967
-3.38078570505468,-1.08259913921606,8.15720626515023
-3.29836072050091,-1.1159932600227,8.08806804280134
-3.21787042065394,-1.14857280281192,8.0203501833168
-3.13931512004798,-1.18035711863745,7.95404154738213
-3.06269207650393,-1.21136554624266,7.88913002059161
-2.9879956941608,-1.24161738251452,7.82560260828686
-2.91521771936243,-1.27113185493214,7.76344552567004
-2.84434742926618,-1.29992809593804,7.7026442832699
-2.77537181308759,-1.32802511915865,7.64318376785192
-2.70827574593781,-1.35544179740026,7.58504831887523
-2.6430421552492,-1.38219684234624,7.52822180060865
-2.57965217981895,-1.40830878588164,7.47268767002614
-2.51808532153156,-1.43379596297152,7.41842904060864
-2.4583195898478,-1.45867649602022,7.36542874218443
-2.40033163917181,-1.48296828063986,7.31366937694435
-2.34409689922858,-1.50668897275742,7.26313337177099
-2.28958969860185,-1.52985597699128,7.21380302702298
-2.23678338159743,-1.55248643622961,7.16566056191643
-2.18565041860983,-1.57459722234475,7.11868815664595
-2.13616251018008,-1.59620492797957,7.07286799138708
-2.08829068494134,-1.61732585934369,7.02818228232068
-2.04200539165485,-1.63797602995939,6.98461331481838
-1.99727658554398,-1.65817115529924,6.94214347392581
-1.95407380913684,-1.67792664825941,6.90075527227779
-1.91236626783012,-1.69725761541489,6.86043137557657
-1.87212290038721,-1.71617885400475,6.82115462576113
-1.83331244458303,-1.73470484959799,6.78290806199174
-1.795903498207,-1.75284977439249,6.74567493957053
-1.75986457563254,-1.77062748610157,6.70943874691459
-1.72516416015924,-1.78805152738502,6.67418322069448
-1.69177075232961,-1.80513512578317,6.63989235924647
-1.65965291441832,-1.82189119411491,6.60655043436301
-1.62877931128724,-1.83833233130222,6.57414200156152
-1.59911874779449,-1.85447082358588,6.54265190892758
-1.5706402029404,-1.87031864609882,6.51206530462399
-1.54331286092766,-1.88588746476535,6.4823676431536
-1.51710613930736,-1.90118863849623,6.45354469045919
-1.49198971437657,-1.91623322165141,6.42558252793993
-1.46793354398716,-1.9310319667436,6.39846755545985
-1.44490788791977,-1.94559532735769,6.37218649342001
-1.42288332597046,-1.95993346126225,6.34672638396215
-1.40183077389194,-1.9740562336912,6.32207459136801
-1.38172149732519,-1.9879732207746,6.29821880171496
-1.36252712385133,-2.00169371309932,6.27514702184522
-1.34421965328801,-2.01522671938134,6.25284757770231
-1.32677146634885,-2.02858097023275,6.23130911208573
-1.31015533177896,-2.04176492200756,6.21052058187121
-1.29434441207417,-2.0547867607118,6.19047125474132
-1.27931226788644,-2.06765440596407,6.17115070546833
-1.26503286121268,-2.08037551499406,6.15254881178829
-1.25148055745962,-2.09295748666716,6.13465574990312
-1.2386301264723,-2.10540746552462,6.11746198964454
-1.22645674260938,-2.11773234582897,6.10095828933194
-1.21493598394405,-2.12993877560594,6.08513569035339
-1.20404383066512,-2.14203316067421,6.06998551149742
-1.19375666274876,-2.15402166865551,6.05549934306102
-1.18405125696762,-2.16591023295804,6.04166904075721
-1.17490478330019,-2.17770455672701,6.02848671944412
-1.16629480080004,-2.18941011675643,6.01594474669548
-1.15819925298075,-2.20103216735718,6.00403573623111
-1.15059646276972,-2.21257574417672,5.99275254122421
-1.14346512708042,-2.22404566796636,5.98208824750118
-1.13678431105032,-2.23544654829263,5.97203616664803
-1.13053344198844,-2.24678278718941,5.96258982903651
-1.12469230307445,-2.25805858274839,5.95374297678164
-1.11924102684819,-2.26927793264535,5.94548955664152
-1.1141600885267,-2.28044463760048,5.93782371286909
-1.10943029918324,-2.29156230477117,5.93073978002466
-1.10503279882107,-2.30263435107599,5.92423227575707
-1.10094904937231,-2.31366400644904,5.91829589356072
-1.09716082765104,-2.32465431702404,5.91292549551474
-1.09365021828733,-2.33560814824783,5.90811610501002
-1.09039960666788,-2.34652818792318,5.90386289946919
-1.08739167190692,-2.35741694918123,5.90016120306391
-1.08460937987003,-2.3682767733838,5.89700647943362
-1.08203597627164,-2.37910983295631,5.89439432440895
-1.07965497986637,-2.38991813415218,5.89232045874307
-1.07745017575239,-2.40070351974959,5.8907807208535
-1.07540560880467,-2.41146767168204,5.88977105957663
-1.07350557725412,-2.42221211360381,5.88928752693712
-1.07173462642837,-2.43293821339214,5.88932627093366
-1.07007754266845,-2.44364718558759,5.88988352834274
-1.06851934743496,-2.45434009377457,5.89095561754171
-1.06704529161665,-2.46501785290389,5.8925389313521
-1.06564085005316,-2.47568123155946,5.89462992990435
-1.06429171628337,-2.48633085417139,5.8972251335247
-1.06298379752974,-2.49696720317764,5.90032111564509
-1.0617032099286,-2.50759062113687,5.90391449573684
-1.06043627401564,-2.51820131279473,5.90800193226868
-1.05916951047518,-2.5287993471064,5.91258011569003
-1.05788963616141,-2.53938465921798,5.91764576144019
-1.05658356039906,-2.54995705240939,5.9231956029841
-1.05523838157046,-2.56051620000184,5.92922638487573
-1.05384138399567,-2.57106164723251,5.93573485584988
-1.0523800351114,-2.5815928130996,5.94271776194343
-1.05084198295454,-2.59210899218064,5.95017183964726
-1.0492150539551,-2.60260935642721,5.95809380909009
-1.04748725104325,-2.61309295693914,5.96648036725571
-1.04564675207466,-2.62355872572134,5.97532818123512
-1.0436819085776,-2.63400547742659,5.98463388151561
-1.04158124482518,-2.64443191108729,5.99439405530855
-1.03933345723541,-2.65483661183966,6.00460523991821
-1.0369274141014,-2.66521805264356,6.01526391615409
-1.03435215565342,-2.6755745960013,6.02636650178936
-1.03159689445433,-2.68590449567865,6.03790934506835
-1.02865101612906,-2.69620589843161,6.04988871826634
-1.02550408042868,-2.70647684574201,6.06230081130497
-1.02214582262878,-2.71671527556551,6.07514172542711
-1.01856615526157,-2.72691902409523,6.08840746693502
-1.01475517018053,-2.73708582754438,6.10209394099632
-1.01070314095584,-2.74721332395112,6.11619694552203
-1.00640052559827,-2.75729905500914,6.13071216512184
-1.00183796960871,-2.76734046792699,6.14563516514151
-0.997006309349853,-2.77733491731962,6.16096138578804
-0.991896575735821,-2.78727966713513,6.17668613634822
-0.986499998235184,-2.79717189262008,6.19280458950674
-0.980808009181842,-2.80700868232634,6.20931177577009
-0.97481224838776,-2.81678704016251,6.22620257800298
-0.968504568050805,-2.82650388749307,6.24347172608415
-0.961877037950209,-2.8361560652879,6.26111379168886
-0.954921950921453,-2.8457403363253,6.27912318320545
-0.947631828601645,-2.85525338745102,6.2974941407939
-0.939999427435663,-2.86469183189613,6.3162207315943
-0.932017744932578,-2.87405221165614,6.33529684509352
-0.923680026161067,-2.88333099993394,6.35471618865876
-0.914979770471706,-2.89252460364883,6.37447228324659
-0.905910738433236,-2.90162936601384,6.39455845929643
-0.896466958969021,-2.91064156918342,6.41496785281792
-0.886642736679111,-2.9195574369735,6.43569340168113
-0.876432659332458,-2.92837313765551,6.45672784211953
-0.865831605512969,-2.93708478682622,6.47806370545509
-0.854834752402249,-2.94568845035471,6.49969331505546
-0.843437583680997,-2.95418014740772,6.52160878353306
-0.831635897530209,-2.9625558535546,6.54380201019599
-0.81942581471245,-2.97081150395267,6.56626467876085
-0.806803786712659,-2.97894299661367,6.58898825533746
-0.79376660391711,-2.98694619575188,6.61196398669534
-0.780311403808345,-2.99481693521409,6.6351828988222
-0.766435679153126,-3.00255102199153,6.65863579578401
-0.752137286159667,-3.01014423981352,6.68231325889666
-0.737414452579708,-3.01759235282246,6.70620564621873
-0.722265785730262,-3.02489110932946,6.73030309237483
-0.706690280409227,-3.03203624564964,6.75459550871879
-0.690687326678427,-3.03902349001601,6.77907258384564
-0.674256717487067,-3.04584856657037,6.80372378446103
-0.657398656108072,-3.05250719942948,6.82853835661661
-0.640113763359318,-3.05899511682468,6.85350532731902
-0.62240308458133,-3.06530805531237,6.87861350652046
-0.604268096342708,-3.07144176405304,6.90385148949754
-0.585710712844249,-3.07739200915582,6.92920765962533
-0.566733291992546,-3.08315457808545,6.9546701915524
-0.547338641113701,-3.08872528412827,6.98022705478253
-0.527530022277781,-3.09409997091329,7.00586601766779
-0.507311157204664,-3.09927451698459,7.03157465181724
-0.486686231722071,-3.10424484042046,7.05734033692462
-0.465659899746821,-3.10900690349481,7.08315026601788
-0.444237286760657,-3.11355671737586,7.10899145113231
-0.422423992752437,-3.11789034685695,7.13485072940848
-0.400226094599022,-3.12200391511403,7.16071476961515
-0.377650147857813,-3.12589360848396,7.18657007909648
-0.354703187944678,-3.12955568125776,7.21240301114196
-0.331392730671835,-3.13298646048241,7.23819977277644
-0.307726772121261,-3.13618235076477,7.26394643296672
-0.283713787830265,-3.13913983907073,7.28962893124013
-0.259362731267093,-3.14185549951282,7.31523308670935
-0.234683031575707,-3.14432599811879,7.34074460749693
-0.209684590570358,-3.14654809757403,7.36614910055158
-0.184377778962082,-3.14851866193,7.39143208184742
-0.158773431800904,-3.15023466127111,7.41657898695624
-0.132882843119314,-3.15169317633199,7.44157518198145
-0.106717759764414,-3.15289140305713,7.46640597484181
-0.0802903744081242,-3.1538266570948,7.4910566268913
-0.0536133177268902,-3.15449637821686,7.51551236486086
-0.0266996497444798,-3.15489813465627,7.53975839310635
0.000437149666290854,-3.1550296273537,7.56377990614605
0.0277831911247496,-3.15488869410507,7.58756210147012
0.0553241869259314,-3.15447331360141,7.61109019260302
0.0830454630635072,-3.15378160935266,7.63434942239936
0.110931972086558,-3.15281185348712,7.65732507655214
0.138968306782105,-3.15156247041813,7.68000249729185
0.167138714672715,-3.15003204036992,7.7023670972537
0.19542711331584,-3.14821930275438,7.72440437348946
0.223817106388929,-3.14612315939098,7.74609992159967
0.252292000541661,-3.14374267756188,7.76743944996107
0.280834822993994,-3.14107709289488,7.78840879402354
0.309428339856082,-3.13812581206669,7.80899393065014
0.33805507514347,-3.1348884153195,7.82918099247328
0.366697330458417,-3.1313646587841,7.84895628223958
0.395337205305626,-3.12755447660293,7.86830628711552
0.423956618008187,-3.12345798284694,7.88721769292572
0.452537327187161,-3.1190754732205,7.90567739829536
0.481060953765841,-3.1144074265488,7.92367252866806
0.509509003457581,-3.10945450604276,7.9411904501706
0.537862889693875,-3.10421756033688,7.95821878329564
0.56610395694743,-3.09869762429571,7.97474541637385
0.594213504403068,-3.09289591958536,7.99075851880712
0.622172809927553,-3.08681385500678,8.0062465540344
0.649963154287869,-3.08045302658802,8.02119829220269
0.677565845566031,-3.07381521743329,8.03560282251561
0.70496224371726,-3.06690239732712,8.04944956523283
0.732133785217249,-3.05971672209247,8.06272828329419
0.759062007743372,-3.05226053270207,8.0754290935432
0.785728574833933,-3.0445363541431,8.0875424775251
0.812115300469072,-3.03654689403561,8.09905929183602
0.83820417351659,-3.02829504100568,8.10997077800036
0.863977381985852,-3.01978386281512,8.12026857185489
0.889417337033001,-3.01101660424981,8.12994471241895
0.914506696661027,-3.00199668476944,8.13899165023161
0.939228389058699,-2.99272769592201,8.14740225513764
0.963565635523108,-2.98321339852701,8.15516982350579
0.987501972911451,-2.97345771963166,8.16228808486408
1.01102127556882,-2.96346474924521,8.16875120793828
1.03410777668005,-2.95323873685679,8.17455380608144
1.05674608899517,-2.94278408774285,8.17969094208357
1.07892122487979,-2.93210535907069,8.18415813235244
1.10061861564339,-2.92120725580501,8.18795135045805
1.12182413010091,-2.91009462642504,8.1910670300347
1.14252409232476,-2.89877245846,8.19350206703653
1.16270529854724,-2.88724587385132,8.19525382134401
1.18235503317538,-2.87552012415019,8.19632011772041
1.20146108388327,-2.86360058555958,8.196699246119
1.22001175574945,-2.85149275383007,8.19638996134347
1.23799588440988,-2.83920223901921,8.19539148206562
1.25540284819993,-2.8267347601244,8.19370348920594
1.27222257926208,-2.81409613959944,8.19132612368446
1.28844557359874,-2.80129229776536,8.18825998355052
1.30406290005326,-2.78832924712599,8.18450612050205
1.31906620820497,-2.77521308659916,8.18006603580596
1.33344773516771,-2.76194999567445,8.17494167563291
1.34720031128418,-2.74854622850843,8.16913542582115
1.36031736471211,-2.73500810796856,8.16265010608524
1.37279292490114,-2.72134201963665,8.15548896368672
1.38462162496265,-2.70755440578326,8.14765566658516
1.39579870293801,-2.69365175932376,8.13915429608887
1.40632000197367,-2.67964061776729,8.12998933902569
1.41618196941472,-2.66552755716933,8.12016567945522
1.42538165483137,-2.65131918609869,8.10968858994465
1.4339167069957,-2.63702213962953,8.09856372243124
1.44178536982897,-2.62264307336872,8.08679709869492
1.44898647734208,-2.60818865752887,8.07439510046552
1.45551944759464,-2.59366557105679,8.06136445918917
1.46138427570038,-2.5790804958272,8.04771224547921
1.46658152590883,-2.56444011091103,8.03344585827709
1.47111232279542,-2.5497510869274,8.01857301374903
1.47497834159402,-2.53502008048795,8.00310173394456
1.47818179770794,-2.5202537287421,7.98704033524265
1.48072543543672,-2.505458644031,7.97039741661192
1.48261251595795,-2.49064140865815,7.95318184771048
1.48384680460429,-2.47580856978357,7.93540275685149
1.48443255747727,-2.46096663444871,7.91706951885989
1.48437450744038,-2.4461220647383,7.89819174284562
1.48367784953462,-2.43128127308511,7.87877925991816
1.48234822586066,-2.41645061772346,7.85884211086691
1.4803917099718,-2.40163639829614,7.83839053383131
1.4778147908227,-2.3868448516199,7.81743495198413
1.47462435631872,-2.37208214761331,7.79598596125055
1.4708276765107,-2.35735438539102,7.77405431808534
1.46643238648017,-2.34266758952763,7.75165092732928
1.4614464689593,-2.32802770649411,7.72878683016558
1.45587823672973,-2.31344060126911,7.70547319219599
1.44973631484384,-2.29891205412721,7.68172129165571
1.4430296227112,-2.28444775760574,7.65754250778498
1.43576735609216,-2.27005331365113,7.63294830937481
1.42795896903988,-2.2557342309457,7.60795024350296
1.41961415583058,-2.24149592241504,7.58255992447555
1.41074283292116,-2.2273437029161,7.55678902298886
1.40135512097177,-2.21328278710527,7.53064925552453
1.39146132696984,-2.19931828748588,7.5041523739909
1.38107192649057,-2.18545521263372,7.47731015562189
1.3701975461275,-2.17169846559918,7.45013439314397
1.35884894612525,-2.15805284248408,7.4226368852209
1.34703700324511,-2.14452303119102,7.39482942718489
1.33477269389234,-2.13111361034286,7.36672380206186
1.32206707753266,-2.11782904836937,7.3383317718976
1.30893128042352,-2.10467370275833,7.30966506939073
1.29537647968447,-2.09165181946747,7.28073538983751
1.28141388772866,-2.07876753249405,7.2515543833925
1.26705473707658,-2.0660248635982,7.22213364764846
1.25231026557068,-2.05342772217604,7.19248472053795
1.23719170200859,-2.04097990527873,7.16261907355817
1.22171025221037,-2.0286850977729,7.13254810532019
1.20587708553402,-2.01654687263825,7.10228313542245
1.18970332185163,-2.00456869139767,7.07183539864833
1.17320001899711,-1.99275390467526,7.04121603948626
1.15637816069476,-1.98110575287746,7.01043610697079
1.13924864497654,-1.96962736699251,6.97950654984209
1.12182227309438,-1.95832176950317,6.94843821202082
1.10410973893244,-1.94719187540792,6.917241828395
1.0861216189229,-1.93624049334547,6.8859280209146
1.06786836246748,-1.92547032681756,6.85450729498956
1.04936028286571,-1.91488397550512,6.8229900361862
1.03060754874959,-1.90448393667246,6.79138650721668
1.01162017602334,-1.89427260665471,6.75970684521586
0.992408020305647,-1.88425228242331,6.72796105929946
0.972980769870941,-1.87442516322454,6.6961590283973
0.953347939085077,-1.86479335228622,6.66431049935488
0.933518862330057,-1.85535885858758,6.63242508529659
0.913502688411446,-1.84612359868744,6.60051226424346
0.893308375441391,-1.83708939860596,6.56858137797817
0.8729446861894,-1.82825799575521,6.53664163115018
0.852420183892372,-1.81963104091394,6.5047020906131
0.831743228514728,-1.81121010024194,6.47277168498718
0.810921973448959,-1.80299665732966,6.44085920443886
0.789964362646389,-1.79499211527862,6.40897330066993
0.768878128167492,-1.78719779880841,6.37712248710846
0.747670788140734,-1.77961495638612,6.34531513929378
0.726349645118545,-1.77224476237425,6.31355949544785
0.704921784818751,-1.76508831919305,6.28186365722519
0.683394075239546,-1.7581466594936,6.25023559063395
0.661773166135881,-1.75142074833794,6.21868312712031
0.640065488845035,-1.74491148538264,6.18721396480893
0.618277256448964,-1.73861970706242,6.15583566989197
0.596414464261034,-1.7325461887706,6.12455567815942
0.574482890624654,-1.72669164703298,6.09338129666353
0.552488098011378,-1.72105674167234,6.06231970551046
0.53043543440608,-1.71564207796043,6.03137795977211
0.508330034966886,-1.71044820875479,6.00056299151148
0.486176823947656,-1.70547563661762,5.969881611915
0.463980516870967,-1.70072481591411,5.93934051352538
0.441745622939695,-1.69619615488798,5.90894627256871
0.419476447675494,-1.69189001771158,5.87870535136991
0.397177095772708,-1.68780672650865,5.84862410085033
0.37485147415645,-1.68394656334748,5.81870876310217
0.352503295233876,-1.68030977220248,5.78896547403386
0.330136080327944,-1.67689656088233,5.75940026608131
0.307753163283225,-1.67370710292295,5.73001907097966
0.285357694233663,-1.67074153944359,5.70082772259074
0.262952643522485,-1.66799998096441,5.67183195978135
0.240540805764782,-1.66548250918426,5.64303742934776
0.21812480404364,-1.66318917871702,5.61444968898203
0.195707094231039,-1.66112001878545,5.58607421027594
0.173289969425064,-1.65927503487121,5.55791638175829
0.150875564495384,-1.65765421031994,5.52998151196198
0.128465860729266,-1.65625750790043,5.50227483251675
0.106062690570768,-1.65508487131677,5.4748015012644
0.0836677424461536,-1.65413622667278,5.4475666053928
0.0612825656688873,-1.65341148388769,5.42057516458556
0.0389085754179711,-1.65291053806243,5.39383213418427
0.0165470577837389,-1.65263327079584,5.36734240836034
-0.00580082512441663,-1.65257955145003,5.34111082329358
-0.0281340300135445,-1.65274923836442,5.31514216035489
-0.0504516271906683,-1.65314218001788,5.28944114929052
-0.0727527952988056,-1.65375821613843,5.26401247140541
-0.0950368160095797,-1.65459717876009,5.23886076274337
-0.11730306867619,-1.65565889322649,5.21399061726177
-0.139551024950169,-1.65694317914079,5.1894065899988
-0.161780243365037,-1.65844985126159,5.16511320023113
-0.183990363889622,-1.66017872034456,5.14111493462019
-0.206181102453531,-1.66212959392942,5.1174162503451
-0.228352245446921,-1.6643022770721,5.09402157822057
-0.250503644196451,-1.66669657302172,5.07093532579806
-0.272635209418987,-1.66931228384225,5.04816188044851
-0.294746905654362,-1.67214921097859,5.02570561242517
-0.316838745678234,-1.67520715576688,5.00357087790481
-0.338910784895798,-1.67848591988886,4.98176202200604
-0.360963115716896,-1.68198530577,4.96028338178307
-0.3829958619128,-1.68570511692144,4.93913928919359
-0.405009172954725,-1.68964515822521,4.91833407403928
-0.427003218333915,-1.69380523616293,4.89787206687762
-0.448978181862928,-1.69818515898747,4.87775760190347
-0.470934255957571,-1.70278473683762,4.8579950197991
-0.492871635898709,-1.70760378179547,4.8385886705512
-0.514790514073057,-1.71264210788621,4.81954291623345
-0.536691074191847,-1.7178995310204,4.80086213375314
-0.558573485486141,-1.72337586887811,4.78255071756037
-0.580437896877428,-1.72907094073507,4.76461308231823
-0.602284431121992,-1.73498456723028,4.74705366553247
-0.624113178927448,-1.74111657007499,4.72987693013888
-0.645924193039725,-1.74746677170263,4.71308736704675
-0.66771748229871,-1.75403499485955,4.6966894976366
-0.689493005660653,-1.76082106213607,4.68068787621029
-0.711250666185422,-1.76782479543761,4.66508709239169
-0.732990304986603,-1.77504601539553,4.64989177347564
-0.754711695142434,-1.78248454071722,4.63510658672329
-0.776414535565531,-1.79014018747516,4.62073624160144
-0.798098444829374,-1.79801276833443,4.6067854919636
-0.819762954949503,-1.80610209171826,4.59325913817019
-0.841407505117428,-1.81440796091114,4.58016202914538
-0.863031435385284,-1.82293017309907,4.56749906436772
-0.884633980299334,-1.83166851834637,4.55527519579183
-0.90621426248047,-1.84062277850857,4.54349542969782
-0.92777128614999,-1.84979272608084,4.5321648284656
-0.949303930599018,-1.85917812298135,4.52128851227043
-0.970810943600059,-1.86877871926912,4.51087166069632
-0.992290934759358,-1.87859425179564,4.50091951426349
-1.01374236880886,-1.88862444278968,4.49143737586605
-1.03516355883679,-1.89886899837481,4.48243061211576
-1.05655265945608,-1.90932760701879,4.47390465458753
-1.07790765991006,-1.91999993791446,4.46586500096233
-1.09922637711515,-1.93088563929127,4.45831721606252
-1.12050644864053,-1.94198433665698,4.4512669327749
-1.14174532562508,-1.95329563096881,4.44471985285618
-1.16294026563212,-1.96481909673348,4.43868174761555
-1.18408832544316,-1.97655428003546,4.4331584584686
-1.20518635379163,-1.98850069649288,4.42815589735689
-1.22623098403877,-2.00065782914046,4.42368004702682
-1.24721862679354,-2.01302512623896,4.41973696116161
-1.26814546247947,-2.0256019990105,4.41633276435961
-1.2890074338514,-2.03838781929936,4.41347365195214
-1.30980023846601,-2.05138191715766,4.4111658896536
-1.33051932111031,-2.06458357835557,4.40941581303643
-1.35115986619292,-2.0779920418156,4.40822982682332
-1.37171679010375,-2.09160649697062,4.40761440398849
-1.3921847335481,-2.10542608104537,4.40757608465991
-1.41255805386227,-2.11944987626122,4.40812147481395
-1.43283081731801,-2.133676906964,4.40925724475353
-1.45299679142452,-2.14810613667482,4.41099012736082
-1.47304943723697,-2.16273646506407,4.41332691611505
-1.49298190168175,-2.17756672484839,4.41627446286585
-1.51278700990947,-2.19259567861118,4.41983967535222
-1.53245725768747,-2.20782201554676,4.42402951445708
-1.55198480384496,-2.22324434812867,4.42885099118686
-1.57136146278457,-2.23886120870286,4.43431116336564
-1.59057869707541,-2.25467104600623,4.44041713203297
-1.60962761014369,-2.27067222161174,4.44717603753423
-1.62849893907825,-2.28686300630083,4.45459505529232
-1.6471830475694,-2.3032415763647,4.46268139124921
-1.66566991900073,-2.31980600983557,4.47144227696571
-1.68394914971506,-2.33655428264984,4.48088496436771
-1.70200994247654,-2.35348426474481,4.49101672012685
-1.71984110015282,-2.3705937160911,4.50184481966385
-1.73743101964207,-2.3878802826631,4.51337654076217
-1.75476768607157,-2.40534149235005,4.52561915678003
-1.7718386672956,-2.42297475081056,4.53857992944848
-1.78863110872202,-2.4407773372737,4.55226610124363
-1.80513172849872,-2.45874640029017,4.56668488732065
-1.82132681309205,-2.47687895343726,4.58184346699794
-1.83720221329148,-2.49517187098168,4.59774897477923
-1.85274334067609,-2.51362188350472,4.61440849090244
-1.86793516457985,-2.53222557349455,4.6318290314035
-1.88276220959479,-2.55097937091081,4.65001753768429
-1.89720855365206,-2.56987954872711,4.66898086557401
-1.91125782672312,-2.58892221845737,4.68872577387346
-1.92489321018435,-2.6081033256725,4.70925891237269
-1.93809743689026,-2.62741864551419,4.73058680933261
-1.95085279200175,-2.64686377821319,4.75271585842204
-1.96314111461754,-2.66643414461984,4.77565230510232
-1.97494380025817,-2.68612498175514,4.79940223245238
-1.98624180425336,-2.70593133839112,4.82397154642809
-1.99701564608489,-2.72584807066983,4.8493659605507
-2.00724541473816,-2.74586983777078,4.87559098002033
-2.01691077511701,-2.76599109763709,4.90265188525138
-2.02599097557696,-2.78620610277145,4.93055371482845
-2.0344648566333,-2.80650889611311,4.95930124788229
-2.0423108609008,-2.82689330700819,4.98889898588723
-2.04950704432274,-2.84735294728566,5.0193511338828
-2.05603108874694,-2.8678812074524,5.05066158112429
-2.06186031590702,-2.88847125302095,5.08283388116858
-2.06697170286683,-2.90911602098431,5.11587123140392
-2.07134189898581,-2.92980821645285,5.14977645203401
-2.07494724446267,-2.95054030946858,5.18455196452935
-2.07776379051359,-2.97130453201307,5.22019976956108
-2.07976732124062,-2.99209287522554,5.25672142443489
-2.08093337724398,-3.01289708684832,5.2941180200455
-2.08123728103069,-3.0337086689173,5.33239015737466
-2.0806541642695,-3.05451887571579,5.37153792355886
-2.07915899693998,-3.07531871201023,5.41156086755556
-2.07672661842026,-3.09609893158714,5.45245797544032
-2.07333177055518,-3.11685003611073,5.49422764537016
-2.06894913274241,-3.13756227432135,5.53686766225189
-2.06355335907004,-3.15822564159499,5.58037517215795
-2.05711911753457,-3.17882987988447,5.62474665653542
-2.04962113136287,-3.19936447806342,5.6699779062579
-2.04103422245598,-3.21981867269404,5.71606399557355
-2.03133335696654,-3.2401814492399,5.76299925600653
-2.0204936930147,-3.26044154374529,5.81077725027285
-2.00849063054003,-3.28058744500238,5.85939074627565
-1.99529986327925,-3.3006073972275,5.90883169124887
-1.98089743285086,-3.32048940326784,5.95909118612239
-1.9652597849189,-3.34022122835933,6.01015946018537
-1.94836382739853,-3.35979040445646,6.0620258461288
-1.93018699065581,-3.37918423515415,6.11467875555198
-1.91070728964347,-3.39838980122132,6.16810565502152
-1.88990338790319,-3.41739396676532,6.22229304277513
-1.86775466335334,-3.43618338604522,6.27722642616621
-1.84424127576862,-3.45474451095166,6.33289029994836
-1.81934423584554,-3.47306359916947,6.38926812550271
-1.79304547573475,-3.49112672303835,6.44634231111336
-1.76532792090729,-3.5089197791257,6.50409419339975
-1.73617556320865,-3.5264284985242,6.56250402001649
-1.70557353493992,-3.54363845788514,6.62155093373416
-1.67350818379142,-3.56053509119701,6.6812129580159
-1.63996714843964,-3.57710370231693,6.74146698420617
-1.60493943460385,-3.59332947826051,6.80228876044942
-1.5684154913444,-3.60919750325361,6.86365288245653
-1.53038728737036,-3.62469277354744,6.92553278623731
-1.49084838711,-3.63980021299567,6.98790074291679
-1.44979402628387,-3.65450468939002,7.05072785575197
-1.4072211867069,-3.66879103154797,7.11398405946428
-1.36312867003297,-3.6826440471434,7.17763812200057
-1.31751717014345,-3.69604854126823,7.24165764883272
-1.27038934386949,-3.70898933570977,7.3060090899023
-1.22174987972772,-3.72145128892571,7.37065774931253
-1.17160556433921,-3.73341931669518,7.43556779786457
-1.11996534619357,-3.74487841342089,7.50070228852982
-1.06684039641279,-3.75581367405435,7.5660231749428
-1.01224416616417,-3.76621031661218,7.63149133299251
-0.956192440367365,-3.77605370524831,7.69706658558163
-0.898703387338672,-3.78532937384329,7.7627077306142
-0.839797604014769,-3.7940230500682,7.82837257226307
-0.77949815639996,-3.8021206798772,7.89401795555751
-0.717830614884202,-3.80960845237925,7.95959980432069
-0.654823084084976,-3.81647282503583,8.02507316247481
-0.590506226873854,-3.8227005491284,8.09039223871883
-0.524913282258845,-3.82827869543555,8.15551045457118
-0.458080076806156,-3.83319468005701,8.22038049575534
-0.390045029299951,-3.83743629031828,8.2849543668926
-0.320849148356219,-3.84099171068687,8.34918344945087
-0.250536022726695,-3.84384954862833,8.41301856288363
-0.17915180405124,-3.84599886032774,8.47641002887735
-0.106745181841891,-3.84742917620009,8.53930773860995
-0.0333673505090306,-3.84813052611083,8.60166122290677
0.0409280317303147,-3.8480934642262,8.66341972516462
0.116084892190227,-3.84730909341154,8.72453227689812
0.192044801393986,-3.84576908909457,8.78494777574689
0.268747039150878,-3.84346572250992,8.84461506576621
0.3461286690524,-3.84039188324079,8.90348301980834
0.424124621369216,-3.83654110097364,8.96150062378703
0.502667784289467,-3.83190756638213,9.01861706260284
0.581689103397106,-3.82648615105732,9.07478180749378
0.661117689246087,-3.82027242640258,9.12994470456238
0.740880932842695,-3.81326268141293,9.18405606421847
0.820904628804446,-3.80545393926101,9.23706675126603
0.901113105920004,-3.79684397261424,9.28892827535235
0.981429364790893,-3.78743131761063,9.3395928814894
1.06177522219263,-3.77721528642428,9.38901364034965
1.14207146175069,-3.76619597835537,9.43714453803295
1.22223799048583,-3.75437428938359,9.4839405649964
1.30219400074376,-3.74175192012883,9.52935780383647
1.38185813698685,-3.72833138216781,9.57335351561119
1.46114866689027,-3.71411600266075,9.61588622439092
1.53998365615234,-3.69910992724804,9.65691579972785
1.61828114639906,-3.68331812118282,9.69640353673898
1.69595933553629,-3.66674636867168,9.73431223350208
1.77293675987967,-3.64940127040239,9.77060626547223
1.84913247737309,-3.63129023924439,9.80525165663508
1.92446625119066,-3.61242149411446,9.83821614712409
1.99885873300574,-3.5928040520075,9.86946925704105
2.07223164520325,-3.57244771819933,9.89898234623371
2.14450796130823,-3.55136307463561,9.92672866979921
2.21561208390551,-3.52956146652846,9.95268342909952
2.28547001933078,-3.50705498718942,9.9768238180931
2.35400954842409,-3.48385646113459,9.99912906480636
2.42116039265141,-3.45997942550484,10.0195804677895
2.48685437491921,-3.4354381098508,10.0381614274222
2.55102557443023,-3.41024741433892,10.0548574719581
2.61361047495659,-3.38442288644141,10.0696562782183
2.67454810593739,-3.35798069617887,10.0825476868699
2.73378017584322,-3.3309376099901,10.0935237122474
2.79125119728895,-3.30331096330913,10.1025785467005
2.8469086034173,-3.27511863193445,10.1097085594749
2.90070285512067,-3.24637900227978,10.1149122901571
2.9525875387157,-3.2171109406001,10.1181904367394
3.00251945373413,-3.18733376129012,10.1195458383806
3.05045869054438,-3.1570671943554,10.1189834529658
3.09636869757095,-3.1263313521592,10.1165103295864
3.14021633793157,-3.09514669554976,10.1121355760849
3.18197193536618,-3.06353399947488,10.1058703218276
3.22160930938575,-3.03151431819085,10.0977276758887
3.25910579962272,-2.99910895017405,10.0877226808453
3.29444227941797,-2.96633940284289,10.0758722624003
3.32760315873154,-2.93322735719723,10.0621951750643
3.35857637651487,-2.89979463248174,10.0467119441416
3.3873533827317,-2.86606315097723,10.0294448042759
3.41392911026159,-2.83205490302279,10.0104176348233
3.43830193696492,-2.79779191236815,9.98965589232594
3.46047363823023,-2.76329620195341,9.96718654037048
3.48044933036408,-2.72858976020934,9.94303797711533
3.49823740522003,-2.69369450796786,9.91723996077922
3.51384945649597,-2.65863226606841,9.889823533382
3.527300198159,-2.62342472374099,9.86082094303032
3.53860737548301,-2.58809340784231,9.83026556503893
3.54779166920674,-2.55265965301644,9.79819182217556
3.55487659333904,-2.51714457284608,9.764635104313
3.55988838715322,-2.48156903205524,9.72963168776644
3.56285590192434,-2.44595361981878,9.69321865458664
3.56381048297113,-2.41031862422851,9.65543381207209
3.56278584756891,-2.37468400795996,9.61631561275319
3.55981795930131,-2.33906938517837,9.57590307509191
3.554944899416,-2.3034939997165,9.53423570512868
3.5482067357451,-2.26797670455168,9.49135341929667
3.53964538974209,-2.23253594260332,9.44729646861061
3.52930450217657,-2.19718972886744,9.40210536442448
3.51722929801433,-2.16195563389858,9.3558208059383
3.50346645099438,-2.12685076864492,9.30848360962052
3.48806394839636,-2.09189177063707,9.26013464069798
3.47107095647176,-2.05709479152626,9.21081474685114
3.45253768699035,-2.022475485963,9.16056469423756
3.43251526533019,-1.9880490018029,9.10942510595232
3.4110556005147,-1.95382997162216,9.05743640301945
3.38821125757482,-1.91983250552144,9.00463874799469
3.36403533258779,-1.88607018519294,8.95107199124541
3.3385813307169,-1.85255605922235,8.89677561996066
3.31190304754928,-1.81930263959417,8.84178870993051
3.28405445400091,-1.78632189936606,8.78614988012184
3.25508958503044,-1.75362527147519,8.72989725006489
3.22506243237591,-1.7212236486376,8.67306840005399
3.19402684150119,-1.68912738429926,8.61570033415432
3.16203641291219,-1.6573462945959,8.55782944599645
3.12914440797685,-1.62588966127731,8.49949148733075
3.09540365935765,-1.59476623555043,8.44072153930444
3.06086648614044,-1.56398424279473,8.38155398641598
3.02558461372049,-1.53355138810248,8.32202249309357
2.98960909848343,-1.5034748625963,8.26215998283764
2.95299025729787,-1.47376135047577,8.20199861986094
2.91577760181589,-1.44441703674513,8.14156979315404
2.87801977755877,-1.41544761557398,8.08090410289934
2.83976450774736,-1.38685829924333,8.02003134915199
2.80105854182003,-1.35865382762996,7.95898052270292
2.76194760856605,-1.33083847818233,7.89777979803556
2.72247637378787,-1.30341607634253,7.83645652828592
2.68268840239365,-1.27639000636931,7.77503724211315
2.64262612480948,-1.24976322251854,7.71354764238694
2.60233080759084,-1.22353826053838,7.65201260659666
2.56184252810377,-1.19771724943797,7.59045618888715
2.52120015313853,-1.17230192348941,7.52890162362585
2.4804413213117,-1.14729363442465,7.46737133040652
2.43960242910739,-1.12269336378998,7.40588692039559
2.39871862040343,-1.09850173542256,7.34446920392822
2.35782377932514,-1.07471902801489,7.28313819926305
2.31695052626652,-1.05134518773486,7.2219131424057
2.2761302169172,-1.02837984087032,7.16081249791392
2.23539294413242,-1.00582230646911,7.09985397059884
2.19476754248341,-0.983671608946765,7.03905451803975
2.15428159532606,-0.961926490636106,6.9784303638321
2.11396144422702,-0.940585424254118,6.91799701149145
2.07383220058854,-0.919646625263502,6.85776925893884
2.03391775931519,-0.899108064107619,6.79776121349607
1.99424081436928,-0.878967478299201,6.7379863073226
1.95482287606456,-0.85922238434469,6.67845731322856
1.91568428995168,-0.839870089487568,6.61918636080204
1.8768442571533,-0.820907703255459,6.56018495279132
1.83832085601045,-0.802332148797213,6.50146398168671
1.80013106490715,-0.784140173997528,6.44303374644897
1.7622907861444,-0.766328362357974,6.38490396933513
1.72481487074015,-0.748893143634544,6.32708381277515
1.68771714403672,-0.73183080422307,6.26958189625622
1.65101043200243,-0.715137497285009,6.21240631317413
1.61470658811944,-0.698809252607184,6.15556464761452
1.57881652075519,-0.682841986190154,6.09906399102916
1.54335022091998,-0.667231509560854,6.04291095877555
1.50831679031872,-0.651973538806117,5.98711170649044
1.47372446960984,-0.637063703324568,5.93167194627086
1.43958066678996,-0.622497554295245,5.8765969626382
1.4058919856275,-0.608270572862053,5.82189162826373
1.37266425407386,-0.594378178033943,5.76756041943585
1.33990255258537,-0.580815734301378,5.71360743125168
1.30761124229425,-0.567578558970271,5.66003639251771
1.27579399297118,-0.554661929215223,5.6068506803459
1.24445381072677,-0.542061088854388,5.55405333443393
1.21359306540346,-0.529771254848841,5.5016470710194
1.1832135176136,-0.517787623529757,5.44963429650012
1.15331634538339,-0.506105376557146,5.39801712071356
1.12390217036644,-0.494719686614273,5.34679736987031
1.09497108359407,-0.483625722842238,5.2959765991377
1.06652267073323,-0.472818656019485,5.2455561048708
1.03855603682623,-0.462293663491306,5.19553693648942
1.01106983048955,-0.452045933854634,5.14591990800059
0.984062267552164,-0.442070671403635,5.09670560916714
0.957531154116506,-0.43236310034179,5.04789441632375
0.931473909027984,-0.42291846876632,4.99948650284291
0.905887585741516,-0.413732052430907,4.95148184925358
0.880768893575817,-0.404799158292826,4.90388025301653
0.856114218348484,-0.396115127850602,4.85668133796051
0.831919642386951,-0.387675340278455,4.80988456338419
0.808180963912351,-0.37947521536375,4.76348923282924
0.784893715795081,-0.371510216253765,4.71749450253034
0.762053183682551,-0.363775852018034,4.67189938954837
0.739654423501119,-0.356267680032549,4.62670277959316
0.71769227833563,-0.348981308192054,4.58190343454272
0.696161394691254,-0.341912396956639,4.53749999966596
0.675056238143524,-0.335056661238779,4.49349101055603
0.654371108383506,-0.328409872136907,4.4498748997818
0.634100153666054,-0.321967858521517,4.40665000326497
0.614237384669921,-0.315726508479746,4.36381456639031
0.594776687779332,-0.309681770624247,4.32136674985681
0.575711837797263,-0.303829655272095,4.27930463527738
0.557036510101344,-0.298166235499366,4.23762623053481
0.538744292253777,-0.292687648076887,4.1963294749017
0.520828695077175,-0.287390094292574,4.15541224393198
0.503283163208593,-0.282269840665623,4.11487235413164
0.486101085144349,-0.277323219557729,4.07470756741615
0.469275802788541,-0.272546629686338,4.03491559536205
0.452800620518334,-0.267936536544846,3.99549410326006
0.436668813779294,-0.263489472734508,3.95644071397681
0.42087363722414,-0.259202038212684,3.91775301163243
0.405408332408376,-0.255070900461924,3.87942854510083
0.390266135056279,-0.25109279458426,3.84146483133961
0.375440281910726,-0.247264523324928,3.80385935855611
0.360924017180304,-0.243582957029615,3.76660958921628
0.346710598597068,-0.240045033539194,3.72971296290256
0.332793303098217,-0.236647758025776,3.69316689902709
0.319165432144839,-0.233388202773763,3.65696879940621
0.305820316690705,-0.230263506909483,3.62111605070208
0.292751321813957,-0.227270876082829,3.58560602673715
0.279951851024316,-0.22440758210421,3.55043609068702
0.267415350258233,-0.221670962540007,3.51560359715689
0.255135311574215,-0.219058420269588,3.48110589414702
0.243105276560273,-0.216567423006807,3.4469403249119
0.231318839465254,-0.214195502788836,3.4131042297183
0.21976965006551,-0.211940255435,3.37959494750658
0.208451416278128,-0.209799339978232,3.34640981745995
0.197357906531668,-0.207770478071617,3.31354618048599
0.186482951905069,-0.20585145337239,3.28100138061455
0.175820448045125,-0.204040110905666,3.24877276631624
0.165364356872626,-0.202334356410058,3.21685769174514
0.155108708086994,-0.200732155667254,3.18525351790975
0.145047600478945,-0.199231533817504,3.15395761377555
0.135175203060428,-0.197830574662915,3.12296735730275
0.125485756020811,-0.196527419960313,3.09228013642249
0.115973571517977,-0.195320268705383,3.06189334995474
0.106633034312733,-0.194207376409681,3.03180440847081
0.0974586022546507,-0.193187054372056,3.0020107351036
0.0884448066271601,-0.192257668945923,2.97250976630826
0.0795862523594665,-0.191417640803759,2.94329895257592
0.0708776181125742,-0.190665444200109,2.91437575910324
0.0623136562464401,-0.18999960623434,2.88573766642003
0.0538891926750143,-0.189418706114282,2.85738217097753
0.0455991266156703,-0.188921374421859,2.82930678569939
0.0374384302392707,-0.188506292381723,2.80150904049765
0.0294021482268697,-0.188172191133858,2.77398648275578
0.02148539723881,-0.187917851011064,2.74673667778071
0.0136833653017348,-0.187742100822164,2.71975720922577
0.00599131111880649,-0.187643817141726,2.69304567948635
-0.00159543669180453,-0.187621923607047,2.66659971006999
-0.00908148042531301,-0.187675390223093,2.64041694194257
-0.0164713541809627,-0.187803232676038,2.61449503585225
-0.0237695248104948,-0.188004511655993,2.58883167263245
-0.0309803929202164,-0.188278332189507,2.56342455348564
-0.0381082939226411,-0.188623842982324,2.53827140024901
-0.0451574991338604,-0.189040235772902,2.51336995564353
-0.0521322169129908,-0.189526744697105,2.48871798350766
-0.0590365938402162,-0.190082645664501,2.46431326901676
-0.0658747159301186,-0.190707255746602,2.44015361888958
-0.0726506098771549,-0.191399932577419,2.41623686158274
-0.0793682443302963,-0.192160073766604,2.39256084747441
-0.0860315311940042,-0.192987116325483,2.36912344903812
-0.0926443269528602,-0.193880536106214,2.34592256100766
-0.0992104340173166,-0.1948398472543,2.32295610053413
-0.105733602088166,-0.195864601674656,2.30022200733589
-0.112217529537466,-0.196954388511405,2.27771824384233
-0.118665864803773,-0.198108833641554,2.25544279533239
-0.125082207799684,-0.19932759918269,2.23339367006838
-0.131470111329758,-0.200610383014796,2.21156889942621
-0.137833082517063,-0.201956918316307,2.18996653802245
-0.14417458423664,-0.203366973114447,2.16858466383915
-0.150498036554315,-0.204840349849946,2.14742137834702
-0.156806818169392,-0.206376884956154,2.12647480662768
-0.163104267859815,-0.207976448452605,2.10574309749563
-0.169393685928532,-0.209638943553029,2.08522442362048
-0.175678335649818,-0.211364306287839,2.06491698165031
-0.181961444714465,-0.213152505141069,2.04481899233639
-0.188246206672742,-0.215003540701757,2.0249287006602
-0.194535782374188,-0.216917445329743,2.00524437596305
-0.200833301403296,-0.21889428283584,1.98576431207912
-0.207141863510265,-0.220934148176347,1.96648682747219
-0.213464540036021,-0.223037167161832,1.94741026537683
-0.219804375330804,-0.225203496180141,1.92853299394445
-0.226164388165634,-0.227433321933551,1.90985340639486
-0.232547573136055,-0.229726861190007,1.8913699211737
-0.238956902057585,-0.232084360548349,1.87308098211638
-0.245395325352354,-0.234506096217455,1.85498505861906
-0.251865773426454,-0.236992373809199,1.83708064581703
-0.258371158037561,-0.239543528145138,1.8193662647712
-0.264914373652435,-0.242159923076825,1.80184046266304
-0.271498298793926,-0.244841951319642,1.7845018129986
-0.278125797377162,-0.247590034300053,1.76734891582204
-0.284799720034608,-0.250404622016161,1.75038039793925
-0.29152290542972,-0.253286192911455,1.73359491315202
-0.298298181558945,-0.256235253761649,1.71699114250331
-0.305128367041829,-0.259252339574461,1.70056779453418
-0.312016272399029,-0.262338013502255,1.68432360555284
-0.318964701318025,-0.265492866767382,1.66825733991639
-0.325976451906362,-0.268717518600133,1.65236779032588
-0.333054317932237,-0.272012616189145,1.63665377813509
-0.3402010900523,-0.275378834644164,1.62111415367373
-0.347419557026487,-0.278816876971012,1.60574779658558
-0.354712506919769,-0.282327474058637,1.59055361618213
-0.36208272829066,-0.285911384678123,1.57553055181243
-0.369533011366352,-0.289569395493507,1.56067757324957
-0.377066149204334,-0.293302321084286,1.54599368109468
-0.384684938840357,-0.297111003979474,1.53147790719877
-0.3923921824226,-0.300996314703065,1.51712931510339
-0.400190688331876,-0.304959151830768,1.50294700050053
-0.408083272287726,-0.309000442057882,1.48893009171257
-0.416072758440222,-0.313121140278147,1.47507775019297
-0.424161980447294,-0.317322229673453,1.46138917104842
-0.432353782537387,-0.32160472181424,1.44786358358313
-0.440651020557219,-0.325969656770459,1.43450025186614
-0.449056563004412,-0.330418103232929,1.42129847532237
-0.457573292044734,-0.334951158644943,1.40825758934816
-0.466204104513671,-0.339569949343973,1.39537696595223
-0.474951912902018,-0.344275630713307,1.38265601442287
-0.483819646325158,-0.349069387343466,1.37009418202221
-0.492810251475652,-0.353952433203219,1.35769095470851
-0.501926693558754,-0.358926011820056,1.34544585788735
-0.511171957210401,-0.363991396469913,1.33335845719276
-0.520549047397215,-0.369149890375997,1.32142835929913
-0.530060990297994,-0.374402826916515,1.30965521276509
-0.539710834166145,-0.379751569841126,1.29803870891023
-0.549501650172442,-0.385197513495914,1.28657858272583
-0.559436533227467,-0.390742083056694,1.2752746138207
-0.569518602783023,-0.396386734770433,1.26412662740318
-0.579751003611762,-0.402132956204582,1.25313449530059
-0.590136906564204,-0.407982266504084,1.2422981370172
-0.600679509302281,-0.413936216655844,1.23161752083211
-0.611382037008437,-0.419996389760411,1.22109266493811
-0.622247743069297,-0.426164401310615,1.21072363862307
-0.633279909732802,-0.432441899476928,1.20051056349494
-0.644481848737648,-0.43883056539924,1.19045361475203
-0.655856901913794,-0.445332113484795,1.18055302249969
-0.667408441752705,-0.451948291711985,1.17080907311517
-0.67913987194592,-0.458680881939679,1.1612221106619
-0.691054627890424,-0.465531700221784,1.15179253835487
-0.703156177159233,-0.472502597126678,1.1425208200787
-0.715448019935454,-0.479595458061174,1.13340748196001
-0.727933689408036,-0.486812203598632,1.12445311399575
-0.740616752127241,-0.494154789810831,1.11565837173928
-0.753500808317805,-0.501625208603179,1.10702397804584
-0.766589492147603,-0.509225488052845,1.09855072487946
-0.779886471949505,-0.516957692749335,1.09023947518291
-0.793395450393972,-0.524823924137051,1.08209116481276
-0.807120164609807,-0.532826320859312,1.07410680454155
-0.821064386250301,-0.540967059103316,1.06628748212887
-0.835231921501885,-0.549248352945477,1.05863436446373
-0.849626611032195,-0.557672454696548,1.05114869978
-0.864252329874326,-0.566241655245913,1.0438318199473
-0.879112987243826,-0.574958284404376,1.03668514283955
-0.894212526284815,-0.583824711244786,1.02971017478323
-0.909554923741408,-0.592843344439735,1.02290851308797
-0.925144189550402,-0.602016632595596,1.01628184866159
-0.940984366350985,-0.611347064582066,1.00983196871209
-0.957079528906966,-0.620837169856375,1.00356075953909
-0.973433783436821,-0.630489518781264,0.997470209417165
-0.990051266846559,-0.640306722935775,0.991562411573654
-1.00693614586019,-0.650291435417872,0.985839567263595
-1.02409261604225,-0.660446351137822,0.980303988944356
-1.04152490070663,-0.670774207101242,0.97495810355272
-1.05923724970555,-0.68127778268064,0.969804455887143
-1.07723393809228,-0.691959899874222,0.964845712097959
-1.09551926465088,-0.702823423550662,0.960084663288348
-1.11409755028591,-0.713871261678479,0.955524229228933
-1.13297313626453,-0.725106365538582,0.951167462188873
-1.15215038230332,-0.736531729918456,0.947017550886379
-1.17163366449159,-0.748150393286419,0.943077824561579
-1.19142737304251,-0.759965437944251,0.939351757174704
-1.21153590986306,-0.771979990156433,0.935842971732568
-1.23196368593339,-0.784197220254149,0.932555244746321
-1.25271511848561,-0.796620342712083,0.929492510823474
-1.27379462797165,-0.809252616195956,0.926658867397194
-1.29520663480922,-0.822097343578644,0.924058579595832
-1.31695555589464,-0.8351578719226,0.921696085255675
-1.33904580087044,-0.848437592426188,0.919576000079843
-1.36148176813531,-0.861939940331413,0.917703122946255
-1.38426784058338,-0.875668394790413,0.916082441367515
-1.40740838105915,-0.889626478687929,0.914719137105549
-1.43090772751373,-0.903817758416843,0.913618591943703
-1.45477018784769,-0.918245843603731,0.912786393619001
-1.47900003442476,-0.932914386781202,0.912228341917102
-1.50360149824021,-0.94782708300367,0.91195045493243
-1.52857876272702,-0.962987669403007,0.911958975495808
-1.55393595718217,-0.978399924680376,0.912260377771775
-1.57967714979456,-0.994067668530351,0.912861374027627
-1.60580634025549,-1.00999476099325,0.913768921575998
-1.63232745193169,-1.02618510173137,0.914990229892637
-1.6592443235801,-1.04264262922477,0.916532767910767
-1.6865607005829,-1.05937131988167,0.918404271493167
-1.71428022568026,-1.07637518705887,0.920612751082846
-1.74240642917749,-1.09365827998677,0.923166499532833
-1.77094271860246,-1.11122468259379,0.926074100115289
-1.79989236778813,-1.12907851222452,0.929344434709736
-1.8292585053542,-1.14722391824564,0.932986692169799
-1.8590441025609,-1.16566508053363,0.937010376867381
-1.88925196050716,-1.18440620783774,0.941425317412706
-1.91988469664411,-1.20345153601147,0.946241675548083
-1.95094473057437,-1.22280532610575,0.951469955212701
-1.98243426910622,-1.24247186231633,0.957121011775051
-2.01435529053106,-1.26245544977788,0.963206061428931
-2.04670952809148,-1.2827604121969,0.96973669074818
-2.07949845260638,-1.30339108931501,0.976724866394487
-2.11272325421867,-1.32435183419422,0.984182944971729
-2.14638482323012,-1.34564701031514,0.992123683019327
-2.18048372998715,-1.36728098847879,1.00056024713607
-2.21502020378041,-1.38925814350238,1.00950622422474
-2.2499941107203,-1.41158285069899,1.01897563184675
-2.28540493054973,-1.43425948213075,1.02898292867452
-2.32125173235489,-1.45729240262464,1.03954302502826
-2.35753314913404,-1.48068596553975,1.05067129348197
-2.39424735118381,-1.50444450827434,1.06238357952226
-2.43139201826225,-1.52857234750063,1.07469621224165
-2.46896431048723,-1.55307377411503,1.08762601504627
-2.50696083792896,-1.57795304789079,1.10119031635607
-2.54537762885492,-1.60321439181988,1.11540696027347
-2.58421009658598,-1.62886198613041,1.13029431719416
-2.62345300492247,-1.65489996196553,1.14587129433179
-2.66310043209961,-1.68133239470923,1.16215734612526
-2.70314573323217,-1.70816329694417,1.17917248449533
-2.74358150120954,-1.73539661102629,1.19693728891398
-2.78439952600304,-1.7630362012604,1.21547291624745
-2.82559075234934,-1.79108584566083,1.2348011103305
-2.86714523577525,-1.81954922728055,1.25494421122634
-2.90905209693155,-1.84842992509218,1.27592516412322
-2.95129947420595,-1.87773140440376,1.29776752781494
-2.99387447458837,-1.90745700679191,1.32049548270897
-3.03676312276503,-1.93760993953476,1.34413383830161
-3.07995030842186,-1.96819326452701,1.36870804005564
-3.12341973174233,-1.99920988665883,1.3942441756114
-3.16715384708968,-2.03066254164085,1.42076898025776
-3.21113380486929,-2.06255378325675,1.44830984158458
-3.25533939157358,-2.09488597002538,1.4768948032333
-3.29974896801862,-2.12766125125438,1.50655256765722
-3.34433940578971,-2.1608815524671,1.53731249779746
-3.38908602192211,-2.19454856018513,1.56920461757526
-3.43396251185257,-2.22866370604901,1.6022596110954
-3.47894088068805,-2.26322815025996,1.63650882044953
-3.52399137284972,-2.29824276432613,1.67198424200245
-3.56908240016314,-2.33370811309744,1.70871852103762
-3.61418046847922,-2.36962443607393,1.74674494463234
-3.6592501029261,-2.40599162797337,1.7860974326262
-3.70425377190802,-2.44280921854498,1.8268105265399
-3.74915180998543,-2.48007635161753,1.86891937629502
-3.79390233978951,-2.51779176337115,1.91245972457845
-3.83846119314502,-2.55595375982424,1.95746788868854
-3.88278183159744,-2.59456019352848,2.00398073969352
-3.92681526656427,-2.633608439467,2.05203567872587
-3.97050997935548,-2.67309537015317,2.10167061023021
-4.01381184133536,-2.71301732993012,2.15292391197565
-4.05666403452658,-2.7533701084738,2.20583440163787
-4.09900697298772,-2.79414891350566,2.26044129975025
-4.14077822532791,-2.83534834272447,2.31678418881802
-4.18191243875585,-2.8769623549706,2.37490296838491
-4.22234126509638,-2.9189842406403,2.434837805837
-4.26199328924517,-2.96140659137186,2.49662908272528
-4.30079396057082,-3.0042212690307,2.56031733638529
-4.33866552781466,-3.04741937402536,2.62594319663047
-4.37552697808035,-3.09099121299261,2.69354731729471
-4.41129398054901,-3.13492626589533,2.76317030240001
-4.44587883560021,-3.17921315258418,2.83485262672633
-4.47919043006497,-3.22383959888034,2.90863455056397
-4.51113419938331,-3.26879240224479,2.98455602843318
-4.54161209748622,-3.31405739710698,3.06265661156189
-4.57052257526898,-3.3596194199346,3.14297534392095
-4.59776056857026,-3.40546227413474,3.22555065162635
-4.62321749661805,-3.45156869488652,3.31042022553086
-4.64678127194926,-3.49792031401448,3.39762089684238
-4.66833632285424,-3.54449762502307,3.48718850562468
-4.68776362943981,-3.59127994842267,3.57915776205646
-4.70494077444392,-3.63824539748904,3.6735621003492
-4.7197420099715,-3.68537084460955,3.7704335252511
-4.73203834135336,-3.73263188838139,3.8698024510954
-4.74169762935713,-3.78000282163901,3.97169753338596
-4.74858471200082,-3.82745660060079,4.07614549295117
-4.75256154723452,-3.87496481533692,4.18317093273984
-4.75348737776249,-3.92249766177396,4.29279614737952
-4.75121891927623,-3.97002391546342,4.40504092566841
-4.74561057335739,-4.01751090735512,4.51992234622786
-4.73651466628637,-4.06492450182806,4.63745456660208
-4.72378171495742,-4.11222907724384,4.75764860615652
-4.70726072105212,-4.15938750929973,4.88051212319522
-4.68679949455962,-4.20636115746918,5.00604918679113
-4.66224500765258,-4.25310985482867,5.13426004390121
-4.63344377983043,-4.2995919015788,5.26514088242044
-4.60024229512661,-4.3457640625766,5.39868359091462
-4.56248745204107,-4.39158156920303,5.53487551586195
-4.52002704670386,-4.43699812589561,5.67369921732598
-4.47271028959804,-4.4819659216803,5.81513222407846
-4.42038835597062,-4.526435647039,5.95914678928845
-4.36291496983707,-4.57035651644935,6.1057096479933
-4.30014702123894,-4.61367629693121,6.25478177766739
-4.23194521614379,-4.65634134292955,6.40631816330435
-4.15817475808316,-4.69829663785591,6.56026756852726
-4.07870606030756,-4.73948584260004,6.71657231433786
-3.99341548689817,-4.77985135130921,6.87516806720875
-3.90218612091456,-4.81933435471568,7.03598363831099
-3.80490855727779,-4.85787491127135,7.19894079575133
-3.70148171769041,-4.89541202632387,7.36395409176793
-3.59181368448243,-4.93188373953929,7.5309307068981
-3.47582254984752,-4.96722722074335,7.69977031318618
-3.35343727650074,-5.00137887431563,7.87036495854077
-3.22459856535201,-5.03427445222928,8.04259897437777
-3.08925972535249,-5.06584917578251,8.21634890869663
-2.94738754024031,-5.09603786601765,8.3914834867301
-2.79896312649222,-5.1247750827686,8.56786360128163
-2.64398277638621,-5.15199527221858,8.74534233481629
-2.48245877970223,-5.17763292278727,8.92376501530129
-2.31442021724265,-5.20162272909984,9.10296930769715
-2.13991371904641,-5.2238997637207,9.28278534288122
-1.9590041799104,-5.24439965626222,9.46303588563897
-1.77177542462471,-5.26305877940359,9.64353654318588
-1.57833081518352,-5.27981444127841,9.8240960154823
-1.37879379215752,-5.29460508361171,10.0045163883761
-1.17330834241462,-5.30737048490897,10.1845934703533
-0.96203938545925,-5.31805196792172,10.3641171733961
-0.745173070833612,-5.32659261053816,10.5428719381412
-0.522916979291587,-5.33293745917251,10.7206372032009
-0.295500220821845,-5.33703374365595,10.8971879181603
-0.0631734230644513,-5.3388310925649,11.0722950993913
0.173791395763709,-5.33828174786071,11.24572642744
0.415101074644742,-5.33534077765904,11.4172468843447
0.660441682669941,-5.3299662858992,11.586619428836
0.909479020641653,-5.32211961764351,11.7536057069596
1.16185925395423,-5.31176555870592,11.9179667952528
1.41720967828449,-5.29887252828866,12.0794639732031
1.67513961848686,-5.28341276329572,12.2378595213241
1.93524145988567,-5.26536249299424,12.3929175408096
2.1970918098991,-5.2447021027091,12.5444047903737
2.46025278663095,-5.22141628526296,12.6920915355622
2.72427342974261,-5.19549417891467,12.8357524055265
2.98869122758652,-5.16692949060197,12.9751672520052
3.25303375326118,-5.13572060336163,13.1101220050467
3.51682040095643,-5.10187066687989,13.2404095198514
3.7795642127148,-5.06538767021858,13.3658304090045
4.04077378456099,-5.0262844958672,13.4861938543237
4.29995523986458,-4.98457895438693,13.6013183925543
4.55661425682189,-4.94029379903914,13.7110326692162
4.81025813608633,-4.8934567199264,13.8151761550415
5.06039789386162,-4.84410031731736,13.913599819635
5.30655036521039,-4.79226205397673,14.0061667572483
5.54824030193646,-4.73798418647617,14.0927527598743
5.78500244918021,-4.68131367561952,14.1732468332402
6.01638358483112,-4.62230207627481,14.2475516517063
6.24194450601265,-4.56100540706374,14.3155839485503
6.46126194723364,-4.4974840005154,14.3772748386332
6.67393041532474,-4.43180233444235,14.4325700710004
6.87956392698188,-4.36402884544288,14.4814302095511
7.0777976356138,-4.29423572557063,14.5238307405191
7.26828933522487,-4.22249870334079,14.5597621061265
7.45072083024331,-4.14889681035906,14.5892296643993
7.62479916151204,-4.07351213496392,14.6122535757623
7.79025768007592,-3.9964295643637,14.6288686176433
7.94685696190328,-3.91773651682593,14.639123928918
8.09438555825087,-3.83752266553766,14.6430826865994
8.23266057799528,-3.7558796557998,14.6408217177173
8.36152809988835,-3.67290081724757,14.6324310498363
8.48086341432462,-3.58868087280113,14.618013404118
8.59057109581419,-3.50331564604668,14.5976836352436
8.69058490891069,-3.41690176872844,14.571568122866
8.78086755183289,-3.32953638999709,14.5398041195614
8.8614102434196,-3.24131688901049,14.5025390604865
8.93223216035447,-3.15234059241985,14.4599298401294
8.99337973277621,-3.06270449819889,14.4121420616575
9.04492580743757,-2.97250500718725,14.3593492644261
9.0869686884843,-2.88183766362288,14.3017321352077
9.1196310666865,-2.79079690583371,14.2394777086479
9.1430588485644,-2.69947582814727,14.1727785623405
9.15741989730833,-2.60796595496012,14.101832011755
9.162902697698,-2.51635702778841,14.0268393100433
9.15971495738387,-2.42473680599765,13.9480048575064
9.14808215690806,-2.33319088178636,13.8655354252159
9.1282460607211,-2.24180250987458,13.7796393969775
9.10046320120441,-2.1506524522271,13.6905260334777
9.06500334734469,-2.05981883802269,13.5984047621019
9.02214796924009,-1.96937703896656,13.5034844955375
8.97218870905848,-1.87939955993407,13.4059729818927
8.91542586843107,-1.78995594483069,13.306076188676
8.85216692156095,-1.70111269745693,13.2039977225968
8.78272506257101,-1.61293321707773,13.099938286765
8.70741779482112,-1.52547774831462,12.9940951764981
8.62656556910331,-1.43880334490571,12.886661814583
8.54049047678819,-1.35296384681379,12.7778273264988
8.44951500315745,-1.26800987010589,12.6677761557802
8.35396084532569,-1.18398880898001,12.5566877193984
8.25414779834038,-1.10094484927439,12.444736102754
8.15039271225921,-1.01891899276283,12.3320897936193
8.04300852224704,-0.937949091515638,12.2189114541342
7.93230335301604,-0.858069891588634,12.1053577297513
7.81857969825807,-0.779313085293096,11.9915790938446
7.70213367509096,-0.701707371296079,11.8777197265385
7.58325435296441,-0.62527852180329,11.7639174261814
7.46222315594724,-0.550049456084889,11.6503035517789
7.33931333684822,-0.476040319617788,11.5370029946179
7.21478952120718,-0.40326856813559,11.4241341772473
7.08890731883082,-0.331749055898825,11.3118090779393
6.96191300023899,-0.261494127522968,11.2001332787294
6.83404323512815,-0.192513712729397,11.0892060351294
6.70552488974982,-0.12481542341449,10.9791203656142
6.57657487993793,-0.0584046524639142,10.8699631590086
6.44740007639943,0.00671532622753747,10.7618152979374
6.31819725880268,0.0705432570359082,10.6547517965477
6.18915311515564,0.133079801658309,10.5488419507722
6.06044428295695,0.194327438368717,10.4441494994662
5.93223742862455,0.254290361879575,10.3407327948247
5.80468936175488,0.312974384174665,10.2386449805611
5.67794718083768,0.370386836644637,10.1379341764146
5.55214844714431,0.426536473823243,10.0386436676359
5.42742138361703,0.481433378990045,9.94081209818606
5.30388509571138,0.535088871874278,9.8444736664763
5.18164981127982,0.587515418664699,9.74965832255752
5.06081713673003,0.638726544501897,9.65639196576129
4.94148032684322,0.688736748602592,9.56469664187613
4.82372456579482,0.73756142214012,9.47459073902816
4.7076272570788,0.785216768981484,9.38608918151628
4.59325832019767,0.831719729359196,9.2992036209303
4.48068049213952,0.877087906535535,9.21394262395587
4.36994963182155,0.921339496497862,9.13031185634173
4.26111502583391,0.964493220706196,9.04831426257298
4.15421969396825,1.00656826189835,8.9679502408582
4.04930069316121,1.04758420294353,8.88921781309879
3.94638941862253,1.0875609687222,8.81211278956509
3.84551190105175,1.12651877099865,8.73662892805656
3.74668909897445,1.16447805624193,8.66275808737154
3.64993718534923,1.20145945634228,8.59049037495694
3.5552678277103,1.23748374216185,8.51981428864919
3.46268846121644,1.27257177985181,8.45071685245482
3.372202554076,1.30674448986227,8.38318374635298
3.28380986490987,1.34002280856652,8.31719943013254
3.19750669169874,1.37242765241694,8.25274726130351
3.11328611203945,1.40397988454729,8.1898096071469
3.03113821450618,1.43470028373312,8.12836795098798
2.95105032097749,1.46460951562076,8.06840299279705
2.87300719984899,1.49372810613404,8.00989474423726
2.79699127010435,1.52207641696741,7.95282261829343
2.72298279626473,1.54967462307419,7.8971655136267
2.65096007427911,1.57654269205887,7.84290189380995
2.58089960845493,1.60270036538348,7.79000986160621
2.51277627956146,1.62816714129895,7.73846722845877
2.4465635042662,1.65296225941411,7.68825157936569
2.38223338608951,1.67710468681639,7.63934033331507
2.31975685808279,1.70061310566058,7.59171079945891
2.25910381745325,1.72350590214383,7.54534022920439
2.20024325237227,1.7458011567877,7.50020586440107
2.14314336121556,1.76751663595021,7.45628498180157
2.08777166449262,1.78866978449347,7.41355493397112
2.03409510972868,1.80927771953523,7.37199318681914
1.98208016956742,1.82935722521508,7.33157735392264
1.93169293336465,1.84892474840891,7.2922852278078
1.88289919254437,1.86799639532787,7.25409480835183
1.83566451998761,1.88658792894091,7.21698432846305
1.78995434372276,1.90471476716241,7.18093227719217
1.74573401518293,1.92239198174934,7.14591742042317
1.7029688722916,1.93963429785498,7.11191881928681
1.66162429763324,1.95645609418864,7.07891584643475
1.6216657719597,1.97287140373359,7.04688820030694
1.58305892327692,1.98889391497776,7.01581591751965
1.54576957175002,2.00453697361416,6.98567938349601
1.50976377065741,2.01981358467051,6.95645934145584
1.4750078436174,2.03473641502946,6.92813689987609
1.44146841830288,2.0493177963034,6.90069353852806
1.40911245685207,2.06356972802979,6.87411111319244
1.37790728317514,2.07750388115478,6.84837185914819
1.34782060734888,2.0911316017753,6.82345839352643
1.31882054728319,2.10446391511124,6.79935371661545
1.29087564783571,2.11751152968141,6.77604121219889
1.26395489754275,2.13028484165859,6.75350464700391
1.23802774312694,2.14279393938065,6.7317281693324
1.21306410193479,2.15504860799625,6.71069630694389
1.18903437244943,2.16705833422522,6.69039396425467
1.16590944301697,2.17883231121495,6.67080641891389
1.14366069891756,2.19037944347572,6.6519193178138
1.12226002790569,2.20170835187899,6.63371867258739
1.10167982433733,2.21282737870387,6.6161908546437
1.08189299199542,2.22374459271833,6.59932258978749
1.0628729457188,2.23446779428255,6.58310095246714
1.04459361193386,2.24500452046304,6.56751335969153
1.02702942818262,2.25536205014692,6.55254756465393
1.01015534173507,2.2655474091469,6.53819165009828
0.993946807368958,2.27556737528809,6.52443402146081
0.97837978439468,2.28542848346882,6.51126339981746
0.963430732998465,2.29513703068821,6.49866881466527
0.94907660997242,2.30469908103408,6.48663959656417
0.935294863895639,2.31412047062531,6.47516536966306
0.922063429826497,2.3234068125036,6.46423604413268
0.90936072356232,2.33256350146986,6.45384180852569
0.897165635518928,2.34159571886133,6.44397312208295
0.885457524279014,2.35050843726571,6.43462070700327
0.874216209855,2.35930642516945,6.42577554069252
0.863421966708862,2.36799425153722,6.41742884800672
0.853055516568426,2.37657629032075,6.40957209350228
0.843098021076847,2.38505672489477,6.40219697370551
0.833531074309306,2.39343955241891,6.39529540941243
0.824336695188469,2.40172858812414,6.38885953802871
0.815497319827909,2.40992746952301,6.38288170595899
0.806995793830444,2.41803966054308,6.3773544610534
0.798815364566286,2.42606845558322,6.37227054511885
0.790939673453917,2.43401698349265,6.3676228865015
0.783352748264769,2.44188821147296,6.3634045927463
0.776038995471057,2.44968494890332,6.3596089433389
0.768983192654491,2.45740985108942,6.35622938253439
0.762170480992055,2.46506542293702,6.35325951227713
0.755586357833633,2.47265402255063,6.3506930852151
0.749216669384913,2.4801778647586,6.3485239978121
0.743047603507732,2.48763902456555,6.34674628356033
0.737065682648884,2.49503944053351,6.34535410629585
0.73125775690727,2.50238091809293,6.34434175361885
0.725610997248287,2.50966513278517,6.34370363042052
0.720112888873335,2.51689363343791,6.34343425251789
0.714751224751471,2.52406784527497,6.34352824039793
0.709514099319355,2.53118907296242,6.34398031307174
0.704389902354873,2.53825850359239,6.34478528203986
0.699367313029047,2.54527720960665,6.34593804536906
0.694435294140196,2.55224615166158,6.34743358188132
0.689583086533615,2.55916618143629,6.34926694545522
0.684800203709464,2.56603804438609,6.35143325944002
0.680076426620974,2.57286238244277,6.35392771118267
0.675401798664558,2.57963973666399,6.35674554666776
0.670766620862874,2.58637054983342,6.35988206527044
0.66616144724148,2.59305516901376,6.36333261462241
0.661577080399208,2.59969384805444,6.36709258559087
0.657004567272014,2.606286750056,6.37115740737034
0.652435195089651,2.61283394979312,6.37552254268735
0.647860487524134,2.6193354360981,6.38018348311802
0.643272201028634,2.62579111420684,6.38513574451825
0.638662321365071,2.63220080806916,6.39037486256673
0.63402306031841,2.63856426262523,6.39589638842063
0.629346852595308,2.64488114605022,6.40169588448401
0.624626352904532,2.65115105196873,6.40776892028908
0.61985443321624,2.65737350164095,6.41411106849028
0.615024180197006,2.66354794612235,6.42071790097145
0.61012889281719,2.66967376839847,6.42758498506623
0.60516208012703,2.67575028549677,6.43470787989193
0.600117459197603,2.68177675057694,6.44208213279712
0.594988953222574,2.68775235500154,6.44970327592341
0.589770689776464,2.69367623038832,6.45756682288167
0.584456999224922,2.69954745064602,6.46566826554329
0.579042413282342,2.70536503399492,6.47400307094682
0.573521663711927,2.71112794497372,6.48256667832073
0.567889681163158,2.71683509643407,6.4913544962228
0.562141594141417,2.72248535152423,6.50036189979679
0.556272728104352,2.72807752566296,6.50958422814718
0.55027860467943,2.73361038850505,6.51901678183269
0.544154940996904,2.7390826658996,6.52865482047936
0.537897649132335,2.74449304184215,6.53849356051411
0.531502835652605,2.74984016042179,6.54852817301955
0.52496680125923,2.75512262776422,6.55875378171104
0.518286040522662,2.76033901397166,6.56916546103691
0.511457241701099,2.76548785506063,6.57975823440279
0.504477286637214,2.77056765489817,6.590527072521
0.497343250726108,2.77557688713754,6.60146689188609
0.49005240294763,2.78051399715381,6.61257255337736
0.482602205956146,2.78537740398013,6.62383886098959
0.474990316220704,2.79016550224511,6.63526056069272
0.467214584208473,2.7948766641119,6.64683233942168
0.459273054604203,2.79950924121921,6.65854882419719
0.451163966558435,2.80406156662469,6.67040458137857
0.442885753957057,2.80853195675096,6.68239411604938
0.434437045704783,2.81291871333435,6.69451187153688
0.425816666015056,2.81722012537654,6.70675222906601
0.417023634698836,2.82143447109908,6.71910950754874
0.408057167444707,2.82556001990081,6.73157796350955
0.398916676082712,2.82959503431794,6.74415179114752
0.3896017688243,2.8335377719867,6.75682512253585
0.38011225047079,2.83738648760824,6.76959202795908
0.370448122582762,2.84113943491538,6.78244651638851
0.360609583602786,2.84479486864088,6.79538253609616
0.350597028923989,2.84835104648665,6.80839397540737
0.340411050896952,2.85180623109334,6.82147466359227
0.330052438767538,2.85515869200966,6.83461837189592
0.319522178538319,2.85840670766071,6.84781881470706
0.308821452746346,2.86154856731453,6.86106965086525
0.29795164015015,2.86458257304592,6.87436448510579
0.286914315318956,2.8675070416967,6.88769686964197
0.275711248117252,2.87032030683135,6.9010603058839
0.264344403078,2.8730207206869,6.91444824629299
0.252815938657957,2.87560665611599,6.92785409637107
0.241128206368769,2.87807650852191,6.94127121678286
0.229283749777682,2.8804286977842,6.95469292561041
0.217285303371972,2.88266167017369,6.96811250073802
0.205135791281407,2.88477390025543,6.98152318236565
0.192838325853332,2.88676389277809,6.99491817564904
0.180396206075212,2.88863018454841,7.00829065346434
0.167812915839803,2.89037134628903,7.02163375929484
0.155092122048376,2.89198598447821,7.03494061023731
0.142237672547777,2.89347274316976,7.04820430012512
0.129253593897424,2.89483030579143,7.06141790276526
0.116144088962717,2.89605739692018,7.07457447528603
0.102913534331665,2.89715278403247,7.08766706159208
0.0895664775519615,2.89811527922781,7.10068869592313
0.0761076341861057,2.8989437409238,7.11363240651276
0.0625418846825838,2.89963707552077,7.12649121934303
0.0488742710615453,2.90019423903424,7.13925816199104
0.035109993413844,2.90061423869328,7.15192626756278
0.0212544062127524,2.90089613450292,7.16448857870986
0.00731301443811082,2.90103904076878,7.17693815172427
-0.00670853048686126,2.90104212758196,7.1892680607062
-0.0208044349454038,2.90090462226236,7.20147140179987
-0.0349687675625337,2.90062581075862,7.21354129749192
-0.0491954638241954,2.90020503900277,7.22547090096695
-0.0634783308781114,2.89964171421772,7.23725340051459
-0.0778110525137138,2.89893530617593,7.2488820239822
-0.0921871943180499,2.89808534840734,7.26035004326731
-0.106600209004065,2.89709143935492,7.27165077884373
-0.121043441907176,2.89595324347603,7.28277760431504
-0.135510136645582,2.89467049228805,7.29372395098925
-0.14999344093924,2.89324298535657,7.30448331246806
-0.16448641258201,2.89167059122467,7.31504924924425
-0.178982025560966,2.88995324828169,7.32541539330061
-0.193473176316436,2.88809096557007,7.33557545270373
-0.207952690135863,2.88608382352904,7.34552321618583
-0.222413327674182,2.88393197467355,7.3552525577079
-0.236847791592935,2.8816356442076,7.36475744099739
-0.251248733309986,2.87919513057042,7.37403192405354
-0.265608759851273,2.8766108059148,7.38307016361352
-0.279920440795683,2.87388311651631,7.39186641957262
-0.294176315303769,2.87101258311272,7.40041505935165
-0.308368899220689,2.86799980117272,7.40871056220485
-0.322490692243465,2.86484544109327,7.41674752346155
-0.336534185142328,2.86155024832507,7.42452065869502
-0.350491867025692,2.85811504342544,7.43202480781198
-0.364356232638023,2.85454072203858,7.4392549390563
-0.378119789679693,2.85082825480253,7.44620615292062
-0.391775066137692,2.84697868718304,7.45287368595969
-0.405314617615932,2.84299313923399,7.45925291449947
-0.418731034653746,2.83887280528463,7.46533935823597
-0.432016950021076,2.83461895355374,7.47112868371834
-0.445165045978795,2.83023292569098,7.47661670771051
-0.458168061492541,2.82571613624585,7.48179940042625
-0.471018799388475,2.82107007206485,7.48667288863242
-0.483710133439348,2.81629629161733,7.49123345861573
-0.496235015369368,2.81139642425099,7.49547755900817
-0.508586481766411,2.80637216937766,7.49940180346692
-0.520757660890255,2.80122529559057,7.5030029732046
-0.532741779365653,2.79595763971404,7.50627801936598
-0.544532168749258,2.79057110578693,7.5092240652476
-0.556122271959605,2.78506766398099,7.51183840835711
-0.56750564955962,2.77944934945575,7.51411852230926
-0.578675985881355,2.7737182611513,7.516062058556
-0.589627094983,2.76787656052065,7.51766684794815
-0.600352926428494,2.76192647020348,7.51893090212683
-0.610847570880451,2.75587027264289,7.51985241474271
-0.621105265497468,2.74971030864727,7.52042976250185
-0.631120399127294,2.74344897589926,7.52066150603693
-0.640887517287762,2.73708872741371,7.52054639060322
-0.650401326927829,2.730632069947,7.52008334659874
-0.65965670096153,2.7240815623599,7.51927148990869
-0.668648682568157,2.71743981393618,7.51811012207419
-0.677372489252442,2.71070948265948,7.51659873028603
-0.685823516659069,2.70389327345076,7.51473698720418
-0.69399734213635,2.69699393636889,7.51252475060438
-0.70188972804446,2.69001426477684,7.50996206285319
-0.709496624804157,2.6829570934761,7.50704915021333
-0.716814173682496,2.67582529681195,7.5037864219815
-0.723838709312585,2.66862178675213,7.50017446946099
-0.730566761945044,2.66134951094176,7.49621406477175
-0.736995059429351,2.65401145073698,7.49190615950094
-0.743120528923887,2.64661061922018,7.48725188319722
-0.74894029833402,2.63915005919956,7.48225254171206
-0.754451697478181,2.63163284119553,7.47690961539213
-0.75965225898242,2.62406206141691,7.47122475712637
-0.764539718904522,2.61644083972953,7.4651997902522
-0.769112017089284,2.60877231761987,7.45883670632516
-0.773367297257138,2.60105965615656,7.45213766275655
-0.777303906828809,2.59330603395225,7.44510498032395
-0.780920396489225,2.58551464512863,7.43774114055946
-0.78421551949442,2.57768869728695,7.43004878302086
-0.787188230725645,2.56983140948693,7.42203070245094
-0.789837685495389,2.56194601023619,7.41368984583031
-0.792163238110461,2.55403573549298,7.40502930932935
-0.794164440197738,2.54610382668437,7.39605233516475
-0.795841038798593,2.53815352874241,7.38676230836646
-0.79719297423841,2.53018808816046,7.37716275346074
-0.798220377777989,2.52221075107189,7.3672573310752
-0.79892356905398,2.51422476135339,7.35704983447172
-0.799303053315824,2.50623335875479,7.34654418601305
-0.799359518466981,2.49823977705765,7.33574443356925
-0.799093831918527,2.49024724226424,7.32465474686958
-0.798507037263418,2.48225897081897,7.31327941380611
-0.797600350780001,2.47427816786392,7.30162283669471
-0.796375157773532,2.46630802553012,7.28968952849938
-0.794833008764645,2.45835172126626,7.27748410902577
-0.792975615533871,2.45041241620614,7.26501130108963
-0.790804847031465,2.44249325357646,7.25227592666586
-0.788322725161866,2.43459735714609,7.23928290302383
-0.785531420452217,2.42672782971808,7.22603723885445
-0.782433247614449,2.41888775166553,7.21254403039449
-0.77903066101042,2.41108017951239,7.19880845755334
-0.77532625002966,2.40330814455993,7.18483578004751
-0.771322734389219,2.39557465155997,7.17063133354798
-0.767022959365118,2.38788267743534,7.15620052584509
-0.76242989096481,2.38023517004842,7.14154883303613
-0.757546611050005,2.37263504701818,7.12668179573993
-0.752376312419106,2.36508519458614,7.11160501534313
-0.746922293858391,2.35758846653179,7.0963241502824
-0.741187955170932,2.35014768313752,7.08084491236676
-0.735176792192091,2.34276563020335,7.06517306314402
-0.728892391800279,2.3354450581116,7.04931441031507
-0.722338426931454,2.32818868094137,7.03327480419984
-0.715518651605655,2.32099917563281,7.01706013425812
-0.708436895973638,2.31387918120114,7.00067632566876
-0.701097061391478,2.30683129799991,6.98412933597022
-0.693503115530739,2.29985808703352,6.96742515176538
-0.685659087531578,2.29296206931827,6.95056978549334
-0.677569063205897,2.28614572529172,6.93356927227083
-0.669237180297379,2.27941149426973,6.91642966680537
-0.660667623804985,2.27276177395059,6.89915704038263
-0.651864621376196,2.26619891996553,6.88175747792971
-0.642832438776008,2.25972524547501,6.86423707515628
-0.633575375437401,2.25334302080978,6.84660193577524
-0.624097760098703,2.24705447315617,6.82885816880418
-0.614403946532984,2.24086178628443,6.81101188594908
-0.604498309374303,2.23476710031932,6.79306919907124
-0.594385240045365,2.22877251155199,6.77503621773847
-0.584069142790806,2.22288007229197,6.75691904686113
-0.573554430820065,2.21709179075838,6.73872378441386
-0.562845522563485,2.21140963100903,6.72045651924326
-0.551946838045014,2.20583551290652,6.70212332896192
-0.540862795374549,2.2003713121199,6.68373027792888
-0.529597807362741,2.19501886016083,6.66528341531659
-0.518156278260737,2.18977994445303,6.6467887732642
-0.506542600627106,2.18465630843358,6.62825236511689
-0.494761152323896,2.17964965168503,6.60968018375093
-0.482816293643525,2.1747616300968,6.59107819998387
-0.470712364567938,2.16999385605474,6.5724523610692
-0.45845368216122,2.16534789865732,6.55380858927487
-0.446044538096604,2.16082528395734,6.53515278054465
-0.433489196318594,2.15642749522761,6.51649080324146
-0.420791890840659,2.15215597324938,6.49782849697157
-0.40795682367879,2.14801211662206,6.47917167148855
-0.39498816292094,2.14399728209303,6.46052610567572
-0.38189004093221,2.14011278490594,6.4418975466057
-0.368666552695427,2.13635989916638,6.42329170867585
-0.355321754286583,2.13273985822342,6.40471427281785
-0.341859661484422,2.12925385506577,6.38617088578015
-0.328284248513298,2.12590304273112,6.36766715948148
-0.314599446918267,2.12268853472745,6.34920867043387
-0.300809144571231,2.11961140546486,6.33080095923342
-0.286917184806796,2.11667269069675,6.31244953011703
-0.272927365686394,2.11387338796899,6.29415985058328
-0.258843439389079,2.1112144570758,6.27593735107567
-0.244669111727302,2.10869682052107,6.25778742472621
-0.230408041785851,2.10632136398396,6.23971542715744
-0.216063841682059,2.10408893678749,6.22172667634107
-0.201640076445281,2.10200035236887,6.20382645251099
-0.187140264013559,2.10005638875052,6.18601999812888
-0.172567875345327,2.09825778901053,6.16831251790015
-0.157926334643925,2.09660526175141,6.1507091788384
-0.143219019692643,2.09509948156607,6.1332151103761
-0.128449262297961,2.09374108949987,6.11583540451948
-0.113620348838596,2.09253069350774,6.09857511604562
-0.0987355209179239,2.09146886890531,6.08143926273946
-0.0837979761173262,2.09055615881294,6.06443282566879
-0.0688108688479574,2.08979307459178,6.04756074949489
-0.0537773112984246,2.0891800962708,6.03082794281692
-0.038700374475838,2.08871767296392,6.01423927854775
-0.0235830893376838,2.08840622327619,5.99779959431921
-0.00842844801195616,2.08824613569832,5.98151369291453
0.00676059489701917,2.08823776898844,5.96538634272598
0.0219811209196405,2.08838145254054,5.94942227823539
0.0372302462515363,2.08867748673847,5.93362620051568
0.0525051202060878,2.08912614329496,5.91800277775098
0.0678029235915282,2.08972766557472,5.90255664577351
0.0831208670151719,2.09048226890101,5.8872924086149
0.0984561891173115,2.09139014084478,5.87221463906994
0.113806154737315,2.09245144149598,5.85732787927067
0.129168053014431,2.09366630371604,5.84263664126865
0.144539195425813,2.09503483337114,5.82814540762336
0.159916913764228,2.0965571095455,5.81385863199463
0.175298558057935,2.09823318473423,5.79978073973704
0.190681494435173,2.100063085015,5.78591612849419
0.206063102935692,2.10204681019819,5.77226916879073
0.221440775271758,2.10418433395481,5.75884420462022
0.23681191254101,2.10647560392185,5.74564555402651
0.25217392289359,2.10892054178448,5.73267750967682
0.267524219155889,2.1115190433348,5.71994433942433
0.2828602164133,2.11427097850644,5.70745028685823
0.298179329554313,2.11717619138501,5.69519957183913
0.313478970778312,2.12023450019363,5.68319639101789
0.328756547069409,2.12344569725345,5.67144491833568
0.344009457638649,2.12680954891875,5.65994930550321
0.359235091336942,2.13032579548628,5.64871368245719
0.374430824041044,2.13399415107864,5.63774215779173
0.389594016014946,2.1378143035013,5.62703881916283
0.404722009249029,2.14178591407327,5.61660773366367
0.41981212477935,2.1459086174309,5.6064529481688
0.434861659989456,2.15018202130493,5.59657848964491
0.449867885897131,2.15460570627033,5.58698836542632
0.464828044428507,2.1591792254691,5.57768656345286
0.479739345682015,2.16390210430563,5.56867705246817
0.49459896518467,2.16877384011473,5.55996378217614
0.509404041143222,2.17379390180218,5.55155068335353
0.524151671692772,2.17896172945775,5.54344166791644
0.538838912145469,2.18427673394073,5.53564062893854
0.553462772241984,2.18973829643798,5.52815144061889
0.5680202134085,2.19534576799449,5.52097795819718
0.582508146022037,2.2010984690165,5.51412401781411
0.596923426686977,2.20699568874745,5.50759343631476
0.611262855525759,2.21303668471665,5.50139001099273
0.625523173486772,2.21922068216103,5.49551751927278
0.63970105967257,2.22554687341995,5.48997971832978
0.653793128691626,2.23201441730355,5.48478034464166
0.667795928036932,2.23862243843464,5.47992311347408
0.681705935494874,2.24537002656458,5.47541171829471
0.695519556587883,2.25225623586336,5.47124983011463
0.70923312205453,2.25928008418441,5.46744109675465
0.722842885370797,2.26644055230423,5.46398914203442
0.736345020316433,2.27373658313764,5.46089756488171
0.749735618590385,2.2811670809288,5.45816993835996
0.763010687479474,2.28873091041874,5.45580980861151
0.776166147584606,2.29642689598977,5.45382069371439
0.789197830608936,2.30425382078756,5.45220608245037
0.802101477212598,2.31221042582133,5.45096943298202
0.81487273493873,2.32029540904305,5.45011417143648
0.827507156215689,2.32850742440614,5.44964369039385
0.840000196440537,2.33684508090474,5.44956134727779
0.852347212149016,2.34530694159411,5.44987046264642
0.864543459277407,2.35389152259332,5.45057431838111
0.876584091521867,2.3625972920709,5.4516761557713
0.888464158800963,2.37142266921468,5.45317917349307
0.900178605827348,2.38036602318681,5.4550865254796
0.911722270794666,2.38942567206502,5.45740131868153
0.923089884185984,2.39859988177134,5.46012661071523
0.934276067710184,2.4078868649896,5.46326540739723
0.945275333372982,2.41728478007294,5.46682066016307
0.956082082689367,2.42679172994268,5.47079526336884
0.966690606044468,2.4364057609801,5.47519205147381
0.977095082210003,2.44612486191262,5.48001379610271
0.987289578023654,2.45594696269589,5.48526320298626
0.997268048238855,2.46586993339358,5.49094290877872
1.00702433555268,2.4758915830565,5.49705547775125
1.0165521708196,2.48600965860297,5.50360339836009
1.02584517345914,2.49622184370225,5.51058907968886
1.03489685206546,2.50652575766308,5.51801484776402
1.04370060522714,2.51691895432934,5.52588294174318
1.0522497225655,2.52739892098499,5.53419550997586
1.06053738599993,2.53796307727056,5.54295460593648
1.06855667124869,2.5486087741134,5.55216218402972
1.07630054957395,2.55933329267422,5.56182009526846
1.08376188977966,2.57013384331226,5.57193008282487
1.09093346047089,2.58100756457185,5.58249377745535
1.09780793258369,2.59195152219278,5.59351269280029
1.10437788219384,2.60296270814743,5.60498822056008
1.11063579361357,2.61403803970743,5.61692162554879
1.11657406278473,2.62517435854273,5.62931404062742
1.12218500097715,2.63636842985612,5.64216646151895
1.12746083880066,2.64761694155632,5.65547974150778
1.13239373053925,2.65891650347275,5.66925458602619
1.13697575881551,2.67026364661536,5.68349154713129
1.14119893959354,2.68165482248271,5.69819101787599
1.14505522752807,2.69308640242186,5.71335322657787
1.14853652166743,2.70455467704346,5.72897823099057
1.15163467151762,2.71605585569574,5.74506591238227
1.15434148347434,2.72758606600094,5.76161596952679
1.15664872762975,2.73914135345788,5.77862791261274
1.15854814495978,2.75071768111458,5.79610105707714
1.160031454898,2.76231092931465,5.81403451736991
1.16109036330082,2.77391689552132,5.83242720065665
1.16171657080888,2.7855312942232,5.85127780046708
