1.12123516760042,0
1.12245264220796,0.12170685719437
1.12610100422601,0.243048016541275
1.13217048901806,0.363777982438497
1.14064638974707,0.483647700100236
1.15150896641097,0.602402579960297
1.16473331553164,0.719780539571463
1.18028920091492,0.835510070330475
1.19814084608305,0.949308340238197
1.21824668925146,1.06087934869161
1.24055910209697,1.16991215495739
1.26502407406061,1.27607920843393
1.29158086456136,1.37903481598028
1.32016162627893,1.47841378934783
1.35069100360601,1.57383032392035
1.38308571147781,1.6648771683143
1.41725410106033,1.75112515261367
1.45309572021291,1.83212315072834
1.49050087821955,1.90739855910452
1.52935022598357,1.9764583792188
1.56951436466279,2.0387909943046
1.61085349753811,2.09386873085703
1.65321714169005,2.14115129184657
1.69644391772305,2.18009014041436
1.74036143722692,2.21013389930935
1.78478630878542,2.23073481172146
1.82952428400263,2.24135628287605
1.87437056508479,2.24148148844174
1.91911029484344,2.23062299546488
1.96351924844189,2.2083332946348
2.00736474366591,2.17421609020823
2.05040678286719,2.12793813751815
2.09239943494661,2.06924135998195
2.13309245981148,1.99795492090587
2.17223317071883,1.91400687376645
2.20956852194661,1.81743497210774
2.24484740053959,1.70839619102731
2.27782309176819,1.58717450064842
2.30825587880547,1.45418644173568
2.33591572842845,1.30998408755523
2.36058500678525,1.15525503573833
2.38206116295544,0.990819159119345
2.40015931366105,0.817621953166641
2.41471466048941,0.636724445529764
2.42558467169431,0.449289774239153
2.43265096423376,0.256566687415651
2.43582082820129,0.0598703600503903
2.43502834504498,-0.139438946844738
2.43023506259634,-0.339978751594051
2.42143020343019,-0.540368030427261
2.40863039779213,-0.739250955195834
2.39187894751898,-0.935319932006876
2.37124464225764,-1.12733721730718
2.34682016310292,-1.31415445904722
2.31872012084668,-1.49472961274649
2.28707878580709,-1.66814080820682
2.25204757330063,-1.83359688351816
2.21379235302219,-1.99044444953655
2.17249065189209,-2.13817149109708
2.12832881846254,-2.27640764275239
2.08149921305202,-2.40492139024857
2.03219748180417,-2.5236145396336
1.98061996533311,-2.63251436126684
1.92696128403443,-2.73176385548516
1.87141213301863,-2.82161060146556
1.81415731043262,-2.90239464349716
1.75537399408115,-2.97453584301629
1.6952302730756,-3.03852108450939
1.63388393396523,-3.09489167305564
1.57148149460662,-3.14423120500346
1.50815747398147,-3.18715413477291
1.44403388229246,-3.224295203181
1.37921991290863,-3.25629983846381
1.31381181600869,-3.28381559209208
1.24789293296754,-3.30748462867522
1.18153387051716,-3.32793725327727
1.11479279434781,-3.34578643041091
1.04771582296577,-3.36162322654586
0.980337504159702,-3.37601309161949
0.912681358236233,-3.38949288405344
0.8447604741665,-3.40256853736134
0.776578146855838,-3.41571326375736
0.708128545842237,-3.429366190454
0.639397407793415,-3.44393132684842
0.570362747169531,-3.45977676490467
0.500995581322006,-3.47723402021774
0.431260668091748,-3.49659742707202
0.361117255642522,-3.51812350697213
0.290519845812797,-3.542030236423
0.219418973690565,-3.56849614606506
0.147762007410123,-3.59765918962161
0.0754939733363452,-3.62961532757211
0.00255841283709814,-3.6644167771948
-0.0711017222598705,-3.70206988787704
-0.145543127686541,-3.74253260870163
-0.22082114982311,-3.78571152468991
-0.296988725083157,-3.83145844919718
-0.374095246702934,-3.87956657335999
-0.452185350217811,-3.92976618978999
-0.531297609444686,-3.98172002753791
-0.611463135762228,-4.03501825936687
-0.692704074981479,-4.08917327120485
-0.775031998229245,-4.14361431783423
-0.858446186137493,-4.19768222880809
-0.942931809360038,-4.25062437438046
-1.02845801313875,-4.3015901526405
-1.11497591942047,-4.34962731524429
-1.20241656696475,-4.39367950862268
-1.29068881802487,-4.43258546787666
-1.37967726951322,-4.4650803582176
-1.4692402169782,-4.48979980895561
-1.55920773101325,-4.50528722148778
-1.64937991754158,-4.51000494790035
-1.73952544526139,-4.50234992184863
-1.82938043469669,-4.48067426864364
-1.91864781288424,-4.443311317101
-2.00699724465229,-4.38860727268066
-2.09406575446494,-4.3149585829492
-2.17945915057092,-4.22085472949891
-2.26275435435618,-4.10492581799857
-2.34350272113558,-3.96599392051529
-2.42123441320906,-3.80312667132388
-2.49546385142486,-3.61569115883227
-2.56569622800241,-3.4034057314215
-2.63143501210758,-3.16638699113356
-2.69219032277205,-2.9051890374765
-2.74748798435567,-2.62083199382258
-2.79687902193451,-2.31481704200201
-2.83994930249711,-1.98912563148319
-2.87632898765776,-1.64620121930511
-2.90570143950571,-1.28891280852947
-2.92781121711731,-0.92050062916723
-2.94247081965025,-0.544505461898743
-2.94956587340498,-0.164684237616953
-2.94905852319162,0.215084456441527
-2.94098886901519,0.590900574769248
-2.92547438182754,0.958943690134641
-2.90270732990157,1.31557005699596
-2.87295034270463,1.65740108235065
-2.83653032470332,1.98139927976488
-2.79383100113087,2.28492870836435
-2.745284426924,2.56579799702372
-2.69136181643921,2.8222852142662
-2.63256405504785,3.05314495855954
-2.56941223616337,3.25759901958346
-2.50243853215753,3.4353127314946
-2.43217765950843,3.58635966669584
-2.35915914237994,3.71117759508306
-2.28390051954083,3.8105186766086
-2.20690158142912,3.88539670057007
-2.12863967073372,3.93703388085075
-2.04956603358466,3.96680931380812
-1.97010317078216,3.97621075373273
-1.89064311000117,3.9667909021771
-1.81154650037085,3.94012897514514
-1.73314241947287,3.89779792922695
-1.6557287784923,3.84133740776403
-1.57957321266493,3.77223221630195
-1.50491434993575,3.69189595177195
-1.43196335958509,3.6016592863618
-1.36090569334541,3.50276233646633
-1.29190294326135,3.39635051975937
-1.22509475247199,3.28347330948133
-1.16060072664304,3.16508532532124
-1.09852230454509,3.0420492467498
-1.0389445560086,2.91514009064761
-0.981937884050399,2.7850504552839
-0.927559615318624,2.65239639316914
-0.875855469167504,2.51772363322074
-0.82686090072078,2.381513926212
-0.78060231731284,2.24419133555982
-0.737098170823793,2.10612833767997
-0.69635993076813,1.96765163236121
-0.658392944673207,1.82904759413552
-0.623197193403182,1.69056732089088
-0.590767949746271,1.55243125652354
-0.561096348876659,1.41483338083892
-0.534169879304304,1.27794497275866
-0.509972802701809,1.14191796271991
-0.488486510602934,1.00688789745807
-0.469689825448182,0.872976545583345
-0.453559252846945,0.74029417587714
-0.440069191263794,0.608941542367098
-0.429192104643457,0.479011611261548
-0.420898662784743,0.350591064956494
-0.415157853574131,0.223761617752902
-0.411937070507517,0.0986011767844573
-0.411202178273801,-0.0248151199275955
-0.412917558554489,-0.146413958313981
-0.417046137615735,-0.266122968234035
-0.423549396738232,-0.383869883282086
-0.432387366050319,-0.49958171775369
-0.443518601903982,-0.613183940897446
-0.45690014756505,-0.724599631511618
-0.472487476680478,-0.833748599004528
-0.490234418739578,-0.940546460218583
-0.510093065564903,-1.04490366462115
-0.532013657754632,-1.1467244638975
-0.555944449954484,-1.24590582555185
-0.581831553866276,-1.34233629384527
-0.609618758005399,-1.4358948052875
-0.639247323404198,-1.52644946996669
-0.670655754726162,-1.61385633425631
-0.703779546610735,-1.69795814488351
-0.738550905514254,-1.77858313897076
-0.774898447852366,-1.85554388944931
-0.812746875886139,-1.92863624014407
-0.852016633529533,-1.99763836977804
-0.892623545090023,-2.06231002903747
-0.934478440884406,-2.12239199954013
-0.977486774692818,-2.17760582787743
-1.02154823911585,-2.22765389162896
-1.06655638606789,-2.27221985709768
-1.11239826085343,-2.31096959015931
-1.15895405950486,-2.34355258168425
-1.20609682027334,-2.36960394706334
-1.2536921613164,-2.3887470550097
-1.30159807766172,-2.40059683357374
-1.3496648113859,-2.40476379077477
-1.39773480955956,-2.40085877305367
-1.44564278479959,-2.38849846662166
-1.4932158931555,-2.36731162460011
-1.54027404346021,-2.33694597670007
-1.58663035111782,-2.29707574841204
-1.63209174751737,-2.24740968390593
-1.67645975379968,-2.18769943205636
-1.71953142453808,-2.11774811954723
-1.76110046302511,-2.03741890056437
-1.80095850532638,-1.94664324116382
-1.83889656515222,-1.84542867025396
-1.87470662603675,-1.73386571062236
-1.90818336147903,-1.61213369490848
-1.93912595781253,-1.48050517498353
-1.96734000888801,-1.33934865052516
-1.99263944646672,-1.18912937469489
-2.01484846582528,-1.0304080419237
-2.03380340276434,-0.863837224075054
-2.04935451625534,-0.690155494796846
-2.06136763057244,-0.510179264739414
-2.06972559208741,-0.324792438592356
-2.07432949901775,-0.134934093925771
-2.07509966727665,0.0584155334719323
-2.07197630203932,0.254250397818336
-2.06491985247701,0.451554904152698
-2.05391103599036,0.649320617946743
-2.03895052780424,0.846562937942632
-2.02005832152797,1.04233724738608
-1.99727277578618,1.23575408198776
-1.97064937085159,1.4259928969357
-1.94025920697271,1.61231407711203
-1.90618728246964,1.79406891024762
-1.86853059444211,1.97070732724089
-1.82739610796898,2.14178330210085
-1.78289864095407,2.30695789085869
-1.73515871136394,2.46599996969503
-1.68430039166871,2.61878480357858
-1.63044921206499,2.76529063500576
-1.57373014980616,2.90559352613597
-1.51426573699011,3.0398607159743
-1.45217431376446,3.1683427674827
-1.38756844839844,3.29136477865216
-1.32055354030295,3.40931691832112
-1.25122661708517,3.52264452397873
-1.17967533228314,3.63183796725239
-1.10597716667626,3.73742245558366
-1.03019883309993,3.83994789795624
-0.952395882555326,3.9399789204386
-0.872612508110344,4.03808507543154
-0.790881542616356,4.13483124824233
-0.707224646573998,4.23076822701366
-0.621652683508159,4.32642336792801
-0.534166281881227,4.42229125760122
-0.444756584797471,4.51882424917453
-0.35340619143344,4.61642272828999
-0.260090297162309,4.71542495044852
-0.164778042604686,4.81609628293876
-0.0674340851971275,4.91861768360842
0.0319795898384733,5.02307325662845
0.13350159921027,5.12943674394177
0.237168809508093,5.237556842704
0.343013679196143,5.34714128670227
0.451061269848363,5.4577396970484
0.561325902800986,5.56872529844448
0.673807440462915,5.67927571638643
0.788487177289297,5.78835322214876
0.905323334574446,5.89468498006576
1.02424616650845,5.99674407791931
1.14515270314468,6.09273238613776
1.26790117978401,6.18056659109138
1.39230523240455,6.25786907246756
1.51812797549788,6.32196562727539
1.64507612191929,6.36989235645302
1.77279435337152,6.39841428574171
1.90086020327435,6.40405843927093
2.02877976823318,6.38316405892198
2.15598461595262,6.33195239263373
2.28183030060105,6.2466178852171
2.40559692422582,6.12344162847847
2.52649218660228,5.95892651863881
2.64365733710918,5.74995172454136
2.75617637260576,5.4939418478182
2.86308870851354,5.1890436933577
2.96340538368987,4.83430109206581
3.05612864594591,4.42981604059938
3.14027451386222,3.97688291831433
3.21489763925209,3.47808209767587
3.27911752791051,2.93732021346211
3.33214494429128,2.35980689563007
3.37330716055446,1.75196188737591
3.40207064127733,1.1212518902814
3.41805980314013,0.475962665917333
3.42107066224651,-0.175081866316771
3.41107847251979,-0.822836401725799
3.38823884241353,-1.45836596885712
3.35288225569358,-2.07317005964744
3.30550236854992,-2.65947745910848
3.24673886178935,-3.21049318834633
3.17735595157289,-3.72058392249593
3.09821787568937,-4.18539428101752
3.01026276128888,-4.60189267225438
2.91447624746507,-4.96835111698134
2.81186609941481,-5.28426806319116
2.70343883728856,-5.55024627451441
2.59017914399942,-5.76783933242023
2.47303254340322,-5.93938027350035
2.3528915801586,-6.06780468499805
2.23058550509921,-6.15647858224244
2.10687328724141,-6.20903897547923
1.98243964046646,-6.22925253715474
1.85789366835149,-6.22089546034375
1.7337696892487,-6.18765562083406
1.61052979773271,-6.13305660153268
1.48856773922707,-6.06040202261318
1.36821371348241,-5.97273791060033
1.24973977209758,-5.87283047243458
1.13336552932079,-5.76315654242502
1.01926395930961,-5.64590406667767
0.907567103653602,-5.52298021433629
0.798371558284518,-5.39602500247177
0.691743647908235,-5.26642864901313
0.587724228515452,-5.13535119506695
0.486333084593503,-5.00374324408438
0.38757290791815,-4.87236693874183
0.291432859969757,-4.74181653155707
0.197891730875184,-4.61253810107318
0.106920715097298,-4.48484812372973
0.0184858285955807,-4.35895073583458
-0.0674500054991685,-4.23495361471389
-0.150925174968755,-4.11288247773753
-0.231977873117643,-3.99269424690915
-0.310644843978916,-3.87428895909833
-0.386960353999682,-3.75752052129433
-0.460955368183749,-3.64220641946372
-0.532656910867685,-3.52813649116774
-0.602087593477006,-3.41508086804977
-0.669265293656387,-3.30279718624419
-0.734202972024523,-3.19103715196087
-0.796908614426234,-3.07955253696947
-0.857385288915198,-2.96810066523957
-0.915631307788182,-2.85644943822304
-0.97164048580508,-2.74438193271077
-1.02540248627724,-2.63170059228781
-1.07690324700615,-2.51823102151841
-1.12612547812906,-2.40382538143551
-1.17304922380757,-2.28836537597112
-1.21765247941348,-2.17176481188873
-1.25991185546417,-2.05397170977065
-1.29980327907902,-1.93496994082911
-1.33730272321503,-1.81478036384858
-1.37238695344148,-1.69346143845942
-1.405034281575,-1.57110929514295
-1.43522531516553,-1.44785724874196
-1.46294369163863,-1.32387475057606
-1.48817678589922,-1.19936578422414
-1.51091638041332,-1.07456672123922
-1.53115928722859,-0.949743665036048
-1.54890791208138,-0.825189323413005
-1.56417075166758,-0.701219462085173
-1.57696281631431,-0.578169002653763
-1.58730597165733,-0.456387838086396
-1.59522919447176,-0.336236446553279
-1.60076873947943,-0.218081389959816
-1.60396821571699,-0.102290786445386
-1.60487857284065,0.0107701536873496
-1.60355799951169,0.120743441723976
-1.6000717376963,0.227282392329834
-1.59449181827318,0.33005539943552
-1.58689672472624,0.428749342075215
-1.57737099287009,0.523072567524286
-1.56600475548403,0.612757411762068
-1.55289324139664,0.697562230631733
-1.5381362389609,0.777272928552206
-1.52183753399026,0.851703984751456
-1.50410433210232,0.92069898927972
-1.48504667505823,0.984130712137676
-1.46477686012141,1.0419007384138
-1.44340887071933,1.09393871015393
-1.42105782581539,1.14020122166414
-1.39783945441937,1.18067041904369
-1.37386960062365,1.21535235700859
-1.3492637634827,1.24427516661526
-1.32413667498915,1.26748708650237
-1.29860191836795,1.28505440794839
-1.27277158793715,1.29705938063121
-1.24675599088731,1.30359812171996
-1.22066339052665,1.30477856607467
-1.19459978983538,1.30071849010719
-1.16866875357521,1.29154363648092
-1.14297126671018,1.27738596148132
-1.11760562651036,1.25838202173199
-1.09266736542526,1.23467151208759
-1.06824920162261,1.20639596210069
-1.0444410139804,1.17369759450296
-1.02132983828657,1.13671834570305
-0.998999881430594,1.09559904540321
-0.977532550453765,1.05047875007568
-0.957006493449207,1.00149422320266
-0.937497649458932,0.948779553844657
-0.919079304693339,0.892465904227098
-0.901822152590002,0.832681376583696
-0.885794355425087,0.769550989425025
-0.871061605385265,0.703196753667044
-0.85768718319411,0.633737839613464
-0.845732012559423,0.561290826594624
-0.835254708862002,0.485970028083147
-0.82631162063833,0.407887886293979
-0.818956862516513,0.327155431596734
-0.813242338344186,0.243882803486438
-0.809217753297441,0.158179831341206
-0.806930613780141,0.0701566747090656
-0.806426213912992,-0.0200754756217647
-0.807747607371815,-0.112403633038169
-0.810935563265615,-0.206712182866309
-0.816028504649146,-0.302881977051577
-0.82306242814425,-0.400789349176327
-0.832070803002887,-0.500305042291148
-0.843084447786835,-0.601293041341207
-0.856131382670299,-0.703609301587408
-0.871236655198969,-0.807100364421776
-0.888422137170787,-0.911601852435648
-0.907706290149949,-1.0169368366065
-0.929103896998361,-1.12291407012337
-0.952625756721897,-1.22932608578153
-0.978278339898758,-1.33594715716399
-1.00606340200266,-1.44253112811762
-1.03597755207605,-1.54880912045933
-1.06801177447195,-1.65448713654405
-1.10215090179422,-1.75924358141989
-1.13837303775391,-1.86272673889491
-1.17664892945506,-1.96455224702693
-1.21694128965895,-2.06430063135514
-1.25920407088341,-2.16151496858933
-1.30338169480475,-2.25569876933236
-1.34940824237015,-2.34631418548789
-1.39720661231943,-2.43278066589576
-1.44668765846748,-2.51447420184987
-1.49774931910857,-2.5907273216704
-1.55027575524959,-2.66083000935075
-1.60413651801429,-2.72403173512791
-1.65918576940851,-2.77954479399532
-1.71526158458561,-2.82654914978182
-1.77218536764901,-2.86419897532742
-1.82976141667923,-2.89163106122978
-1.88777667683311,-2.90797523434962
-1.94600072274782,-2.91236688067865
-2.00418601276854,-2.90396160366537
-2.06206845735703,-2.88195196778234
-2.11936834207355,-2.84558617820839
-2.17579164141726,-2.79418843262614
-2.23103175327292,-2.7271805536808
-2.28477167454201,-2.64410437597414
-2.33668662666167,-2.54464422700594
-2.38644712522957,-2.42864871660362
-2.4337224711562,-2.29615094503855
-2.47818462218617,-2.14738616803435
-2.51951238403268,-1.98280592894419
-2.55739584074162,-1.80308769488502
-2.59154092541638,-1.60913912221971
-2.62167401637506,-1.40209623102332
-2.64754643148503,-1.18331498633746
-2.66893868603528,-0.954356058363238
-2.68566437806169,-0.716962850363972
-2.69757357019008,-0.473033222491415
-2.70455554903621,-0.224585678401068
-2.70654086172588,0.026278906294541
-2.70350255339045,0.277418674153313
-2.69545655829169,0.526693768105148
-2.68246122888978,0.772009282127736
-2.66461601979302,1.01135655810965
-2.64205937513612,1.24285130622311
-2.61496589663323,1.46476721525319
-2.58354289370479,1.67556398157631
-2.54802643543528,1.87390899877858
-2.50867703590891,2.05869228902716
-2.46577510943536,2.22903459659567
-2.41961633055383,2.384288879867
-2.37050702616127,2.52403571136212
-2.3187597146498,2.64807331211576
-2.26468889077538,2.7564030994482
-2.20860713642034,2.84921171428795
-2.15082161774014,2.92685051934997
-2.09163100956727,2.98981353040423
-2.03132286936584,3.0387146700044
-1.97017146624875,3.07426512811698
-1.90843605610806,3.09725148890485
-1.84635958206217,3.10851514838389
-1.78416777028108,3.10893341311762
-1.72206858473694,3.09940254292116
-1.66025200033703,3.08082288602022
-1.59889005194129,3.05408615658819
-1.53813711660697,3.02006482365722
-1.47813038768349,2.97960351723894
-1.41899050175418,2.93351231119439
-1.36082228256474,2.88256171131819
-1.30371556970873,2.82747915917163
-1.24774610371603,2.76894685514519
-1.19297644311804,2.70760070578926
-1.1394568928908,2.64403020849709
-1.08722642729588,2.57877909925684
-1.03631359347207,2.51234660478366
-0.986737385134484,2.44518915755715
-0.938508078389394,2.37772245006409
-0.891628023971182,2.3103237220761
-0.846092392162177,2.24333419149716
-0.801889868288394,2.17706155480691
-0.759003298020683,2.11178249716723
-0.717410282782042,2.04774516473782
-0.67708372639937,1.98517156263934
-0.637992334773156,1.92425985135541
-0.600101070801422,1.86518652226565
-0.563371567112598,1.80810843957163
-0.527762499361191,1.75316474124736
-0.493229922942699,1.700478595957
-0.459727576010094,1.65015881627073
-0.427207151640341,1.60230133110767
-0.395618541920595,1.55699052226193
-0.364910056612019,1.51430043123664
-0.335028618914944,1.47429584351625
-0.305919940710624,1.43703325793762
-0.277528679498878,1.4025617490473
-0.249798579092986,1.37092373032019
-0.222672595977362,1.34215562591517
-0.196093013083289,1.31628845830124
-0.170001542595634,1.29334835863775
-0.144339419270968,1.2733570062649
-0.11904748562616,1.25633200307752
-0.0940662702471912,1.2422871879347
-0.0693360603712888,1.23123289561439
-0.0447969698118772,1.22317616416426
-0.0203890032254234,1.21812089383707
0.0039478823378513,1.21606796013378
0.0282737177012547,1.21701528281513
0.0526484627793852,1.22095785208335
0.0771319478963309,1.22788771248128
0.101783814358717,1.23779390440727
0.126663453429523,1.25066236249965
0.151829942827282,1.26647576950674
0.177341979841246,1.28521336362572
0.203257810106537,1.30685069667041
0.229635151024336,1.33135933981521
0.256531108741113,1.35870653306617
0.284002087518169,1.38885477403675
0.312103690228786,1.42176134106462
0.340890608616023,1.45737774521045
0.3704165018305,1.49564910524535
0.400733861646019,1.53651343938284
0.431893862623335,1.57990086726877
0.463946195361394,1.6257327156421
0.496938880844068,1.6739205211587
0.530918063762905,1.72436492417661
0.565927782577721,1.77695444788917
0.602009713973333,1.83156415812625
0.639202889289848,1.88805420049626
0.677543380455049,1.9462682133969
0.717063952941388,2.0060316178714
0.757793683319817,2.06714978843166
0.79975753910318,2.12940611291629
0.842975918780205,2.19255995431131
0.887464150256733,2.25634453334398
0.933231946365175,2.32046475766836
0.980282816699663,2.38459503168176
1.02861343580794,2.44837709050329
1.07821296874731,2.51141791242854
1.12906235621668,2.57328777620767
1.18113356293344,2.63351854265793
1.23438879465367,2.69160225419517
1.2887796912518,2.74699016049951
1.34424650558702,2.79909229321146
1.40071728048426,2.84727772659598
1.45810703902452,2.89087567361719
1.51631700643221,2.9291775767187
1.57523388509977,2.96144035846248
1.6347292076064,2.98689099749364
1.69465879584129,3.00473258834987
1.75486235736865,3.01415202760999
1.81516325277212,3.01432944197266
1.8753684696557,3.00444943444263
1.93526883999406,2.98371417160077
1.99463953733157,2.95135826727089
2.05324088863969,2.90666533594536
2.11081953217962,2.84898599439368
2.16710994724731,2.77775698461908
2.22183637403312,2.69252097995913
2.27471513194259,2.59294652448167
2.32545733266349,2.47884745127909
2.37377197025437,2.3502010364439
2.41936935497846,2.20716408180845
2.46196484111211,2.05008609036598
2.50128278229585,1.87951871217554
2.53706063210128,1.69622070204713
2.5690530933895,1.50115774693782
2.59703620880441,1.29549669032738
2.62081127738683,1.08059389781384
2.64020847967549,0.857977762855838
2.65509009639424,0.629325629537371
2.66535321420222,0.396435692376455
2.67093182590712,0.161194701330251
2.67179825150724,-0.074457467204034
2.66796382953225,-0.308565134068624
2.65947885415987,-0.53919468676593
2.64643176101253,-0.764471614243447
2.62894759178442,-0.982615376083038
2.60718579332832,-1.19197090118309
2.58133742910716,-1.39103570306718
2.5516218988184,-1.57848184117487
2.51828327471517,-1.75317223065484
2.48158637026264,-1.91417108669834
2.44181265827639,-2.0607485634454
2.39925615196058,-2.19237989461136
2.35421935397743,-2.30873954973416
2.30700936673968,-2.40969107750536
2.25793424255509,-2.49527341203912
2.20729963613275,-2.56568446968532
2.15540580529942,-2.62126286741238
2.10254498947011,-2.6624685559706
2.04899918020918,-2.68986309080473
1.99503828466031,-2.70409017050223
1.94091867108099,-2.70585696571465
1.8868820763771,-2.69591664935825
1.83315484842872,-2.67505242852647
1.77994749103667,-2.64406327539904
1.72745447631515,-2.60375146236172
1.6758542880615,-2.55491192789442
1.62530965976946,-2.49832343556741
1.57596797222718,-2.43474143866398
1.52796177777487,-2.36489252668891
1.48140942103174,-2.2894703059493
1.43641572900951,-2.20913255281831
1.39307274681993,-2.12449947339596
1.35146049849922,-2.03615290525893
1.31164775569462,-1.94463630415627
1.27369279999731,-1.85045536934802
1.23764416750317,-1.75407917450511
1.20354136670036,-1.65594168561763
1.17141556300419,-1.55644356234147
1.14129022518261,-1.45595415399735
1.11318173054864,-1.35481361554318
1.08709992715713,-1.25333508194611
1.0630486523531,-1.15180685127899
1.04102620790473,-1.05049453745245
1.021025792641,-0.949643162737248
1.00303589402952,-0.849479168155214
0.987040640499826,-0.750212326484228
0.973020116565738,-0.652037548120522
0.960950642949333,-0.555136574472948
0.950805023979568,-0.459679557038269
0.942552764547843,-0.365826522934643
0.936160258867281,-0.273728729560284
0.931590953215627,-0.183529912297953
0.928805484755298,-0.0953674298990416
0.927761798428171,-0.00937331244085778
0.928415243825373,0.0743247833628901
0.930718653840464,0.155602707133528
0.93462240683327,0.234339032367611
0.940074473965403,0.31041435566233
0.947020453320216,0.383710675697028
0.955403592391588,0.454110851072391
0.96516480051853,0.521498137171039
0.976242652856508,0.585755803255118
0.988573387510768,0.646766832018421
1.00209089751065,0.704413704724828
1.01672671937466,0.75857827585461
1.032410020101,0.809141741809758
1.04906758451421,0.855984708663979
1.06662380500038,0.898987364148461
1.08500067576749,0.938029759008281
1.10411779386697,0.972992202515801
1.12389236930211,1.0037557762589
1.14423924662195,1.03020296930968
1.16507094044815,1.05221843650534
1.18629768740009,1.06968987982676
1.20782751686281,1.08250905073968
1.22956634297507,1.09057286887902
1.25141808009507,1.09378464963064
1.27328478382147,1.09205543003597
1.29506681940226,1.08530537906768
1.31666305905013,1.07346527477262
1.33797110929617,1.05647802714353
1.35888756905507,1.03430022197307
1.37930831854486,1.00690365749023
1.39912883860833,0.9742768424215
1.41824455932793,0.936426421409306
1.43655123612249,0.893378491615607
1.45394535077588,0.845179772995072
1.47032453409122,0.791898594287647
1.48558800610991,0.733625657383918
1.49963702910272,0.670474544462364
1.51237536785617,0.60258193525371
1.52370975116417,0.530107505979352
1.53355032791781,0.453233486913566
1.54181111078906,0.372163862053524
1.5484104002472,0.28712320191113
1.55327118154964,0.198355128774826
1.55632148742368,0.106120422685622
1.55749471941255,0.0106947855444663
1.5567299212986,-0.0876337100985247
1.55397199863658,-0.188567452261842
1.54917187921759,-0.291802357392307
1.54228661022441,-0.397031124471391
1.53327938890592,-0.503946619248834
1.52211952476572,-0.612245328298801
1.50878233249349,-0.721630820114915
1.49324895613358,-0.831817149781657
1.47550612624564,-0.942532144893969
1.45554585303331,-1.05352051327575
1.43336505956315,-1.16454671752441
1.40896516023931,-1.27539756726523
1.38235159061362,-1.38588448696095
1.35353329537741,-1.49584542486843
1.32252218198818,-1.60514637692064
1.28933254782568,-1.71368250758228
1.25398048905046,-1.82137885773271
1.21648329946119,-1.9281906370463
1.1768588676308,-2.0341031048762
1.13512508046527,-2.1391310490601
1.09129924109689,-2.24331787616131
1.0453975087251,-2.3467343292989
0.997434367681033,-2.44947685082236
0.94742213264884,-2.55166560661956
0.895370496658914,-2.6534421868273
0.841286128205277,-2.75496699420112
0.785172323661257,-2.85641632648985
0.727028721100434,-2.95797915297525
0.66685108169804,-3.05985357803175
0.604631145111915,-3.16224297631052
0.540356565638953,-3.26535177516116
0.474010936525031,-3.36938085040578
0.405573910581315,-3.4745224918498
0.33502142622896,-3.58095488527836
0.262326049251845,-3.68883604855042
0.187457441868287,-3.79829715126161
0.110382972211765,-3.90943514093034
0.0310684788973828,-4.02230459455925
-0.0505207930126148,-4.13690871372902
-0.134419066724672,-4.25318938533197
-0.220658699723134,-4.37101624017451
-0.309268620495726,-4.49017465981799
-0.400272514670097,-4.61035271038295
-0.493686739218254,-4.73112702315383
-0.589517944321132,-4.85194769854122
-0.68776038473687,-4.97212238534943
-0.788392906488168,-5.09079978445642
-0.891375600840862,-5.20695294778036
-0.996646126402883,-5.31936289192881
-1.1041157122763,-5.42660322204472
-1.21366487108873,-5.52702666379548
-1.32513887090209,-5.618754625769
-1.43834303980488,-5.69967115195142
-1.55303800656619,-5.76742285998918
-1.66893501483638,-5.8194266741346
-1.78569148628349,-5.85288732273165
-1.9029070483474,-5.86482664110175
-2.02012028273614,-5.85212665651785
-2.13680648817797,-5.81158818235893
-2.25237678106171,-5.74000616297264
-2.3661788752714,-5.6342622457864
-2.47749988186083,-5.49143398651759
-2.58557144407559,-5.30891872004635
-2.6895774679366,-5.08456849900425
-2.78866461889652,-4.8168307131235
-2.88195562928028,-4.50488721282862
-2.96856530136726,-4.1487831843396
-3.04761890382818,-3.74953591469371
-3.11827245679595,-3.3092132073826
-3.17973420015017,-2.83097179293897
-3.23128636149505,-2.3190477692875
-3.2723062073217,-1.77869391571688
-3.30228529406734,-1.21606249535658
-3.32084585141129,-0.638036561720364
-3.32775333617328,-0.0520173351700469
-3.32292438902822,0.534320648474053
-3.30642969398953,1.11329174837761
-3.27849155810322,1.67746217093906
-3.23947636475141,2.21989697120467
-3.18988237439372,2.73437601961253
-3.1303236197619,3.21556690822427
-3.06151084355953,3.65914684337414
-2.9842305407011,4.0618701087966
-2.89932319048885,4.42158211800392
-2.80766170401472,4.73718491657155
-2.71013098408872,5.00856189711062
-2.60760931994563,5.23647127991361
-2.50095213938909,5.42241858859396
-2.39097843800774,5.56851804812314
-2.27846001606376,5.67735177736551
-2.16411349107366,5.75183410227905
-2.04859492518402,5.79508653566947
-1.93249681361391,5.81032717301386
-1.81634712228405,5.80077660454815
-1.70061003520451,5.76958104532678
-1.58568806965362,5.71975228696946
-1.47192523351453,5.65412328361265
-1.3596109284107,5.57531767596798
-1.24898433924634,5.48573128897102
-1.14023909110718,5.38752356002625
-1.03352799491957,5.28261691582312
-0.928967741482101,5.17270227032621
-0.826643437998582,5.059249026415
-0.726612911262952,4.94351819863289
-0.628910726908955,4.82657751249916
-0.533551894739414,4.70931756180962
-0.440535246434035,4.59246831007464
-0.349846484379229,4.47661540096624
-0.261460909508152,4.36221589386371
-0.175345842430088,4.2496131650011
-0.0914627562824114,4.13905081439647
-0.00976914212338188,4.03068549648885
0.0697798712924382,3.92459865131734
0.147230121506286,3.82080715622489
0.222627218986496,3.71927294832983
0.296015536490189,3.61991168794749
0.367437362780396,3.52260054497666
0.43693220402887,3.42718519585225
0.504536218002345,3.33348611953327
0.570281767878087,3.24130427837502
0.634197084203742,3.15042626459672
0.696306025064135,3.06062898616117
0.756627925914889,2.97168395781386
0.815177531770624,2.8833612542339
0.871965005483165,2.7954331730706
0.926996006707709,2.7076776463425
0.980271836832078,2.61988142947317
1.03178964563978,2.53184308830351
1.08154269579845,2.44337579590838
1.12952068142117,2.35430994309636
1.17571009695215,2.26449555922048
1.2200946524949,2.17380453350784
1.26265573144901,2.08213262165737
1.30337288597102,1.98940121808238
1.34222436534845,1.8955588710047
1.37918767189954,1.80058251574008
1.41424013851059,1.70447840102777
1.44735952142692,1.60728268419684
1.47852460145083,1.50906167333728
1.50771578629853,1.40991169841607
1.53491570655574,1.30995859836169
1.56010979747289,1.2093568173933
1.58328685877689,1.10828811109973
1.6044395847658,1.00695987073586
1.6235650572049,0.905603082613547
1.64066519396644,0.804469948003311
1.65574714694702,0.703831197292498
1.66882364355071,0.603973139924918
1.67991326692727,0.505194498544646
1.6890406711825,0.407803081483644
1.69623672890598,0.312112352013698
1.70153860955924,0.218437955432551
1.70498978850075,0.127094265947171
1.70663998765706,0.0383910144060564
1.70654505004678,-0.0473699447504954
1.70476675149052,-0.129897673298379
1.70137255386428,-0.208914947599118
1.69643530514918,-0.284160774402049
1.69003289227375,-0.355392590973287
1.68224785332159,-0.422388125106355
1.67316695607647,-0.484946899538834
1.66288075009667,-0.542891374252344
1.65148309955386,-0.596067728763988
1.63907070394788,-0.644346294553958
1.62574261353246,-0.687621654987731
1.6115997458756,-0.725812436304987
1.59674440945417,-0.758860818338504
1.58127983956803,-0.786731797527877
1.56530975117865,-0.809412237490659
1.54893791255464,-0.826909743941072
1.53226774286516,-0.839251401178329
1.51540193612118,-0.846482406809938
1.49844211314461,-0.848664639961492
1.48148850256021,-0.845875196099769
1.46463965116865,-0.838204918913969
1.44799216348062,-0.825756956613697
1.43164046967787,-0.808645366658307
1.41567662082113,-0.786993789465272
1.40019010974898,-0.76093420817497
1.38526771580387,-0.730605808177629
1.37099337127988,-0.696153946918193
1.35744804730614,-0.657729241550695
1.34470965675575,-0.615486779360706
1.33285297169519,-0.569585453540898
1.32194955285835,-0.520187424903154
1.31206768863492,-0.467457708439723
1.3032723410983,-0.411563882292511
1.29562509665858,-0.352675915630847
1.28918411900416,-0.290966111142996
1.28400410208745,-0.226609157278269
1.28013622101187,-0.159782284992865
1.27762807878438,-0.0906655235083855
1.27652364700972,-0.0194420494396008
1.27686319871624,0.0537013764614483
1.27868323161945,0.128573890814358
1.28201638024847,0.204979933414743
1.28689131548385,0.282718583655686
1.29333263018582,0.361582834321221
1.3013607097331,0.441358810140949
1.3109915864483,0.521824939373979
1.32223677706287,0.602751087855054
1.3351031025771,0.683897666422358
1.34959249010703,0.765014724485012
1.3657017565869,0.845841044700889
1.38342237452015,0.926103256333835
1.40274022035307,1.00551498784203
1.42363530648857,1.08377608259816
1.44608149847242,1.16057190531851
1.47004621947427,1.23557277071883
1.49549014485766,1.30843353002718
1.52236689038687,1.37879335514122
1.55062269845555,1.44627576425465
1.58019612763573,1.51048893648673
1.61101775182973,1.57102636617864
1.64300987634426,1.62746790977179
1.67608627927771,1.67938127921473
1.71015198768713,1.72632403527684
1.74510309904754,1.76784613156968
1.78082665948623,1.80349305506947
1.81720061111699,1.83280960108411
1.85409382145349,1.85534430953989
1.89136620827835,1.87065457487431
1.92886897341336,1.87831242352279
1.96644495850231,1.87791093094968
2.00392913510596,1.86907122457668
2.04114924005363,1.85144999023671
2.07792656504011,1.82474736865455
2.11407690686323,1.78871509597394
2.14941168145154,1.74316470988768
2.183739200951,1.68797561216781
2.21686610867629,1.62310275128109
2.24859896178139,1.54858366743076
2.27874594620175,1.46454462896219
2.30711870294701,1.37120558567883
2.33353423939734,1.26888367302602
2.3578168941283,1.15799502262677
2.37980031922868,1.03905466994649
2.39932944035838,0.91267439874655
2.41626235218069,0.779558423343943
2.43047210552605,0.640496881426986
2.44184834288108,0.496357189242838
2.45029874065595,0.348073393522869
2.45575022019223,0.196633736117784
2.45814989456571,0.0430667232730793
2.45746572475473,-0.111573942832088
2.45368686643709,-0.2662251613907
2.44682369722298,-0.419830516720762
2.43690752314896,-0.57135619255058
2.42398997233748,-0.71980626830227
2.40814209245151,-0.864236976627101
2.38945317655452,-1.00376954779627
2.36802934887745,-1.13760132843135
2.34399194752597,-1.26501493552275
2.31747574514462,-1.38538528721213
2.28862705089647,-1.49818443468725
2.25760173781585,-1.60298420020785
2.22456323873398,-1.6994567006958
2.18968055172189,-1.78737290117572
2.15312629255894,-1.86659939525111
2.11507482737343,-1.93709364933183
2.07570051358753,-1.99889797304039
2.03517607190546,-2.0521324905323
1.99367110656975,-2.09698738750067
1.95135078570461,-2.13371469806352
1.90837468846071,-2.16261987655954
1.86489582102218,-2.18405337366305
1.82105979944248,-2.19840240632361
1.77700419380472,-2.20608307884586
1.73285802538377,-2.20753297972224
1.68874140631488,-2.20320434708574
1.6447653097171,-2.19355786600901
1.60103145722773,-2.17905713416097
1.55763231041256,-2.16016380906197
1.51465115245357,-2.13733343060696
1.4721622468074,-2.11101189668269
1.43023106009912,-2.08163255744906
1.38891453729962,-2.04961388491583
1.34826141816625,-2.01535766847112
1.30831258495154,-1.97924768360807
1.2691014324556,-1.94164877983375
1.23065425257586,-1.90290633422126
1.19299062656252,-1.86334601889782
1.15612381919489,-1.82327383359967
1.12006117003701,-1.78297635796261
1.08480447779814,-1.74272118219535
1.05035037460921,-1.70275747898412
1.01669068772649,-1.66331668372956
0.983812786789929,-1.62461325438614
0.951699915298242,-1.58684548615959
0.920331505419345,-1.55019636005039
0.889683475640725,-1.51483440766385
0.859728511083909,-1.4809145778157
0.830436326568456,-1.44857909323517
0.801773912719914,-1.41795828810907
0.773705765579533,-1.38917141933011
0.746194100297649,-1.36232744612963
0.719199049583246,-1.33752577430893
0.692678847644738,-1.31485696255935
0.66659000039644,-1.29440338940309
0.640887442725904,-1.27623988011829
0.615524683623257,-1.26043429365769
0.590453939968483,-1.24704807005007
0.565626259759162,-1.23613673910964
0.540991635542439,-1.22775039148667
0.51649910879318,-1.22193411318937
0.492096865957502,-1.21872838470619
0.46773232685907,-1.21816944576971
0.4433522261462,-1.2202896266389
0.418902688442564,-1.22511764654179
0.394329297854274,-1.23267887962333
0.369577162482728,-1.24299558838583
0.344590974596895,-1.25608712419654
0.319315067131799,-1.27197009396984
0.293693467202916,-1.29065849161081
0.267669947360135,-1.31216379223402
0.241188075350815,-1.33649500654418
0.214191263220462,-1.36365869208481
0.186622816652681,-1.39365891732532
0.15842598553849,-1.42649717376622
0.129544016869833,-1.46217223039585
0.0999202111743758,-1.50067992393215
0.0694979838494611,-1.5420128773312
0.0382209329133334,-1.58616013804594
0.00603291487242827,-1.63310672648094
-0.0271218693947939,-1.68283308402367
-0.061298776613827,-1.73531440895589
-0.0965526085816364,-1.79051986748226
-0.132937482491827,-1.84841166608751
-0.170506681198168,-1.90894397048795
-0.20931248019409,-1.9720616556279
-0.249405947768176,-2.03769887055258
-0.290836714468364,-2.10577740164691
-0.333652707676988,-2.17620481776528
-0.377899846773686,-2.24887238131426
-0.423621694055118,-2.32365271053749
-0.470859056304002,-2.40039718026648
-0.519649531673852,-2.47893305145209
-0.570026996403014,-2.55906032411935
-0.622021025820435,-2.64054831426739
-0.675656244189978,-2.72313196297015
-0.730951598200496,-2.80650789585191
-0.787919549392324,-2.89033026355906
-0.846565181571398,-2.97420640917012
-0.906885220360669,-3.05769242700126
-0.968866963541409,-3.14028869923886
-1.03248712281556,-3.22143552243128
-1.09771058014735,-3.30050896510978
-1.16448906498903,-3.37681713046982
-1.23275976252579,-3.44959703361025
-1.30244386763786,-3.51801234037509
-1.3734451046007,-3.58115225294754
-1.44564823861766,-3.63803186397481
-1.51891761204935,-3.6875943334309
-1.59309574555149,-3.72871526716464
-1.66800205206398,-3.76020968888132
-1.7434317194205,-3.78084199320896
-1.81915482487816,-3.78933924102102
-1.8949157515962,-3.7844081036241
-1.97043298240381,-3.76475567433293
-2.04539934937249,-3.72911423982216
-2.11948281795567,-3.67626993668609
-2.1923278809542,-3.60509501077313
-2.26355762952279,-3.51458315172044
-2.33277655517776,-3.40388710096345
-2.39957411784736,-3.27235744192813
-2.4635290902963,-3.11958119527078
-2.52421465906534,-2.94541858416776
-2.58120422723085,-2.75003613284858
-2.63407782622477,-2.53393414547704
-2.68242900466489,-2.29796661023228
-2.72587202414402,-2.04335170778714
-2.76404915810026,-1.77167138767176
-2.79663786326335,-1.48485891048747
-2.82335757662209,-1.18517382310314
-2.8439758867828,-0.875164505726171
-2.85831383859214,-0.557619156781152
-2.8662501545113,-0.235506805166494
-2.86772419474723,0.0880894043521904
-2.86273752859253,0.410043880035054
-2.85135404866772,0.72726208827326
-2.83369862379012,1.0367526476868
-2.80995435051249,1.33569486547288
-2.78035852345516,1.62149888901331
-2.74519749630265,1.8918561522548
-2.70480064549344,2.14477843945628
-2.65953367506541,2.37862460745699
-2.60979151296581,2.59211473745209
-2.55599104677568,2.78433216864885
-2.49856393171738,2.9547144501246
-2.43794967832571,3.10303469959346
-2.37458919410299,3.22937516104536
-2.30891891586997,3.33409490573511
-2.2413656302832,3.41779363466656
-2.17234204168767,3.48127343734086
-2.10224311118102,3.5255001687826
-2.03144315997549,3.55156585438186
-1.96029370475995,3.56065324830785
-1.88912197315915,3.55400338098175
-1.81823003348237,3.53288665416332
-1.74789446433023,3.49857779289424
-1.67836648563688,3.45233475075427
-1.60987247258545,3.3953814927885
-1.5426147767251,3.32889444938539
-1.47677278373888,3.25399234183112
-1.41250414393342,3.17172902188711
-1.34994611901371,3.08308893817008
-1.28921699654855,2.98898483566302
-1.23041753131983,2.8902573058199
-1.17363238017937,2.78767582841188
-1.11893150390593,2.68194097815265
-1.06637151573426,2.57368750565142
-1.01599696165493,2.46348804055368
-0.967841522244925,2.35185720272549
-0.921929129705714,2.23925594351735
-0.878274997006033,2.12609597252436
-0.836886558612204,2.01274415527093
-0.797764324310219,1.89952679363627
-0.760902649154105,1.78673372358415
-0.72629042368566,1.6746221840076
-0.693911689329309,1.56342042649668
-0.663746184334496,1.45333104889263
-0.635769825872184,1.34453404594136
-0.609955133940477,1.23718957854196
-0.586271602639033,1.13144046932836
-0.564686024168665,1.02741443692716
-0.54516277063117,0.925226084475627
-0.527664038369863,0.824978660104425
-0.512150059223748,0.726765608299789
-0.498579282684053,0.630671931542513
-0.486908532553984,0.53677538152867
-0.4770931413312,0.445147498739574
-0.469087065165397,0.35585451825318
-0.462842981896472,0.268958158564874
-0.458312374356122,0.184516308885279
-0.455445600820386,0.102583628966014
-0.454191954234429,0.0232120740195293
-0.454499711594605,-0.0535486442143221
-0.456316174666958,-0.127650650712881
-0.459587703045356,-0.199047546666371
-0.464259740405652,-0.267694088597532
-0.470276834693554,-0.333545901845382
-0.477582652891688,-0.396559224441755
-0.486119990944075,-0.456690678608174
-0.495830779371953,-0.513897068201434
-0.5066560850916,-0.568135201431953
-0.518536109940318,-0.619361739063861
-0.531410186428813,-0.667533069075115
-0.545216771264479,-0.712605209405686
-0.559893437228101,-0.7545337409485
-0.575376864033847,-0.793273773338248
-0.591602828856414,-0.82877994636463
-0.608506197267359,-0.861006469976512
-0.626020915382273,-0.889907205849773
-0.644080004078827,-0.915435793362427
-0.662615556200175,-0.937545822554952
-0.681558737705959,-0.956191056251175
-0.700839793771503,-0.971325702976467
-0.720388060862018,-0.982904741637676
-0.740131985820109,-0.990884298127325
-0.759999152999107,-0.995222073089652
-0.779916320449244,-0.995877819047436
-0.799809466116477,-0.992813863948588
-0.819603844942776,-0.985995676966534
-0.839224057660603,-0.975392471098466
-0.858594131951895,-0.960977835774974
-0.877637616492724,-0.942730391352027
-0.896277688228939,-0.920634456034543
-0.914437273026303,-0.894680714516652
-0.93203917961249,-0.864866876457167
-0.949006246480133,-0.831198311882455
-0.965261501153186,-0.793688649766686
-0.980728330937335,-0.752360325425463
-0.995330663983959,-0.707245062015627
-1.00899315920214,-0.65838427140065
-1.02164140326093,-0.605829359951511
-1.03320211264159,-0.549641925533777
-1.04360333843468,-0.489893833000425
-1.05277467133711,-0.426667156973211
-1.06064744409789,-0.360053982547407
-1.0671549284957,-0.290156056776302
-1.07223252381332,-0.217084286350064
-1.07581793371069,-0.140958079731556
-1.07785132839367,-0.0619045350899201
-1.07827548903495,0.0199425213898229
-1.07703593152787,0.104443638926398
-1.07408100684522,0.191454976086961
-1.06936197553148,0.280829650839527
-1.06283305417596,0.372419189266729
-1.05445143209132,0.466075052732363
-1.04417725685104,0.561650220870542
-1.03197358781289,0.659000805746839
-1.01780631726497,0.757987670965872
-1.00164405936726,0.858478028395615
-0.98345800761518,0.960346984549675
-0.963221762113573,1.06347900849718
-0.940911128509905,1.16776929341638
-0.916503890988018,1.2731249845121
-0.889979562260712,1.37946624689928
-0.861319114017055,1.4867271481199
-0.830504691775563,1.59485633109973
-0.797519318567147,1.70381745444842
-0.762346592323946,1.81358937794003
-0.724970382286332,1.92416607166046
-0.685374530167414,2.03555622755843
-0.643542562241252,2.147782551882
-0.599457418958787,2.26088071613267
-0.553101209156855,2.37489794265341
-0.50445499642441,2.48989119874104
-0.453498625740544,2.60592497022195
-0.400210599115532,2.72306858177918
-0.344568009662217,2.84139302703817
-0.28654654431203,2.96096726663539
-0.226120566276046,3.08185394740552
-0.163263289340168,3.20410449070959
-0.097947057171572,3.32775349317303
-0.0301437419889895,3.45281237922032
0.0401747218116466,3.5792622424444
0.113035652220967,3.7070458128816
0.188464764283491,3.83605849073665
0.26648512566663,3.96613839532542
0.347115903038353,4.09705539256041
0.430370878639286,4.22849908707431
0.51625671646922,4.36006579824014
0.604770958329693,4.49124458535233
0.695899731856499,4.62140244873797
0.789615155976067,4.74976891329379
0.885872434318242,4.8754203014709
0.984606634453236,4.99726412614916
1.08572916086376,5.11402418129979
1.18912394279414,5.22422707938009
1.2946433749847,5.32619117619313
1.4021040701609,5.41801903025228
1.51128250719456,5.49759475382406
1.62191068801296,5.56258781050525
1.73367194913496,5.61046497661281
1.8461971091692,5.6385122809556
1.95906117005963,5.64386873303973
2.0717808248576,5.62357350143385
2.18381305502092,5.57462786774053
2.29455512150666,5.49407271636028
2.40334626132955,5.37908149565008
2.50947138946987,5.22706749210502
2.61216706979715,5.03580291685848
2.71062995360832,4.80354577557255
2.80402778777391,4.52916889001341
2.89151296638709,4.21228392388005
2.9722384439436,3.85335204087872
3.04537565252553,3.45377211692498
3.1101338828278,3.01593746008932
3.16578041573685,2.54325293251866
3.21166054670388,2.04010629726076
3.24721654884832,1.51179047973152
3.27200458960076,0.96437703891173
3.28570866129915,0.404545143708462
3.28815071200876,-0.160625705798656
3.27929636288872,-0.723887578400015
3.25925585698222,-1.27806661070108
3.22828017764803,-1.81630103405013
3.18675257433418,-2.33226010014705
3.1351760094971,-2.82033114434447
3.07415726700239,-3.27576505602684
3.00438862002516,-3.69477420296099
2.92662803518836,-4.07458089261864
2.8416788891288,-4.41341827026218
2.75037010237417,-4.71048875710424
2.65353746847394,-4.96588746085952
2.5520067925926,-5.18049933512923
2.44657927285804,-5.35587925313703
2.33801937752249,-5.49412373377388
2.22704530579919,-5.59774201845141
2.11432198004473,-5.66953277437515
2.00045640722465,-5.71247111023697
1.8859951697817,-5.72960901466538
1.77142375843705,-5.72399089839645
1.65716743826744,-5.69858472001039
1.54359333961324,-5.65622823917162
1.43101348161635,-5.59958927203631
1.31968846332842,-5.53113839761038
1.20983159086272,-5.45313234369846
1.10161324530411,-5.36760622306576
0.995165332235056,-5.27637285117684
0.890585687808785,-5.18102751726055
0.787942347047685,-5.08295676773134
0.687277606797623,-4.98334996950014
0.588611838301395,-4.88321263157957
0.491947022757455,-4.78338066377693
0.397269997799444,-4.68453493325656
0.304555413982493,-4.58721563923126
0.21376840856102,-4.49183616168332
0.124867009563597,-4.39869615238007
0.0378042868627608,-4.30799372728742
-0.0474697309911437,-4.21983669118806
-0.131006354596569,-4.13425278053056
-0.212856726767551,-4.05119895191065
-0.293070492285455,-3.9705697735847
-0.371694627150322,-3.89220499823312
-0.448772411856759,-3.81589640871238
-0.524342535140462,-3.74139403632307
-0.598438316671682,-3.66841185443483
-0.671087039232119,-3.59663305012733
-0.742309382939626,-3.52571497356624
-0.812118956031156,-3.45529385966421
-0.880521918537943,-3.38498940954223
-0.947516696853107,-3.31440931063782
-1.01309378866957,-3.24315376413968
-1.07723565902615,-3.1708200768388
-1.13991672921422,-3.09700736152067
-1.20110346103884,-3.0213213757295
-1.26075453937168,-2.94337951319324
-1.31882115605375,-2.8628159455433
-1.37524739798454,-2.77928689441138
-1.42997074165508,-2.69247599585339
-1.48292265543837,-2.60209970076233
-1.53402930964365,-2.50791263703119
-1.58321239268539,-2.40971284236685
-1.63039002974143,-2.30734676158701
-1.67547779802178,-2.20071388977185
-1.71838983030037,-2.08977093363985
-1.7590399957547,-1.97453535879774
-1.79734314450535,-1.85508819082329
-1.83321639965595,-1.73157594407406
-1.86658047822164,-1.60421156405794
-1.89736102022107,-1.47327428726102
-1.92548990351493,-1.33910834628658
-1.95090652081609,-1.20212047744183
-1.9735589947691,-1.06277622157629
-1.99340530717698,-0.921595045744988
-2.01041431938643,-0.77914435156499
-2.02456666254225,-0.636032474167718
-2.03585547886392,-0.492900811527564
-2.0442869982193,-0.350415255791633
-2.04988093797505,-0.209257124313757
-2.05267071825847,-0.070113806949382
-2.05270348921688,0.066330643280681
-2.05003997143438,0.199404747411223
-2.04475411518143,0.328458444264806
-2.03693258845452,0.452871335283018
-2.02667410764675,0.572060148685257
-2.01408862803486,0.685485271178019
-1.99929641396301,0.79265623014698
-1.98242701057241,0.893136046856835
-1.9636181401296,0.986544419766424
-1.94301454644364,1.07255973481061
-1.92076681056773,1.15091993475464
-1.89703016001729,1.22142231110835
-1.87196329219343,1.28392230854322
-1.84572723068362,1.33833145259394
-1.81848423073717,1.38461452632033
-1.79039674759982,1.42278613056983
-1.7616264786569,1.45290676582518
-1.73233348758403,1.47507857189733
-1.70267541603339,1.48944085565173
-1.67280678587031,1.49616552736804
-1.64287839268197,1.49545255410135
-1.6130367892502,1.48752552440075
-1.58342385594208,1.47262740375475
-1.55417645353747,1.45101654489199
-1.52542615287963,1.42296300217815
-1.49729903489254,1.38874518530543
-1.46991555393541,1.34864687463533
-1.44339045713359,1.30295460917973
-1.41783275220625,1.25195544843441
-1.39334571637056,1.19593510116809
-1.37002693910745,1.13517640779694
-1.34796839189319,1.06995815806201
-1.32725651840355,1.00055422225024
-1.30797233915661,0.92723297200963
-1.29019156505147,0.850256965734617
-1.27398471476363,0.769882873364619
-1.25941723145547,0.68636161607006
-1.24654959473964,0.599938697527488
-1.23543742428294,0.510854705148333
-1.2261315718518,0.419345961577464
-1.21867819897343,0.32564530888347
-1.21311883771663,0.229983010001627
-1.2094904323843,0.132587754054158
-1.20782536015793,0.0336877540635797
-1.2081514289472,-0.066488072793626
-1.21049185088119,-0.167708850952702
-1.21486519003966,-0.269740425922187
-1.22128528317105,-0.372343984710118
-1.22976113228986,-0.475274624611394
-1.24029676820007,-0.578279878471366
-1.25289108416604,-0.681098205899801
-1.26753763916096,-0.78345746195239
-1.28422443038002,-0.885073357559163
-1.30293363502434,-0.985647929484586
-1.32364132175921,-1.08486804186187
-1.34631713273948,-1.1824039463435
-1.3709239376919,-1.27790793361423
-1.39741746226151,-1.37101311535157
-1.42574589367856,-1.46133238258015
-1.45584946779348,-1.54845759358678
-1.48766004266406,-1.63195905191899
-1.52110066516199,-1.71138534218646
-1.55608513848836,-1.78626359804958
-1.59251760003408,-1.85610028245338
-1.63029212066684,-1.92038256430336
-1.66929233823405,-1.97858037775084
-1.70939113979099,-2.03014924935526
-1.75045040873008,-2.07453397386101
-1.79232085452061,-2.11117321038521
-1.8348419440722,-2.1395050567054
-1.87784195469992,-2.15897363938893
-1.9211381691716,-2.16903673120635
-1.96453723322858,-2.16917437435271
-2.00783569515782,-2.15889844854082
-2.05082074532864,-2.13776307754611
-2.09327117098186,-2.10537571732424
-2.13495853788726,-2.06140871504173
-2.17564860572329,-2.00561107354765
-2.2151029781887,-1.93782010288796
-2.25308098199966,-1.85797259289094
-2.28934176120437,-1.76611510249739
-2.32364656488416,-1.66241293640992
-2.35576119761071,-1.54715737169077
-2.38545859337084,-1.42077070954892
-2.41252146549231,-1.28380876323212
-2.43674497788128,-1.1369604528995
-2.45793937709987,-0.98104426220324
-2.47593252092855,-0.817001416812787
-2.49057223746851,-0.645885768113615
-2.50172844983552,-0.468850499836815
-2.50929500523797,-0.287131913968817
-2.51319115371566,-0.102030686515527
-2.51336263086754,0.0851088951971758
-2.50978231016879,0.272921102317541
-2.5024504034696,0.460041658810814
-2.4913942023523,0.645130640330589
-2.47666736749564,0.826894656603684
-2.45834878731896,1.00410763188102
-2.43654104024567,1.1756295675151
-2.41136850630306,1.34042276911341
-2.38297518295343,1.49756514099143
-2.35152226667373,1.64626028455542
-2.3171855656809,1.7858442760382
-2.2801528103273,1.91578913421124
-2.24062092621344,2.03570311276982
-2.19879333126973,2.14532805896324
-2.15487731233543,2.24453416544319
-2.10908152956714,2.33331250387255
-2.06161368882626,2.41176576607289
-2.01267841350173,2.48009765252228
-1.9624753384637,2.53860134128507
-1.91119744039766,2.58764744631789
-1.85902961094696,2.62767183643154
-1.80614747212535,2.65916363903063
-1.7527164274999,2.68265369998513
-1.69889093776567,2.69870371610426
-1.6448140055479,2.7078962026355
-1.59061685153468,2.71082540732861
-1.53641876228198,2.70808923657552
-1.48232708913355,2.70028221904521
-1.42843737753751,2.6879894986266
-1.3748336064855,2.67178182147286
-1.32158851872222,2.65221146126105
-1.26876402364764,2.62980901194372
-1.2164116563539,2.60508096761295
-1.16457307790507,2.5785080038736
-1.11328060370131,2.55054387355875
-1.06255774850305,2.5216148309616
-1.01241977837501,2.49211950230638
-0.962874261406272,2.46242912531068
-0.913921610545229,2.43288808686393
-0.865555613240747,2.40381469461057
-0.817763943795261,2.37550212521759
-0.770528655410398,2.34821949904042
-0.723826649844158,2.32221303756414
-0.677630123407916,2.29770726623942
-0.631906988721062,2.27490623105137
-0.586621272221872,2.25399470229928
-0.54173348791733,2.23513934359915
-0.497200988254113,2.2184898280492
-0.452978293319714,2.20417988684139
-0.409017399848317,2.19232827838905
-0.365268071721037,2.18303966831459
-0.321678113824484,2.17640541244574
-0.278193631274135,2.17250423635359
-0.234759276127618,2.17140280597898
-0.191318483814694,2.17315618458424
-0.147813701601369,2.17780817168351
-0.104186611490326,2.18539151979195
-0.0603783500427243,2.1959280248393
-0.0163297276906386,2.20942848596047
0.0280185498027028,2.22589253015129
0.0727256549848294,2.24530829700811
0.117850404609711,2.26765197850496
0.163451014835692,2.29288720855461
0.209584842667914,2.32096429700859
0.25630811048113,2.35181930284118
0.303675610356634,2.38537294160685
0.35174038487502,2.42152932294176
0.400553380932205,2.46017451499227
0.450163073099306,2.50117493430112
0.500615053039379,2.54437556198297
0.551951581540103,2.58959799010493
0.604211099838176,2.63663830619411
0.657427697118545,2.6852648288722
0.711630531392388,2.73521571391863
0.766843201418194,2.78619645773924
0.823083067959021,2.83787733440432
0.88036052349769,2.88989081323231
0.938678210593385,2.94182901640508
0.998030190392258,2.99324129031798
1.05840106443455,3.04363198021403
1.1197650548624,3.0924585149291
1.18208505045118,3.13912992693333
1.24531162857963,3.18300595174871
1.30938206632334,3.22339686948032
1.37421935728785,3.25956426857637
1.43973125455331,3.29072292669161
1.50580936411348,3.31604401401641
1.57232831735415,3.3346598286936
1.63914505528224,3.34567026974683
1.70609826119519,3.3481512378711
1.77300798202698,3.3411651260085
1.83967548143212,3.32377351750059
1.90588336943797,3.29505214780654
1.97139605383941,3.25410810502972
2.0359605570476,3.20009914458974
2.09930773846028,3.13225487553305
2.16115395626482,3.04989944321849
2.22120319366472,2.95247519056508
2.27914966271147,2.83956663507783
2.33468088426793,2.71092396103997
2.38748122538397,2.56648510700755
2.43723585602429,2.40639544070735
2.48363506640701,2.23102396948748
2.52637886519273,2.04097504639931
2.56518175862127,1.83709460903955
2.59977759279128,1.62047013559701
2.62992432702662,1.39242371981174
2.65540859701662,1.154497947019
2.67604992329472,0.908434583608052
2.69170442443709,0.656146452272271
2.70226790547581,0.3996832305954
2.7076782102604,0.141192253219842
2.70791675113706,-0.117124309603591
2.70300915908942,-0.373054306655553
2.69302503069828,-0.624420779476464
2.67807678292498,-0.869125722388741
2.65831766067291,-1.10519078397206
2.63393897326395,-1.33079345186018
2.60516666255863,-1.5442975317094
2.57225732602687,-1.74427705934902
2.53549383172247,-1.92953314544746
2.49518066846777,-2.09910361656708
2.45163917379337,-2.25226565922233
2.40520277496687,-2.38853197279261
2.35621236581927,-2.50764117710084
2.30501192532849,-2.60954339207508
2.25194446444634,-2.69438200771283
2.19734836685048,-2.76247269596627
2.14155416844036,-2.81428069016056
2.08488180055685,-2.85039728323658
2.02763830393076,-2.87151638612994
1.97011600483917,-2.87841185480809
1.91259113220593,-2.8719161508267
1.85532284453399,-2.85290075599832
1.79855262853111,-2.82225862503772
1.74250402687186,-2.78088883674973
1.68738265041967,-2.72968349817794
1.63337643004808,-2.66951686894372
1.58065606456746,-2.60123660501375
1.52937562380495,-2.52565697139082
1.47967326925373,-2.4435538399634
1.43167205859518,-2.35566126972566
1.38548080454309,-2.26266945933085
1.34119496265275,-2.16522386401029
1.2988975268162,-2.06392527796853
1.25865991500917,-1.95933069739087
1.22054283138453,-1.85195479640726
1.18459709397242,-1.74227186729153
1.15086442002713,-1.63071809568714
1.11937816345126,-1.51769406086628
1.09016400074317,-1.40356736931793
1.06324056357561,-1.28867534689653
1.03862001745295,-1.17332773008631
1.01630858694442,-1.05780931051789
0.996307028787186,-0.94238249868079
0.978611054730397,-0.827289782848816
0.963211706384461,-0.712756067660649
0.950095684579192,-0.598990883694574
0.939245635850701,-0.486190464877684
0.930640398695573,-0.374539694817057
0.924255212176054,-0.264213926272714
0.920061889352549,-0.155380680143167
0.91802895787804,-0.0482012316286142
0.918121769929065,0.0571679082119236
0.920302583483489,0.160573607382206
0.924530616798255,0.26186481685921
0.930762077800864,0.360891357106525
0.938950169994967,0.457502782302471
0.949045076400456,0.551547319220194
0.960993923007724,0.64287087979019
0.974740723229101,0.731316148680093
0.990226304881571,0.81672174968748
1.00738822133629,0.898921497304124
1.02616064862364,0.977743742417369
1.0464742704879,1.05301082370525
1.06825615364187,1.12453863878926
1.09142961577717,1.19213635155783
1.11591408923539,1.25560625418091
1.14162498363439,1.31474380410747
1.16847355116371,1.36933785767025
1.1963667587046,1.41917112270082
1.22520717138038,1.46402085266105
1.25489285258744,1.50365980409675
1.28531728597852,1.53785747758371
1.31636932524849,1.56638165964095
1.34793317788526,1.58900027921289
1.37988842927169,1.60548358717607
1.41211011363039,1.61560666084037
1.44446883826691,1.61915222756483
1.47683096735916,1.61591379242364
1.50905887113772,1.60569904443515
1.54101124567824,1.58833350438143
1.57254350766622,1.56366436495921
1.60350826738222,1.53156446127427
1.63375588178818,1.49193629697083
1.66313508797814,1.44471603911871
1.69149371540693,1.38987738398379
1.71867947325733,1.32743518665591
1.74454080709508,1.25744874090496
1.76892781664904,1.18002459226726
1.79169322421132,1.09531876785894
1.81269338086413,1.00353831129019
1.83178929559469,0.904942020671397
1.84884767045723,0.799840302207133
1.86374192337535,0.688594071165222
1.87635317904465,0.571612655704122
1.88657120777334,0.449350686474466
1.89429529205592,0.3223039851325
1.899435001254,0.1910044967229
1.90191085597903,0.0560143429259456
1.90165486562245,-0.0820808960730585
1.89861092491965,-0.222679535359434
1.89273505839428,-0.365171615224845
1.88399550491218,-0.508947029504038
1.87237263825867,-0.653403762743927
1.85785872350347,-0.797956041933865
1.84045751278887,-0.942042211181511
1.82018368792178,-1.08513214757099
1.79706216063146,-1.22673405292803
1.77112724444646,-1.3664004784208
1.74242171474512,-1.50373346563555
1.71099577556712,-1.63838871756961
1.67690595319215,-1.77007874436232
1.64021393728,-1.89857496001578
1.60098539053739,-2.02370873640631
1.55928874747159,-2.14537144829446
1.51519402187227,-2.26351356677052
1.46877164131392,-2.37814287786477
1.42009132528412,-2.48932191742944
1.3692210216196,-2.59716472266706
1.31622591387435,-2.70183300489976
1.26116751014973,-2.80353184762526
1.20410282187772,-2.90250502903994
1.1450836391452,-2.9990300596028
1.08415590744797,-3.09341301350969
1.02135920932381,-3.1859832188182
0.956726353175499,-3.27708785506738
0.890283070786921,-3.36708649019177
0.82204782457508,-3.45634557089092
0.752031725515438,-3.54523286287204
0.680238562924633,-3.63411181995076
0.606664947874006,-3.72333584423421
0.531300572922474,-3.81324238383818
0.454128592075504,-3.90414680011088
0.375126126369073,-3.99633592346861
0.294264902207956,-4.09006120606654
0.21151203151199,-4.18553137110143
0.126830944787396,-4.28290445318238
0.040182490373663,-4.38227912271408
-0.0484737847673678,-4.4836851906602
-0.139178155365964,-4.58707319972704
-0.231969020190175,-4.69230302560356
-0.326880966080161,-4.79913143944941
-0.423942572728905,-4.90719862275505
-0.523173937612552,-5.01601368077137
-0.624583902097151,-5.12493927395715
-0.72816696304518,-5.2331755814688
-0.833899859671945,-5.33974392961237
-0.941737833470798,-5.44347056382905
-1.05161057028779,-5.54297121648801
-1.16341784863955,-5.63663732389135
-1.27702493765186,-5.7226249709065
-1.39225781195933,-5.79884788285696
-1.50889827975164,-5.86297602857357
-1.62667915375289,-5.91244162585281
-1.74527963267336,-5.94445452303803
-1.86432110132928,-5.95602903154297
-1.98336359912546,-5.94402425930241
-2.10190324591954,-5.9051997937565
-2.21937094737899,-5.83628815264543
-2.33513272373383,-5.73408471429025
-2.44849201043506,-5.59555482365153
-2.55869426036336,-5.41795644072361
-2.66493412887711,-5.19897508842632
-2.76636544032501,-4.93686605521515
-2.8621140151974,-4.63059696042355
-2.95129328192095,-4.27998210460329
-3.03302241211768,-3.88579875604417
-3.10644651396547,-3.44987494024267
-3.17075821141512,-2.97513865027517
-3.22521974806383,-2.46561985708751
-3.26918460637742,-1.92639931710675
-3.30211754794291,-1.36350183074037
-3.32361197655507,-0.783735997629924
-3.33340361351202,-0.194487179568279
-3.33137965340665,0.396525247075281
-3.31758282719795,0.981511771886144
-3.29221011476695,1.55288105837565
-3.25560619068663,2.10349552378867
-3.20825201991022,2.62689832948234
-3.15074931111546,3.11749876888941
-3.08380175724491,3.57070703288971
-3.00819412779826,3.98301392111007
-2.92477031963422,4.35201566560785
-2.83441142767282,4.67638811475651
-2.73801477844667,4.95581770063401
-2.63647469848395,5.19089866998548
-2.53066558901092,5.3830069626812
-2.42142767055422,5.5341609880337
-2.30955556440155,5.64687859585774
-2.19578970631822,5.72403803195108
-2.0808104497893,5.76874887394887
-1.965234614684,5.78423709625076
-1.84961417180917,5.77374669037302
-1.73443672055855,5.74045878696896
-1.62012741024173,5.68742804803882
-1.50705196944147,5.61753523585838
-1.39552053574516,5.53345429851438
-1.28579201490524,5.437631999498
-1.17807873932008,5.33227800971766
-1.07255123714944,5.21936342232391
-0.96934296285586,5.10062579584427
-0.86855487585384,4.97757903853145
-0.770259785344966,4.8515266842301
-0.674506405971031,4.72357735352214
-0.581323090684608,4.59466142693967
-0.490721224537502,4.4655481693404
-0.402698276398665,4.33686273064065
-0.317240515482918,4.20910260603322
-0.23432540656223,4.08265326903946
-0.153923702378796,3.95780279523326
-0.0760012545710342,3.83475537605524
-0.000520565786544538,3.71364368398488
0.0725578940474349,3.59454009566104
0.143274584795677,3.47746681135407
0.211669985022495,3.36240493021225
0.277783852555577,3.24930255329449
0.341654638037632,3.13808199255991
0.403319034381375,3.02864616536875
0.462811646618761,2.92088425200327
0.52016476814472,2.81467668931486
0.57540825076053,2.70989956768986
0.628569457199119,2.60642849175506
0.679673285951952,2.50414195811523
0.728742259211621,2.4029242963059
0.775796665599152,2.30266821233329
0.82085475006839,2.20327696786264
0.8639329439832,2.10466622244674
0.905046128860445,2.0067655612541
0.944207927678165,1.9095197266166
0.98143101798017,1.81288956839521
1.01672746128189,1.71685272566148
1.05010904351389,1.62140405048776
1.08158762144478,1.52655578369154
1.11117547021817,1.43233749212887
1.13888562733361,1.3387957775048
1.16473222860835,1.24599376757765
1.18873083188777,1.15401040197808
1.21089872453244,1.06293952653609
1.23125521100675,0.97288881189252
1.24982187722886,0.883978514149991
1.26662282871677,0.796340097273135
1.28168489997788,0.710114738766724
1.29503783303636,0.625451741739206
1.30671442346777,0.542506877705044
1.3167506328066,0.461440685315955
1.32518566670069,0.382416750579905
1.33206201869725,0.305599993989269
1.33742548004765,0.231154989319239
1.34132511640277,0.159244337679132
1.34381321272607,0.0900271187285104
1.34494518816971,0.0236574388518841
1.34477948303002,-0.0397169064181917
1.34337742021708,-0.0999556412547143
1.34080304393239,-0.156927078232758
1.33712293844559,-0.210509038612341
1.33240602999445,-0.260589619172398
1.32672337490057,-0.307067803736566
1.32014793700034,-0.349853920578447
1.3127543574375,-0.388869949737146
1.30461871975729,-0.42404968684989
1.29581831308655,-0.455338772366946
1.28643139598729,-0.482694596918614
1.27653696334004,-0.506086095132554
1.26621451835495,-0.52549344134405
1.25554385153186,-0.540907661406604
1.24460482810155,-0.55233017521181
1.23347718518703,-0.559772284591692
1.22224033963237,-0.563254621037543
1.2109732071623,-0.562806567166214
1.19975403326428,-0.558465665141217
1.18866023592918,-0.550277024357041
1.17776826015068,-0.538292739665929
1.16715344386913,-0.52257133031091
1.15688989485363,-0.503177208568014
1.14705037784795,-0.48018018593192
1.13770621116059,-0.453655023535457
1.12892717175662,-0.423681032402596
1.1207814078071,-0.390341728119423
1.11333535756966,-0.353724543585698
1.10665367340894,-0.313920602693136
1.10079914971578,-0.271024557072672
1.09583265344746,-0.225134487464176
1.09181305598495,-0.176351870786171
1.08879716498563,-0.124781613613715
1.0868396548986,-0.0705321524997043
1.08599299480293,-0.0137156213844339
1.08630737222575,0.0455519137867147
1.08783061159556,0.107150153197497
1.09060808598585,0.170954194065129
1.09468262080503,0.236834094395506
1.10009438809143,0.304654369766166
1.10688079007684,0.374273423475054
1.11507633069132,0.445542910653834
1.12471247369788,0.518307037341432
1.13581748617063,0.592401796085935
1.14841626606912,0.667654140431803
1.16253015271862,0.743881101697368
1.17817671908714,0.820888852798056
1.19536954486149,0.898471725566873
1.21411796947392,0.976411190106964
1.23442682442574,1.05447480721961
1.25629614450429,1.13241516791705
1.27972085780334,1.20996883747638
1.30469045484469,1.28685532542917
1.33118863757008,1.36277610730502
1.35919294953711,1.43741372882681
1.38867438931873,1.51043102853405
1.41959700988111,1.5814705203953
1.45191750760309,1.65015398372591
1.48558480560464,1.71608231346935
1.52053963716806,1.77883568938667
1.55671413625754,1.837974127626
1.59403144345346,1.89303848214313
1.63240533699684,1.94355196607785
1.67173990005208,1.98902226396054
1.7119292367023,2.02894430397754
1.75285725053453,2.06280375487512
1.79439750088827,2.09008130383379
1.83641315285015,2.11025775922936
1.87875703779359,2.12282000512025
1.92127184158649,2.12726781219961
1.96379043742042,2.12312148266243
2.0061363794485,2.10993027406671
2.04812457195751,2.08728151026089
2.08956212655897,2.05481024666085
2.13024941679932,2.01220931389787
2.16998133563012,1.95923951991627
2.20854875635195,1.89573974823403
2.24574019200961,1.82163665196264
2.28134364188431,1.73695361228153
2.31514860687696,1.64181860947519
2.34694824844144,1.53647064737309
2.37654165860243,1.42126438072655
2.40373620181794,1.29667262171029
2.42834988339582,1.16328644740507
2.45021369422525,1.02181269467136
2.46917387810502,0.87306871076183
2.48509406626056,0.717974324398047
2.49785722398823,0.557541108526071
2.5073673568985,0.392859117055109
2.51355092897714,0.225081387228411
2.51635795154566,0.0554066001626958
2.51576271094127,-0.114939622013291
2.51176411299586,-0.284724238876478
2.50438563370689,-0.452726550916238
2.49367487732613,-0.617757600140295
2.47970275486941,-0.778678634201959
2.46256230720249,-0.934418101098318
2.44236720686029,-1.08398671097595
2.41924998116067,-1.22649019083868
2.39336000564588,-1.36113946100954
2.36486132121114,-1.48725807244357
2.333930330386,-1.60428685473551
2.300753428173,-1.71178582969552
2.26552462078807,-1.80943353936647
2.22844318185351,-1.89702401624818
2.1897113903967,-1.97446168460483
2.1495323887772,-2.04175452382863
2.10810819178325,-2.09900584802316
2.06563787097164,-2.14640506150932
2.02231593120755,-2.18421773998446
1.97833088957445,-2.21277536431452
1.93386406059622,-2.23246500145157
1.88908854620648,-2.24371918783191
1.84416842421758,-2.24700622774709
1.79925812523184,-2.24282107518972
1.75450198500058,-2.23167692473202
1.71003395713247,-2.21409759679787
1.66597746971573,-2.1906107664586
1.62244540875886,-2.16174205339304
1.57954021127449,-2.1280099642795
1.53735405122582,-2.08992165768256
1.49596910232446,-2.04796948525379
1.45545786271604,-2.00262825139354
1.41588352782934,-1.95435312590957
1.37730039902051,-1.903578140083
1.3397543170526,-1.85071519531797
1.30328311085951,-1.7961535146293
1.26791705341243,-1.74025947007194
1.23367931780535,-1.6833767233524
1.2005864278824,-1.62582662186515
1.16864869883029,-1.56790879791105
1.13787066414692,-1.50990192459323
1.10825148626983,-1.45206458761907
1.0797853489074,-1.3946362377946
1.05246182976711,-1.3378381942535
1.02626625292469,-1.28187467333443
1.00118002053485,-1.22693382245673
0.9771809239564,-1.17318874232129
0.954243434662464,-1.12079848427837
0.932338975538096,-1.06990901276914
0.911436173342395,-1.02065412538575
0.891501093238326,-0.973156325337146
0.87249745637832,-0.927527642988773
0.854386841584237,-0.883870404701769
0.837128872182669,-0.842277948467591
0.820681389056005,-0.802835286854627
0.805000610950993,-0.765619718588012
0.790041283053609,-0.730701390704959
0.775756814795301,-0.698143813694378
0.762099407803926,-0.668004332367386
0.74902017485528,-0.640334555437541
0.736469250619967,-0.615180746935956
0.724395894936951,-0.592584182663905
0.712748589280801,-0.572581474908236
0.701475127025247,-0.555204868624569
0.690522698042079,-0.540482512239139
0.679837968112154,-0.528438706139635
0.669367153564857,-0.519094131823787
0.659056091504161,-0.512466064555717
0.648850305923717,-0.508568572246512
0.638695069960555,-0.507412703128389
0.628535464487147,-0.509006664631405
0.618316433195131,-0.513355995697283
0.607982834281182,-0.520463734575394
0.597479488806637,-0.530330583939311
0.586751225767946,-0.542955074936554
0.575742923885195,-0.558333731536665
0.564399550091339,-0.576461236270832
0.55266619468584,-0.597330598157245
0.54048810310377,-0.620933323277288
0.527810704245707,-0.647259588105678
0.514579635315584,-0.676298415299968
0.500740763123867,-0.70803785121848
0.486240201832732,-0.742465143957947
0.47102432714926,-0.779566920180034
0.455039787012879,-0.81932935842642
0.438233508875407,-0.86173835600231
0.420552703737091,-0.90677968583474
0.401944867181136,-0.954439138981365
0.382357777743474,-1.00470264767382
0.361739493065358,-1.0575563829231
0.340038344404885,-1.11298681978855
0.317202930231465,-1.17098076241167
0.293182109795812,-1.23152531983794
0.267924997759109,-1.29460782248719
0.241380961180086,-1.36021566788424
0.213499620399779,-1.42833608292153
0.184230855632481,-1.49895578849342
0.153524821369659,-1.57206055081907
0.121331971033247,-1.64763460216159
0.0876030946772992,-1.72565991196619
0.0522893729338842,-1.80611528769665
0.0153424508312558,-1.88897528287506
-0.0232854644200795,-1.97420888806471
-0.0636414770754018,-2.06177797883765
-0.105771842804899,-2.1516354932138
-0.149721769247014,-2.24372330975311
-0.19553517088279,-2.33796979656159
-0.243254371348531,-2.43428700111267
-0.292919745704796,-2.53256745120865
-0.344569294599088,-2.63268053889062
-0.398238141721886,-2.73446846198762
-0.453957945493046,-2.83774170268613
-0.511756215568721,-2.94227402948452
-0.57165552457941,-3.04779701873606
-0.633672605560744,-3.1539941053202
-0.697817325897197,-3.26049418952218
-0.764091529356618,-3.36686484970427
-0.832487739057354,-3.47260523858998
-0.902987716101912,-3.5771387756938
-0.975560871267607,-3.67980579023723
-1.05016253071197,-3.77985631820868
-1.12673206128025,-3.87644331410343
-1.20519086684179,-3.96861660185118
-1.28544027426252,-4.05531795928973
-1.36735933623954,-4.13537780408479
-1.45080258832349,-4.20751402279475
-1.53559780899214,-4.27033355390906
-1.62154384445904,-4.32233739351159
-1.70840857369586,-4.36192973027334
-1.79592710342077,-4.3874319245167
-1.88380029684312,-4.39710201238363
-1.97169375279588,-4.38916032809284
-2.05923736231998,-4.36182168248673
-2.14602557634247,-4.31333430386677
-2.23161851918796,-4.2420254305264
-2.31554407657025,-4.14635304253868
-2.39730107178494,-4.02496274101176
-2.47636361868262,-3.87674824496712
-2.55218670376339,-3.70091341070363
-2.62421300227787,-3.49703313057225
-2.69188087544022,-3.2651099937309
-2.75463342985775,-3.00562325469976
-2.81192844947136,-2.7195665218146
-2.86324893934264,-2.40847070512174
-2.9081139551864,-2.074409192666
-2.94608933885829,-1.71998296895591
-2.97679794421951,-1.34828442782039
-2.99992892524109,-0.962839902887478
-3.01524567260512,-0.567532344185296
-3.02259202785803,-0.166506981651625
-3.02189647410597,0.235935905998685
-3.01317409522395,0.635455992910537
-2.99652620495119,1.0277899336254
-2.97213766456197,1.40886450853957
-2.94027202360789,1.77490029218219
-2.9012647232753,2.12250100172262
-2.85551468818974,2.44872478871423
-2.80347469414949,2.75113507281345
-2.74564093307557,3.02782994121071
-2.68254220204904,3.27745051282045
-2.61472912289968,3.49916987252082
-2.54276375672717,3.69266513080709
-2.46720991964967,3.85807580963217
-2.38862443824001,3.99595208596081
-2.30754951163595,4.10719646378529
-2.22450627758772,4.19300224044874
-2.1399896160148,4.25479174559441
-2.05446416898005,4.29415682672449
-1.96836151205487,4.31280349633447
-1.88207837939298,4.31250209472466
-1.79597582305989,4.29504380037091
-1.71037917521603,4.26220386349821
-1.62557867813089,4.21571156330932
-1.54183065003288,4.15722659993071
-1.45935906277658,4.08832142547215
-1.37835741865932,4.01046888626622
-1.29899082706634,3.92503447893921
-1.22139819583481,3.83327250386607
-1.14569446642168,3.73632541836733
-1.07197283549463,3.63522573740534
-1.00030691800866,3.53089989183125
-0.930752817926101,3.42417352554299
-0.863351082369312,3.31577778716076
-0.798128523149919,3.2063562445825
-0.735099896359759,3.09647211903565
-0.674269436145553,2.98661559714091
-0.615632243060691,2.87721103409447
-0.559175530642736,2.76862390807328
-0.504879736255347,2.66116742555631
-0.452719503901719,2.55510870992267
-0.402664547795502,2.4506745321048
-0.35468040608184,2.34805656299329
-0.308729094338123,2.2474161434827
-0.264769668438075,2.14888858025567
-0.222758706106815,2.05258698431396
-0.182650716088044,1.95860567549441
-0.144398483335732,1.86702318029196
-0.107953358069789,1.77790485271102
-0.0732654959278859,1.69130514896531
-0.0402840558266234,1.60726958696409
-0.00895736153150561,1.52583642091747
0.0207669676609792,1.44703806027294
0.0489419122958627,1.37090226072312
0.0756209698915924,1.29745311332738
0.100858090038876,1.22671185596508
0.124707624139635,1.15869752945848
0.147224286887134,1.09342749882202
0.168463126978977,1.03091785825061
0.188479504908954,0.971183736678764
0.207329076003262,0.914239519042945
0.225067777152984,0.860098996772128
0.241751815950004,0.808775459522002
0.257437661159541,0.760281738759365
0.27218203366139,0.714630212494572
0.28604189716565,0.671832779249835
0.299074448159159,0.63190080823669
0.311337104667963,0.59484507169352
0.322887493530677,0.560675664399429
0.333783435969253,0.529401914529815
0.344082931319165,0.501032289247024
0.353844138841754,0.475574297722029
0.36312535758905,0.453034393655407
0.371985004326985,0.433417878803247
0.380481589547912,0.41672880851119
0.388673691618878,0.402969899812621
0.39661992911912,0.392142442250071
0.404378931419891,0.384246211226961
0.412009307552653,0.379279383384653
0.419569613398759,0.377238453222067
0.427118317215543,0.378118149926373
0.43471376349085,0.381911353158058
0.442414135090767,0.388609006326634
0.450277413634118,0.398200025698993
0.458361337992241,0.410671203495795
0.46672336077381,0.426007102947453
0.475420602612089,0.444189943095574
0.484509804025781,0.465199470934112
0.494047274574547,0.489012818283453
0.504088838976024,0.515604340577314
0.514689779792504,0.544945434514746
0.525904776232099,0.577004331286851
0.537787838540834,0.611745861830178
0.550392237388493,0.649131190288041
0.563770427571835,0.689117511580495
0.577973965274007,0.731657708698804
0.59305341802842,0.776699965058512
0.609058266439384,0.824187326976908
0.626036796610555,0.874057211098833
0.644035982126742,0.926240851396103
0.663101354325573,0.980662680230507
0.683276859484721,1.03723963792333
0.704604701439725,1.09588040534494
0.727125168039639,1.15648455426119
0.750876439746315,1.21894161058986
0.775894378592272,1.2831300263768
0.80221229563729,1.34891605725107
0.829860695011434,1.41615254342182
0.858866992609914,1.48467759400166
0.889255207522172,1.55431317665574
0.921045624344369,1.62486361735787
0.954254424653207,1.69611401846516
0.988893286123592,1.76782860748053
1.0249689480682,1.83974903383325
1.06248274258045,1.91159263683934
1.10143009099162,1.98305071475648
1.14179996602648,2.05378683254839
1.18357432087903,2.12343521461381
1.22672748744892,2.19159927825605
1.27122554719618,2.25785037395252
1.31702567950106,2.32172680932794
1.36407549406456,2.38273324484232
1.41231235575581,2.44034056016202
1.46166271239619,2.49398630043984
1.51204143824604,2.54307582059634
1.56335120839266,2.58698425231898
1.61548192177263,2.62505942187778
1.66831019312178,2.65662584585677
1.72169893663249,2.68098992527586
1.77549706638437,2.69744644503263
1.82953934055059,2.70528646386484
1.88364637779182,2.70380664899323
1.93762487493846,2.69232006839838
1.99126805482047,2.67016840189432
2.04435637172249,2.63673546997371
2.09665849921925,2.5914619077933
2.14793262091348,2.53386073257012
2.19792803873184,2.46353346906566
2.24638710588502,2.38018641386235
2.29304748240768,2.28364653996689
2.33764470051772,2.17387647497775
2.37991501515696,2.05098793526259
2.4195985024122,1.9152529720258
2.45644235561702,1.76711238900672
2.49020431645996,1.60718073082097
2.52065616711708,1.43624731868062
2.5475872000644,1.2552729268449
2.57080757556508,1.06538184599791
2.59015147353739,0.867849262816789
2.60547994710969,0.664084089034618
2.61668338996118,0.455607586304523
2.6236835385741,0.24402834122532
2.62643494353989,0.031014333353348
2.62492586053327,-0.18173700609878
2.61917853069988,-0.392529737847341
2.60924884098977,-0.599700298260236
2.59522537627541,-0.801647264596519
2.57722789574073,-0.996859005021954
2.55540528489192,-1.18393833191811
2.52993305063959,-1.3616234365219
2.50101043946767,-1.52880457443806
2.46885726723758,-1.68453618090812
2.43371055346685,-1.82804430727445
2.39582105304386,-1.95872947211018
2.35544977462834,-2.07616520027748
2.31286456797758,-2.18009267185445
2.2683368528162,-2.27041201483283
2.22213855039444,-2.34717084846474
2.17453926633337,-2.41055071891205
2.1258037604691,-2.46085206873923
2.07618972683117,-2.49847835195889
2.02594589515546,-2.52391985308811
1.97531045483937,-2.53773769874243
1.92450979326566,-2.54054847026951
1.87375753308997,-2.53300974178319
1.82325384743693,-2.51580678476155
1.77318502792043,-2.48964060209968
1.7237232778649,-2.455217384023
1.67502670188255,-2.41323941737423
1.62723946285306,-2.36439742935926
1.58049207814641,-2.30936430697947
1.53490182841883,-2.24879010360831
1.49057325430298,-2.18329822359153
1.44759871863345,-2.11348266321277
1.40605901434989,-2.03990618059315
1.36602400077966,-1.96309926679214
1.32755325352345,-1.88355979431054
1.29069671557702,-1.8017532262397
1.25549533956868,-1.71811327846805
1.22198171304059,-1.63304293781373
1.19018066053476,-1.54691575002305
1.16010981785377,-1.46007730272491
1.13178017525563,-1.37284683925976
1.10519658752025,-1.28551894952062
1.08035824980661,-1.19836529336141
1.05725913902221,-1.11163632063085
1.035888421068,-1.02556295942677
1.01623082482289,-0.940358250730886
0.998266984111143,-0.856218913207702
0.981973749171198,-0.773326826686421
0.967324469333945,-0.691850426761166
0.954289248736618,-0.611946006119906
0.942835176960192,-0.533758920728462
0.932926536495315,-0.457424700934546
0.924524988925367,-0.383070068997539
0.917589741674253,-0.310813865567789
0.912077697108926,-0.240767888304591
0.907943585718617,-0.173037646198642
0.905140085019638,-0.10772303331072
0.903617925760497,-0.0449189256055857
0.903325986929889,0.0152842956050248
0.904211381002343,0.0728002903530468
0.906219530794193,0.127546373893129
0.909294239246994,0.179443195160915
0.913377753406651,0.228414477534163
0.918410823824149,0.274386819926231
0.92433276056703,0.317289556500462
0.931081486998615,0.357054673489167
0.938593592452937,0.393616781718389
0.946804384905847,0.426913143468387
0.955647944714807,0.456883752231645
0.965057180469626,0.48347146375977
0.974963887961602,0.506622176515348
0.985298813237263,0.526285059265038
0.995991720652971,0.5424128230693
1.00697146678614,0.554962034348678
1.01816608098598,0.563893465046249
1.0295028532598,0.569172475173836
1.04090843008897,0.57076942224224
1.05230891865025,0.56866009125282
1.06362999978372,0.562826138092168
1.07479704989666,0.553255538349112
1.0857352718257,0.539943032792089
1.09636983449667,0.522890560035366
1.10662602102611,0.502107666315945
1.11642938470182,0.477611881831166
1.12570591206546,0.449429052781114
1.13438219210158,0.417593618149255
1.14238559031903,0.382148820365685
1.14964442629636,0.343146839351826
1.15608815305907,0.300648840059995
1.1616475364665,0.254724924505538
1.16625483261791,0.205453980445161
1.16984396114364,0.152923420276056
1.17235067213534,0.0972288054004632
1.1737127043926,0.0384733531945188
1.17386993262672,-0.0232326741956839
1.17276450126884,-0.0877726977764071
1.17034094258199,-0.15502466256338
1.16654627687605,-0.224861985218803
1.16133009277108,-0.297154599958949
1.15464460564786,-0.371770091946337
1.14644469266187,-0.448574905240928
1.13668790297497,-0.527435610438543
1.12533444217443,-0.608220215421461
1.11234713019475,-0.690799501227113
1.09769133242928,-0.775048363936233
1.08133486410916,-0.860847142709609
1.06324786842901,-0.948082913666582
1.04340266930686,-1.03665072918817
1.02177360007271,-1.12645478241783
0.99833680978033,-1.2174094771843
0.973070049226403,-1.3094403842309
0.945952439135248,-1.40248506544073
0.916964223325146,-1.49649374862391
0.886086510012017,-1.59142983630057
0.853301004729618,-1.68727023268808
0.81858973865496,-1.78400547369459
0.781934796427769,-1.88163964504994
0.743318047849771,-1.98019007368546
0.702720888150988,-2.07968677703246
0.660123991825301,-2.18017165397857
0.615507085376518,-2.28169739974725
0.568848744690476,-2.38432612491124
0.52012622317001,-2.48812765609326
0.469315317250178,-2.59317749265112
0.416390276462516,-2.69955438981814
0.361323765850253,-2.80733753443772
0.304086889260382,-2.91660327469975
0.244649282859859,-3.02742136031309
0.182979289144591,-3.13985064455736
0.119044222728889,-3.25393419495216
0.0528107403099632,-3.36969375526676
-0.0157546716218428,-3.4871234987946
-0.0866850765420209,-3.6061830119095
-0.160012319128254,-3.72678944875346
-0.235766090848312,-3.84880880353508
-0.313972811800641,-3.9720462576303
-0.394654310013532,-4.09623557601368
-0.477826279141272,-4.2210275533158
-0.563496495844826,-4.3459775460591
-0.651662779342608,-4.47053217664511
-0.742310677942895,-4.59401535884939
-0.835410871150681,-4.71561387629915
-0.93091628155071,-4.83436284677127
-1.0287588985143,-4.94913152764998
-1.12884632628947,-5.05861006192796
-1.2310580826331,-5.16129792840545
-1.33524169120143,-5.25549504042789
-1.44120863169415,-5.33929662739047
-1.54873023632348,-5.4105932207388
-1.65753364934643,-5.46707723441764
-1.76729799755067,-5.50625775576728
-1.87765095259892,-5.52548521762732
-1.98816589924769,-5.52198757116959
-2.09835995416311,-5.49291938327784
-2.20769310507903,-5.43542490334665
-2.31556875536438,-5.34671554846105
-2.42133596010688,-5.22416142165981
-2.52429362176723,-5.06539540521296
-2.62369687178709,-4.86842709007305
-2.71876579571272,-4.63176238349721
-2.8086965617171,-4.3545231929917
-2.89267488687577,-4.03656027290425
-2.96989162667298,-3.67855133008311
-3.0395601094552,-3.28207602009407
-3.10093467132873,-2.84965971184353
-3.15332969399293,-2.38477898899984
-3.19613832569458,-1.89182383354909
-3.22884999104703,-1.37601422221661
-3.25106578315935,-0.843272249642468
-3.26251089017895,-0.30005454114385
-3.26304333922028,0.246846782551293
-3.25265853634759,0.790523413747265
-3.23148932603926,1.32417732663063
-3.19980156496793,1.84134059816943
-3.15798547685388,2.33607541733272
-3.10654330138119,2.8031430130044
-3.0460739480892,3.23813311254798
-2.97725549970681,3.63754902796662
-2.90082647086138,3.9988471178617
-2.81756671840405,4.32043277362264
-2.72827882730362,4.60161789142814
-2.63377067528843,4.84254680195469
-2.53483972726306,5.04409875420536
-2.43225944450875,5.20777532664204
-2.3267680295725,5.33558069790745
-2.21905957812102,5.42990173582241
-2.10977758251082,5.49339356007019
-1.99951063304823,5.52887479189231
-1.88879009301266,5.53923528145173
-1.77808948087526,5.52735781571746
-1.66782527428382,5.4960542280401
-1.55835885080104,5.44801548691154
-1.44999929526675,5.38577473658098
-1.34300682840558,5.31168187550608
-1.23759664187781,5.22788805666095
-1.13394295806021,5.13633843781596
-1.03218316591469,5.03877156149788
-0.932421915561164,4.93672386853762
-0.834735082469824,4.83153801657516
-0.739173536902491,4.72437386248405
-0.645766675141525,4.61622115829048
-0.554525686212927,4.50791319201985
-0.465446541493451,4.40014077064257
-0.378512705156093,4.29346608798346
-0.293697571272817,4.18833614470288
-0.210966638985675,4.08509549059627
-0.130279440886551,3.98399814294351
-0.0515912419847366,3.88521860054655
0.025145472281433,3.78886192377327
0.099979700336776,3.69497288875355
0.172960802864299,3.60354425110191
0.244137538008941,3.51452417320579
0.313557237305431,3.42782288099526
0.381265107637661,3.34331862270744
0.447303646018727,3.26086300472632
0.51171215548221,3.1802857791283
0.5745263518444,3.1013991549021
0.635778052496261,3.02400170056599
0.695494939686448,2.94788190055768
0.753700391944307,2.87282142168496
0.810413378352563,2.79859813936717
0.865648411306038,2.72498896656713
0.919415554181247,2.65177252135446
0.971720480990735,2.57873166206395
1.022564585606,2.50565591210156
1.07194513850586,2.43234378967911
1.11985548924686,2.35860505119525
1.16628531296291,2.28426285069526
1.21122089919067,2.20915581191261
1.25464548119078,2.13314000390575
1.2965396037055,2.05609080634821
1.33688152676957,1.97790464620994
1.3756476627892,1.89850058398934
1.41281304363809,1.81782172492405
1.44835181400872,1.73583642882642
1.48223774672078,1.65253929144494
1.51444477514824,1.56795187061753
1.54494753740537,1.48212313199977
1.57372192645234,1.39512959183419
1.60074563986678,1.30707513804841
1.62599872270085,1.21809051586077
1.64946409662356,1.12833246991804
1.67112806845419,1.03798254163127
1.69098081123724,0.947245527610376
1.70901681120314,0.856347612688767
1.72523527430534,0.765534198708107
1.73964048652361,0.675067457717999
1.75224212276713,0.585223645246536
1.76305549998819,0.496290215536794
1.77210177100935,0.408562785865463
1.77940805655103,0.322342001044125
1.78500751399714,0.237930351781014
1.78893934252263,0.155629001639359
1.79124872529952,0.0757346768197365
1.79198671056413,-0.00146332906253273
1.791210034339,-0.0756859865535337
1.78898088852964,-0.146667154476621
1.78536663893453,-0.214155958732374
1.78043949839685,-0.277918894767587
1.77427616087297,-0.337741630154871
1.76695740258613,-0.393430491517245
1.75856765667069,-0.444813627881303
1.74919456779337,-0.491741850182331
1.73892853317098,-0.534089153834412
1.72786223619901,-0.57175293781236
1.71609017857792,-0.604653939406018
1.70370821639168,-0.632735908582294
1.69081310507461,-0.655965049654333
1.67750205761985,-0.674329260683776
1.66387231975557,-0.68783720274613
1.6500207651635,-0.696517231922375
1.63604351315707,-0.700416226723502
1.62203557059093,-0.69959834271284
1.608090499153,-0.694143724483315
1.59430010860795,-0.684147203001194
1.5807541760257,-0.669717003774019
1.56754019054728,-0.650973488464326
1.55474312281793,-0.628047949569895
1.54244521785536,-0.601081474731343
1.53072580982033,-0.57022389419995
1.51966115691553,-0.535632822078235
1.50932429445419,-0.497472799191819
1.49978490400869,-0.455914542906371
1.49110919646659,-0.411134306895322
1.4833598067823,-0.363313351805712
1.47659569821224,-0.312637525961775
1.47087207385468,-0.259296953678339
1.46624029337755,-0.203485827409688
1.46274779290524,-0.145402298807705
1.46043800614359,-0.0852484627739966
1.45935028494975,-0.0232304277285876
1.45951981769686,0.0404415354553413
1.46097754394166,0.105552774124151
1.46375006407594,0.171883973108469
1.46785954282956,0.239210822300488
1.47332360569504,0.307303643058878
1.4801552275628,0.37592698483895
1.48836261309347,0.444839204440801
1.49794906861315,0.513792041393322
1.50891286559961,0.582530204257093
1.52124709613758,0.650790984034598
1.53493952105946,0.718303912411586
1.54997241185934,0.784790484195608
1.56632238787189,0.849963965029957
1.58396025064691,0.913529307190411
1.60285081792341,0.975183197948516
1.62295276011231,1.03461426652029
1.64421844273059,1.09150347690573
1.66659377878593,1.14552473483615
1.69001809567972,1.19634573743804
1.71442402176738,1.24362909393414
1.73973739827099,1.28703374456027
1.76587722276338,1.32621670270208
1.79275563091093,1.36083514186884
1.82027792354942,1.39054884435366
1.84834264644419,1.41502302213607
1.87684173022029,1.43393151265394
1.90566069790742,1.44696034245368
1.93467894729474,1.45381164043527
1.96377011479853,1.45420786954692
1.9928025267826,1.44789633156165
2.02163974321304,1.43465388431379
2.05014119715844,1.41429179494148
2.07816293195875,1.38666063685822
2.10555843588792,1.35165512306901
2.13217957184807,1.30921875486843
2.15787759709791,1.25934815379623
2.1825042652906,1.2020969369015
2.20591300025389,1.13757899177829
2.2279601280801,1.06597100929706
2.24850615131387,0.987514139125079
2.26741704644998,0.902514646436934
2.28456556370711,0.8113434678014
2.29983250625004,0.714434589886701
2.31310796480855,0.612282205765493
2.32429248308677,0.505436639248603
2.33329812954983,0.394499066491948
2.34004945216148,0.280115104451656
2.34448429444007,0.162967375730514
2.34655445377271,0.0437671969733482
2.34622616621235,-0.0767544287431239
2.3434804058743,-0.197856307935618
2.3383129914094,-0.318796814088022
2.33073449669417,-0.438843668616889
2.32076996766253,-0.557283506391347
2.30845845191746,-0.673430994976885
2.29385235222005,-0.786637293994072
2.27701661898511,-0.89629766623349
2.25802780037088,-1.00185808402535
2.23697297131959,-1.10282071107813
2.21394856490839,-1.19874817963112
2.1890591305676,-1.2892666233104
2.16241604411699,-1.37406746561211
2.13413619419839,-1.45290800073503
2.10434066861437,-1.52561083610718
2.07315346241292,-1.59206229331692
2.04070022739914,-1.65220988556816
2.00710708023087,-1.70605900491917
1.97249948349084,-1.75366896147974
1.9370012112443,-1.79514851978608
1.90073340770112,-1.83065107534727
1.86381374480166,-1.86036960763798
1.82635568191849,-1.88453153548066
1.78846782847341,-1.90339358773839
1.75025340815696,-1.91723678742823
1.7118098216318,-1.92636163160467
1.6732283031144,-1.93108353339334
1.63459366505852,-1.93172857700021
1.59598412429577,-1.92862962187605
1.557471202401,-1.92212277884455
1.51911969271524,-1.91254426915159
1.48098768634465,-1.90022766719712
1.44312664952634,-1.88550151921403
1.40558154497791,-1.86868732332618
1.36839099019361,-1.85009785116099
1.33158744608742,-1.83003578737742
1.29519742988304,-1.80879266093942
1.25924174669029,-1.78664804054499
1.22373573476535,-1.76386896613569
1.18868952001242,-1.74070958868865
1.15410827583189,-1.71741099137204
1.11999248494645,-1.69420116647771
1.08633820033164,-1.67129512420176
1.05313730283785,-1.6488951112124
1.02037775351201,-1.62719091892913
0.988043839008757,-1.60636026346138
0.956116408821628,-1.58656922115475
0.92457310336648,-1.56797270562173
0.893388572213425,-1.55071497395494
0.86253468199244,-1.53493015150924
0.831980713694466,-1.52074276617782
0.801693549257223,-1.50826828446754
0.771637847466428,-1.4976136428953
0.741776209321864,-1.48887776928204
0.712069333116975,-1.48215208941584
0.682476159563605,-1.47752101529762
0.652954007363,-1.47506241177799
0.623458699683252,-1.47484803885056
0.593944682054595,-1.47694396719247
0.564365132239902,-1.48141096474564
0.534672062680819,-1.48830485221893
0.504816416162424,-1.49767682536883
0.47474815538323,-1.50957374179059
0.444416347164778,-1.52403836972695
0.413769242088001,-1.54110959608342
0.382754350403657,-1.56082259042911
0.351318515133418,-1.5832089212646
0.319407983358238,-1.60829662025512
0.286968476783218,-1.63611018945985
0.253945262774895,-1.66667054584006
0.220283227189385,-1.69999489650165
0.185926950449594,-1.73609653722566
0.15082078848824,-1.77498456586896
0.114908960352027,-1.81666350118401
0.0781356444621074,-1.86113279652259
0.040445085747803,-1.90838623676839
0.00178171611503121,-1.95841120570942
-0.0379097090221117,-2.01118780994027
-0.0786839551291144,-2.06668784431449
-0.120595130531168,-2.12487358299715
-0.163696482331224,-2.18569637935934
-0.208040162270261,-2.24909505738866
-0.253676958184578,-2.3149940770623
-0.300655986365303,-2.38330145636272
-0.349024339786196,-2.45390643346034
-0.398826686851163,-2.52667685422055
-0.450104815040516,-2.60145627282665
-0.502897113627372,-2.6780607571943
-0.557237989520466,-2.75627539627075
-0.613157210300867,-2.83585051358552
-0.670679168698237,-2.91649760090138
-0.729822063145343,-2.99788499788287
-0.790596989712955,-3.07963335874107
-0.853006941724544,-3.16131096520611
-0.917045714751576,-3.24242896725441
-0.982696716572151,-3.32243665902782
-1.04993168411831,-3.40071692743326
-1.11870931252065,-3.47658204490213
-1.18897380515846,-3.54927001531619
-1.26065335820278,-3.61794172236832
-1.33365859854083,-3.6816791713093
-1.40788100020426,-3.73948515618937
-1.4831913114528,-3.7902847226513
-1.55943803239342,-3.83292882755763
-1.63644599126445,-3.86620061685518
-1.71401507601203,-3.88882474687826
-1.79191918614842,-3.89948015585686
-1.86990547759992,-3.89681664540994
-1.94769397969281,-3.87947555000774
-2.02497766783469,-3.84611465024552
-2.10142307697737,-3.79543731933809
-2.17667153868953,-3.72622568020681
-2.25034111773068,-3.63737729534038
-2.32202931160119,-3.52794462060008
-2.3913165580528,-3.39717614041338
-2.45777057070754,-3.24455778469893
-2.52095149192785,-3.06985293273891
-2.5804178156414,-2.8731390662784
-2.63573299232174,-2.65483897626829
-2.68647258578905,-2.41574438715401
-2.73223180955738,-2.15702996697601
-2.77263323221524,-1.88025595897597
-2.80733441011696,-1.58735810536341
-2.8360351847373,-1.28062412375175
-2.85848437421759,-0.962656710221147
-2.87448559591664,-0.636323830961268
-2.88390198005219,-0.304697863905435
-2.8866595733071,0.0290141081088634
-2.88274928367992,0.361545940619168
-2.87222728065953,0.689650675184394
-2.85521383372004,1.01017787292453
-2.83189064225737,1.32014658219004
-2.80249677638427,1.6168108014127
-2.76732340583087,1.89771482462689
-2.72670753979457,2.16073654384602
-2.68102503139441,2.40411756253461
-2.6306831152608,2.62647977617638
-2.57611274598607,2.82682883172877
-2.51776099018319,3.00454553122507
-2.45608369822342,3.15936675592159
-2.39153864644275,3.29135783473884
-2.32457930005803,3.40087846097684
-2.25564930446067,3.48854428656817
-2.18517777083613,3.55518621713183
-2.11357538351897,3.60180922438102
-2.04123132282033,3.62955221807983
-1.96851096928707,3.63965020955989
-1.89575433390025,3.6333996806658
-1.82327514351964,3.61212776817132
-1.7513605014756,3.57716560024542
-1.68027103888109,3.52982588843389
-1.61024147212478,3.47138469050165
-1.54148148520089,3.40306711668824
-1.47417686115065,3.326036651634
-1.40849079412949,3.24138770154241
-1.34456532178152,3.15014094504506
-1.28252282612848,3.05324106037621
-1.22246755962336,2.9515564146939
-1.16448716105267,2.84588032813509
-1.10865413337605,2.7369335606738
-1.05502726223258,2.62536771013968
-1.00365295965714,2.51176925177851
-0.954566522524697,2.39666399120974
-0.907793299406158,2.28052174195575
-0.863349762928275,2.16376107484795
-0.821244487454168,2.04675401897043
-0.7814790340175,1.92983062214274
-0.744048746033479,1.81328330327945
-0.708943460451796,1.69737094947639
-0.676148139784229,1.58232272765421
-0.645643430900026,1.4683415943893
-0.617406156695269,1.35560749855827
-0.591409746760485,1.24428027998962
-0.56762461303874,1.13450227381399
-0.546018476222418,1.02640063496246
-0.526556648312549,0.920089400577405
-0.509202276386178,0.815671310233042
-0.493916552206118,0.713239405039887
-0.480658891880677,0.612878427120535
-0.469387089352225,0.5146660407569
-0.460057447073254,0.41867389585668
-0.452624886825238,0.324968553381736
-0.447043043254986,0.233612291115698
-0.443264342349895,0.144663806697912
-0.441240066750564,0.0581788332770438
-0.440920409508512,-0.025789318509864
-0.442254517639464,-0.107189280208419
-0.445190526598965,-0.185971196526127
-0.449675586616953,-0.262086338936003
-0.455655881670394,-0.335486754833093
-0.463076641747318,-0.406124946722387
-0.471882148960013,-0.473953577390504
-0.482015737998218,-0.538925198400325
-0.493419791372995,-0.600992000538301
-0.506035729886616,-0.660105586030955
-0.519803998771089,-0.716216763423534
-0.534664049965575,-0.769275366974022
-0.550554321048659,-0.819230103254426
-0.567412211402547,-0.86602842836297
-0.585174056260419,-0.909616459730387
-0.603775099372422,-0.949938926945127
-0.623149465117554,-0.986939166320233
-0.643230130984862,-1.02055916407262
-0.663948901444952,-1.05073965297708
-0.685236384328679,-1.07742026718606
-0.707021970920506,-1.10053975956565
-0.729233821056253,-1.12003628538305
-0.751798854584953,-1.13584775548531
-0.774642750608893,-1.1479122612323
-0.797689955950859,-1.15616857238582
-0.820863704309542,-1.16055670791633
-0.844086047549419,-1.16101857827411
-0.867277900526858,-1.15749869609533
-0.890359100776612,-1.1499449505923
-0.913248484269609,-1.13830943903515
-0.935863978301908,-1.1225493468006
-0.958122712384388,-1.10262786548012
-0.979941147772709,-1.07851513655143
-1.00123522600759,-1.0501892061773
-1.0219205365282,-1.01763697486376
-1.04191250307921,-0.980855124052533
-1.06112658825882,-0.93985100030906
-1.07947851515695,-0.894643436669634
-1.09688450461608,-0.845263489999296
-1.11326152622081,-0.791755072953295
-1.12852756069592,-0.734175459388261
-1.14260187097664,-0.672595642883436
-1.15540527882115,-0.607100529441705
-1.16686044347591,-0.537788947461153
-1.17689213859164,-0.464773460696741
-1.18542752333316,-0.388179973141858
-1.19239640344162,-0.308147118500711
-1.19773147790221,-0.224825431120699
-1.20136856685313,-0.138376299812196
-1.20324681644767,-0.0489707107847424
-1.2033088765548,0.0432122091597981
-1.20150104745589,0.137986833159384
-1.19777339206225,0.235162837838351
-1.19207981063723,0.334547144796383
-1.18437807554753,0.435945971078175
-1.17462982418184,0.539166956367142
-1.16280050884701,0.644021332047685
-1.14885930316905,0.750326095450742
-1.13277896527115,0.857906151577301
-1.11453565875875,0.966596384389535
-1.09410873329508,1.07624362033804
-1.07148046728551,1.18670844808956
-1.0466357758917,1.29786686033225
-1.01956188825534,1.40961168593604
-0.990247998419115,1.52185378348055
-0.958684894983326,1.63452297006229
-0.924864575029156,1.74756866217619
-0.888779848276674,1.86096020814932
-0.850423937832037,1.9746868939097
-0.809790084224215,2.08875760562948
-0.766871159748843,2.20320013384163
-0.721659300441068,2.31806010386173
-0.674145563307924,2.43339951665354
-0.624319616783183,2.54929488258965
-0.572169472744024,2.66583492784582
-0.517681268869701,2.78311784944088
-0.460839110647464,2.90124809025014
-0.401624982958464,3.02033259979288
-0.340018741921335,3.14047654039877
-0.275998198544779,3.26177839174863
-0.209539306747563,3.38432440010651
-0.140616469441969,3.50818231227241
-0.0692029776314314,3.63339432898574
0.00472840118242703,3.75996920896567
0.0812046675981713,3.8878734539547
0.160251648863912,4.01702150824779
0.241892851067803,4.14726491472962
0.32614808364421,4.27838038520944
0.413031834259616,4.41005676797649
0.50255137214857,4.54188093247848
0.594704558857353,4.67332264264331
0.68947734744416,4.80371855963883
0.786840954863684,4.93225560489259
0.886748697975661,5.05795402787621
0.989132491859088,5.17965066282421
1.09389902042022,5.29598302538602
1.2009256041933,5.40537509348652
1.31005580924714,5.50602583282215
1.42109486461725,5.59590175885893
1.5338049838699,5.67273506104586
1.64790071913517,5.73402903175342
1.76304451262459,5.77707271509379
1.87884265005008,5.79896678402433
1.99484186048244,5.79666262505901
2.11052684510052,5.76701640993084
2.22531904906768,5.70685951251539
2.33857701153976,5.61308594214372
2.44959863289789,5.48275648035997
2.55762567966735,5.3132179223918
2.66185080046199,5.10223427085694
2.76142724606829,4.84812499139732
2.85548137108959,4.54990365930082
2.94312784444494,4.20740870071122
3.02348731692926,3.82141670405115
3.09570609654666,3.39372820717062
3.15897718204614,2.92721619218202
3.21256182179014,2.42582891100138
3.25581062077991,1.8945411680444
3.28818313476574,1.33925169126103
3.30926488434841,0.766628443974988
3.31878080398166,0.183908227795134
3.31660431103914,-0.401338839607624
3.30276142770157,-0.981465976307821
3.27742969193365,-1.54901140840815
3.24093192389443,-2.09694844393013
3.19372523752349,-2.61890849830229
3.13638597151599,-3.10936429799971
3.0695914328137,-3.56376429049715
2.99409948164924,-3.97861369504303
2.91072703362473,-4.35150207758004
2.8203285156878,-4.68108131492717
2.72377520260959,-4.96700094510928
2.62193619812255,-5.20980996642448
2.51566163227828,-5.41083510278775
2.40576844525169,-5.5720454980909
2.29302893604503,-5.69591294000383
2.17816208600152,-5.78527529662119
2.06182753021844,-5.84320913492116
1.94462194846117,-5.87291570523561
1.82707758057279,-5.87762279710012
1.70966253625219,-5.86050351704378
1.59278256024378,-5.82461187091561
1.47678392547004,-5.77283416919586
1.36195715248917,-5.7078546968321
1.24854128847993,-5.6321337617797
1.1367285182245,-5.54789611057113
1.02666891975049,-5.45712772473944
0.918475215854516,-5.36157914210408
0.812227407979681,-5.26277364179345
0.70797720989925,-5.16201885944246
0.605752224965759,-5.06042063532185
0.505559832322477,-4.95889812654485
0.407390764715978,-4.85819942435268
0.311222373830413,-4.75891710296953
0.217021588901309,-4.66150328533363
0.124747581294698,-4.5662839432923
0.0343541522717962,-4.47347225729319
-0.0542081362277335,-4.38318094579256
-0.14099006684396,-4.29543354050445
-0.226042087199812,-4.21017463324756
-0.309412825450061,-4.12727915635714
-0.391147782486,-4.04656078396504
-0.471288184231088,-3.96777955810314
-0.549869979649932,-3.89064885336966
-0.626922972419523,-3.81484179826975
-0.702470076581038,-3.73999727142574
-0.776526688826039,-3.66572558748579
-0.849100172309533,-3.59161398133236
-0.920189448971384,-3.51723199050049
-0.989784699240203,-3.44213682480372
-1.05786716964724,-3.36587879917279
-1.12440909025132,-3.28800689071971
-1.18937370482986,-3.20807446410925
-1.25271541748801,-3.1256451905413
-1.31438005964175,-3.04029916516968
-1.37430528121016,-2.95163920585761
-1.43242106928169,-2.85929729317387
-1.48865039648208,-2.76294108799463
-1.54290999976416,-2.66228043968568
-1.59511128837296,-2.55707377544858
-1.64516137734287,-2.44713424102084
-1.69296424010859,-2.33233544563216
-1.73842197073119,-2.21261665110674
-1.78143614295287,-2.0879872374243
-1.82190924991769,-1.9585302759797
-1.8597462050708,-1.82440504809177
-1.89485588162885,-1.68584836060576
-1.92715266526252,-1.54317453293004
-1.95655799241118,-1.39677396031931
-1.98300184511126,-1.24711019592928
-2.00642417249967,-1.0947155378748
-2.02677620935158,-0.940185155484229
-2.04402166319561,-0.784169838999138
-2.0581377437336,-0.627367506659058
-2.0691160114454,-0.470513649823046
-2.07696302629498,-0.314370937930186
-2.08170078223736,-0.159718238323639
-2.08336691857745,-0.00733932929193737
-2.08201470493892,0.141988403292056
-2.07771280242876,0.287504995366858
-2.07054480928991,0.428478381802366
-2.06060860468438,0.564214066307997
-2.04801550903011,0.694063762485451
-2.03288928334673,0.817432825638212
-2.01536499321155,0.933786341814044
-1.99558776510134,1.04265379045724
-1.97371146406353,1.14363224738496
-1.94989732183731,1.23638814312828
-1.92431254379443,1.32065763585033
-1.89712892149101,1.39624569634728
-1.86852147534757,1.46302403382171
-1.83866714915341,1.5209280144798
-1.80774357488405,1.56995274033412
-1.77592792288468,1.61014846313818
-1.74339584895927,1.64161550875855
-1.71032054644766,1.6644988814141
-1.67687190808768,1.6789827061759
-1.64321579943527,1.68528465311753
-1.60951344292243,1.68365046873419
-1.5759209093122,1.6743487208521
-1.5425887113854,1.65766584325504
-1.50966149316741,1.63390154654195
-1.47727780686251,1.60336464301073
-1.44556996888188,1.56636931617719
-1.41466398589563,1.52323185025845
-1.3846795416678,1.47426782179784
-1.35573003550249,1.41978974467521
-1.32792266339576,1.36010515101557
-1.30135853340685,1.29551508387916
-1.27613280729514,1.22631297292661
-1.25233486107704,1.15278386130042
-1.2300484578094,1.07520395052472
-1.20935192657325,0.993840430064126
-1.19031834229156,0.90895155906967
-1.17301570164844,0.820786969554196
-1.15750709096956,0.72958816257684
-1.14385084246494,0.635589171791575
-1.13210067571821,0.539017371762627
-1.12230582172625,0.440094411625118
-1.11451112715026,0.339037257846019
-1.10875713673279,0.236059332908558
-1.10508015207007,0.131371739606893
-1.10351226510874,0.025184563213025
-1.10408136486819,-0.0822917540108387
-1.10681111598163,-0.190844969702875
-1.11172090771032,-0.300259532162809
-1.11882577212657,-0.410315006730727
-1.12813627019383,-0.520784439431803
-1.13965834451014,-0.631432660119746
-1.15339313753746,-0.74201452868129
-1.16933677423099,-0.852273129999625
-1.18748010812474,-0.961937926375349
-1.20780843014147,-1.07072288002354
-1.23030113969453,-1.17832456315044
-1.25493137805643,-1.28442027899453
-1.28166562450386,-1.38866622410429
-1.31046325643131,-1.49069572999885
-1.34127607547527,-1.59011763115686
-1.37404780272429,-1.68651481588781
-1.40871354732312,-1.77944302687551
-1.44519925422051,-1.86842998877808
-1.48342113846403,-1.95297495085432
-1.52328511530705,-2.03254874267959
-1.56468623744663,-2.10659445000259
-1.607508152927,-2.17452882492873
-1.65162259957666,-2.23574454900814
-1.69688895423193,-2.28961346844283
-1.743153857351,-2.33549091638878
-1.79025093583012,-2.37272122703888
-1.83800064876505,-2.4006445286576
-1.88621028240093,-2.418604876923
-1.93467412140674,-2.42595975494664
-1.98317382370739,-2.42209092166843
-2.03147902521263,-2.40641653594069
-2.07934819870763,-2.37840442016818
-2.12652978774805,-2.3375862563165
-2.17276363150192,-2.28357243083417
-2.2177826900303,-2.21606716695661
-2.26131507150488,-2.13488350736557
-2.30308635342549,-2.03995764253596
-2.34282217924055,-1.93136202621523
-2.38025110022405,-1.80931668550293
-2.41510762048313,-1.67419812483933
-2.4471353911288,-1.52654524592745
-2.47609048859496,-1.36706176276317
-2.50174470254544,-1.19661468396449
-2.52388875147393,-1.01622856226436
-2.54233533963544,-0.827075369181752
-2.55692196789103,-0.630460034323151
-2.56751341377231,-0.427801883567908
-2.57400380272709,-0.220612406531745
-2.5763182029894,-0.0104699679933342
-2.57441369045536,0.201007762780212
-2.56827984671814,0.412192768587245
-2.55793867218167,0.621476054635961
-2.54344391593908,0.827296437128613
-2.52487984379398,1.02816778535454
-2.50235948435275,1.22270383522221
-2.4760224095451,1.4096398201734
-2.44603211942583,1.58785032894391
-2.41257311108025,1.75636298649951
-2.37584771756594,1.91436775141938
-2.33607280500323,2.06122181692177
-2.29347641435843,2.19645028182782
-2.24829442954461,2.31974291244743
-2.20076734575358,2.43094743983795
-2.15113720210018,2.53005992535249
-2.0996447314162,2.61721278001761
-2.04652676808105,2.69266104180394
-1.99201394276679,2.75676750306901
-1.93632868146122,2.80998724356381
-1.87968351555842,2.85285206837381
-1.82227970049212,2.88595528115968
-1.76430613253427,2.90993714690543
-1.70593854707861,2.92547132023861
-1.64733897697361,2.93325243952118
-1.58865544617926,2.93398501658763
-1.53002187206458,2.92837368949237
-1.4715581488647,2.91711485226181
-1.41337038498957,2.90088963197421
-1.3555512678262,2.88035814941597
-1.298180531216,2.85615497451203
-1.24132550274731,2.82888567079835
-1.18504171022696,2.79912431330248
-1.12937352905717,2.76741186014945
-1.07435485463786,2.73425525884769
-1.02000978625865,2.7001271724313
-0.966353311176217,2.66546621745225
-0.913391979650004,2.63067761436719
-0.861124563603657,2.59613416042998
-0.809542693277643,2.56217744520085
-0.758631467736282,2.52911923876305
-0.708370036393461,2.49724299235954
-0.658732149835702,2.46680540018815
-0.609686679162391,2.43803797936618
-0.561198103847024,2.41114863250659
-0.513226968767459,2.38632316390154
-0.465730311575039,2.36372672598704
-0.418662061989266,2.34350517759821
-0.371973414932766,2.32578633956951
-0.325613179675911,2.31068113655224
-0.279528107355307,2.29828461658616
-0.233663199377905,2.28867684204567
-0.187961999333491,2.28192364716144
-0.142366871122137,2.27807725846714
-0.0968192660677966,2.27717677530963
-0.0512599818410389,2.27924850805792
-0.005629416058198,2.28430617191483
0.0401321825351205,2.29235093433986
0.0860844623485374,2.30337131409135
0.132286713711505,2.31734292985236
0.178797607089063,2.33422809637827
0.225674921678912,2.35397526615771
0.272975261281475,2.37651831477944
0.320753754302281,2.40177566861569
0.369063734724723,2.42964927414548
0.417956400887967,2.46002340933236
0.467480448927779,2.49276333903011
0.51768167779777,2.52771381851724
0.568602562897331,2.56469745206038
0.620281795504989,2.60351291699022
0.6727537854688,2.64393306825535
0.726048124957863,2.68570294391283
0.780189011552392,2.72853769862641
0.835194629567349,2.77212050006626
0.891076489291351,2.81610043220478
0.94783872480437,2.86009045990876
1.00547735224051,2.90366552091252
1.06397949181057,2.94636082411361
1.12332255861495,2.98767044696126
1.18347342927664,3.02704633917856
1.24438759371573,3.06389785469181
1.30600830396687,3.09759194777469
1.36826573479224,3.12745418218672
1.43107617392669,3.15277071241091
1.49434126304669,3.1727914026635
1.55794731389139,3.18673425063449
1.62176472725952,3.19379127721727
1.68564754570188,3.19313602898296
1.74943317343249,3.18393281502617
1.81294229906114,3.16534776236676
1.87597905794636,3.13656172297777
1.93833147099755,3.09678499991916
1.99977219532764,3.04527378000332
2.06005961899254,2.98134806699683
2.11893932690542,2.90441080500938
2.1761459577011,2.81396777039981
2.23140546176209,2.70964769783743
2.28443775884511,2.591221999265
2.33495977996477,2.45862334192111
2.38268886277706,2.31196228266004
2.42734645323044,2.15154112008733
2.46866204946867,1.97786413229781
2.50637730779199,1.79164342326136
2.54025021593833,1.59379970927539
2.5700592271054,1.38545753866433
2.59560724003161,1.16793464874727
2.61672530698511,0.942725414824409
2.63327595334407,0.711478622705381
2.6451559999351,0.47597008144347
2.65229879240144,0.238070866341688
2.65467576015395,-0.000287776735065637
2.65229725007217,-0.237151645365577
2.64521260587347,-0.470581570429202
2.63350949149676,-0.698690794812806
2.61731248435383,-0.919680390780539
2.59678099027875,-1.13187148082256
2.57210655497724,-1.3337332102481
2.5435096655194,-1.52390565648293
2.51123614905014,-1.70121713102508
2.47555328393142,-1.8646956146641
2.43674574091108,-2.01357434463636
2.39511146895054,-2.14729182591365
2.35095763267846,-2.26548675356476
2.30459669694949,-2.36798849945885
2.25634273970063,-2.45480392974481
2.20650805828373,-2.52610137942284
2.15540011774484,-2.58219262073333
2.1033188730453,-2.62351362980764
2.05055448174462,-2.65060488972599
1.99738540977771,-2.66409187731286
1.94407692105361,-2.66466627508423
1.89087993189462,-2.65306833735024
1.83803020387687,-2.63007072787826
1.78574784335072,-2.5964640414825
1.73423707263555,-2.55304412754122
1.68368623635866,-2.5006012523214
1.6342680063608,-2.43991107032364
1.58613974973218,-2.37172732274931
1.53944402658508,-2.2967761428988
1.49430918685105,-2.21575182251458
1.45085003847612,-2.12931387812071
1.40916856267972,-2.03808525046061
1.36935465527884,-1.94265147137097
1.33148687633319,-1.84356063913158
1.29563319344538,-1.74132405394618
1.26185170688848,-1.6364173784012
1.23019134729147,-1.52928220240108
1.20069253887133,-1.42032790729852
1.17338782315436,-1.30993373903312
1.14830243978722,-1.19845101455561
1.12545486241599,-1.08620539929017
1.1048572887315,-0.973499205647778
1.08651608466785,-0.860613673521054
1.07043218342449,-0.747811203217543
1.05660144048963,-0.635337519431973
1.04501494620029,-0.52342375166797
1.0356592976087,-0.412288422072485
1.0285168315596,-0.302139336034139
1.02356582094127,-0.193175374220422
1.0207806360741,-0.0855881870910561
1.02013187316389,0.0204362055731406
1.02158645168726,0.124715906848344
1.02510768250953,0.227071723209874
1.03065530847286,0.327325830618383
1.03818551914556,0.425300524362297
1.0476509414016,0.520817052336505
1.0590006075111,0.613694533270499
1.07217990247316,0.703748963549965
1.0871304924192,0.790792318636468
1.10379023605942,0.874631757611229
1.12209308134204,0.955068941978026
1.14196894974364,1.03189948247831
1.16334361090969,1.10491253021235
1.18613855071425,1.17389053072796
1.21027083620246,1.23860916182649
1.23565298131228,1.29883747752698
1.2621928177332,1.35433828179386
1.28979337573801,1.40486875613252
1.31835278030424,1.45018136484238
1.34776416830654,1.49002506043748
1.37791563298949,1.5241468093492
1.40869020229826,1.55229345437378
1.43996585792606,1.57421392529391
1.47161560210301,1.58966180259646
1.50350757917205,1.59839823117487
1.535505258842,1.60019517134978
1.56746768764694,1.59483896354233
1.59924981454691,1.58213417065147
1.63070289575422,1.56190764887951
1.66167498274575,1.53401278378304
1.69201149601529,1.49833381417448
1.72155588543401,1.45479015274376
1.7501503761349,1.40334059958553
1.77763679664883,1.34398733395385
1.80385748363845,1.27677956131412
1.82865625506297,1.20181668790987
1.85187944103637,1.11925089434898
1.87337695910411,1.02928898376922
1.89300341825837,0.93219338942713
1.91061923384694,0.828282241303451
1.92609173371594,0.717928411489263
1.93929623456601,0.601557483357687
1.95011706669148,0.479644619151003
1.95844852509026,0.352710333615993
1.96419572543297,0.221315216402894
1.96727534459154,0.0860536815764806
1.96761622734221,-0.0524531429046079
1.96515984343841,-0.193565241222639
1.9598605824191,-0.33663207956637
1.95168587717553,-0.481001326937889
1.94061615131004,-0.626027719933478
1.92664458953542,-0.771081858368707
1.90977673461861,-0.915558720713641
1.89002991850409,-1.05888569853033
1.86743253910274,-1.20052996687285
1.84202319765938,-1.34000503191555
1.81384971449939,-1.47687632657218
1.78296804321304,-1.61076575797317
1.74944110491065,-1.74135514566568
1.71333756505149,-1.8683885245693
1.67473057552803,-1.99167332043326
1.6336965042179,-2.11108043636584
1.59031367316951,-2.22654331577576
1.54466112505313,-2.33805606891814
1.49681743559192,-2.44567076664495
1.44685958749856,-2.54949401571178
1.39486191909517,-2.64968293517507
1.34089515839585,-2.74644065336141
1.2850255510815,-2.84001144013352
1.22731408858427,-2.93067558038093
1.1678158404963,-3.01874408257196
1.10657939378338,-3.10455330158317
1.04364639986131,-3.18845953861915
0.979051229510518,-3.27083366353926
0.912820734877167,-3.3520557869274
0.844974117442565,-3.43250999129284
0.775522900830621,-3.51257911329603
0.704471007654023,-3.5926395521858
0.63181494025455,-3.67305606397243
0.557544066148771,-3.75417648645173
0.481641010220413,-3.83632632721878
0.404082157174338,-3.9198031354515
0.324838269449921,-4.00487056872869
0.243875227643964,-4.09175205877438
0.161154902468231,-4.18062397520806
0.0766361693077298,-4.27160818470356
-0.00972392151726728,-4.3647639051927
-0.0979688037375622,-4.46007876191401
-0.188140866580146,-4.55745896549914
-0.28027972048408,-4.65671855352446
-0.374420238019739,-4.75756766797098
-0.470590350801303,-4.85959988409152
-0.568808584042152,-4.96227866381349
-0.669081312583343,-5.06492308170928
-0.771399726099346,-5.16669306644165
-0.87573649717692,-5.26657451783984
-0.982042154538456,-5.36336480108271
-1.09024117532871,-5.45565928527616
-1.20022782558135,-5.54183978240525
-1.31186179714693,-5.62006594964573
-1.42496371278468,-5.68827093472563
-1.53931059886214,-5.74416275661891
-1.65463145689741,-5.78523310221986
-1.77060310027374,-5.80877535658101
-1.88684645949402,-5.81191373531427
-2.00292359620522,-5.79164531196076
-2.11833569992756,-5.74489648561077
-2.23252236808539,-5.66859497024493
-2.34486248483597,-5.55975766966535
-2.45467701200342,-5.41559380905058
-2.56123398064254,-5.23362143147027
-2.66375591934629,-5.01179387851852
-2.76142987166452,-4.7486312494054
-2.85342003855222,-4.44335021541387
-2.93888293460659,-4.09598414848014
-3.01698477519588,-3.70748453023319
-3.08692062630211,-3.27979427533582
-3.14793466531991,-2.81588413432465
-3.1993407379031,-2.31974486541451
-3.24054227342967,-1.79633039334857
-3.27105055874374,-1.25145056990456
-3.29050038122298,-0.691616123800859
-3.29866214539688,-0.123842514869862
-3.29544974046001,0.444576810536695
-3.28092367714168,1.0063143256137
-3.25528930038164,1.55425436204066
-3.21889019140181,2.08172575247384
-3.17219716858497,2.58270716613176
-3.11579355223166,3.05199377617574
-3.05035755061734,3.48531750644169
-2.97664273932133,3.87941719185513
-2.89545763808739,4.23205904491321
-2.80764534471947,4.54201140103709
-2.71406407679345,4.80898048936607
-2.61556931744066,5.03351576551346
-2.51299808129517,5.21689412407009
-2.40715563022457,5.36099218350701
-2.29880479203004,5.46815499342804
-2.18865788098671,5.54106818420281
-2.07737109430369,5.58263899338972
-1.96554116633481,5.59588996476431
-1.85370400207807,5.58386758063202
-1.74233497996552,5.54956676062261
-1.63185060638803,5.49587109526003
-1.52261121536883,5.42550789446204
-1.41492443087579,5.34101660417869
-1.30904914154186,5.24472884433358
-1.20519977393347,5.13875820460977
-1.10355068775501,5.02499795607672
-1.00424055217273,4.90512495393241
-0.907376595240773,4.7806081834419
-0.813038647329471,4.65272060836638
-0.721282924112408,4.52255319689408
-0.632145515059492,4.39103020895328
-0.545645559750408,4.2589250209587
-0.461788107062638,4.12687593401593
-0.380566661871437,3.99540155711666
-0.301965430818246,3.86491547789961
-0.225961283435652,3.73574003158864
-0.152525447898963,3.60811905606709
-0.0816249622940567,3.48222958041594
-0.0132239028796359,3.3581924384328
0.052715589343916,3.23608183034048
0.116232463142363,3.11593387753351
0.177366073061325,2.99775422895079
0.236155638632367,2.88152478534065
0.292639829821238,2.76720961083592
0.346856463159728,2.65476010113593
0.398842294367782,2.54411947520638
0.448632894574003,2.43522665354922
0.496262598457588,2.32801958137635
0.541764513750605,2.22243804990748
0.585170582552145,2.11842606384655
0.626511685816745,2.01593379811855
0.665817783194323,1.9149191823381
0.70311808112602,1.81534914733767
0.738441222749826,1.71720056446804
0.771815493752546,1.62046090531534
0.803269038831386,1.52512864695237
0.832830083909818,1.43121344582604
0.8605271596982,1.33873610183263
0.886389322608607,1.24772833299104
0.910446369433012,1.15823238032426
0.932729042580538,1.07030046203324
0.953269223047604,0.983994095721138
0.972100108667866,0.899383307230033
0.989256375558695,0.81654574451842
1.00477432104819,0.735565714873375
1.0186919867309,0.65653316356061
1.03104926065955,0.579542611721382
1.04188795803259,0.504692070889435
1.05125188007845,0.432081950896175
1.05918685116583,0.361813977141094
1.06574073447885,0.293990132220475
1.07096342688466,0.228711635734297
1.07490683388409,0.16607797474201
1.07762482577063,0.106185995833612
1.07917317632621,0.0491290681513693
1.0796094855518,-0.00500367502706505
1.07899308806541,-0.0561280103145585
1.07738494889854,-0.104165209818734
1.07484754848498,-0.149042536071555
1.07144475866362,-0.190693645750248
1.06724171151115,-0.229058903281122
1.06230466278332,-0.26408560691938
1.0567008516781,-0.295728131249855
1.05049835854273,-0.323947991235603
1.043765962034,-0.34871383393948
1.03657299711016,-0.370001364850019
1.02898921508781,-0.387793216355121
1.02108464684173,-0.402078766328585
1.01292947006354,-0.412853915033758
1.00459388133016,-0.420120828618226
0.996147973568082,-0.423887657389803
0.987661619337533,-0.424168236845903
0.979204360204642,-0.42098177909667
0.970845302320573,-0.414352561898856
0.96265301818743,-0.404309622024694
0.954695454461433,-0.390886459149926
0.947039845525836,-0.374120755878875
0.939752632459465,-0.354054118951637
0.932899386931463,-0.33073184611734
0.926544739468579,-0.304202722623694
0.920752311467286,-0.274518850780678
0.915584650258422,-0.241735515616283
0.911103166475506,-0.205911089263708
0.907368072928381,-0.167106976408479
0.904438324139746,-0.125387602884426
0.902371555662165,-0.080820449340454
0.90122402225577,-0.033476131804376
0.901050533970745,0.016571469058217
0.901904389142491,0.06924502815923
0.903837303269949,0.12446354376166
0.906899332708107,0.182142050770056
0.911138792063321,0.242191277344401
0.916602164134666,0.304517242482805
0.923334001195856,0.369020792068197
0.931376816360966,0.43559707075854
0.940770963724095,0.504134927045687
0.951554505909815,0.574516248845698
0.963763067619903,0.646615227147626
0.977429673715373,0.720297545577148
0.992584570334964,0.795419494268879
1.00925502752653,0.871827007233759
1.02746512186202,0.949354623506599
1.04723549752622,1.02782437381845
1.06858310442264,1.10704459641623
1.09152091193474,1.186808688007
1.11605759712848,1.26689379869544
1.14219720639315,1.34705948326595
1.16993878980487,1.42704632528574
1.1992760078732,1.50657455531185
1.23019671081128,1.58534268999604
1.26268249106651,1.66302622509813
1.29670821057704,1.73927642231019
1.33224150509132,1.81371923728976
1.36924226891495,1.88595444427773
1.40766212463928,1.95555502095107
1.44744388376236,2.02206686547077
1.48852100563276,2.08500892568532
1.53081706382048,2.14387382769456
1.57424523082516,2.19812909692093
1.61870779393833,2.24721906881964
1.66409571703731,2.29056758763231
1.71028826504017,2.32758158930887
1.75715270961435,2.3576556579915
1.80454413640858,2.38017763335891
1.85230537545094,2.39453532780114
1.90026707729486,2.40012438709006
1.94824795785256,2.3963572954037
1.99605523448037,2.38267348505911
2.04348527461987,2.35855046336208
2.09032447601131,2.32351581441202
2.13635039406217,2.27715987399599
2.18133312729308,2.21914881309778
2.22503696586537,2.14923780303358
2.26722230105805,2.06728387652344
2.30764778532511,1.97325804843108
2.34607272343529,1.86725622213865
2.38225966548123,1.74950838730295
2.41597716263646,1.62038561645122
2.44700263691585,1.4804043950841
2.47512530739046,1.33022787493028
2.50014910788763,1.17066372326614
2.52189552572279,1.00265835120553
2.54020628796322,0.827287436732748
2.55494582151388,0.64574280789555
2.56600341620077,0.459315909910567
2.57329502608648,0.269378237417928
2.57676465336872,0.0773592594804076
2.57638527105843,-0.115277509959077
2.57215925469418,-0.307059548590043
2.56411830894284,-0.49653066409108
2.55232289126916,-0.682275813306651
2.53686115107845,-0.862944608191982
2.5178474180037,-1.0372727822624
2.49542028655284,-1.20410099478269
2.46974035551021,-1.36239048150969
2.4409876888305,-1.51123521106401
2.40935907000001,-1.64987036470913
2.37506512390398,-1.77767711429274
2.3383273792585,-1.89418381912826
2.299375340939,-1.99906389005496
2.25844363549568,-2.09213067228003
2.21576928530705,-2.17332977462656
2.17158915774672,-2.24272932048649
2.12613762598518,-2.30050861612227
2.07964446814123,-2.34694572762613
2.03233302189176,-2.382404432656
1.98441860271843,-2.40732097154103
1.93610718599388,-2.42219096924432
1.88759434627247,-2.4275568396016
1.8390644415498,-2.42399592039701
1.79069002590855,-2.41210952573172
1.74263147083237,-2.3925130435857
1.69503677345206,-2.36582715350178
1.64804152896248,-2.33267019324008
1.6017690442698,-2.29365166472164
1.55633057044348,-2.24936683872875
1.51182563260465,-2.20039239436381
1.46834243733974,-2.14728301259751
1.42595833945765,-2.09056883257562
1.38474035179848,-2.03075367381658
1.34474568375872,-1.96831392610429
1.3060222961465,-1.9036980108776
1.26860946186325,-1.83732632241988
1.23253832368128,-1.76959156343065
1.19783244202277,-1.70085939699138
1.16450832712509,-1.63146934500092
1.13257595129325,-1.56173587143573
1.10203923809124,-1.49194959696507
1.07289652631402,-1.42237859928369
1.04514100742075,-1.35326976084859
1.01876113580782,-1.28485013241543
0.993741011870825,-1.21732828680783
0.970060738261435,-1.15089564269647
0.947696750101757,-1.08572774282598
0.926622120188962,-1.02198547513179
0.90680684041921,-0.959816228582595
0.888218080793976,-0.899354978415402
0.870820427454447,-0.840725297758665
0.854576101230275,-0.784040294520509
0.839445158195869,-0.729403473911811
0.825385673707935,-0.676909528132224
0.812353911358227,-0.626645055622203
0.800304478220659,-0.578689212922719
0.789190467706366,-0.53311430262871
0.77896359126748,-0.489986301210265
0.769574300113047,-0.449365330639734
0.760971898020976,-0.411306077832166
0.753104646249615,-0.375858165904762
0.745919861472945,-0.34306648120898
0.739364007585079,-0.312971460003245
0.733382782143456,-0.285609338528541
0.727921198146002,-0.261012370134093
0.72292366176575,-0.23920901298399
0.718334046596942,-0.220224091763607
0.714095764899303,-0.2040789367007
0.710151836261821,-0.190791503122014
0.706444954043842,-0.18037647468234
0.702917549889279,-0.172845353328279
0.699511856549188,-0.168206538991227
0.696169969188722,-0.166465401940293
0.692833905296469,-0.167624350662115
0.689445663257557,-0.171682898066449
0.685947279596613,-0.178637728739197
0.682280884843207,-0.188482769873206
0.678388757920776,-0.201209268396566
0.674213378911019,-0.216805876683298
0.669697479999586,-0.235258749067432
0.664784094366402,-0.256551651184037
0.65941660274578,-0.280666083925779
0.653538777348386,-0.307581423527526
0.647094822810005,-0.337275078971554
0.640029413811776,-0.369722667539653
0.632287729004107,-0.404898208924464
0.623815480862782,-0.442774337849553
0.614558941111814,-0.483322534635817
0.604464961364362,-0.526513372590809
0.593480988661558,-0.572316780488087
0.581555075630173,-0.620702317746374
0.568635885034889,-0.671639459213986
0.554672688570223,-0.725097885713237
0.539615359821947,-0.781047775702642
0.52341436142909,-0.839460092571319
0.50602072659608,-0.900306861188801
0.48738603524152,-0.963561426392385
0.467462385226245,-1.02919868509962
0.446202359280009,-1.09719528268074
0.423558988444502,-1.16752976310902
0.399485713071817,-1.24018266121779
0.373936342663415,-1.31513652412436
0.346865016106936,-1.39237584752164
0.318226164168514,-1.47188691108098
0.28797447642891,-1.55365749564392
0.256064875214813,-1.63767646320001
0.222452499474498,-1.72393317884952
0.187092701982025,-1.81241675203422
0.149941063728566,-1.90311507229777
0.110953429875151,-1.99601361272927
0.0700859721996157,-2.09109397208601
0.0272952835721756,-2.1883321244396
-0.0174614893619381,-2.28769634312638
-0.0642264684309217,-2.38914476392161
-0.113040813536647,-2.49262255085386
-0.163944431285237,-2.59805862713709
-0.216975613573318,-2.70536193358906
-0.272170596310977,-2.81441717796629
-0.32956302775457,-2.92508004129963
-0.389183335287827,-3.03717181208079
-0.451057978976602,-3.15047342665388
-0.515208579893028,-3.26471890514584
-0.581650911136607,-3.37958818757945
-0.650393739768977,-3.49469939541353
-0.721437508641927,-3.60960057069551
-0.794772848472375,-3.72376097938696
-0.870378912663109,-3.83656210831228
-0.948221530464283,-3.9472885375461
-1.02825117831512,-4.0551189326045
-1.11040077480532,-4.15911747380209
-1.19458331185731,-4.25822612315689
-1.28068934364193,-4.35125822085552
-1.36858436554888,-4.43689400077813
-1.45810612831448,-4.51367871344633
-1.54906194712855,-4.58002413840317
-1.64122608200939,-4.63421434741847
-1.73433728355223,-4.67441663334425
-1.8280966166654,-4.6986985326174
-1.9221656931418,-4.7050518258119
-2.01616546055864,-4.69142428248182
-2.10967570838793,-4.6557597062859
-2.20223546033465,-4.59604651908156
-2.29334442255312,-4.51037468894333
-2.38246564817459,-4.39700025669084
-2.46902955728147,-4.25441606129119
-2.55243941627173,-4.08142653566153
-2.63207833042507,-3.87722368889925
-2.7073177385175,-3.64146067565503
-2.77752732014088,-3.37431876103954
-2.84208613834359,-3.0765631122
-2.90039474753834,-2.74958277628599
-2.95188790623644,-2.39541051461811
-2.99604745420852,-2.01671889975354
-3.03241485276821,-1.616790246505
-3.06060285313401,-1.19945948605407
-3.08030575770375,-0.76903089344077
-3.09130777630472,-0.330171482465448
-3.09348905421594,0.112214304665354
-3.08682905717231,0.553122463167054
-3.07140713299346,0.987592643804392
-3.04740021916844,1.41084906370081
-3.01507781803757,1.81843164720116
-2.97479450318606,2.20631076012647
-2.92698034061619,2.57098025445788
-2.8721296971742,2.90952526075549
-2.81078896116103,3.21966305735599
-2.74354371463536,3.49975720921353
-2.67100587599952,3.74880682905458
-2.59380128053025,3.96641413727112
-2.51255809316101,4.15273440791147
-2.4278963605891,4.3084128659594
-2.34041891711463,4.43451317477134
-2.2507037679966,4.53244188740919
-2.15929799146859,4.60387271817158
-2.06671313000705,4.65067381392543
-1.97342198528388,4.67484045641713
-1.87985669012895,4.67843488039142
-1.7864079041492,4.66353420372442
-1.69342496584671,4.63218687144595
-1.60121683104676,4.58637753448989
-1.51005363285517,4.52799992081506
-1.42016870990302,4.45883700502575
-1.33176096519456,4.38054762966398
-1.24499743564396,4.29465866012959
-1.16001597091328,4.20256174779241
-1.07692793834434,4.10551381512263
-0.995820887835513,4.00464044731665
-0.916761125953707,3.90094146417247
-0.839796162126455,3.79529804377832
-0.764957001336125,3.68848086837664
-0.69226026737586,3.58115885726781
-0.621710148546678,3.47390813842311
-0.553300163852913,3.36722098767654
-0.487014752490247,3.2615145311751
-0.42283069292565,3.15713906320579
-0.360718360344332,3.0543858781361
-0.300642832873252,2.95349455288154
-0.242564857952397,2.85465964609171
-0.186441690661075,2.75803680322213
-0.132227815841926,2.66374827390518
-0.0798755656048585,2.57188786054732
-0.0293356433220486,2.48252532576172
0.0194424353878738,2.39571029187846
0.0665099748892048,2.31147566903257
0.111918795921937,2.22984064977422
0.155720987869484,2.15081330823985
0.197968709366252,2.07439284104131
0.238714030438416,2.00057148547232
0.278008810063835,1.92933614863014
0.315904603686631,1.86066977878544
0.352452595824852,1.79455250794064
0.387703553464167,1.73096259209606
0.421707796437094,1.66987717336541
0.454515181446988,1.61127288579648
0.486175096811337,1.55512632459089
0.516736465372333,1.50141439639784
0.546247753357242,1.45011456648862
0.574756983269862,1.40120501690404
0.602311749160264,1.35466472810245
0.628959232856164,1.31047349521493
0.654746219948311,1.26861188872796
0.679719114506859,1.22906116825316
0.703923951668265,1.19180315699752
0.727406407374927,1.15682008360675
0.750211804674635,1.12409439720788
0.772385116095666,1.09360856071805
0.793970961707789,1.06534482680324
0.815013602560847,1.03928500025981
0.835556929262494,1.01541019004249
0.855644445516116,0.993700553673133
0.875319246490208,0.974135036327047
0.894623991932467,0.956691106506244
0.913600873976539,0.941344489866953
0.932291579617657,0.928068902470093
0.950737247856131,0.916835784465921
0.968978421525656,0.907614035006308
0.987054993837378,0.900369748998954
1.00500614968151,0.89506595617685
1.02287030173664,0.891662362853122
1.04068502144354,0.890115096666183
1.05848696490615,0.890376454593243
1.07631179378786,0.892394654522299
1.09419409127758,0.89611359072451
1.11216727320783,0.901472593661293
1.13026349441692,0.908406194694486
1.14851355046034,0.916843896444562
1.16694677479367,0.926709949761947
1.18559093157106,0.937923138540769
1.20447210423092,0.950396573913176
1.22361458007476,0.964037499715739
1.24304073108675,0.978747111516645
1.26277089129185,0.994420391931993
1.28282323100945,1.01094596543899
1.30321362842875,1.02820597640944
1.32395553901225,1.04607599463333
1.34505986332433,1.06442495317227
1.36653481398505,1.08311512396694
1.38838578256311,1.10200213720938
1.41061520734843,1.12093505106591
1.43322244308162,1.13975647888143
1.45620363386561,1.15830278149066
1.47955159064122,1.17640433268176
1.50325567477314,1.1938858661752
1.52730168946174,1.21056691266479
1.55167178086781,1.22626233548435
1.57634435100701,1.24078297327551
1.60129398463437,1.25393639760237
1.62649139249169,1.26552779274667
1.65190337342531,1.27536096388657
1.67749279799295,1.28323947847524
1.70321861625704,1.28896794386364
1.72903589250236,1.29235342202972
1.75489586960714,1.29320697967129
1.78074606573265,1.29134536889047
1.80653040586716,1.28659283026035
1.83218939055814,1.27878300625186
1.85766030388568,1.26776094886886
1.88287746236333,1.25338520096974
1.90777250599752,1.2355299262511
1.93227473219084,1.21408705836142
1.95631147253993,1.18896843525629
1.97980851185996,1.16010788087531
2.0026905479731,1.12746319270821
2.02488168994045,1.09101799102472
2.04630599151196,1.05078338367472
2.06688801563764,1.0067993996172
2.08655342494942,0.959136144884213
2.10522959221498,0.907894636673745
2.12284622391085,0.853207274791505
2.13933598929549,0.795237914770771
2.15463514671331,0.734181513668029
2.16868415835992,0.670263327666195
2.18142828441366,0.603737650045152
2.19281814731291,0.534886088554919
2.20281025705069,0.46401539243424
2.21136748867818,0.391454850882178
2.21845950376036,0.317553296294679
2.22406310830482,0.242675756580351
2.22816254067303,0.167199810927083
2.23074968416085,0.0915117120830691
2.23182420026864,0.0160023451685388
2.23139358013459,-0.0589369020576299
2.22947311313351,-0.132918279907789
2.22608577320153,-0.205561750620836
2.2212620249863,-0.276498919662264
2.21503955339568,-0.345376753194038
2.20746292148147,-0.411861016961079
2.19858316280941,-0.475639380169227
2.1884573154993,-0.536424137702282
2.17714790594551,-0.593954514830403
2.16472239083184,-0.6479985299586
2.15125256642812,-0.698354402509148
2.13681395430047,-0.744851504301484
2.12148517249247,-0.787350863403743
2.10534730095697,-0.825745239053293
2.08848324956013,-0.859958794619236
2.070977136368,-0.88994640252191
2.05291368319114,-0.915692620423212
2.03437763453541,-0.937210381821098
2.01545320521959,-0.954539446452982
1.99622356100142,-0.967744656724978
1.97677033563283,-0.97691404587282
1.95717318686559,-0.982156841895841
1.93750939307279,-0.983601408679996
1.91785349135576,-0.981393162342343
1.89827695728429,-0.975692496890435
1.87884792577848,-0.966672748990068
1.85963095208947,-0.954518227152231
1.84068681137517,-0.939422326143141
1.82207233499518,-0.921585743024134
1.80384028136358,-0.901214807050328
1.78603923899229,-0.878519931782313
1.76871355922721,-0.853714194253901
1.7519033161135,-0.827012042929236
1.73564429081995,-0.79862813349306
1.71996797809428,-0.768776289251089
1.70490161230545,-0.737668581062145
1.6904682107455,-0.705514520258674
1.6766866320061,-0.672520356908652
1.66357164740619,-0.638888474995866
1.65113402362079,-0.604816875610666
1.639380614842,-0.570498739012052
1.62831446298648,-0.536122056407699
1.61793490464518,-0.501869322466051
1.60823768364818,-0.467917279891625
1.59921506828634,-0.434436707831615
1.59085597239122,-0.401592246412817
1.58314607962263,-0.369542250310279
1.57606797044877,-0.338438664903601
1.56960125142593,-0.308426919267558
1.56372268649256,-0.279645830957324
1.55840633008635,-0.252227518274504
1.55362366197155,-0.22629731642963
1.54934372372862,-0.201973694742938
1.5455332569078,-0.179368172742293
1.54215684288437,-0.158585233720326
1.539177044475,-0.139722234997863
1.53655454938305,-0.122869314803386
1.53424831553608,-0.108109296314457
1.53221571836182,-0.09551759001223
1.53041270002003,-0.0851620960694817
1.52879392056789,-0.0771031090205633
1.52731291098688,-0.0713932274423597
1.52592222793991,-0.0680772718022323
1.5245736100607,-0.0671922139951677
1.52321813550396,-0.0687671223908571
1.52180638040592,-0.0728231264350962
1.52028857782247,-0.0793734049918944
1.51861477662773,-0.088423202666778
1.51673499977118,-0.0999698783126162
1.51459940120892,-0.114002989782816
1.51215842074508,-0.130504418760427
1.50936293594658,-0.149448539154995
1.50616441022829,-0.170802432123463
1.50251503615008,-0.194526150241126
1.49836787292241,-0.220573032730032
1.49367697708612,-0.248890072954511
1.48839752531528,-0.279418338628418
1.48248592829109,-0.312093444360185
1.47589993461117,-0.346846075306279
1.46859872373141,-0.383602559829048
1.4605429869887,-0.42228548818058
1.45169499582105,-0.462814373380096
1.44201865638623,-0.505106349638742
1.43147954988093,-0.549076902932046
1.42004495797701,-0.594640627645045
1.40768387291929,-0.64171200263477
1.39436699196687,-0.690206179583089
1.3800666960067,-0.740039776160871
1.36475701231974,-0.791131666298999
1.34841356163573,-0.843403759766447
1.33101348976808,-0.896781763289284
1.31253538427464,-0.951195915602225
1.29295917673943,-1.00658168909665
1.27226603141397,-1.06288045110281
1.25043822109114,-1.12004007830217
1.22745899120982,-1.17801551828835
1.20331241330251,-1.23676929285947
1.17798322900049,-1.29627193820514
1.15145668590238,-1.35650237772248
1.12371836669151,-1.41744822372915
1.0947540129577,-1.47910600481018
1.06454934523997,-1.54148131591174
1.03308988086199,-1.60458888855231
1.00036075118314,-1.66845257863358
0.966346519938561,-1.73310526927605
0.931031004395586,-1.79858868585448
0.894397101114228,-1.86495311994399
0.856426618172201,-1.93225705819125
0.817100115803411,-2.00056671117663
0.776396757509362,-2.06995543611919
0.734294173840305,-2.14050304578191
0.690768341213178,-2.21229499414968
0.64579347834228,-2.28542142736936
0.599341963112146,-2.35997608605572
0.55138427302643,-2.43605504238123
0.501888952727505,-2.51375525239021
0.450822612504768,-2.59317290072728
0.398149962200384,-2.67440151147765
0.343833885483864,-2.7575297951326
0.287835560104469,-2.84263919788891
0.230114630444606,-2.92980111566972
0.170629439486914,-3.01907373155754
0.109337328168475,-3.11049843195046
0.0461950110186247,-3.2040957539436
-0.0188409620522578,-3.29986081453094
-0.0858136469491317,-3.39775817164388
-0.154765037719495,-3.49771606832664
-0.225735277216379,-3.59962001516443
-0.298761732469679,-3.70330567324091
-0.373877920490602,-3.80855101138582
-0.451112269868655,-3.91506772843168
-0.530486703559942,-4.0224919549489
-0.612015028860001,-4.13037428094252
-0.695701121884892,-4.23816919784879
-0.781536896163634,-4.3452240964701
-0.869500048417684,-4.45076802874131
-0.959551579540988,-4.55390052165026
-1.05163309548854,-4.65358082691863
-1.14566390152931,-4.74861809997123
-1.24153791440049,-4.83766312473941
-1.33912043054637,-4.91920233355997
-1.43824480497596,-4.99155500800054
-1.53870911432361,-5.05287467796658
-1.64027289922529,-5.10115585041631
-1.74265410462247,-5.13424727894709
-1.84552636119472,-5.14987301094918
-1.94851677547864,-5.14566239603472
-2.05120441852651,-5.11919008202276
-2.15311972084396,-5.06802673713521
-2.25374499198904,-4.9898007972607
-2.35251628341676,-4.88227093169714
-2.4488267995806,-4.74340815032485
-2.54203203182203,-4.57148556039018
-2.63145673972104,-4.36517276803152
-2.71640383407575,-4.12363088295661
-2.79616512503894,-3.84660312702671
-2.87003379096813,-3.53449529420313
-2.93731830368636,-3.18843989640305
-2.99735742223087,-2.81033788616608
-3.04953575023209,-2.40287247186555
-3.09329925375111,-1.96949078028354
-3.12817006885055,-1.51435094670777
-3.15375990211767,-1.04223451103496
-3.16978135042214,-0.558426573205334
-3.17605654137292,-0.0685687511272752
-3.17252262062509,0.421507704154158
-3.15923377794087,0.905959529196226
-3.13635969717548,1.37910972873277
-3.10418051902624,1.83561638057089
-3.06307860097377,2.27062268749086
-3.01352752894172,2.67988066203329
-2.95607896569753,3.0598430852802
-2.89134800276433,3.4077209515886
-2.81999771225462,3.72150620344842
-2.74272357489308,3.99996190653609
-2.66023839768198,4.24258390853336
-2.57325823961008,4.44953934210129
-2.48248974857178,4.62158803409912
-2.38861918928645,4.75999300711204
-2.29230332118145,4.86642589931674
-2.19416217537572,4.9428724110822
-2.09477368686425,4.99154194770739
-1.99467006488315,5.01478459477248
-1.8943357320057,5.01501754176124
-1.79420662970964,4.99466213919286
-1.69467067261426,4.95609198402551
-1.59606913223855,4.90159180121514
-1.49869874064864,4.83332642888931
-1.40281432151414,4.7533189086173
-1.30863177799222,4.66343650954979
-1.21633129108961,4.56538345026574
-1.12606060682378,4.46069909886281
-1.03793831423108,4.3507605058891
-0.952057038117857,4.23678823518686
-0.868486489871224,4.11985458761252
-0.787276336385608,4.00089344891823
-0.708458861190705,3.88071112650315
-0.632051403310174,3.75999766407504
-0.558058568460807,3.63933823483475
-0.486474214194227,3.51922431086659
-0.417283215782887,3.40006438863336
-0.350463023351763,3.28219411842937
-0.285985023230761,3.16588574051065
-0.223815717997825,3.05135677388907
-0.163917740414926,2.93877793705088
-0.106250716612483,2.82828030473146
-0.0507719936051452,2.71996172283786
0.00256275435209554,2.61389251600086
0.0537990268345644,2.51012053023323
0.102983092912853,2.40867555776944
0.150161669545133,2.30957319319822
0.19538167181632,2.21281817015499
0.238690025118998,2.1184072266634
0.280133530313179,2.0263315451359
0.31975877379645,1.93657881039669
0.357612075254046,1.84913492612864
0.393739466635629,1.76398542705701
0.42818669662088,1.68111662110027
0.460999255490567,1.60051649273458
0.492222415916138,1.52217539599353
0.521901285722639,1.44608656289281
0.550080869171009,1.37224645064769
0.576806133750686,1.30065494884139
0.602122079876269,1.2313154656987
0.62607381124663,1.16423491080742
0.648706603955101,1.09942358999462
0.670065972738435,1.03689502658453
0.690197733023168,0.976665721922627
0.709148057673245,0.918754866824951
0.726963527564558,0.863184014487111
0.743691175312201,0.809976724346045
0.759378521656277,0.759158185416812
0.774073604173341,0.710754826714068
0.787824998124036,0.664793921504366
0.800681829374111,0.6213031913137
0.812693779436619,0.58031041482971
0.823911082778267,0.541843046086328
0.834384516613444,0.505927845598631
0.84416538347582,0.472590527426934
0.853305486910411,0.441855424492221
0.861857100669111,0.413745173841283
0.869872931820747,0.388280422971225
0.877406078203309,0.365479557771355
0.884509980651965,0.345358452127833
0.891238370432625,0.327930238764864
0.897645212297895,0.313205100466857
0.903784643561227,0.301190080440134
0.909710909556782,0.291888910230747
0.91547829581773,0.285301853316624
0.921141057265538,0.281425562237073
0.926753344657772,0.280252946909144
0.932369128493197,0.281773051606929
0.938042120521011,0.285970937944399
0.943825692946849,0.292827571102312
0.949772795372248,0.30231970647278
0.955935869447324,0.31441977385847
0.962366761159059,0.329095756354958
0.96911663062024,0.34631106106235
0.97623585916745,0.366024378814394
0.983773953520856,0.388189530179189
0.991779446704513,0.41275529507504
1.00029979537383,0.439665223459237
1.00938127314738,0.468857424688473
1.01906885949394,0.500264333320734
1.02940612368284,0.533812449334695
1.04043510326793,0.569422050990022
1.05219617654245,0.607006878848647
1.06472792837628,0.646473789832313
1.0780670088285,0.687722380616713
1.09224798391905,0.730644580169995
1.10730317794553,0.775124211847273
1.12326250674609,0.821036526168546
1.14015330134047,0.868247706251126
1.1580001214299,0.916614348856235
1.17682455830726,0.965982925159384
1.19664502682402,1.01618922668143
1.21747654618395,1.06705780333594
1.23933050948974,1.11840140226963
1.26221444216095,1.17002041810361
1.28613174957522,1.22170236732385
1.31108145456242,1.27322140191342
1.33705792570857,1.32433787984853
1.36405059780516,1.37479801276561
1.39204368621383,1.42433361390099
1.4210158974062,1.47266197224612
1.45094013848646,1.51948588166258
1.48178322910532,1.56449385635641
1.51350561982679,1.60736056648438
1.54606112170476,1.64774752959703
1.57939665255447,1.68530409492463
1.61345200615071,1.71966875797124
1.64815965132922,1.75047084226191
1.68344456868794,1.77733258313856
1.71922413325005,1.79987164496329
1.75540805202725,1.81770409771223
1.79189836587101,1.83044787150057
1.82858952527673,1.83772669788302
1.86536854986629,1.83917453470609
1.90211528106919,1.83444045682039
1.93870273700464,1.82319397818712
1.97499757769206,1.80513075207155
2.01086068744926,1.77997857551732
2.04614787964624,1.74750360273508
2.08071072685721,1.70751665020828
2.11439751689584,1.65987945519793
2.14705433225574,1.60451073006351
2.1785262471587,1.54139183868202
2.20865863281384,1.47057190957838
2.23729855771336,1.39217219450167
2.26429626596412,1.30638948230163
2.28950671292828,1.21349838707071
2.31279113398876,1.11385234727796
2.33401861924113,1.00788319926012
2.35306766451975,0.896099223662787
2.36982766755523,0.779081606379366
2.38420033737508,0.657479304775274
2.3961009854049,0.532002363518725
2.40545966816721,0.403413779720052
2.41222215401737,0.272520071539578
2.41635068995436,0.140160755049418
2.41782454909287,0.00719697808138628
2.41664034472175,-0.125500405504272
2.41281210279702,-0.257063014318883
2.40637109098162,-0.38663705328335
2.39736540868744,-0.51339504816372
2.38585934872913,-0.636546902191207
2.37193254690761,-0.755350004430038
2.35567894087586,-0.8691181583636
2.33720556381125,-0.977229146200627
2.31663120158989,-1.07913079695052
2.29408494424786,-1.17434548148209
2.26970466349814,-1.26247301268813
2.24363544798268,-1.34319198087477
2.2160280268584,-1.41625960130916
2.18703721036571,-1.48151019072106
2.15682037336116,-1.53885242126339
2.12553600458137,-1.58826552337373
2.09334234082114,-1.62979462307816
2.06039610142744,-1.66354540496053
2.02685133469434,-1.68967829009456
1.99285838403195,-1.70840230979908
1.95856297829497,-1.71996884239733
1.92410544748296,-1.7246653625792
1.88962006223083,-1.72280933279852
1.85523449313365,-1.7147423446138
1.82106938400959,-1.70082459607853
1.78723803169664,-1.68142977011057
1.75384616388083,-1.65694035892727
1.72099180573564,-1.62774346163972
1.68876522577199,-1.59422706629281
1.65724895121136,-1.55677681418962
1.62651784335169,-1.51577323329075
1.59663922375141,-1.47158941875978
1.56767304256417,-1.42458913218559
1.53967208097479,-1.37512528644386
1.51268218037923,-1.32353878032154
1.48674249168436,-1.27015764566453
1.46188573885158,-1.21529646966305
1.43813849154923,-1.15925605571464
1.41552144249516,-1.10232328787608
1.39404968575038,-1.04477116602821
1.37373299285785,-0.986858981355588
1.35457608430164,-0.928832604437703
1.33657889428818,-0.870924861036154
1.31973682732153,-0.813355973446576
1.30404100546,-0.756334047989647
1.28947850550408,-0.700055591787804
1.27603258567831,-0.644706044375893
1.26368290163631,-0.590460311901854
1.25240571184289,-0.53748329367677
1.24217407257325,-0.48593039263039
1.2329580229225,-0.435948002824443
1.22472476034054,-0.387673968582609
1.21743880730435,-0.341238011027873
1.21106216981232,-0.296762118892423
1.20555448843866,-0.254360901400806
1.20087318272167,-0.214141901842777
1.19697358967965,-0.176205871166683
1.19380909725561,-0.140647001555009
1.19133127348674,-0.107553120507139
1.18948999217882,-0.077005846464882
1.18823355584059,-0.0490807074865347
1.18750881659831,-0.0238472249153449
1.18726129576758,-0.00136896440645047
1.1874353027083,0.018296442921738
1.1879740535295,0.0350973060567007
1.18881979014349,0.0489879028492718
1.18991390009496,0.0599285280628442
1.1911970375088,0.0678855564695643
1.19260924541258,0.0728315164217679
1.19409007959476,0.0747451690278486
1.1955787340599,0.073611587798746
1.19701416803707,0.0694222334134715
1.1983352343889,0.0621750180894229
1.19948080915733,0.0518743539458505
1.20038992186966,0.0385311797267318
1.20100188611602,0.0221629603119177
1.20125642979969,0.00279365360108073
1.20109382435557,-0.0195463603894564
1.20045501213225,-0.0448203930166407
1.19928173104205,-0.0729856074194433
1.19751663550162,-0.103993229603943
1.19510341261799,-0.137788813283709
1.19198689252022,-0.174312560778259
1.18811315169989,-0.213499701407788
1.18342960820363,-0.255280927881925
1.17788510752135,-0.299582890179015
1.17142999803401,-0.346328745368162
1.16401619492634,-0.395438760758466
1.15559723153322,-0.446830966689563
1.14612829717245,-0.50042185422622
1.1355662606216,-0.556127112008672
1.12386967852151,-0.613862395559929
1.11099878813139,-0.673544121479837
1.09691548402016,-0.735090278178811
1.08158327845242,-0.798421244134027
1.06496724541338,-0.863460604095352
1.0470339484134,-0.930135953230415
1.02775135241601,-0.998379678875847
1.00708872044278,-1.06812970934725
0.985016495620092,-1.13933021914063
0.961506169647323,-1.21193227981414
0.936530138879784,-1.28589444584719
0.91006154943364,-1.36118326480576
0.882074132933216,-1.43777370116465
0.852542034734155,-1.51564946311415
0.821439636670289,-1.59480322156959
0.788741376589794,-1.67523671036852
0.754421567170218,-1.75696069623783
0.718454216736051,-1.83999480650309
0.680812855051196,-1.92436720165224
0.641470367327443,-2.01011407871997
0.600398839984777,-2.09727898999345
0.557569422026904,-2.18591195972724
0.51295220626278,-2.2760683793763
0.466516135019664,-2.36780765930124
0.418228935462789,-2.46119161197525
0.368057090168326,-2.55628253844924
0.315965849196493,-2.65314098625736
0.261919290585724,-2.75182314314427
0.205880436940259,-2.85237782708182
0.14781143661306,-2.95484302917758
0.0876738188905505,-3.05924196248208
0.025428833557062,-3.16557856667229
-0.0389621137599312,-3.27383241651297
-0.105536918011616,-3.38395298137493
-0.174332109420595,-3.49585318454932
-0.245382051961046,-3.60940221542613
-0.318717990278367,-3.72441755576046
-0.394366929046831,-3.84065619438474
-0.472350328433798,-3.95780502419072
-0.552682599474438,-4.07547044255307
-0.635369383936403,-4.1931672133224
-0.720405604879857,-4.31030669692237
-0.807773276842482,-4.4261846168072
-0.897439068685535,-4.5399686072993
-0.989351617940948,-4.6506858809896
-1.08343860333701,-4.75721146411342
-1.17960359239048,-4.85825757516145
-1.27772269385069,-4.95236486334429
-1.37764106061661,-5.03789637499838
-1.4791693076553,-5.11303527019519
-1.58207993137871,-5.17578745755924
-1.68610384156951,-5.22399043712917
-1.79092714361407,-5.25532971881333
-1.89618833637725,-5.26736419279969
-2.0014761178825,-5.25756173963457
-2.10632801478784,-5.22334615117892
-2.21023006962092,-5.1621560601762
-2.31261782846799,-5.07151602251835
-2.41287886755973,-4.94911915112626
-2.51035707616868,-4.79291977106458
-2.60435887202803,-4.60123348519267
-2.69416146166885,-4.3728408727791
-2.77902317084993,-4.10708988846279
-2.85819576110834,-3.80399101553722
-2.93093852171862,-3.4642985077116
-2.99653378946666,-3.08957078450012
-3.05430341207881,-2.68220336598303
-3.10362554771566,-2.24542873529364
-3.14395109661143,-1.78327922060281
-3.17481900514707,-1.30051131735205
-3.19586967829663,-0.80249264964252
-3.20685578993161,-0.295055730464782
-3.20764989235857,0.21567450249977
-3.19824839040716,0.723470065183887
-3.17877164860985,1.22219535766481
-3.14946022463232,1.70599722141322
-3.11066744736933,2.16947869819435
-3.06284876317542,2.60784706242737
-3.00654844042041,3.01702899315553
-2.9423843378211,3.3937485492248
-2.87103149910264,3.73556657299386
-2.79320533554375,4.04088294530831
-2.70964510498546,4.30890547637563
-2.62109830162792,4.53959096126875
-2.52830644874167,4.73356497378191
-2.43199265026698,4.89202733187895
-2.33285112009449,5.01664993074335
-2.23153878023471,5.10947294226455
-2.12866890873585,5.17280437953039
-2.0248067296089,5.20912687436288
-1.92046677181231,5.22101434660511
-1.81611178185025,5.2110601561509
-1.71215295239844,5.18181738907845
-1.60895122422794,5.13575117255656
-1.50681942676888,5.07520234818946
-1.4060250401852,5.00236144973121
-1.30679338540519,4.91925170596102
-1.20931107528191,4.82771969407302
-1.11372958765315,4.7294322727636
-1.02016884783835,4.62587849857907
-0.928720732898114,4.51837534895964
-0.839452432091182,4.40807622030248
-0.752409617061429,4.2959813235054
-0.667619391306969,4.18294925146506
-0.5850930015508,4.06970913527741
-0.504828303991497,3.95687293386382
-0.426811986375138,3.84494751319824
-0.351021552734111,3.73434626570422
-0.277427081821164,3.62540009833762
-0.205992773044643,3.5183676806951
-0.136678295369179,3.41344489389877
-0.0694399554348007,3.31077345886098
-0.00423170127928761,3.21044875067188
0.0589940222997727,3.1125268260066
0.120285551391497,3.01703070417307
0.179691399181435,2.92395595107531
0.23725975731773,2.83327562010458
0.293038090129243,2.74494460575624
0.347072810506362,2.65890346538765
0.399409027346469,2.57508176261533
0.450090355507824,2.4934009828946
0.499158780191263,2.41377706821886
0.546654568568613,2.33612261391419
0.592616222295354,2.26034876640633
0.637080465281703,2.18636685676454
0.680082261752755,2.11408980089157
0.7216548602081,2.04343329351194
0.761829859399395,1.97431681965908
0.800637292886347,1.90666450420771
0.838105729113484,1.84040581715271
0.87426238427832,1.77547614980429
0.90913324554214,1.71181727484426
0.942743202373761,1.64937770125991
0.975116184020044,1.58811293352449
1.00627530127002,1.52798564300899
1.03624299082745,1.46896575846968
1.06504116073388,1.41103048153886
1.09269133539549,1.35416423243135
1.11921479886561,1.29835853054511
1.14463273512422,1.24361181425916
1.1689663641794,1.18992920399418
1.19223707289554,1.13732221247963
1.21446653953157,1.08580840614447
1.23567685105124,1.03541102159692
1.25589061234759,0.986158541261402
1.27513104660678,0.938084232379995
1.29342208612174,0.89122565374288
1.31078845295536,0.845624134671277
1.32725572894458,0.801324230922498
1.34285041463173,0.758373162306473
1.35759997680582,0.716820236885531
1.37153288443458,0.67671626666507
1.38467863286599,0.638112979665125
1.39706775627528,0.601062433187088
1.40873182842842,0.565616432953426
1.41970345192454,0.531825962601171
1.43001623616733,0.499740627753888
1.43970476439653,0.469408118585846
1.44880455018552,0.440873694431618
1.45735198387826,0.414179693591571
1.4653842694972,0.38936507104681
1.47293935270382,0.366464966335392
1.48005584043343,0.345510303364695
1.48677291285684,0.326527423452815
1.49313022834224,0.30953775241462
1.49916782210267,0.294557502045355
1.50492599921664,0.28159740591544
1.51044522270411,0.270662488982624
1.51576599732583,0.261751870159272
1.52092874975406,0.254858596649321
1.52597370573572,0.249969508596583
1.53094076483775,0.247065132367178
1.53586937332935,0.246119600626654
1.54079839571745,0.247100597268252
1.54576598541271,0.249969325202992
1.55080945496348,0.254680495034271
1.55596514625602,0.261182332707819
1.5612683010425,0.269416604349795
1.56675293212399,0.279318656678659
1.57245169548561,0.290817471596463
1.57839576365561,0.303835733828644
1.58461470054062,0.318289910783699
1.59113633797576,0.334090344140762
1.59798665422258,0.351141353039181
1.60518965464855,0.369341349134394
1.61276725483163,0.388582964193496
1.62073916635098,0.408753191325874
1.62912278555084,0.42973354137317
1.63793308559989,0.451400216411822
1.64718251221111,0.473624302743392
1.65688088343926,0.496271986154746
1.66703529403229,0.519204792613238
1.67765002488006,0.542279857911577
1.68872645817707,0.565350230082354
1.70026299899486,0.588265208651503
1.71225500404327,0.610870724980405
1.72469471848559,0.633009768044075
1.7375712217599,0.654522859993253
1.75087038344503,0.675248585735706
1.76457483029183,0.695024180531216
1.77866392561704,0.713686179209711
1.79311376232382,0.731071130078174
1.8078971708676,0.747016375865697
1.82298374352412,0.761360903156067
1.83833987633509,0.773946260665528
1.85392883010119,0.784617545435779
1.8697108117594,0.793224454530234
1.88564307741677,0.799622398152775
1.90168005821301,0.803673668267845
1.91777351004641,0.805248654812374
1.93387268801817,0.80422709948666
1.94992454622865,0.800499374935558
1.96587396329312,0.793967774935866
1.98166399363512,0.784547799052922
1.99723614426457,0.772169413190319
2.01253067635689,0.756778265609932
2.0274869305251,0.738336836429049
2.04204367422401,0.716825497393877
2.05613946925331,0.692243457969841
2.06971305684388,0.664609573560105
2.08270375733055,0.633962992036652
2.0950518809476,0.600363615801883
2.10669914584333,0.563892358333459
2.11758909901309,0.524651176619509
2.12766753550826,0.482762864057844
2.13688291100773,0.43837059223539
2.14518674265032,0.391637194456724
2.15253399293281,0.342744188857281
2.15888343148816,0.291890544293032
2.1641979696776,0.239291197794662
2.16844496316346,0.185175338040879
2.17159647797373,0.129784474859171
2.17362951602344,0.0733703200140628
2.17452619661124,0.0161925093062959
2.17427389105251,-0.0414837998934494
2.17286530832704,-0.0993904182700783
2.17029853039249,-0.157258661603988
2.16657699662453,-0.214821894177142
2.16170943766962,-0.271818037280769
2.15570975981446,-0.327992002439924
2.14859688176646,-0.383098010912278
2.14039452648037,-0.436901763947726
2.13113097133999,-0.489182432099677
2.12083876059381,-0.539734436414464
2.10955438443643,-0.588368999425125
2.09731792951514,-0.634915449356894
2.08417270591596,-0.679222266625136
2.07016485584514,-0.721157867385082
2.05534294927138,-0.760611124400167
2.03975757173612,-0.797491630672934
2.02346090938257,-0.831729715993648
2.00650633600859,-0.863276230698176
1.98894800662661,-0.892102114409443
1.97084046162953,-0.918197770316933
1.95223824522851,-0.941572267606918
1.93319554136162,-0.962252395999956
1.91376582978576,-0.980281597013453
1.89400156457032,-0.995718796597134
1.87395387672267,-1.00863716325522
1.85367230220284,-1.0191228147489
1.83320453613629,-1.02727349505067
1.81259621361744,-1.03319724148529
1.79189071711692,-1.03701106002594
1.77112901016748,-1.03883962459954
1.750349496708,-1.03881401406794
1.7295879052136,-1.03707049835643
1.70887719653238,-1.03374938305637
1.68824749418295,-1.02899391977979
1.66772603574126,-1.02294928762956
1.64733714385537,-1.01576164939429
1.62710221537095,-1.00757728450263
1.60703972702359,-0.998541799386609
1.58716525615351,-0.988799414711628
1.567491514919,-0.978492327929544
1.54802839652479,-0.967760148793452
1.52878303203504,-0.956739404827696
1.50975985640621,-0.945563113260723
1.4909606824484,-0.93436041558642
1.47238478150275,-0.923256270705154
1.45402896970486,-0.912371202492392
1.43588769878727,-0.901821097633909
1.41795315045671,-0.891717049636423
1.4002153334626,-0.882165245055996
1.38266218255033,-0.873266888169934
1.36527965856657,-0.865118160538504
1.3480518490522,-0.85781021214939
1.33096106872208,-0.851429181100407
1.31398795928916,-0.846056239045966
1.29711158814316,-0.84176765990278
1.28030954544137,-0.838634909573999
1.26355803921156,-0.836724754703312
1.24683198810434,-0.836099388707284
1.230105111465,-0.836816573551974
1.21335001642369,-0.838929795936203
1.19653828172771,-0.842488436716677
1.17964053806145,-0.84753795255825
1.16262654461862,-0.854120068914987
1.14546526170826,-0.86227298354384
1.12812491919128,-0.872031579822577
1.1105730805583,-0.883427649187012
1.09277670247316,-0.89649012201994
1.07470218961969,-0.911245306315689
1.05631544470336,-0.927717133410402
1.03758191347398,-0.945927410009286
1.01846662465189,-0.96589607565858
0.998934224658216,-0.987641464702005
0.978949007070095,-1.0111805716291
0.958474936745271,-1.03652931856576
0.937475668587252,-1.06370282347511
0.91591456095282,-1.09271566742869
0.893754683738825,-1.12358215907201
0.870958821225329,-1.15631659414399
0.847489469797867,-1.19093350761296
0.823308830723599,-1.22744791566069
0.798378798215117,-1.26587554437585
0.772660943082522,-1.30623304160532
0.74611649234992,-1.34853816794997
0.71870630529785,-1.39280996237475
0.690390846489414,-1.43906887732431
0.661130156446437,-1.4873368775862
0.630883820764289,-1.53763749641581
0.599610938591698,-1.58999584162006
0.567270091556975,-1.64443854338165
0.533819314396455,-1.70099363457994
0.49921606873709,-1.75969035322015
0.46341722170544,-1.82055885530733
0.426379031282439,-1.88362982508879
0.388057140600203,-1.94893396803057
0.348406583686622,-2.01650137018748
0.307381805508615,-2.08636070577383
0.264936699548411,-2.15853827275197
0.221024666571847,-2.23305683414564
0.175598698715397,-2.30993424058537
0.1286114935309,-2.38918180735057
0.0800156031839824,-2.47080241695427
0.0297636246025115,-2.55478831621601
-0.0221915629883483,-2.64111857491275
-0.0758965060344733,-2.72975617165521
-0.131396822318025,-2.82064467182394
-0.188736775808981,-2.91370446249387
-0.247958771501946,-3.00882851062355
-0.309102760389854,-3.10587761381376
-0.372205544160349,-3.2046751181671
-0.437299968766463,-3.30500108582276
-0.504413995783895,-3.40658590631956
-0.573569640501642,-3.5091033618778
-0.644781766097051,-3.61216317790165
-0.718056724135791,-3.71530311746859
-0.793390833146901,-3.8179807132964
-0.87076868930783,-3.91956477361852
-0.950161306507176,-4.01932685036804
-1.0315240874199,-4.11643291959081
-1.11479463292375,-4.20993559512781
-1.19989040439324,-4.29876727665852
-1.28670626229243,-4.38173472051387
-1.37511191516822,-4.45751561324919
-1.46494932566314,-4.52465781913064
-1.5560301344485,-4.58158205672405
-1.6481331787979,-4.62658882767516
-1.74100219944267,-4.6578704611027
-1.83434384669124,-4.67352913605169
-1.92782611357315,-4.67160168661647
-2.02107733868552,-4.65009186324465
-2.11368593284936,-4.60701050372198
-2.20520098971416,-4.54042374575477
-2.29513393896933,-4.44850898311888
-2.38296138966858,-4.32961773144286
-2.4681292883568,-4.18234394286925
-2.55005848066686,-4.00559562168619
-2.62815171507008,-3.79866689339639
-2.70180206388968,-3.56130703229567
-2.77040266133074,-3.29378243569332
-2.83335757459852,-2.99692723138739
-2.89009353730818,-2.67217820040188
-2.94007219096267,-2.32159005446209
-2.98280240794352,-1.94782786223586
-3.01785221616818,-1.55413456252809
-3.04485981861682,-1.14427297848094
-3.06354320594356,-0.722443445183321
-3.07370790034747,-0.293179931280067
-3.07525244341364,0.138770806141883
-3.06817134571681,0.568581127285056
-3.05255534412173,0.99147865353968
-3.02858895370954,1.4028794712436
-2.9965454433434,1.79851146508608
-2.9567794951615,2.17452167262126
-2.9097179181688,2.52756284755857
-2.8558488665447,2.85485603865082
-2.7957100596114,3.15422775303183
-2.72987651159332,3.42412199599134
-2.65894825776618,3.66358900448826
-2.58353851455751,3.87225370130844
-2.50426264169315,4.05026772335418
-2.42172819248964,4.19824930497046
-2.33652625163628,4.31721535364597
-2.24922417514885,4.40850980161886
-2.16035977003778,4.47373183242204
-2.07043688537972,4.51466695140368
-1.97992233400593,4.53322317379422
-1.88924402553425,4.53137391043901
-1.79879016639364,4.51110849086593
-1.70890936939787,4.47439070953511
-1.6199115123836,4.42312533156461
-1.53206919028921,4.35913215337651
-1.44561961568073,4.28412697617512
-1.36076683717357,4.19970870412193
-1.27768416177331,4.10735170921549
-1.19651668450554,4.00840259482183
-1.11738384578747,3.90408052374014
-1.0403819530773,3.79548034051667
-0.965586617946292,3.68357779957538
-0.893055072590474,3.56923630118028
-0.822828340836947,3.45321462917811
-0.754933247928054,3.33617527286956
-0.689384260890416,3.21869299694811
-0.626185157272739,3.10126339634751
-0.565330524649506,2.98431123622827
-0.50680709672923,2.86819843114921
-0.450594934363494,2.75323156216385
-0.396668461401587,2.63966886692335
-0.344997366333143,2.52772666679572
-0.29554738114598,2.41758521752519
-0.248280948916747,2.30939398704062
-0.203157791447223,2.20327637660212
-0.160135387840753,2.09933391038628
-0.119169374347163,1.99764992458574
-0.0802138751429497,1.89829279076928
-0.0432217729970785,1.80131871014073
-0.00814492803252088,1.70677411588864
0.0250656479472364,1.6146977203851
0.056459654822261,1.52512224285636
0.0860873991633,1.43807585153009
0.113999715495663,1.35358335233749
0.14024790905426,1.27166715413995
0.164883715841759,1.19234803825919
0.187959276335296,1.11564575788272
0.20952711967684,1.04157949074528
0.22964015562911,0.970168166382394
0.248351671984588,0.901430687236628
0.265715335481433,0.835386060982932
0.281785194609205,0.772053459632523
0.296615682981315,0.711452219277741
0.310261622212347,0.653601792752061
0.322778223468826,0.598521665997878
0.334221087063981,0.546231247556556
0.344646199642339,0.496749739316798
0.354109928650748,0.450095995475191
0.362669013920462,0.406288375573188
0.370380556292052,0.365344596474576
0.377302003302897,0.327281587233617
0.383491132027593,0.292115349973543
0.389006029216368,0.259860829145238
0.393905068917131,0.230531790863745
0.398246887794659,0.204140713422835
0.402090358377044,0.180698689561965
0.405494560466313,0.160215340602058
0.40851875094844,0.142698742172815
0.411222332228972,0.128155360920373
0.413664819505394,0.116590001305394
0.415905807067213,0.108005761373053
0.418004933790427,0.102403996192253
0.42002184796551,0.0997842875159711
0.422016171567885,0.10014441810174
0.424047464047735,0.10348034904438
0.426175185682346,0.109786198405781
0.428458660499306,0.119054219371924
0.430957038743011,0.131274776118903
0.433729258820061,0.146436315520677
0.436834008621249,0.164525332775312
0.440329686078733,0.185526328957359
0.44427435877626,0.209421758415829
0.448725722387641,0.236191963824727
0.453741057673444,0.26581509655145
0.459377185717476,0.298267019833301
0.465690421032412,0.333521192040821
0.472736522107007,0.371548527055972
0.480570638905105,0.412317228502288
0.489247256758113,0.455792594232867
0.498820136017102,0.501936787111955
0.509342246747423,0.550708567720023
0.520865697656971,0.60206298417587
0.533441658348578,0.655951013809766
0.547120273876939,0.712319150949167
0.561950570471023,0.771108934606345
0.57798035115405,0.832256409402213
0.595256079855609,0.895691512643778
0.613822752465129,0.961337380119876
0.633723753124491,1.02910956292256
0.655000693902183,1.09891514747747
0.677693235835291,1.17065177102047
0.701838889172762,1.24420652504276
0.727472790509072,1.3194547398037
0.754627454368112,1.39625864395133
0.783332496690985,1.4744658946748
0.813614327608071,1.55390797573327
0.845495810847052,1.63439846326107
0.87899588715824,1.71573116255078
0.914129159242681,1.79767812317957
0.950905435865583,1.87998754499092
0.989329233148357,1.96238159369317
1.02939923148037,2.04455415230005
1.07110768710146,2.12616854341226
1.11443979820552,2.20685526748839
1.15937302643132,2.28620981380228
1.20587637586804,2.36379061368903
1.25390963323387,2.43911721981985
1.3034225747115,2.51166881037688
1.35435414705791,2.58088313274791
1.40663163305745,2.64615601717836
1.46016981414894,2.70684160596017
1.51487014610785,2.7622534572316
1.5706199669584,2.81166669309928
1.62729175975642,2.85432136811537
1.68474249641903,2.88942723446667
1.74281309224413,2.91617007268944
1.80132800398253,2.93371973934483
1.86009500708441,2.94124005392177
1.91890518978333,2.93790060451316
1.97753320272142,2.92289049417646
2.03573780255111,2.89543397664168
2.09326272606073,2.85480784142096
2.1498379275683,2.80036030589627
2.20518120636112,2.73153105861781
2.25900024265283,2.64787197853667
2.31099504982593,2.54906793569274
2.36086083770826,2.43495696811986
2.40829126656082,2.30554903688777
2.45298205478996,2.161042496507
2.49463488580629,2.00183739154294
2.53296154179367,1.82854471127285
2.56768817544611,1.64199080935142
2.59855961609965,1.44321632805625
2.62534359527714,1.23346915563966
2.64783476955008,1.01419118436963
2.66585841669784,0.786998914464119
2.67927368502573,0.553658248934132
2.68797628563761,0.31605412624692
2.69190053326741,0.0761559195704521
2.69102066233426,-0.164020228863127
2.68535137015433,-0.402450791647073
2.67494756732542,-0.637144510339539
2.65990334456523,-0.866180855905456
2.64035019399582,-1.08774590237858
2.61645454933806,-1.30016437221538
2.58841473221564,-1.50192683115627
2.55645740958787,-1.69171127936407
2.52083367945178,-1.86839868276055
2.48181490803722,-2.03108229147438
2.43968844186161,-2.1790708800823
2.39475331270316,-2.31188629897757
2.34731604359781,-2.42925593435149
2.29768665038572,-2.53110082774314
2.24617491726011,-2.61752030196551
2.19308700734565,-2.68877398026408
2.13872245162017,-2.7452620754608
2.08337154241601,-2.78750477394543
2.02731314203314,-2.81612145558767
1.97081290320112,-2.83181038527211
1.91412188657201,-2.83532939463404
1.85747555125809,-2.82747795237049
1.80109308763406,-2.80908090531691
1.74517705706696,-2.78097406566206
1.68991330069148,-2.74399172582332
1.63547107853272,-2.69895610363581
1.58200340088317,-2.64666865729117
1.52964751555641,-2.58790316150666
1.47852551717098,-2.523400402561
1.42874504769809,-2.4538643284536
1.38040006090613,-2.37995947962172
1.33357162686085,-2.30230952340501
1.28832875614251,-2.22149671986065
1.24472922680199,-2.13806215584645
1.20282040021815,-2.05250659696058
1.16264001488146,-1.96529182165154
1.12421694968681,-1.8768423175334
1.08757195055834,-1.7875472358323
1.05271831615499,-1.69776251533318
1.01966254003093,-1.60781310175416
0.988404907970292,-1.51799520186349
0.958940050306707,-1.42857852370628
0.931257449901736,-1.33980846495562
0.905341907121507,-1.25190822064632
0.881173963644416,-1.16508078944108
0.858730287281536,-1.07951086420513
0.837984020219359,-0.995366598133521
0.818905093223664,-0.91280124210332
0.801460508393341,-0.831954652433323
0.785614593041012,-0.752954670945568
0.771329227218053,-0.675918381250499
0.758564047307835,-0.600953246626604
0.747276627993171,-0.528158135832538
0.737422644770894,-0.457624243761767
0.728956019045268,-0.389435914103575
0.721829047688281,-0.323671371177129
0.715992518813124,-0.260403367915758
0.71139581537077,-0.199699756646984
0.707987008050798,-0.141623988883117
0.705712938848184,-0.0862355498438192
0.704519296548577,-0.0335903329065416
0.704350685285983,0.0162590413513655
0.705150687238718,0.0632629573727554
0.706861920451507,0.107374584443048
0.709426092702886,0.148549700895862
0.712784052276651,0.186746559867985
0.716875836442723,0.221925794090943
0.721640718405205,0.254050357458011
0.727017253432071,0.283085501284095
0.73294332484044,0.308998783279819
0.739356190472257,0.331760107290746
0.746192530255881,0.351341791809834
0.753388495408252,0.367718665159659
0.760879759788598,0.380868185065618
0.768601573866803,0.390770580109166
0.776488821716634,0.397409010268958
0.784476081385019,0.400769743437297
0.79249768892286,0.400842344450178
0.800487806289986,0.397619872803554
0.808380493266644,0.391099084859226
0.816109783416307,0.381280635985021
0.823609764050161,0.368169277740189
0.830814660042769,0.351774044923301
0.837658921242296,0.332108427061468
0.844077313108459,0.309190518751179
0.850005010098528,0.283043143176719
0.855377691208226,0.253693943144929
0.860131636962161,0.221175434096506
0.8642038270398,0.185525013793703
0.867532037620463,0.146784923749089
0.870054937436804,0.105002157954386
0.871712181443475,0.0602283150933868
0.872444500938671,0.0125193911763825
0.87219378892356,-0.0380644895903247
0.8709031794506,-0.0914594068964541
0.86851711969856,-0.147598039487144
0.86498143352158,-0.206410122319113
0.860243375253363,-0.267822963399111
0.854251672606733,-0.331762016698925
0.846956557594052,-0.398151506223786
0.838309784505687,-0.466915094989214
0.828264634121705,-0.537976591356027
0.816775903495757,-0.611260683904062
0.803799880838763,-0.68669369480885
0.789294305242329,-0.764204340535369
0.77321831121645,-0.843724487587832
0.75553235827136,-0.925189890057692
0.736198146047856,-1.00854089479132
0.715178515792682,-1.09372309914527
0.692437339284213,-1.18068794549541
0.66793939663817,-1.26939323589509
0.641650244762804,-1.35980354950817
0.613536078588422,-1.45189054464344
0.583563587568102,-1.54563312634823
0.551699810336889,-1.64101745954123
0.517911990828136,-1.73803680653484
0.482167439581541,-1.83669116647373
0.44443340444205,-1.93698669266032
0.404676955347116,-2.03893486191666
0.362864888437418,-2.14255136802319
0.318963655308904,-2.24785470886933
0.272939323857778,-2.35486443426008
0.224757577860177,-2.46359901838438
0.174383763179132,-2.574073317836
0.121782989305352,-2.68629557290189
0.0669202958151086,-2.80026390676674
0.00976089426354273,-2.91596227456403
-0.0497295029850091,-3.03335581215843
-0.11158425447401,-3.1523855335961
-0.175835248385827,-3.27296232685796
-0.242512233772226,-3.394960200588
-0.311642008879157,-3.51820874070042
-0.383247450435445,-3.64248474623769
-0.457346367311584,-3.76750302979427
-0.533950161876887,-3.89290639067888
-0.613062282845012,-4.01825480039183
-0.694676454588005,-4.14301388172531
-0.778774670042471,-4.26654281671508
-0.865324937690598,-4.3880818865977
-0.954278777969936,-4.50673993044454
-1.04556847117295,-4.62148210933375
-1.13910406777778,-4.73111848000074
-1.23477018353459,-4.83429401474949
-1.33242261580596,-4.92948084996265
-1.43188483482744,-5.01497369817221
-1.5329444237741,-5.08888950938635
-1.63534956462964,-5.14917260324964
-1.73880569239298,-5.19360659716277
-1.84297246726233,-5.21983450452494
-1.9474612417593,-5.22538834532728
-2.05183322538629,-5.20772946895274
-2.15559857083634,-5.16430050617424
-2.25821661990957,-5.09258941712712
-2.35909755058253,-4.99020546598771
-2.45760565534253,-4.85496612752883
-2.553064451287,-4.68499293373291
-2.64476377158163,-4.47881314660405
-2.7319689139045,-4.23546297534704
-2.81393182462907,-3.95458695454125
-2.88990418041028,-3.63652720510071
-2.95915209721488,-3.2823957673078
-3.02097205946458,-2.8941231760433
-3.07470753038479,-2.47447706306297
-3.11976559229127,-2.02704588182142
-3.15563288626118,-1.55618483564716
-3.18189008688961,-1.06692363039418
-3.19822416870344,-0.564838550592797
-3.20443780018943,-0.0558942778870753
-3.2004553367962,0.453736503909632
-3.18632506648495,0.95786566716958
-3.16221757527397,1.45048318764009
-3.12842032640685,1.92594041288004
-3.08532876427968,2.37911273551787
-3.03343444326054,2.80553322252755
-2.9733108259816,3.20149129112037
-2.90559748524767,3.56409341481615
-2.83098347470712,3.89128575161314
-2.75019060871547,4.18184120393662
-2.66395731967703,4.43531551408599
-2.57302365358956,4.65197843189916
-2.47811783529984,4.83272672551944
-2.37994469771547,4.97898589052728
-2.27917613586688,5.09260695960698
-2.17644362658062,5.17576397202539
-2.07233275383819,5.23085658597444
-1.96737960184498,5.26042115136706
-1.86206882297743,5.26705242381802
-1.75683315463395,5.25333707734485
-1.65205414474183,5.22179931567481
-1.54806384668734,5.17485821256057
-1.44514725694738,5.1147959298121
-1.34354528909504,5.04373565147464
-1.24345810294807,4.96362790791918
-1.1450486348099,4.87624391475708
-1.0484462020028,4.78317458866465
-0.953750080768436,4.68583399829852
-0.861032980169984,4.58546614051762
-0.770344355346513,4.48315408179518
-0.68171352113409,4.37983065827755
-0.595152541705146,4.27629007580855
-0.51065888366821,4.17319988720858
-0.428217829291005,4.07111294471585
-0.347804653485118,3.97047902933619
-0.26938657325754,3.87165594591447
-0.19292448182048,3.77491994398249
-0.118374481758105,3.68047538136055
-0.0456892328461879,3.58846359186838
0.0251808694596117,3.4989709521819
0.0942866690129428,3.4120361676395
0.161679362171417,3.32765681429492
0.227409734795994,3.24579518618743
0.291527509711531,3.16638350390722
0.354080792447519,3.08932854412677
0.415115604284695,3.01451575071471
0.474675492838258,2.94181288704733
0.532801211578753,2.87107328673759
0.589530460803765,2.80213875664361
0.644897683611757,2.73484218202673
0.698933911383425,2.66900987934759
0.751666654140071,2.60446373759774
0.803119831919726,2.54102318438948
0.853313743989457,2.47850700835795
0.902265073297221,2.41673506482512
0.949986924060364,2.35552988717538
0.996488890792984,2.29471822202247
1.04177715739347,2.23413250202759
1.08585462514989,2.17361226617317
1.12872106867798,2.11300553342388
1.17037331888796,2.05217013203468
1.21080547208682,1.99097498331922
1.25000912426665,1.92930133550122
1.28797362951232,1.86704394037031
1.32468638129026,1.80411216289478
1.36013311516023,1.74043101174907
1.39429823119291,1.67594207694162
1.42716513408584,1.61060435942492
1.45871658865914,1.54439497677775
1.48893508809087,1.47730972880759
1.51780323193115,1.4093635072584
1.54530411062639,1.34059053474152
1.57142169300147,1.27104441953794
1.59614121290089,1.20079801503293
1.61944955099094,1.1299430752039
1.64133560758407,1.0585897007358
1.66179066227315,0.98686557390825
1.68080871616479,0.914914984292614
1.69838681258249,0.842897651402794
1.71452533227483,0.770987354636108
1.72922825941285,0.69937038498624
1.74250341498989,0.628243836970027
1.75436265464334,0.557813762847329
1.7648220283919,0.488293214398816
1.7739019003146,0.419900200144659
1.78162702677595,0.352855587840664
1.78802659241216,0.287380983304327
1.79313420371951,0.223696617055381
1.79698784071387,0.162019269887099
1.79962976774205,0.102560267329535
1.8011064051071,0.0455235710669894
1.80146816370656,-0.00889600720044034
1.80076924536133,-0.0605144471136012
1.79906741192457,-0.109159997511076
1.79642372659477,-0.15467447602828
1.79290227111133,-0.196914379849323
1.78856984267989,-0.23575180126315
1.78349563456003,-0.271075145858982
1.77775090425043,-0.302789655201196
1.77140863313241,-0.330817739543711
1.76454318128696,-0.355099129489249
1.75722994099304,-0.375590858399758
1.74954499215325,-0.392267089771846
1.7415647625896,-0.405118805677253
1.73336569581502,-0.414153373725017
1.72502392852841,-0.419394010839116
1.71661497971075,-0.420879162488968
1.70821345282719,-0.418661815899015
1.69989275227459,-0.412808765246515
1.69172481486137,-0.403399845989233
1.68377985677518,-0.390527154306149
1.67612613618787,-0.374294266245039
1.66882973137028,-0.35481546960957
1.66195433394596,-0.332215019940751
1.65556105670268,-0.306626430203529
1.64970825520632,-0.278191802022962
1.64445136232234,-0.247061204562926
1.63984273464536,-0.213392105433509
1.63593150976597,-0.177348856373848
1.63276347326507,-0.139102234900807
1.63038093431671,-0.0988290416502162
1.62882260879962,-0.0567117517702123
1.6281235088638,-0.0129382174549185
1.62831483796807,0.0322985824729846
1.62942389049785,0.0788007511172504
1.63147395518639,0.126365646405696
1.63448422169619,0.174786025486598
1.63846968986969,0.223850168671612
1.64344108132774,0.273341991811687
1.64940475327985,0.323041156782193
1.65636261461148,0.372723190494676
1.66431204452892,0.422159623541448
1.6732458142706,0.471118160206819
1.68315201263429,0.519362892130664
1.69401397632006,0.566654568365887
1.70581022634696,0.612750934904389
1.71851441206541,0.657407156923573
1.73209526455213,0.700376336988243
1.74651656143719,0.741410142186709
1.76173710546747,0.780259552636433
1.77771071935106,0.816675742912018
1.7943862596465,0.850411106674345
1.81170765264969,0.881220433063142
1.82961395538135,0.908862241209893
1.84803944487879,0.933100276495451
1.86691373903617,0.95370516889074
1.88616195220667,0.970456249870081
1.90570488866672,0.983143519986163
1.92545927683581,0.991569754280763
1.94533804683601,0.995552727342731
1.96525065355483,0.994927534114682
1.98510344683818,0.989548976627901
2.00480008978405,0.979293980883348
2.02424202533333,0.964064002302426
2.04332899046812,0.943787372783051
2.06195957633993,0.918421537678283
2.08003183157696,0.887955127245746
2.09744390488309,0.852409804579689
2.11409472186833,0.811841831005647
2.12988468987421,0.76634329063481
2.14471642341465,0.716042918439584
2.15849548178428,0.661106480958167
2.17113110943336,0.601736665617955
2.18253696891472,0.538172443644331
2.1926318556137,0.470687882447193
2.20134038311346,0.399590395997821
2.20859362795612,0.325218435662466
2.2143297227566,0.247938638788404
2.21849438712373,0.168142467506439
2.2210413866424,0.0862423851284501
2.2219329112606,0.0026676315625204
2.2211398657822,-0.0821403282672877
2.21864206675513,-0.167732598488923
2.21442834181922,-0.253657796340027
2.20849652948375,-0.339467048634145
2.20085337928139,-0.424718941122518
2.19151435422709,-0.508984322553103
2.18050333943545,-0.591850869728709
2.16785226255316,-0.672927327340334
2.15360063329136,-0.751847346450139
2.13779501074517,-0.82827285775651
2.1204884083292,-0.901896929640736
2.1017396470096,-0.972446075868545
2.0816126680638,-1.03968199308078
2.06017581684491,-1.10340272325435
2.03750110897943,-1.16344325059475
2.01366349010537,-1.219675555356
1.9887400996905,-1.27200815848938
1.96280954869441,-1.32038520051676
1.93595121989225,-1.3647851054399
1.90824459860578,-1.40521888576638
1.87976864043037,-1.44172814789162
1.85060118134739,-1.47438285824122
1.82081839440649,-1.50327892993426
1.7904942959873,-1.52853568751344
1.75970030353192,-1.55029326376866
1.72850484560345,-1.56870997814108
1.69697302418744,-1.5839597409172
1.66516632832603,-1.59622952167649
1.63314239746489,-1.6057169144891
1.60095483230265,-1.6126278263877
1.56865305046087,-1.61717430984308
1.53628218393287,-1.61957255450115
1.50388301501624,-1.62004104840165
1.47149194727524,-1.61879891437022
1.43914100800628,-1.61606442330272
1.40685787868042,-1.61205368266139
1.37466594989927,-1.60697949567332
1.34258439751495,-1.60105038444056
1.31062827671888,-1.5944697684034
1.27880863108911,-1.58743528829775
1.2471326137925,-1.58013826486416
1.21560361835893,-1.57276328104504
1.18422141667223,-1.56548787619343
1.15298230205233,-1.55848234085748
1.12187923552947,-1.55190960095054
1.09090199363157,-1.54592518051809
1.06003731621623,-1.54067723283047
1.02926905307892,-1.53630663012451
0.998578308255618,-1.53294710295671
0.967943581112727,-1.53072542078719
0.937340903477893,-1.52976160606347
0.90674397221393,-1.53016917469758
0.876124276774053,-1.53205539641276
0.845451221401867,-1.53552156896457
0.814692241754615,-1.54066330070609
0.783812915834782,-1.54757079635953
0.752777069214598,-1.55632914117227
0.721546874631973,-1.56701857886834
0.690082946126517,-1.57971477895437
0.658344427972418,-1.59448908899844
0.626289078752694,-1.61140876746973
0.593873351008692,-1.63053719260351
0.561052466991388,-1.65193404253939
0.527780491139097,-1.67565544166777
0.49401040001138,-1.70175406770962
0.45969415052342,-1.73027921354566
0.424782747450689,-1.76127679720209
0.389226311312551,-1.79478931268934
0.352974147897449,-1.83085571357822
0.315974820863621,-1.869511220285
0.278176229039795,-1.91078704102521
0.239525690262024,-1.95470999529088
0.199970033817512,-2.00130202751499
0.15945570382553,-2.05057959732277
0.117928876170638,-2.10255293145094
0.0753355919152825,-2.15722512106834
0.0316219104575987,-2.21459104689147
-0.0132659139346273,-2.27463611320337
-0.0593812281931243,-2.33733477071874
-0.10677674468952,-2.40264880727338
-0.155504268787393,-2.47052538465779
-0.205614384409787,-2.54089479969517
-0.257156091890661,-2.6136679480472
-0.310176391958733,-2.68873347041832
-0.364719809315999,-2.7659545630634
-0.420827848944473,-2.84516543807435
-0.478538378033589,-2.92616742416695
-0.537884926304422,-3.00872470600001
-0.598895897561126,-3.09255970987291
-0.66159368557948,-3.17734815644736
-0.725993688012078,-3.26271381743539
-0.792103212924519,-3.34822303350721
-0.859920273962385,-3.43337907549528
-0.929432272079311,-3.51761646072408
-1.00061456433399,-3.60029537126345
-1.07342892359358,-3.68069636114486
-1.14782189716647,-3.75801558482366
-1.22372307752186,-3.83136082868125
-1.30104330441055,-3.89974867979581
-1.37967282491936,-3.96210321944857
-1.45947944625761,-4.01725667982041
-1.54030672530401,-4.06395254693392
-1.62197224895714,-4.10085162579866
-1.70426606983527,-4.12654159842795
-1.78694937242405,-4.13955059435975
-1.86975345477616,-4.13836524823112
-1.95237911955973,-4.12145363132281
-2.03449657469927,-4.08729330592984
-2.1157459469821,-4.03440455679408
-2.19573851064477,-3.96138859965989
-2.27405872592686,-3.86697025499324
-2.3502671687934,-3.75004421304792
-2.42390441162962,-3.6097236204409
-2.49449588524609,-3.44538931236333
-2.56155771511039,-3.256737631046
-2.62460348018063,-3.04382444969388
-2.68315179273128,-2.80710280556978
-2.73673454469192,-2.54745147978718
-2.78490561364313,-2.26619198228804
-2.82724977375124,-1.96509173370614
-2.86339151792282,-1.6463517880754
-2.893003471578,-1.31257819500211
-2.915814069345,-0.966737014763144
-2.93161417624552,-0.612094008365704
-2.94026236561471,-0.252141041566875
-2.94168861630644,0.109487827943121
-2.9358962589907,0.469106860793233
-2.92296208113521,0.823071532850477
-2.9030345868165,1.167869428666
-2.8763304943335,1.50020489362225
-2.84312963516986,1.81707367420523
-2.80376848632887,2.11582450734356
-2.75863261989633,2.39420553843165
-2.70814838603802,2.65039446095102
-2.65277415757904,2.88301228306887
-2.59299145674573,3.09112155170606
-2.5292962600434,3.27421063407564
-2.46219073919277,3.43216622630528
-2.39217564877993,3.56523660978734
-2.31974351914787,3.67398831332164
-2.24537276013096,3.75925878690574
-2.16952273094744,3.82210748804085
-2.09262978654665,3.86376746694526
-2.01510427270631,3.88559915703057
-1.93732841209001,3.88904767144293
-1.85965500147392,3.87560450858565
-1.78240682601657,3.84677420417297
-1.70587668894992,3.80404615086275
-1.63032795333836,3.74887154746629
-1.55599549540465,3.68264524030625
-1.48308697518573,3.60669207681879
-1.41178433887268,3.52225730004712
-1.34224547716312,3.43050046447407
-1.27460597453095,3.33249234020934
-1.20898089488484,3.22921428554488
-1.14546655919498,3.12155959969455
-1.08414228000583,3.01033641155709
-1.02507202613561,2.89627171117787
-0.968305998196741,2.78001618400828
-0.913882101837653,2.66214956093094
-0.861827310840278,2.54318624714659
-0.812158916477673,2.4235810389969
-0.764885662935986,2.30373477884763
-0.720008771235472,2.18399983396566
-0.677522856052143,2.06468531592418
-0.637416741246479,1.94606198272024
-0.59967418084372,1.82836678689489
-0.564274492767694,1.71180704998662
-0.531193112883153,1.59656425713446
-0.500402076916261,1.48279747608035
-0.471870437655409,1.37064641267551
-0.445564624532069,1.26023412070693
-0.42144875228294,1.15166938781209
-0.399484884931849,1.04504882177837
-0.379633260828354,0.940458662915046
-0.361852483959969,0.837976348682152
-0.346099686232187,0.737671856562814
-0.332330664897269,0.639608850438853
-0.320499998818217,0.543845654608902
-0.310561146785212,0.450436078182106
-0.302466530662936,0.359430110976048
-0.296167605741758,0.270874510314516
-0.291614920295869,0.184813296313919
-0.288758166017998,0.101288171410418
-0.287546220703667,0.0203388780473601
-0.287927184297632,-0.0579964933585154
-0.289848409190377,-0.133681235802172
-0.293256525462044,-0.20667978773602
-0.298097461613484,-0.276957518682727
-0.304316461197474,-0.344480532826232
-0.311858095665548,-0.409215486396721
-0.320666273675396,-0.471129415964028
-0.330684247058153,-0.530189575942281
-0.341854613621874,-0.586363284683606
-0.354119316964846,-0.639617779498161
-0.367419643487765,-0.689920081780357
-0.381696216824831,-0.737236874146127
-0.396888989958195,-0.781534392093109
-0.412937235335502,-0.822778333184634
-0.42977953337421,-0.860933787129518
-0.447353759806526,-0.895965190382919
-0.465597072392871,-0.927836309029223
-0.484445897607358,-0.956510253726014
-0.503835917973582,-0.981949530388863
-0.523702060800613,-1.00411613008011
-0.543978489135236,-1.02297166123139
-0.564598595804753,-1.03847752688015
-0.585495001472824,-1.05059514903646
-0.606599557666576,-1.05928624161999
-0.627843355754327,-1.06451313262272
-0.649156742857687,-1.06623913526534
-0.670469345667464,-1.06442896693234
-0.691710103097978,-1.05904921360337
-0.712807308657426,-1.05006883635795
-0.733688663331603,-1.03745971533555
-0.754281339673678,-1.02119722530148
-0.774512057663272,-1.0012608357258
-0.794307172743891,-0.977634727054063
-0.813592776269461,-0.950308413666777
-0.832294808389394,-0.919277362921695
-0.850339183179489,-0.884543598687315
-0.867651925585453,-0.846116276944082
-0.88415931949069,-0.804012220391197
-0.899788065954218,-0.758256398589278
-0.914465450393317,-0.708882340028179
-0.928119517214372,-0.655932462666973
-0.940679250130541,-0.599458309975863
-0.952074756153196,-0.539520680336652
-0.96223745101242,-0.476189638839884
-0.971100243557378,-0.409544402052879
-0.97859771651713,-0.339673088212709
-0.984666300872988,-0.266672327498605
-0.989244441011086,-0.190646729524441
-0.992272747793493,-0.111708207917151
-0.993694136712366,-0.0299751647540233
-0.993453948377189,0.0544284593453182
-0.991500048731704,0.141374260610517
-0.98778290660482,0.230730561101656
-0.98225564646714,0.32236369646463
-0.974874074588756,0.416139384909567
-0.965596677170312,0.511924157379186
-0.954384589442205,0.609586826704499
-0.941201535189656,0.708999971733742
-0.926013736656481,0.810041410996996
-0.908789795300118,0.912595639445753
-0.889500544406557,1.01655520117687
-0.868118875118863,1.12182197078753
-0.844619537979974,1.22830831606623
-0.818978922633505,1.33593811504077
-0.79117481886121,1.4446476008984
-0.761186162659689,1.55438600887236
-0.728992771571286,1.66511599975165
-0.694575073986361,1.77681383510804
-0.657913837629679,1.88946927953721
-0.61898990293847,2.00308520507403
-0.577783927541464,2.11767687236668
-0.534276148566516,2.23327086209864
-0.488446170050491,2.34990362846589
-0.440272783310899,2.46761964421187
-0.38973382877705,2.58646910378862
-0.336806108481449,2.70650514768652
-0.281465359190906,2.82778056694247
-0.223686297020073,2.95034394245003
-0.163442745322819,3.07423516918068
-0.100707858698535,3.19948031110779
-0.0354544570729094,3.32608572894243
0.0323445150021181,3.45403142032122
0.102715387468296,3.58326351157958
0.175683004740829,3.71368584264204
0.251269787875408,3.84515059303943
0.329494599319471,3.97744790905221
0.410371390023157,4.11029451119072
0.493907608536732,4.24332128965835
0.580102352252375,4.37605993537695
0.668944242413554,4.50792870808582
0.760409007221136,4.63821751357591
0.854456761669932,4.76607255185402
0.951028979059607,4.89048090917759
1.05004515788449,5.01025560095715
1.15139919948095,5.12402172970577
1.25495552684736,5.2302046007423
1.36054499383628,5.32702083357685
1.46796065670715,5.41247371028331
1.57695350685785,5.48435420020431
1.68722829413441,5.54024927359739
1.79843960370513,5.5775592392346
1.91018838474292,5.59352587969629
2.02201916403789,5.58527307451156
2.13341820929363,5.5498613532734
2.24381293153966,5.48435736700382
2.35257282933828,5.38591857204878
2.45901227425402,5.25189246785314
2.56239541222397,5.07992852484436
2.6619434043326,4.86809952392188
2.7568441496543,4.61502749171211
2.84626452110289,4.32000789133659
2.92936500461941,3.98312439759281
3.00531646849521,3.60534566029563
3.0733186134826,3.18859515863785
3.13261948005524,2.73578576244454
3.1825352343679,2.25081206261551
3.22246933810826,1.73849592277571
3.25193014736312,1.20448390963649
3.27054599566659,0.655099009355743
3.27807690367602,0.097152937514063
3.27442222084931,-0.462271064410066
3.25962373205608,-1.01605224800139
3.2338640346048,-1.55726885297891
3.1974602828152,-2.07942249338637
3.15085367940427,-2.57663703494884
3.09459533833297,-3.04382101108282
3.02932933028643,-3.47678599568627
2.95577383551916,-3.87231719822806
2.87470136461753,-4.2281963965133
2.78691897015238,-4.5431807497285
2.69324927305071,-4.81694372212512
2.59451298360698,-5.04998611906048
2.49151342727827,-5.24352605762734
2.38502340808919,-5.39937665017878
2.27577457330049,-5.51981944128879
2.16444929375276,-5.60748042024158
2.05167495240007,-5.66521394972598
1.93802044226643,-5.69599840045554
1.82399461418602,-5.70284581263422
1.71004638146949,-5.68872662187239
1.59656617872322,-5.65650944619308
1.4838884803531,-5.60891514994771
1.37229510568086,-5.54848386849858
1.26201906738808,-5.47755336434597
1.15324875419431,-5.39824695118527
1.04613227411558,-5.31246922474311
0.940781819014626,-5.22190793800892
0.837277942877265,-5.12804051871211
0.735673674394001,-5.03214392021412
0.635998408560205,-4.93530670176647
0.538261542064288,-4.8384424349371
0.442455833399908,-4.74230371983898
0.348560481259943,-4.64749626176374
0.256543924275045,-4.55449260328024
0.166366372005249,-4.46364522842579
0.0779820817278581,-4.37519885541086
-0.00865860159485382,-4.28930181428563
-0.0936074233672857,-4.20601646872376
-0.176916596315871,-4.1253286890361
-0.258637357750125,-4.047156419215
-0.338818689659164,-3.97135740649436
-0.417506185731695,-3.89773617957125
-0.494741051232857,-3.82605037294227
-0.570559223690833,-3.75601650112236
-0.64499060445129,-3.687315288907
-0.718058393278352,-3.61959666312131
-0.789778520261098,-3.5524845080557
-0.860159171278151,-3.48558128141202
-0.929200405139726,-3.41847258031745
-0.996893862230238,-3.3507317379295
-1.0632225659803,-3.28192452039663
-1.12816081977025,-3.21161398145057
-1.19167420287345,-3.13936551767192
-1.25371966975154,-3.06475215149474
-1.3142457573812,-2.98736005135796
-1.37319290529074,-2.90679427921687
-1.43049389258594,-2.82268473515348
-1.48607439542707,-2.73469224746447
-1.53985366716936,-2.64251473490401
-1.59174534169817,-2.54589334641585
-1.64165835839276,-2.44461846355612
-1.68949800467219,-2.3385354328622
-1.73516706926933,-2.22754988073269
-1.77856709631835,-2.11163245305328
-1.81959972712693,-1.99082281690383
-1.8581681132549,-1.86523276317021
-1.89417838137116,-1.73504825751107
-1.92754112745931,-1.60053030335403
-1.95817291544218,-1.46201450450004
-1.98599775334792,-1.31990924614389
-2.01094851888357,-1.17469245084049
-2.03296830583466,-1.02690690884935
-2.05201166315703,-0.877154228621541
-2.06804570001894,-0.72608750083688
-2.0810510323889,-0.574402815994947
-2.09102255000407,-0.422829818654508
-2.09796998659923,-0.272121518622305
-2.10191828098952,-0.12304360858353
-2.10290772180157,0.0236364428724457
-2.10099387413159,0.167160245310361
-2.09624729194955,0.306789012916125
-2.08875302543962,0.441813502786368
-2.07860993745012,0.571563128944003
-2.06592984762707,0.695414049427267
-2.05083652646371,0.812796064264394
-2.03346456429579,0.923198207363062
-2.01395814213854,1.02617296288247
-1.99246973217301,1.12133908409779
-1.96915875567285,1.20838303786755
-1.94419022528378,1.2870591386397
-1.91773339692797,1.357188470955
-1.88996045433323,1.4186567275685
-1.86104524642423,1.47141111103437
-1.83116209471216,1.51545645977509
-1.80048468452779,1.55085076557981
-1.76918505060078,1.5777002487862
-1.73743266421812,1.59615415098175
-1.70539362610244,1.6063993939623
-1.67322996631731,1.6086552390313
-1.64109904999303,1.60316806363215
-1.60915308550964,1.59020635383622
-1.57753872999243,1.57005599230437
-1.54639678556958,1.54301590280491
-1.51586197879706,1.50939409484965
-1.4860628149478,1.46950413598836
-1.45712149845649,1.42366206510949
-1.42915391066963,1.37218374792449
-1.40226963613102,1.31538266573455
-1.3765720288945,1.25356812056658
-1.35215831075776,1.18704383371488
-1.32911969381543,1.11610691047894
-1.30754152030276,1.04104714125005
-1.28750341331297,0.962146607853313
-1.2690794325954,0.879679563975521
-1.25233823025802,0.793912559379986
-1.23734320178841,0.705104779217984
-1.22415262836088,0.613508571895278
-1.21281980690316,0.519370141463362
-1.20339316484992,0.422930383218104
-1.19591635690915,0.324425843961739
-1.19042834151077,0.224089791093018
-1.18696343489793,0.122153377225715
-1.18555134106434,0.018846889301745
-1.18621715594177,-0.0855989269225119
-1.18898134440862,-0.190951474655099
-1.19385968883274,-0.296974852765423
-1.2008632079893,-0.403428347626419
-1.20999804531978,-0.510064876520991
-1.22126532563439,-0.616629389894375
-1.2346609795201,-0.72285724131587
-1.25017553491591,-0.828472536356891
-1.26779387557137,-0.933186474731917
-1.28749496642931,-1.03669570400778
-1.3092515463864,-1.13868070797232
-1.33302978940161,-1.23880425835172
-1.35878893555902,-1.3367099649344
-1.38648089446182,-1.43202096621907
-1.41604982425253,-1.52433881032943
-1.44743169062863,-1.61324258394553
-1.48055381145938,-1.69828835514121
-1.5153343940074,-1.77900900395768
-1.55168207330987,-1.85491452186794
-1.58949546196168,-1.92549286747918
-1.62866272333763,-1.99021147026981
-1.6690611821515,-2.04851947615453
-1.71055698811929,-2.09985082742642
-1.75300485029925,-2.14362826428969
-1.79624786133131,-2.17926832490145
-1.84011743218653,-2.20618740474699
-1.88443335903881,-2.22380891354742
-1.92900404434987,-2.23157153819287
-1.97362689407052,-2.22893858315533
-2.01808891185927,-2.21540831560512
-2.06216750926658,-2.19052519169084
-2.10563154780862,-2.15389178441129
-2.14824262467373,-2.10518117416479
-2.1897566084246,-2.04414950308254
-2.22992542450121,-1.97064833701081
-2.26849908268707,-1.8846364284687
-2.30522793015049,-1.78619043444821
-2.33986510448207,-1.67551411904417
-2.37216915167228,-1.55294556687389
-2.40190676464542,-1.41896195268208
-2.42885558928347,-1.27418145793065
-2.45280703736823,-1.11936199750614
-2.47356904007468,-0.955396518006882
-2.49096867205619,-0.783304750343002
-2.5048545751829,-0.604221438394525
-2.51509911291461,-0.419381215059976
-2.52160019123581,-0.23010044849105
-2.52428268999458,-0.0377565250459754
-2.52309945911765,0.156234838198411
-2.51803184708081,0.350443558589703
-2.50908974359299,0.543449671632397
-2.49631113397737,0.733867546584458
-2.47976117840428,0.920369060248923
-2.45953084413995,1.10170500808597
-2.43573513256128,1.27672412035325
-2.40851095419666,1.44438916883446
-2.37801471398112,1.60378978840693
-2.34441967494023,1.75415178770319
-2.30791317151083,1.89484287469881
-2.2686937437302,2.02537486709204
-2.22696826081012,2.14540258603735
-2.18294909752781,2.25471973919546
-2.13685141987993,2.35325218131531
-2.08889062808297,2.44104899597017
-2.03927999579874,2.51827187093078
-1.98822853493323,2.5851832439556
-1.93593910595884,2.64213367876841
-1.88260678483233,2.68954889675597
-1.82841748952234,2.72791684291354
-1.77354686213295,2.75777510925182
-1.71815939673638,2.77969897939544
-1.66240779835538,2.79429029805621
-1.6064325550451,2.80216731138977
-1.55036170264388,2.80395557115993
-1.49431076038474,2.80027994865185
-1.43838281505268,2.79175776426192
-1.38266873159384,2.77899300596775
-1.32724746888549,2.76257158432517
-1.27218648062208,2.74305755279902
-1.21754218283389,2.72099020943811
-1.16336047131809,2.69688198834598
-1.10967727413134,2.67121704621883
-1.05651912618961,2.64445044956529
-1.00390375488167,2.61700787128275
-0.951840667381496,2.58928571031217
-0.90033173200847,2.56165155449026
-0.849371747510406,2.53444491392748
-0.798948995522564,2.5079781598233
-0.749045772681207,2.48253761124126
-0.699638899945509,2.45838471974268
-0.650700207613243,2.43575730873096
-0.602196995313694,2.41487083075991
-0.554092466937283,2.39591961183365
-0.506346141028684,2.37907805683379
-0.458914237641982,2.3645017946482
-0.411750043046038,2.35232874536031
-0.364804253988378,2.34268009502407
-0.318025303488593,2.33566116614219
-0.271359670348347,2.33136217403735
-0.224752174744466,2.32985886091455
-0.178146262422982,2.33121300061729
-0.131484280142791,2.33547276794062
-0.084707745134161,2.34267296694091
-0.037757611444658,2.35283511303585
0.00942546385294446,2.36596736387938
0.0569008515169244,2.38206429408752
0.104727674885261,2.40110650894588
0.152964525248273,2.42306009231636
0.201669164482856,2.4478758841509
0.250898211497451,2.47548858339294
0.300706808958358,2.50581567268893
0.351148266705846,2.53875616233713
0.402273678230903,2.57418915237578
0.454131506581025,2.61197221377224
0.506767136109129,2.65193959244683
0.560222386588995,2.6939002434875
0.614534986412181,2.73763570752856
0.669738001876415,2.78289784703012
0.725859219998489,2.82940646725356
0.782920482863064,2.87684685522275
0.840936972282389,2.92486728001175
0.899916444522925,2.97307650939206
0.959858416086392,3.02104141123783
1.02075330304804,3.06828472307816
1.08258151828506,3.11428308964897
1.14531253310007,3.15846548594062
1.20890391227712,3.20021216159388
1.2733003345096,3.23885426088539
1.33843261340146,3.27367429003441
1.40421673783611,3.3039076189436
1.47055295437502,3.32874521624618
1.53732491839933,3.34733782285321
1.60439894481378,3.35880176798689
1.67162339312037,3.36222662063913
1.73882822531692,3.35668484609654
1.80582477811601,3.3412435992679
1.87240579309761,3.31497873196723
1.93834574925538,3.27699101854236
2.00340154160016,3.22642451270013
2.06731354667303,3.16248683874235
2.12980711065444,3.08447109500686
2.19059448795591,2.99177891037542
2.24937724758043,2.88394405268821
2.30584915111462,2.76065584939898
2.35969949014511,2.62178155637945
2.41061685257257,2.46738671243664
2.45829326737612,2.29775245743302
2.5024286567558,2.11338878292062
2.54273550436879,1.91504273598063
2.57894362986537,1.70370071610772
2.61080494449689,1.48058419323457
2.63809805156051,1.24713842812589
2.66063255006515,1.00501408361042
2.67825290117063,0.756041959307157
2.69084172518785,0.502201441082147
2.69832241226368,0.24558360329139
2.70066095179974,-0.0116497903519041
2.69786691313014,-0.267309898251008
2.68999354149592,-0.519225378051385
2.67713696704245,-0.765286224529468
2.65943455837226,-1.00348520979845
2.63706248404406,-1.23195541430364
2.61023257342587,-1.44900257146079
2.579188590929,-1.65313125034575
2.54420205377373,-1.84306424439724
2.50556773249677,-2.01775489241973
2.46359897537836,-2.17639240486668
2.41862299331323,-2.31840058039537
2.37097623125571,-2.44343055720061
2.32099993741193,-2.55134843916249
2.26903602316989,-2.64221876344931
2.2154232867282,-2.71628483503288
2.16049405280861,-2.77394695073806
2.10457126085499,-2.8157394807197
2.04796601565506,-2.84230768051723
1.99097559804444,-2.85438498467058
1.93388191969143,-2.85277139540344
1.87695039511155,-2.83831343784637
1.82042919602209,-2.81188601551907
1.76454884776322,-2.77437637298952
1.70952212451524,-2.72667026127595
1.6555441990956,-2.66964030817796
1.60279300385205,-2.60413652115599
1.55142976120787,-2.5309787941545
1.50159964540679,-2.45095125046372
1.45343254063038,-2.3647982293176
1.40704386464369,-2.27322171209397
1.36253543123959,-2.17687998230096
1.31999632881832,-2.07638731967169
1.27950379632183,-1.97231454052428
1.24112408134762,-1.86519021222111
1.20491326853318,-1.75550238752791
1.17091806919691,-1.6437007236753
1.13917656573414,-1.53019886999341
1.10971890640384,-1.41537702640482
1.08256794792078,-1.2995845923198
1.05773984471707,-1.18314284125687
1.03524458488608,-1.06634757062749
1.01508647370657,-0.949471688504667
0.997264566298779,-0.832767709846951
0.981773051422728,-0.716470143636631
0.968601588722464,-0.600797759814197
0.957735601880721,-0.485955730873157
0.949156530202115,-0.372137647653071
0.942842041115462,-0.25952741236943
0.938766205998826,-0.148301014377908
0.93689964160408,-0.0386281957114853
0.93720961920839,0.0693259858339086
0.939660143463071,0.175399688252627
0.944212002758743,0.279432904278905
0.950822792791021,0.381266161584223
0.959446914902739,0.480739299616941
0.970035550705247,0.57769032040358
0.982536614449686,0.671954312875641
0.996894684635085,0.763362452791181
1.0130509164083,0.851741083029088
1.03094293643471,0.936910881887346
1.05050472210056,1.01868612995274
1.07166646714857,1.09687408906078
1.0943544361481,1.17127450975548
1.11849081055698,1.24167928640378
1.14399352954067,1.30787228162098
1.17077612917001,1.3696293438119
1.1987475841121,1.4267185433026
1.22781215645037,1.47890065359236
1.25786925680469,1.5259299045451
1.28881332345402,1.56755503370505
1.32053372567268,1.60352066019966
1.35291469795287,1.63356900272277
1.38583531217497,1.65744195872236
1.41916949507297,1.67488355602269
1.45278609849501,1.68564278059606
1.48654902994387,1.6894767750237
1.52031745066793,1.68615439137023
1.55394604812633,1.67546006984858
1.58728538894484,1.65719800097586
1.6201823574875,1.63119651422896
1.65248068387701,1.59731262093654
1.68402156369802,1.55543662384529
1.71464436971822,1.50549669114347
1.74418745378207,1.4474632794834
1.77248903460864,1.38135327955692
1.79938816461162,1.30723374991867
1.82472576612715,1.22522510087693
1.84834572467224,1.13550359116042
1.87009602416386,1.03830300635931
1.8898299065203,0.933915400257604
1.90740703585963,0.822690798279193
1.92269464572462,0.705035786195713
1.93556864651042,0.581410936469163
1.94591466964881,0.452327058237818
1.95362902518688,0.318340293764401
1.95861955023765,0.18004612261406
1.9608063273906,0.0380723731578864
1.96012225453005,-0.106928622672773
1.95651345056041,-0.254288563000695
1.94993948518405,-0.403332202767892
1.94037342499197,-0.553386658697633
1.92780169255626,-0.703790765977114
1.91222373978429,-0.853904257529158
1.8936515413286,-1.00311654309619
1.87210891816588,-1.15085488034621
1.84763070539859,-1.2965917529572
1.82026178175121,-1.4398512998462
1.79005598101566,-1.58021467375946
1.75707490776918,-1.71732424450032
1.72138668100079,-1.85088660023485
1.68306462983697,-1.98067433772669
1.64218596538518,-2.1065266673205
1.59883045187897,-2.22834888958616
1.55307909890016,-2.34611082664283
1.50501289457947,-2.45984431155344
1.45471159745636,-2.56963985342544
1.40225260223546,-2.67564260392996
1.34770989213113,-2.77804775311036
1.29115308795906,-2.87709547909316
1.23264660171356,-2.97306556831457
1.1722489001512,-3.06627181092526
1.11001188195376,-3.15705626097368
1.04598037042224,-3.24578343363142
0.980191722394293,-3.33283449290036
0.9126755532043,-3.41860146364267
0.843453577025901,-3.50348148201423
0.772539561850534,-3.5878710789729
0.699939398649919,-3.67216047288866
0.625651284927503,-3.75672782973706
0.549666023858451,-3.84193343318176
0.471967441520186,-3.92811369229149
0.392532926290865,-4.01557490193803
0.311334096301562,-4.10458666038043
0.228337602822473,-4.19537484053708
0.14350607958854,-4.28811400649963
0.0567992502576889,-4.38291916565051
-0.0318247916385512,-4.47983675024253
-0.122408113852407,-4.57883473169659
-0.214991269505151,-4.67979178770847
-0.30961139456633,-4.78248546841459
-0.406300058473965,-4.88657934560375
-0.505080847815575,-4.9916091808704
-0.605966664366438,-5.09696821755356
-0.708956721732316,-5.20189179028981
-0.814033229799178,-5.30544155791723
-0.921157763635879,-5.40648980270893
-1.03026732395031,-5.50370440289411
-1.14127011020033,-5.59553527581907
-1.25404104551181,-5.68020330294474
-1.36841711506609,-5.75569297843584
-1.48419260681475,-5.81975025861028
-1.60111437518983,-5.86988731190116
-1.71887728439875,-5.90339605271118
-1.83712002682838,-5.91737245399656
-1.95542155218497,-5.90875363116529
-2.07329838152385,-5.87436952632148
-2.19020311354619,-5.81101064694675
-2.30552445375711,-5.71551268030066
-2.41858910475895,-5.58485788004352
-2.52866584210437,-5.41629189428836
-2.63497205888761,-5.20745320000892
-2.73668298871864,-4.95651060100299
-2.83294370803484,-4.66230246530359
-2.9228838751706,-4.32446971030986
-3.00563498978362,-3.94357322474281
-3.08034976167441,-3.52118570459521
-3.14622297739063,-3.05994802105958
-3.20251306532796,-2.56358141667909
-3.24856340703232,-2.03684911539966
-3.283822345789,-1.48546425410767
-3.30786082177526,-0.915945146340871
-3.3203866277927,-0.335423360892975
-3.32125443313545,0.248585586582132
-3.31047095673808,0.828435531935956
-3.28819496489085,1.39661116905925
-3.25473209547719,1.94598115505682
-3.21052483712278,2.47002705508677
-3.15613828512916,2.96303477214568
-3.09224252865709,3.42023871948365
-3.01959267597408,3.83791331466559
-2.93900758808885,4.21341084459162
-2.85134836815846,4.54514884556774
-2.75749755652473,4.83255345150414
-2.65833982760404,5.07596743762991
-2.55474479685507,5.27653285035595
-2.44755234536817,5.43605824166567
-2.33756067525303,5.55687980453535
-2.22551713553792,5.64172438037754
-2.11211171520902,5.69358063901139
-1.99797299180451,5.71558295040855
-1.8836662508961,5.7109107619322
-1.76969345093846,5.68270479401963
-1.65649469443337,5.634000144038
-1.54445087426991,5.56767546730218
-1.43388718747604,5.48641677500564
-1.32507724193389,5.39269401672279
-1.21824752018257,5.28874845359466
-1.11358200454773,5.17658882720674
-1.01122680677064,5.05799444097244
-0.911294681229195,4.93452345419525
-0.813869332666131,4.80752491038907
-0.719009456571992,4.67815325546359
-0.626752472951998,4.54738433003908
-0.537117932369364,4.41603203176227
-0.450110587318671,4.2847650313866
-0.365723132649828,4.15412308765008
-0.283938626474767,4.02453264036565
-0.204732608270678,3.89632147009384
-0.128074934230387,3.76973229876658
-0.0539313517322725,3.64493527163358
0.0177351645218234,3.52203930999271
0.0869632923138475,3.40110235931038
0.153792436023007,3.28214058125403
0.218261974540702,3.16513655323795
0.280410663846862,3.05004654737166
0.340276176584748,2.93680696390688
0.397894762473525,2.82533999380202
0.453301014863443,2.71555858198667
0.506527730125165,2.60737075819976
0.557605847846514,2.50068339658321
0.606564460972475,2.39540545906519
0.653430886062684,2.29145077135625
0.69823078475672,2.1887403743972
0.740988328337877,2.08720448854243
0.781726397980865,1.98678412277347
0.820466813870266,1.88743235690005
0.857230586898122,1.7891153210619
0.892038187104712,1.69181289390421
0.924909823430388,1.59551913854538
0.955865729711615,1.50024249385116
0.984926452193599,1.40600573751676
1.01211313415622,1.31284573697199
1.03744779356924,1.22081300408227
1.06095359001474,1.12997106993489
1.08265507744621,1.04039569658288
1.10257843969828,0.95217394337412
1.12075170602198,0.865403106328096
1.13720494429819,0.780189549847269
1.15197042997489,0.696647450781027
1.16508278918042,0.614897475423265
1.17657911488015,0.535065410356437
1.18649905536338,0.457280768105048
1.1948848747643,0.381675388294101
1.20178148572917,0.308382054402119
1.2072364547352,0.237533145248791
1.21129998093642,0.169259339073626
1.21402484975414,0.103688386467915
1.21546636273621,0.0409439665539006
1.21568224547668,-0.0188553612912474
1.21473253561095,-0.0755971001389724
1.21267945307824,-0.129175644996378
1.20958725497197,-0.179492993868117
1.20552207737835,-0.226459337609162
1.20055176663549,-0.269993528139102
1.1947457024313,-0.310023426818339
1.18817461510179,-0.346486136843402
1.1809103993951,-0.379328125362669
1.17302592683639,-0.408505242614184
1.16459485866871,-0.433982646722743
1.1556914611612,-0.455734643852272
1.14639042487401,-0.473744454189258
1.13676668925383,-0.488003914739747
1.12689527371199,-0.498513130169719
1.11685111611138,-0.505280082926545
1.10670891936605,-0.50832021367275
1.09654300663988,-0.507655982671258
1.08642718542337,-0.50331642221486
1.07643462057229,-0.495336689524248
1.06663771621075,-0.48375762878089
1.0571080062362,-0.468625350144713
1.04791605301508,-0.449990832761647
1.03913135372646,-0.427909557919482
1.03082225369592,-0.402441177686508
1.02305586596328,-0.373649223586612
1.01589799624397,-0.341600859144114
1.0094130723737,-0.306366679485277
1.00366407726836,-0.26802056062071
0.998712484383056,-0.226639560560324
0.994618194615573,-0.182303874032552
0.991439473566854,-0.135096842291742
0.989232888043596,-0.0851050192979882
0.98805324066377,-0.0324182954352253
0.987953501403068,0.0228699201138717
0.988984734897907,0.0806624572066177
0.991196022297536,0.140858081609722
0.994634376433417,0.203351129639291
0.999344649047994,0.268031079232239
1.0053694287976,0.334782056053488
1.01274892871615,0.403482273237399
1.02152086179882,0.47400340343757
1.03172030334011,0.546209882050681
1.04337953864114,0.619958140825434
1.05652789469037,0.69509577160777
1.07119155442413,0.771460620752892
1.08739335219429,0.848879815800458
1.10515254911573,0.927168727411117
1.12448458704323,1.00612987135156
1.14540082004491,1.0855517575426
1.16790822240574,1.16520769590002
1.19200907242098,1.24485457194668
1.21770061153593,1.32423160899465
1.24497467876794,1.40305913811464
1.27381732081969,1.48103740213712
1.30420837887351,1.55784542555279
1.33612105375423,1.63313998835682
1.36952145197506,1.70655474853155
1.40436811614436,1.77769956485815
1.44061154431638,1.84616007890362
1.47819370411707,1.91149762209562
1.5170475488619,1.97324952044418
1.55709654439358,2.03092987528897
1.59825421698291,2.08403090294365
1.640423734323,2.13202491869314
1.68349753336098,2.17436705061165
1.72735701039428,2.2104987653835
1.77187229043588,2.23985228096471
1.8169020942369,2.26185592876258
1.86229372244122,2.27594051033596
1.90788317702002,2.28154666985735
1.95349544026746,2.27813327336798
1.99894493110301,2.26518674913664
2.0440361570928,2.24223130053902
2.08856457835642,2.20883985463529
2.13231769627195,2.16464555743781
2.17507637557227,2.10935357274671
2.21661640302529,2.04275288803543
2.25671027945636,1.96472778141656
2.29512923451746,1.87526856189248
2.33164544552693,1.77448116484264
2.36603443316578,1.66259516995341
2.39807759817016,1.53996981314542
2.42756485481499,1.4070975903524
2.45429730940095,1.26460510099314
2.4780899256138,1.11325085291482
2.49877411398976,0.953919846988859
2.51620018021138,0.787614875041985
2.5302395669078,0.615444594191907
2.54078682625435,0.438608577101587
2.54776126601984,0.258379673156874
2.55110821969272,0.0760841415180592
2.55079990165251,-0.106919875057505
2.54683582060253,-0.289264884330499
2.53924273807108,-0.469596884436274
2.52807417304935,-0.646597791608103
2.51340946804463,-0.819006758601611
2.49535244527021,-0.985639742222459
2.47402969370852,-1.14540676471695
2.44958853781401,-1.2973264247347
2.42219474625103,-1.44053734139163
2.39203004403647,-1.57430635113233
2.3592894936961,-1.69803341305979
2.32417881063177,-1.81125330628828
2.28691167506496,-1.91363431605397
2.2477070980164,-2.00497419881957
2.20678689223019,-2.08519378732833
2.16437329122481,-2.15432864326669
2.12068675123041,-2.21251918836777
2.07594396210608,-2.25999974634174
2.03035608482548,-2.29708691093572
1.98412722511251,-2.32416762335939
1.93745314555943,-2.34168729921951
1.89052021225063,-2.35013829490934
1.8435045666497,-2.35004894972719
1.7965715093238,-2.34197338600237
1.74987507895699,-2.32648219774699
1.70355780797749,-2.3041541107609
1.65775063489687,-2.27556865500852
1.61257295301155,-2.24129985421758
1.56813277532296,-2.20191090829545
1.52452699626029,-2.15794982121191
1.4818417319159,-2.10994591006066
1.44015272191265,-2.0584071194936
1.39952577761421,-2.0038180589117
1.36001726307583,-1.94663867693584
1.32167459684433,-1.88730348801328
1.28453676439427,-1.82622126882372
1.24863483259022,-1.76377514678408
1.21399245906178,-1.70032300884188
1.1806263907486,-1.63619816541221
1.14854694710535,-1.57171021135574
1.11775848454757,-1.5071460330023
1.08825983966942,-1.44277091715556
1.060044749579,-1.37882972459692
1.03310224838494,-1.3155480967208
1.00741703943816,-1.25313366950677
0.982969843397931,-1.19177727403052
0.959737722562313,-1.13165410712636
0.937694382191212,-1.07292485965317
0.916810449767661,-1.01573679311132
0.897053733299142,-0.960224758148582
0.878389459866032,-0.906512150823312
0.860780495687036,-0.854711804411115
0.84418754899966,-0.804926816094573
0.828569357054117,-0.757251309112304
0.813882858497484,-0.711771131908087
0.800083352386416,-0.668564496554801
0.787124645015509,-0.627702559269651
0.774959185688024,-0.589249946220452
0.76353819248893,-0.553265228078052
0.752811769049445,-0.519801346923238
0.742729013219228,-0.488905999190515
0.733238118488511,-0.460621978344688
0.724286468928781,-0.434987480955278
0.715820728347909,-0.412036379771051
0.70778692428439,-0.391798467312627
0.700130527395963,-0.374299673402946
0.692796526730541,-0.359562259948926
0.685729501302209,-0.347604996176789
0.678873688332146,-0.338443317410279
0.67217304845366,-0.332089470366282
0.66557132812223,-0.328552647825602
0.65901211941546,-0.327839115416667
0.652438917354348,-0.329952333124386
0.645795174826359,-0.334893074002701
0.639024355142633,-0.342659542424194
0.63206998221658,-0.353247494040073
0.624875688309378,-0.366650359445214
0.617385259250004,-0.382859373342046
0.60954267700372,-0.401863710770244
0.601292159434167,-0.423650631713019
0.592578197080777,-0.448205635101975
0.583345586756012,-0.475512622917975
0.573539461756499,-0.505554074722735
0.563105318479448,-0.538311232552272
0.551989039241476,-0.573764295657083
0.540136911112112,-0.611892624082901
0.527495640599665,-0.652674949548614
0.514012364063788,-0.696089591492746
0.4996346537779,-0.74211467552526
0.484310519626653,-0.790728350835668
0.467988406499933,-0.841909002369531
0.450617187536468,-0.895635452791106
0.432146153478206,-0.951887148397265
0.412524998522343,-1.01064432223345
0.391703803202567,-1.0718881266822
0.369633014996064,-1.13560072674394
0.346263427539557,-1.20176534410264
0.32154615954776,-1.27036624086011
0.295432634762779,-1.34138863052572
0.267874564524974,-1.41481850245745
0.238823934846635,-1.49064234446132
0.208233000191398,-1.56884674666554
0.17605428651676,-1.6494178680942
0.142240606526269,-1.73234074557837
0.1067450905038,-1.81759842277126
0.0695212365662389,-1.90517087510122
0.0305229846738304,-1.99503370453561
-0.0102951807205639,-2.08715657609202
-0.0529780939221387,-2.18150136619316
-0.0975697310686599,-2.27801999131955
-0.144112986308026,-2.37665188410407
-0.192649393691931,-2.47732108321187
-0.24321878672346,-2.57993290328495
-0.295858886829659,-2.68437015219153
-0.350604811395682,-2.79048886516228
-0.407488491426953,-2.8981135295566
-0.466537988441255,-3.00703178050647
-0.527776699886792,-3.11698855715161
-0.591222442301164,-3.22767972232118
-0.656886401651342,-3.33874516613768
-0.724771940924291,-3.4497614369932
-0.794873256188151,-3.56023397259632
-0.867173874149476,-3.66958904021718
-0.941644986844961,-3.77716553969154
-1.01824362269324,-3.88220687580567
-1.09691065786959,-3.98385316865091
-1.17756867803066,-4.08113414114712
-1.26011970797098,-4.17296310114662
-1.34444283597198,-4.25813251924194
-1.43039177048453,-4.33531178913616
-1.51779237935945,-4.40304784002482
-1.60644027597743,-4.45976934273658
-1.69609853203261,-4.5037953040652
-1.78649561289175,-4.53334886528116
-1.87732364762602,-4.54657709777425
-1.96823716095958,-4.54157750636825
-2.05885240715765,-4.51643179409387
-2.14874745466271,-4.46924719763984
-2.23746317321831,-4.39820536065958
-2.32450527030261,-4.3016182695411
-2.40934750896483,-4.17799023981512
-2.49143621291202,-4.02608433045847
-2.57019612575624,-3.84499091232597
-2.64503763938108,-3.6341954760701
-2.71536534224798,-3.39364219897683
-2.78058776437725,-3.12378937429626
-2.84012811549139,-2.82565261900251
-2.89343573169341,-2.50083188731023
-2.93999787060807,-2.15151877905299
-2.97935143240456,-1.78048146373138
-3.01109414179514,-1.39102572031865
-3.03489471030291,-0.986932050301442
-3.05050151329439,-0.572370442112538
-3.05774936429014,-0.151795998806473
-3.05656404848728,0.270169880711101
-3.04696438348487,0.688866916792919
-3.02906170011201,1.09972540364574
-3.00305677001824,1.49839097711433
-2.96923433823488,1.88083835765787
-2.92795553745779,2.24346862985061
-2.87964855709168,2.58318592386478
-2.82479800747326,2.89745092463233
-2.76393345470079,3.18431028248141
-2.69761760404942,3.44240257136865
-2.62643458299482,3.67094279943831
-2.55097872372741,3.86968852394614
-2.47184417652794,4.03889130799126
-2.38961560684813,4.17923757519088
-2.30486014745303,4.29178290392872
-2.2181206986268,4.37788351568637
-2.12991059893629,4.43912822732675
-2.04070962955393,4.47727353306528
-1.95096126831869,4.49418382998214
-1.86107107589957,4.49177816066789
-1.77140607492027,4.47198426194508
-1.68229497228742,4.43670020781258
-1.59402907339855,4.38776353183177
-1.5068637423915,4.32692741155945
-1.42102027317658,4.25584328929873
-1.33668804988935,4.17604917790653
-1.2540268910988,4.08896284335985
-1.17316948838469,3.99587905217544
-1.09422386583512,3.89797010723672
-1.01727580196134,3.79628895735981
-0.942391169063886,3.69177424336898
-0.869618156988857,3.58525672810193
-0.798989358406601,3.4774666432921
-0.730523701258052,3.36904156821644
-0.664228220949165,3.26053453045596
-0.600099670379357,3.15242208644633
-0.538125970136421,3.04511219799191
-0.478287504356105,2.93895177055571
-0.420558270002599,2.8342337603534
-0.364906888838418,2.73120379078797
-0.311297492264089,2.63006624542929
-0.259690489647455,2.53098982548874
-0.210043230838401,2.43411257546825
-0.162310573369396,2.3395463922259
-0.116445364450618,2.2473810408639
-0.072398847341904,2.1576877062872
-0.0301210010706255,2.07052211258208
0.010439178197277,1.98592724401503
0.0493334465077315,1.90393570185763
0.0866141252453753,1.82457173073446
0.122333951754986,1.74785294703213
0.156545961811041,1.67379180030771
0.189303398889274,1.60239679675582
0.22065964575511,1.53367351175899
0.250668174403411,1.46762541644712
0.279382510861486,1.40425454109656
0.306856211803336,1.34356199615363
0.333142850319058,1.28554836970425
0.358296008540907,1.23021401834948
0.382369275149092,1.17755926669877
0.405416246068083,1.12758452906229
0.427490526920528,1.0802903654122
0.448645736033132,1.03567748228653
0.468935506989294,0.993746688023951
0.488413489899062,0.954498810537445
0.507133350710191,0.917934584752204
0.525148768016493,0.884054515842342
0.54251342693319,0.852858723494361
0.559281009705113,0.824346771597206
0.575505182793928,0.798517487002653
0.591239580256437,0.775368770310387
0.606537783278691,0.754897401004156
0.621453295771428,0.737098838694309
0.63603951596212,0.721967021703496
0.650349703938935,0.709494163762494
0.664436945112892,0.699670549158565
0.678354109567475,0.692484326296242
0.692153807260655,0.687921299287138
0.705888339033482,0.685964716878862
0.719609643362846,0.686595057761112
0.733369238774295,0.689789811047827
0.74721816180467,0.695523250526427
0.761206900374319,0.703766201087899
0.775385322395364,0.71448579560422
0.78980259940666,0.727645220402913
0.80450712498814,0.743203447403083
0.81954642766794,0.761114950925239
0.834967077995769,0.781329407171056
0.850814589416007,0.803791374393014
0.867133312535096,0.828439951842426
0.883966322340598,0.855208415704047
0.901355297895183,0.88402383040379
0.919340393998856,0.914806633922231
0.937960104288498,0.947470196070843
0.957251115226917,0.981920349102518
0.977248150426033,1.01805489054601
0.997983804752766,1.05576305879039
1.01948836768419,1.09492498271601
1.0417896354134,1.13541110758946
1.0649127112624,1.1770816005281
1.08887979403705,1.21978574011176
1.11370995406467,1.26336129619001
1.13941889679267,1.30763390761563
1.16601871399975,1.35241646753942
1.19351762288465,1.39750852803017
1.22191969355614,1.44269573813598
1.2512245657554,1.4877493320656
1.28142715600278,1.5324256869177
1.31251735677809,1.57646597228372
1.34447972982028,1.61959591704012
1.37729319616834,1.66152572165224
1.41093072616145,1.70195014723506
1.44535903326891,1.74054881532962
1.48053827632358,1.77698675470502
1.5164217754783,1.8109152333008
1.5529557479785,1.84197291447331
1.59007907063039,1.86978737676405
1.62772307661836,1.89397703520991
1.66581139506148,1.91415349949317
1.70425984236294,1.9299243997086
1.74297637495936,1.94089670394685
1.78186111347664,1.94668054302947
1.82080644849642,1.94689354641053
1.85969723808325,1.94116567939544
1.8984111068657,1.92914455544151
1.93681885575643,1.91050117856368
1.97478499029179,1.88493605010535
2.01216837403635,1.85218555187434
2.04882301150761,1.81202849461855
2.08459896262654,1.76429269796472
2.11934338780274,1.7088614463991
2.15290171946021,1.64567964692587
2.18511895216483,1.57475949909818
2.21584103962337,1.4961854786091
2.24491638280815,1.41011843292267
2.27219738946972,1.31679859270802
2.29754208150162,1.21654731700843
2.32081572319941,1.10976741361638
2.3418924405995,0.996941909004408
2.36065679997232,0.878631183762493
2.37700531234325,0.755468438570447
2.39084783075504,0.628153510433646
2.40210880795561,0.497445116833042
2.41072838433389,0.364151663768315
2.41666327920919,0.229120809343662
2.419887462924,0.0932280244628109
2.42039259245089,-0.0426355665358341
2.41818819920202,-0.177575752336292
2.41330162418381,-0.3107078780651
2.40577770229675,-0.441169232424604
2.39567820415741,-0.568130856403066
2.38308105003771,-0.690808476076401
2.36807931611746,-0.808472298679449
2.35078005801268,-0.920455457573164
2.33130298030377,-1.02616094522542
2.30977898343425,-1.12506693081796
2.28634862083406,-1.21673041748668
2.26116049945143,-1.30078925055113
2.23436965612412,-1.37696253979441
2.20613594049705,-1.4450496038175
2.17662243265112,-1.50492758119912
2.14599392042228,-1.55654788075988
2.11441545774675,-1.59993166138033
2.08205102145445,-1.63516454083185
2.04906227992451,-1.66239073367958
2.01560748307136,-1.6818068115849
1.98184047938251,-1.69365526657701
1.94790986228455,-1.69821804049463
1.91395824505145,-1.69581016324245
1.88012166083824,-1.68677362011243
1.8465290822484,-1.67147154539165
1.81330205312634,-1.65028281684228
1.78055442399171,-1.62359710421496
1.74839218166839,-1.5918104053554
1.71691336316744,-1.55532108609877
1.68620804371251,-1.51452642524923
1.65635838889816,-1.46981965359245
1.62743876129503,-1.42158746604179
1.59951587231225,-1.3702079785327
1.57264897075233,-1.31604909594707
1.54689006020488,-1.25946725391897
1.52228413818942,-1.20080649557374
1.4988694507426,-1.14039784380719
1.47667775692844,-1.07855893035435
1.45573459851159,-1.01559384437864
1.43605957075863,-0.951793165409366
1.41766659101163,-0.887434147971293
1.40056416230366,-0.822781028019693
1.38475562985489,-0.758085424179156
1.37023942879933,-0.693586809676092
1.35700932194562,-0.629513033667964
1.34505462677461,-0.56608087334526
1.33436043122368,-0.503496600672514
1.32490779810691,-0.441956549916243
1.31667395827683,-0.381647674168272
1.30963249284995,-0.322748080911247
1.30375350500137,-0.265427538296694
1.29900378198518,-0.209847945228674
1.29534694816342,-0.156163759586841
1.29274360992811,-0.104522380003453
1.29115149348335,-0.0550644775537428
1.29052557651843,-0.00792427455277286
1.29081821485177,0.0367702316006281
1.29197926515938,0.0788971009070887
1.29395620492302,0.118340340305899
1.29669425074092,0.154989850372836
1.30013647614032,0.188741428654259
1.30422393001386,0.219496828476176
1.30889575677229,0.247163871402185
1.3140893192624,0.271656610815266
1.31974032544122,0.292895543360794
1.32578295972472,0.310807864211557
1.33215001984035,0.325327761303643
1.33877305990722,0.336396742853016
1.34558254034562,0.34396399160862
1.35250798507805,0.347986738445407
1.35947814632758,0.348430647070079
1.36642117714701,0.345270200827142
1.37326481162458,0.338489081879758
1.37993655251137,0.328080532427311
1.38636386580359,0.314047687139543
1.39247438159294,0.296403865665307
1.39819610027403,0.275172813941403
1.4034576029724,0.250388883109887
1.40818826483605,0.222097135173389
1.41231846962099,0.190353365094803
1.41577982380364,0.155224029891295
1.41850536827449,0.116786076386302
1.4204297855141,0.075126660661992
1.42148960002927,0.0303427538840878
1.4216233697388,-0.0174593689728618
1.42077186594919,-0.0681647589221809
1.41887823955364,-0.121650540505604
1.41588817112667,-0.177786773998182
1.41175000267111,-0.236437426852612
1.40641484890667,-0.297461446629721
1.39983668616643,-0.360713925414273
1.39197241718954,-0.426047343612031
1.38278191035933,-0.493312879125855
1.37222801223327,-0.562361766271109
1.3602765325378,-0.633046687461268
1.34689620115063,-0.705223179711094
1.33205859695934,-0.778751037392445
1.31573804885896,-0.853495692449191
1.29791150952629,-0.929329553430859
1.27855840297709,-1.00613328522337
1.25766044726643,-1.08379701220957
1.23520145402694,-1.16222142873909
1.21116710684873,-1.24131880217238
1.18554472078375,-1.32101385532311
1.15832298550468,-1.40124451678661
1.12949169486173,-1.48196252933288
1.09904146576024,-1.56313390818404
1.0669634494307,-1.64473924250943
1.03324903828226,-1.72677383478234
0.9978895716271,-1.80924767367954
0.960876043641904,-1.89218523690318
0.922198817001374,-1.97562512060743
0.881847345685535,-2.0596194919698
0.839809910537431,-2.144233360819
0.796073371240032,-2.22954366508655
0.750622938501778,-2.31563816316675
0.703441970399876,-2.40261412403722
0.654511797040376,-2.4905768032096
0.603811577964949,-2.57963768925809
0.551318197076919,-2.66991250183635
0.497006200283238,-2.76151891778196
0.440847781563737,-2.854573997183
0.38281282379155,-2.94919127622969
0.322869001344532,-3.04547748841629
0.260981952369255,-3.14352887035584
0.197115529485775,-3.24342700334295
0.131232138746295,-3.34523413713379
0.0632931777715759,-3.44898793858575
-0.00674041483621761,-3.55469560529645
-0.078907485498923,-3.66232728382299
-0.153245852588627,-3.77180873422343
-0.229791338663607,-3.88301318850765
-0.308576631452338,-3.99575236128399
-0.389629956347472,-4.10976658784208
-0.472973542910309,-4.22471408975462
-0.558621868215878,-4.34015940267153
-0.646579661004664,-4.45556104736175
-0.736839652806244,-4.57025858537585
-0.829380065762814,-4.68345927706481
-0.924161832146805,-4.79422465394559
-1.02112554790835,-4.90145743083364
-1.12018817239385,-5.00388931604219
-1.22123949902524,-5.10007042899213
-1.32413843755359,-5.18836120024459
-1.42870916773205,-5.26692780266363
-1.53473724695509,-5.33374233362954
-1.6419657803898,-5.38658912171229
-1.75009179082905,-5.42307864639872
-1.85876295590861,-5.44067061023893
-1.96757491085709,-5.43670765804938
-2.07606934334018,-5.40846106312201
-2.18373313026611,-5.35318936091682
-2.28999878102701,-5.26821037594266
-2.39424645343057,-5.15098633761276
-2.49580779317486,-4.99922081439338
-2.59397181100648,-4.81096503792539
-2.68799295039143,-4.58472989968545
-2.77710141090887,-4.31959858088783
-2.86051567931057,-4.01533355902468
-2.937457085004,-3.67247078974687
-3.00716604688412,-3.29239337274441
-3.06891952480142,-2.87737714543133
-3.12204904538666,-2.43060153577492
-3.16595855416505,-1.95612069621046
-3.20014126960024,-1.45879238101518
-3.22419469339705,-0.944165048921037
-3.2378329739862,-0.418326989215887
-3.24089592902228,0.112275480015422
-3.23335420268851,0.641040902271415
-3.21531025170163,1.16142485285946
-3.18699510086343,1.66714869751757
-3.1487610615912,2.15239257393405
-3.10107084107786,2.6119617200921
-3.04448366411182,3.0414177227263
-2.97963916801247,3.43716934432011
-2.90723990471368,3.79652092119922
-2.82803329167466,4.11767952370902
-2.74279380111672,4.39972480743957
-2.65230607671765,4.64254753727672
-2.55734953331595,4.84676402639213
-2.45868484435498,5.01361420526451
-2.35704256864956,5.14485081703099
-2.25311402494488,5.24262647947757
-2.1475443986161,5.30938424112604
-2.04092796506973,5.34775596635445
-1.93380524096186,5.36047156539628
-1.82666182654242,5.35028085651922
-1.71992867761474,5.31988878719759
-1.61398353994514,5.27190388917695
-1.50915328815048,5.20879920900509
-1.40571693085476,5.13288452857224
-1.30390907035946,5.04628844302082
-1.20392363494778,4.95094876254509
-1.10591773266581,4.84860971500618
-1.01001550510334,4.74082451500435
-0.91631188706161,4.62896200353705
-0.8248762022902,4.51421622746358
-0.735755546353775,4.39761800203336
-0.648977925106594,4.28004767010024
-0.564555131371637,4.16224843003658
-0.482485353534905,4.0448397459243
-0.402755518236384,3.92833047610114
-0.325343375555099,3.81313145921021
-0.250219339427796,3.69956738141991
-0.177348098864877,3.58788781608515
-0.106690017151648,3.47827737983374
-0.0382023369240233,3.37086498903814
0.0281597909808375,3.26573222997969
0.0924424374843451,3.16292087668541
0.154692167449365,3.06243960415978
0.214955438544382,2.96426995305597
0.273278112415787,2.86837160600671
0.329705065014759,2.77468703691953
0.384279884142936,2.68314559338998
0.437044643459177,2.59366706968125
0.488039743302804,2.50616482399604
0.537303809720673,2.42054848943808
0.584873644027404,2.33672632343922
0.630784216076804,2.25460723574616
0.675068695178285,2.17410253048531
0.717758513258572,2.09512739347512
0.758883455451333,2.01760215190987
0.798471773802335,1.94145332984941
0.836550320212715,1.86661451964198
0.873144695115679,1.79302708649412
0.908279408700389,1.72064072088064
0.941978051768639,1.64941385134916
0.974263473542671,1.57931392849898
1.00515796394322,1.51031758948249
1.03468343803216,1.44241071126085
1.06286162047005,1.37558836001688
1.08971422798076,1.30985464355504
1.11526314794813,1.24522247316827
1.13953061139734,1.18171324129217
1.16253935873984,1.11935642126225
1.18431279678786,1.05818909560756
1.20487514567528,0.99825541951982
1.22425157445693,0.93960602639714
1.24246832429914,0.88229738264732
1.25955281832087,0.826391099215217
1.27553375729687,0.771953207548108
1.29044120059015,0.719053407907341
1.30430663184113,0.667764298054914
1.31716300910141,0.618160590373942
1.32904479926098,0.570318325410563
1.33998799677576,0.524314089644572
1.35003012685578,0.480224245003858
1.35921023342079,0.438124177234895
1.36756885226728,0.398087569733427
1.37514797001734,0.360185708834838
1.3819909695328,0.324486825874737
1.38814256257682,0.291055480571449
1.39364871058828,0.259951989470116
1.39855653450044,0.231231902340796
1.40291421458481,0.204945528558841
1.40677088133276,0.181137514633468
1.41017649840265,0.159846473207657
1.41318173865829,0.141104663046084
1.41583785430721,0.124937718772797
1.41819654211583,0.111364428429901
1.42030980463306,0.10039655631346
1.42222980829833,0.0920387080117049
1.42400873924332,0.0862882341293922
1.42569865752316,0.0831351688344682
1.42735135043251,0.0825621991104223
1.42901818547834,0.0845446604391409
1.43074996349435,0.0890505545722499
1.43259677229578,0.0960405850698878
1.43460784118722,0.105468206389465
1.43683139655403,0.117279682487335
1.43931451868896,0.131414151147036
1.44210299993351,0.147803690562284
1.44524120414723,0.166373385074859
1.44877192746069,0.187041387390757
1.45273626021871,0.209718975067163
1.45717344998148,0.234310599572946
1.46212076542252,0.260713926772706
1.46761336094538,0.288819868265528
1.47368414183543,0.318512603622213
1.48036362977058,0.349669594207009
1.48767982853499,0.382161589940443
1.49565808981401,0.415852631057722
1.50432097899673,0.450600047641164
1.51368814097572,0.486254460453729
1.52377616601158,0.522659787371634
1.53459845582388,0.559653260503615
1.54616509017979,0.597065459887356
1.55848269437751,0.634720370462334
1.57155430816386,0.672435469822381
1.58537925678311,0.710021855037022
1.59995302502766,0.74728441758049
1.615267135349,0.784022076099468
1.63130903128806,0.820028077358671
1.64806196769623,0.855090376196072
1.66550490943853,0.888992105660804
1.68361244049568,0.921512148655696
1.70235468560801,0.952425822318127
1.72169724682527,0.981505685999097
1.74160115753749,1.00852248299071
1.76202285675448,1.03324622505605
1.78291418656813,1.055447427284
1.80422241586308,1.0748984987801
1.82589029342678,1.09137529217829
1.84785613364017,1.10465881189022
1.87005393789331,1.1145370773925
1.89241355475539,1.12080713369591
1.91486088172575,1.12327719648103
1.93731811109202,1.12176891428412
1.95970402201492,1.11611972466916
1.9819343204417,1.10618527565623
2.00392202781837,1.09184187795322
2.0255779188253,1.07298894795492
2.04681100750745,1.04955139625543
2.06752908021784,1.02148191181786
2.08763927275689,0.988763088225642
2.10704868799108,0.951409335872701
2.12566504909735,0.909468522798767
2.14339738243586,0.863023287376466
2.16015672293812,0.812191968406042
2.17585683384874,0.757129102507021
2.19041493171687,0.698025445076393
2.20375240674004,0.635107479482891
2.2157955279559,0.568636389461279
2.22647612239409,0.498906481630457
2.2357322171698,0.426243058353779
2.24350863364611,0.350999755364847
2.2497575232262,0.273555373194364
2.25443883506298,0.194310245894386
2.25752070698228,0.113682204277833
2.25897977218681,0.0321022032886484
2.25880137580938,-0.0499903063566699
2.2569796970723,-0.132152173941375
2.25351777463587,-0.213941418177118
2.24842743462329,-0.294922074076985
2.24172912273243,-0.374668921712096
2.23345164372389,-0.452772005017547
2.22363181334952,-0.528840855439988
2.21231402940205,-0.602508344436183
2.19954976997509,-0.673434100215722
2.18539702818721,-0.74130743716064
2.16991969351505,-0.805849760482649
2.15318689048314,-0.86681642330494
2.13527228576869,-0.92399802790007
2.11625337480384,-0.977221176738763
2.09621075871468,-1.02634869183299
2.07522742195032,-1.07127933220213
2.05338802025984,-1.1119470488632
2.0307781878076,-1.14831982435797
2.00748387121774,-1.18039814939689
1.98359069724897,-1.20821319273207
1.95918337965876,-1.23182472196363
1.93434516966176,-1.25131883279786
1.90915735325144,-1.26680554252682
1.88369879756744,-1.27841630043589
1.85804554747662,-1.28630146373749
1.83227047261145,-1.29062778274502
1.80644296428849,-1.29157593360335
1.78062868101985,-1.28933813122305
1.75488934073486,-1.28411584933878
1.72928255734714,-1.27611766901201
1.70386171892969,-1.26555727157232
1.67867590449067,-1.25265158705588
1.65376983616719,-1.23761910473439
1.62918386356251,-1.22067834838616
1.60495397693407,-1.2020465155665
1.58111184598397,-1.18193827729073
1.55768488109922,-1.16056473223374
1.53469631402572,-1.13813250774537
1.51216529512832,-1.11484299864029
1.49010700457979,-1.09089173379926
1.46853277502704,-1.06646786006329
1.44745022349616,-1.04175373266311
1.42686339051313,-1.01692460145249
1.40677288462945,-0.992148382456232
1.3871760307482,-0.967585504658759
1.3680670208417,-0.943388822504339
1.34943706583679,-0.919703585221393
1.33127454761416,-0.896667454787628
1.31356517022461,-0.874410565094449
1.29629210956635,-0.85305561562534
1.27943616089376,-0.832717993715538
1.26297588363887,-0.813505920194918
1.24688774312438,-0.795520613921052
1.23114624882934,-0.778856471376697
1.21572408893952,-0.763601258129197
1.20059226097233,-0.749836309524548
1.18572019831335,-0.737636738513652
1.17107589253905,-0.727071648981347
1.15662601142825,-0.718204353370078
1.14233601258539,-0.711092593760064
1.12817025261229,-0.7057887658876
1.11409209177228,-0.70234014585425
1.10006399409373,-0.700789119503828
1.08604762285809,-0.701173414622983
1.07200393141341,-0.70352633625691
1.05789324924715,-0.707877005526014
1.0436753632441,-0.714250602384117
1.02930959404583,-0.722668612775808
1.0147548674193,-0.73314908063151
0.999969780534033,-0.745706865085417
0.984912663039943,-0.760353903215085
0.969541632833689,-0.777099478483675
0.953814646398653,-0.795950494917928
0.937689543605065,-0.81691175687801
0.921124086861535,-0.839986254070555
0.904075994518511,-0.86517545122429
0.886502968438367,-0.892479581589206
0.868362715666391,-0.921897943135605
0.849612964162458,-0.953429196018495
0.83021147258525,-0.987071659535244
0.810116034159869,-1.02282360643907
0.789284474706382,-1.06068355207635
0.767674644961663,-1.10065053538947
0.745244407390601,-1.14272438836616
0.721951617756082,-1.18690599001631
0.697754101800859,-1.23319750041487
0.672609627489495,-1.28160256975605
0.646475873366067,-1.33212651671586
0.619310393704366,-1.38477646970627
0.591070581263426,-1.43956146381754
0.561713628613829,-1.49649248537546
0.531196489171162,-1.55558245507573
0.499475839264288,-1.6168461395887
0.466508042779857,-1.68029998034188
0.432249120163267,-1.74596182687495
0.396654723822632,-1.81385056071252
0.359680122279099,-1.88398559410669
0.321280195736995,-1.95638622626073
0.28140944611366,-2.03107083775791
0.240022024974403,-2.1080559018956
0.197071783265232,-2.18735478948178
0.152512347227081,-2.26897634142234
0.106297225411315,-2.35292318116256
0.0583799522974574,-2.43918973681649
0.00871427463867063,-2.527759940726
-0.0427456126755328,-2.61860457237211
-0.0960447737537353,-2.71167820919607
-0.151227173631601,-2.80691574921024
-0.208335246071537,-2.90422846958686
-0.267409377606944,-3.00349958707748
-0.328487297553396,-3.1045792895972
-0.391603363149762,-3.20727921415838
-0.456787728579181,-3.3113663552187
-0.52406538642076,-3.41655640018508
-0.593455070182658,-3.52250650616168
-0.664968007068522,-3.62880755501181
-0.738606511155136,-3.73497595345023
-0.814362408853322,-3.84044508223495
-0.892215291050679,-3.94455654456615
-0.972130589875854,-4.046551419324
-1.05405748277477,-4.1455617902553
-1.13792663274901,-4.24060289757722
-1.22364778136608,-4.33056634283487
-1.31110722067241,-4.41421486924515
-1.40016518153284,-4.49017933473814
-1.49065318920529,-4.5569585881931
-1.58237145203407,-4.61292304349922
-1.67508636572982,-4.65632281115535
-1.76852823329887,-4.68530128072629
-1.86238931851526,-4.69791503483738
-1.95632236780741,-4.69216090003058
-2.04993975013358,-4.66601078468059
-2.1428133750876,-4.61745470348233
-2.23447555406957,-4.54455202973609
-2.32442096565702,-4.44549054564256
-2.41210987209844,-4.31865228240172
-2.49697270714315,-4.16268447539222
-2.57841611478729,-3.97657324121483
-2.65583046343009,-3.75971686717971
-2.72859879112927,-3.51199496118962
-2.79610705741585,-3.23382922486728
-2.85775548951413,-2.92623137376506
-2.91297072157283,-2.59083381724328
-2.96121834186009,-2.229899187949
-3.00201539290439,-1.84630570244828
-3.03494232143486,-1.44350661901353
-3.05965385588056,-1.02546366070646
-3.07588830429226,-0.596556064377156
-3.08347481702453,-0.161468730368183
-3.08233824490915,0.274935406532623
-3.07250133970947,0.707752372393914
-3.05408418068957,1.13217631772863
-3.02730085796622,1.54363346794523
-2.99245358754213,1.93790392038966
-2.94992456247094,2.31122535930328
-2.90016594919052,2.66037422022568
-2.84368851034543,2.98272157458835
-2.78104937171848,3.27626283271177
-2.71283945131351,3.53962209506311
-2.63967103669351,3.77203346406389
-2.56216593851495,3.97330275557267
-2.48094457153681,4.14375376795372
-2.39661622746955,4.28416357672409
-2.30977071467875,4.39569126612435
-2.22097145463002,4.47980415686143
-2.13075004911671,4.53820502785443
-2.03960226905046,4.57276314693208
-1.94798536653312,4.5854512005209
-1.85631657723218,4.5782895099538
-1.76497265880512,4.5532982888046
-1.6742903015594,4.51245816046913
-1.58456724757913,4.45767873115035
-1.49606396195129,4.39077470099345
-1.40900571232226,4.31344878693817
-1.32358492887867,4.2272806109598
-1.23996373435166,4.13372066017999
-1.15827655150799,4.03408843385395
-1.07863271286216,3.92957394061293
-1.00111901336517,3.82124178372404
-0.92580216119681,3.71003716114629
-0.852731094308554,3.59679320195328
-0.781939140986533,3.48223915475065
-0.713446011491908,3.36700903257169
-0.647259614922598,3.25165039959813
-0.583377701003161,3.1366330564463
-0.521789330744002,3.02235744217933
-0.462476183015726,2.90916262283224
-0.405413706249503,2.79733377869755
-0.350572125874613,2.68710913680377
-0.297917318895156,2.57868632194182
-0.247411567324339,2.4722281202986
-0.199014202150715,2.36786766524486
-0.15268214920143,2.26571306602455
-0.108370387770051,2.16585150782922
-0.0660323322529225,2.06835285673331
-0.0256201463367848,1.97327280582441
0.0129150014609428,1.88065560009493
0.0496227328511193,1.79053637768583
0.0845532981275105,1.70294316422418
0.117757451234623,1.61789855553955
0.149286355653938,1.5354211221879
0.179191515861604,1.45552656711218
0.207524729715158,1.37822866554597
0.234338057686341,1.30354001400627
0.259683805371566,1.23147261298533
0.283614516181987,1.1620383057815
0.306182971542926,1.0952490938321
0.327442196319854,1.03111734694436
0.347445467537327,0.969655924969782
0.366246324770676,0.910878225737309
0.383898580870252,0.854798172448402
0.400456331926926,0.801430152239312
0.415973965607574,0.750788916227347
0.430506167182607,0.702889450072604
0.444107922736191,0.657746822898728
0.456834519195565,0.61537602131982
0.468741540940555,0.575791774310349
0.479884862859725,0.539008373725884
0.490320639807068,0.505039494430052
0.500105292484384,0.473898017203506
0.509295489830753,0.445595856899887
0.517948128043257,0.420143797668508
0.52612030638359,0.397551336480267
0.533869299944553,0.37782653566886
0.541252529559911,0.360975884730366
0.548327529041702,0.34700417120711
0.555151909921818,0.335914360112859
0.561783323860517,0.327707481031843
0.568279422864285,0.32238252173984
0.57469781742985,0.319936326947253
0.58109603270097,0.320363500547316
0.58753146269033,0.323656309562647
0.594061322581024,0.329804587815677
0.600742599081096,0.338795637198398
0.607631998760736,0.350614124279827
0.614785894255184,0.36524196986123
0.62226026816737,0.382658228965569
0.630110654452832,0.402838958625229
0.638392077015458,0.425757070707939
0.647158985186186,0.451382166892742
0.656465185697646,0.4796803527746
0.666363770705972,0.510614027937546
0.676907041346351,0.544141648693301
0.688146426241388,0.580217460037501
0.700132394310963,0.618791193233355
0.712914361159111,0.659807725298909
0.726540588237751,0.703206696557451
0.741058073909372,0.748922082321801
0.756512435451599,0.796881714735941
0.772947780967076,0.847006750808221
0.79040657008348,0.899211082759356
0.808929462252697,0.953400686999171
0.828555151387415,1.00947290836626
0.849320185510587,1.06731567674608
0.871258770041955,1.12680665386167
0.894402553310445,1.18781230894713
0.918780392866911,1.2501869232126
0.944418101184577,1.31377152453762
0.971338169381679,1.37839275574003
0.999559467690446,1.44386168211263
1.02909692153786,1.50997254675216
1.05996116230691,1.57650148557816
1.0921581521236,1.64320521789607
1.12568878237674,1.70981973293876
1.16054844613745,1.77605899804398
1.19672658521605,1.84161371999433
1.23420621328838,1.90615019753337
1.27296341735356,1.96930931011362
1.3129668407605,2.03070569541653
1.35417715216841,2.0899271759433
1.39654650609103,2.14653450276941
1.44001800211167,2.20006149206722
1.48452515143826,2.25001563682234
1.52999136117478,2.29587928179635
1.57632944848831,2.33711145361969
1.62344119870683,2.37315043923686
1.67121698323422,2.4034172039955
1.7195354549418,2.42731973463778
1.76826334030027,2.44425838146625
1.81725534884367,2.4536322572031
1.86635422148678,2.45484672683424
1.91539093961272,2.44732199251489
1.96418511656676,2.4305027401932
2.01254559209256,2.40386877016814
2.06027124819314,2.36694648303352
2.10715206177703,2.31932103667942
2.15297040517849,2.26064893121289
2.19750260018414,2.19067071951777
2.2405207245837,2.10922348507687
2.28179466258881,2.01625267957536
2.32109438191366,1.91182287502191
2.35819241115592,1.79612696309146
2.39286648171303,1.66949333227787
2.42490228925212,1.53239057472846
2.45409632121586,1.38542932167374
2.48025868951694,1.22936087997277
2.50321590197468,1.06507244138869
2.52281350266094,0.893578757617825
2.53891851054387,0.716010312538998
2.55142158792147,0.533598171440155
2.5602388752323,0.347655836459694
2.5653134368492,0.159558578657331
2.56661627314091,-0.0292791595282459
2.56414686698022,-0.217427600883101
2.55793324738057,-0.403465955343193
2.54803156833299,-0.586006448623408
2.534525216401,-0.763717294236214
2.51752347541661,-0.935343899913866
2.49715978996054,-1.09972768873831
2.47358968056751,-1.25582203298052
2.44698837228582,-1.4027049363655
2.41754820403264,-1.53958824879444
2.38547588900637,-1.66582334689611
2.35098969631572,-1.78090335522381
2.314316621198,-1.88446210888002
2.2756896060975,-1.97627016307767
2.23534486792283,-2.05622823495531
2.19351937851866,-2.12435851629012
2.15044853629981,-2.18079432298359
2.10636405760877,-2.22576855035659
2.06149210712232,-2.25960138563774
2.01605167792496,-2.28268769460699
1.97025322397878,-2.29548445256453
1.92429754085381,-2.29849853501613
1.87837488485879,-2.29227512475801
1.83266431617168,-2.27738693293167
1.78733324819026,-2.25442437496641
1.74253718303445,-2.22398679028837
1.69841961182481,-2.18667474871312
1.65511205790597,-2.14308344738709
1.61273424143647,-2.09379717029763
1.57139434458583,-2.03938475759822
1.53118935782635,-1.98039601384083
1.49220548935677,-1.91735897200132
1.45451862143582,-1.85077792312784
1.41819479924073,-1.78113211868824
1.38329073972269,-1.70887505339655
1.34985434974541,-1.63443423966637
1.31792524451991,-1.55821139015134
1.28753525895454,-1.48058293146241
1.25870894600456,-1.40190077957
1.23146405741756,-1.32249331517342
1.20581200342771,-1.24266650511141
1.1817582889539,-1.16270512343665
1.15930292471253,-1.08287403289997
1.13844081237393,-1.00341949416007
1.11916210348487,-0.924570475978588
1.10145253236006,-0.846539944942048
1.08529372352778,-0.769526117868669
1.07066347461076,-0.693713664027107
1.05753601574636,-0.619274847651679
1.04588224681141,-0.546370604030613
1.03566995382837,-0.475151544723151
1.0268640059989,-0.405758889284295
1.01942653484879,-0.338325322299599
1.01331709698084,-0.272975775612673
1.00849282192619,-0.209828136418838
1.00490854656518,-0.148993882449998
1.00251693756062,-0.0905786458353483
1.00126860321227,-0.0346827074327786
1.00111219610421,0.018598576474261
1.00199450787858,0.069174413195325
1.00386055743104,0.116958276468072
1.00665367378553,0.161867671248677
1.0103155748691,0.203823958627915
1.01478644337121,0.242752239048735
1.02000500083489,0.278581291963838
1.02590858108924,0.311243569978309
1.03243320409228,0.340675245362578
1.03951365120832,0.366816306587983
1.04708354289457,0.389610702227125
1.05507541971419,0.409006529173639
1.06342082752834,0.424956261673518
1.07205040764363,0.437417017128766
1.08089399260535,0.446350854043166
1.08988070822771,0.451725096841648
1.09893908234027,0.45351268162491
1.10799716060417,0.451692516237888
1.11698262961266,0.446249847355775
1.12582294733783,0.437176626647969
1.13444548082081,0.424471867493939
1.14277765082691,0.408141983222137
1.15074708300253,0.388201097450633
1.15828176487936,0.364671316852789
1.16531020787667,0.337582956578205
1.17176161325784,0.306974708651156
1.17756604080592,0.272893743965232
1.18265457880077,0.235395739008688
1.18695951370945,0.194544819199402
1.19041449784899,0.150413411684324
1.19295471314913,0.103082001661611
1.19451702903771,0.0526387877024272
1.19504015239691,-0.000820766835750816
1.19446476749756,-0.0571944874290419
1.19273366381587,-0.116374146247154
1.18979184967207,-0.178246221448949
1.18558664970768,-0.242692753049889
1.18006778433565,-0.30959228844006
1.17318742945647,-0.378820908626613
1.16490025493087,-0.450253324373084
1.15516344053422,-0.523764029658636
1.1439366683852,-0.59922849832665
1.13118209113737,-0.676524408471416
1.1168642755425,-0.755532878052662
1.10095012133295,-0.83613969444888
1.08340875572152,-0.918236520169163
1.06421140417535,-1.00172205673471
1.04333123848015,-1.08650314879827
1.020743203467,-1.17249581086316
0.99642382412215,-1.25962615945246
0.970350995137238,-1.34783123421266
0.942503755280263,-1.43705969215394
0.912862049276546,-1.52727235996541
0.881406480182947,-1.61844263002519
0.848118055520516,-1.71055668627846
0.812977930703353,-1.80361354650511
0.775967153569797,-1.89762490757055
0.737066414092329,-1.99261477997695
0.696255803622346,-2.08861889734637
0.653514588324018,-2.18568388531558
0.60882100177763,-2.28386617266118
0.562152062097454,-2.38323062527295
0.513483419323548,-2.4838488808385
0.462789239321659,-2.58579735880028
0.410042130971625,-2.68915491632864
0.355213124051754,-2.79400011678467
0.298271705942955,-2.90040807252594
0.23918592608734,-3.00844681908878
0.177922578043673,-3.11817317297284
0.114447469983369,-3.22962802074739
0.0487257955561317,-3.34283098337544
-0.0192773817947309,-3.4577743970105
-0.089596516800519,-3.57441655070028
-0.162264827173631,-3.69267412323613
-0.237313378699186,-3.81241376681767
-0.314769993105525,-3.93344279547623
-0.394657960520123,-4.05549895278014
-0.476994538038943,-4.17823925794038
-0.561789216246885,-4.301227963999
-0.649041736645468,-4.42392370847365
-0.738739845136362,-4.5456659979285
-0.830856770286941,-4.66566124570821
-0.925348420420739,-4.78296867852781
-1.02215030102137,-4.89648654421719
-1.12117416392263,-5.00493919012036
-1.22230441268379,-5.10686573830041
-1.32539430477651,-5.20061125633062
-1.43026201099734,-5.28432150442021
-1.53668661595466,-5.35594252020191
-1.64440417038517,-5.41322646599404
-1.75310393588718,-5.4537452883851
-1.86242499438347,-5.47491379931198
-1.97195342661365,-5.47402374876151
-2.0812202938757,-5.44829028540143
-2.18970068202165,-5.3949118557739
-2.2968140825843,-5.31114404233245
-2.40192638853384,-5.1943870637044
-2.50435376693865,-5.04228565446781
-2.60336863334972,-4.85283883196627
-2.69820788952303,-4.62451570607715
-2.78808349526432,-4.35637209775633
-2.87219532733843,-4.04816144823717
-2.94974613738909,-3.70043250070618
-3.01995826426819,-3.31460571325347
-3.08209159547728,-2.89302049727622
-3.13546212220974,-2.43894630484744
-3.17946030933134,-1.95655236601026
-3.21356842214878,-1.45083344589333
-3.23737593020669,-0.927492169897406
-3.25059215398645,-0.392781952652004
-3.2530554356735,0.146682023359265
-3.24473829439023,0.684133418491955
-3.22574825562081,1.21287453646011
-3.19632430345021,1.72649203140791
-3.15682916809025,2.21905563233207
-3.10773790466842,2.68528861248075
-3.04962341993354,3.12070134806989
-2.98313974471572,3.52168257834241
-2.90900392272207,3.88554648551259
-2.82797738990196,4.21053705248606
-2.74084766006018,4.49579398961886
-2.64841102425448,4.74128661910649
-2.55145682975975,4.94772336234808
-2.4507537458665,5.11644490594538
-2.34703826408092,5.24930883397869
-2.2410055321677,5.34857267575995
-2.13330249402105,5.41678112167563
-2.0245232058359,5.45666179135497
-1.91520612526726,5.47103255716215
-1.80583312320159,5.46272215167511
-1.69682994443779,5.43450469791606
-1.58856783985171,5.38904793436913
-1.48136610391624,5.32887427046481
-1.37549527328558,5.25633338676583
-1.27118077050756,5.17358485808125
-1.16860680844768,5.08258919105773
-1.06792040307949,4.98510569332443
-0.969235373024852,4.88269569462384
-0.872636232361086,4.77672979208735
-0.778181908029296,4.66839796826471
-0.685909234372528,4.55872161386296
-0.595836194899171,4.44856666483766
-0.50796489550758,4.33865722739399
-0.422284264448454,4.22958921000421
-0.338772482632839,4.12184360677553
-0.257399153925495,4.01579918131045
-0.178127229194744,3.91174438570979
-0.100914700489085,3.80988841741627
-0.0257160831056089,3.71037136937117
0.0475162962117733,3.61327346873641
0.118831186917446,3.51862342841895
0.188277460825575,3.42640595583998
0.255903300492246,3.33656847660015
0.321755514760985,3.24902713843345
0.385878967763798,3.16367216439636
0.448316109057494,3.08037262465533
0.509106593946701,2.99898069435741
0.568286984361937,2.91933546156369
0.625890521895997,2.84126634460952
0.681946965736812,2.76459617292527
0.736482489258654,2.68914397960379
0.789519629940001,2.61472754805604
0.841077288063357,2.54116574911655
0.891170770320396,2.46828069906369
0.939811874997439,2.39589976329206
0.987009015855705,2.32385742488288
1.03276738215311,2.25199703211344
1.07708913248592,2.18017243407376
1.11997362026616,2.10824950905885
1.16141764870269,2.03610758631698
1.20141575312805,1.96364075810084
1.23996050842012,1.89075907582902
1.27704285911652,1.8173896215629
1.31265246962305,1.74347744397813
1.34677809168518,1.66898634659734
1.37940794603881,1.59389951528211
1.41053011489387,1.51821997187755
1.44013294164704,1.44197084147227
1.46820543398015,1.36519542197251
1.49473766629282,1.28795704656849
1.51972117725303,1.21033873215072
1.54314935814011,1.13244260974981
1.56501782760966,1.05438913654265
1.58532478853912,0.976316092787228
1.60407136271948,0.898377371098914
1.62126189934894,0.820741569629687
1.63690425355636,0.743590404817966
1.65101003153553,0.667116963294673
1.66359479929953,0.59152381611967
1.67467825256003,0.517021021647726
1.68428434578881,0.443824045866081
1.69244137911546,0.372151630907967
1.69918204234188,0.302223643554488
1.70454341599449,0.234258935845991
1.70856692997425,0.16847324941894
1.71129828098473,0.105077193882045
1.71278731050577,0.0442743274929231
1.71308784561916,-0.0137406343316318
1.71225750547104,-0.0687834604441714
1.71035747656365,-0.120681876871938
1.70745226039735,-0.169276856832582
1.70360939722902,-0.214423717782103
1.69889916987037,-0.255993019760137
1.69339429152224,-0.293871263563479
1.68716958162859,-0.327961391344967
1.68030163364432,-0.358183095994524
1.67286847844904,-0.384472949023584
1.66494924691522,-0.406784359574947
1.6566238348613,-0.42508737957078
1.64797257330122,-0.439368371866517
1.63907590655002,-0.449629559593062
1.63001408037305,-0.45588847565732
1.62086684198293,-0.458177331661167
1.61171315330456,-0.4565423253338
1.60263091855118,-0.451042905003991
1.59369672679295,-0.441751008725643
1.58498560985844,-0.428750294474103
1.57657081559527,-0.412135376414352
1.56852359623133,-0.392011080665906
1.56091301132653,-0.368491732309524
1.55380574458699,-0.341700483648467
1.54726593363111,-0.311768691996059
1.54135501164865,-0.278835353548262
1.53613155977917,-0.243046598243564
1.53165116895462,-0.204555248933478
1.52796630989875,-0.163520446698787
1.52512620995407,-0.120107342755621
1.5231767354108,-0.074486856101607
1.52216027804161,-0.0268354948504646
1.52211564459839,0.0226647619163358
1.5230779481011,0.0738265260029715
1.52507849984345,0.12645701087722
1.52814470115411,0.180357997553349
1.53229993408518,0.235325762701936
1.53756345035154,0.291150977047322
1.54395025801528,0.347618583063662
1.55147100559946,0.404507661953927
1.56013186352495,0.461591300900121
1.56993440299434,0.518636472609797
1.58087547269796,0.57540394024964
1.59294707398963,0.63164820194033
1.60613623547417,0.687117490068333
1.6204248882644,0.741553841720968
1.63578974350134,0.794693257531926
1.65220217408613,0.846265967085736
1.66962810294199,0.895996819710772
1.68802790050641,0.943605819919526
1.70735629453994,0.988808826850307
1.72756229572303,1.03131843673518
1.74858914288495,1.07084506656727
1.77037427205891,1.1070982556649
1.79284931387047,1.13978819962918
1.81594012402781,1.16862752817013
1.83956685187386,1.19333333435052
1.86364405206436,1.21362945790258
1.88808084443143,1.22924901937409
1.91278112696015,1.23993719495933
1.93764384652563,1.24545421401333
1.96256333159234,1.24557855253918
1.98742969045016,1.2401102865426
2.01212927774147,1.22887455930133
2.03654523101496,1.21172510660374
2.0605580778239,1.18854777424738
2.08404641248072,1.15926395299159
2.10688764000116,1.12383384821718
2.12895878305087,1.08225949528016
2.15013734588222,1.03458742748315
2.17030222736905,0.980910902229224
2.18933467337063,0.921371592714164
2.20711925685034,0.856160657802354
2.22354487251098,0.785519111735959
2.23850573126319,0.709737428096198
2.25190233869011,0.629154328827945
2.2636424408789,0.544154728802642
2.27364192061954,0.455166828766179
2.2818256270683,0.362658373833337
2.28812812256953,0.267132120011839
2.2924943314322,0.169120576501438
2.2948800770566,0.0691801155799594
2.29525249586461,-0.0321154363818665
2.29359031894762,-0.134181594913801
2.2898840151313,-0.236430254604542
2.28413579217102,-0.338276812670561
2.27635945593019,-0.439147220809437
2.26658013054212,-0.53848480956223
2.25483384560142,-0.635756737359421
2.24116699926369,-0.730459929557916
2.2256357086572,-0.822126390411328
2.20830506114363,-0.910327792155276
2.18924828164703,-0.994679269182835
2.16854583245979,-1.07484237049902
2.14628446261533,-1.15052714913306
2.12255622409455,-1.22149339186765
2.09745747183335,-1.28755101554822
2.07108786376492,-1.34855967655992
2.04354937602203,-1.40442765719985
2.01494534700782,-1.45511010623223
1.98537956239383,-1.50060672071174
1.95495539129563,-1.54095896220815
1.92377498198324,-1.57624690304944
1.89193852357347,-1.60658579744642
1.85954357828581,-1.63212246879772
1.82668448707242,-1.65303159859462
1.7934518497989,-1.6695119946762
1.75993207968503,-1.68178290765062
1.72620703043442,-1.69008045459575
1.69235369339992,-1.6946541991326
1.65844396124946,-1.69576392701765
1.62454445391066,-1.69367664684783
1.59071640207089,-1.68866383656428
1.55701558317796,-1.68099894836072
1.52349230470776,-1.6709551774667
1.49019142941842,-1.65880349414454
1.45715243737688,-1.64481093312603
1.42440951970189,-1.62923913059182
1.39199169919901,-1.61234309560782
1.35992297334922,-1.59437020060035
1.32822247543836,-1.57555937388267
1.29690464996425,-1.55614047634213
1.26597943882031,-1.53633384405652
1.23545247511885,-1.51634997873397
1.20532528187469,-1.49638936836728
1.17559547311451,-1.47664242127739
1.14625695530428,-1.45728949771394
1.11730012729267,-1.43850102431693
1.08871207724984,-1.42043767796554
1.06047677533832,-1.4032506267997
1.03257526108405,-1.38708181745835
1.00498582462248,-1.37206429880491
0.977684181177668,-1.35832257358023
0.950643638292057,-1.3459729705201
0.923835255463792,-1.33512403048433
0.897227995968228,-1.3258769010602
0.870788870742576,-1.3183257349198
0.844483074299762,-1.31255808792663
0.818274112711382,-1.30865531360151
0.792123923762052,-1.30669295107401
0.765992989430641,-1.30674110406475
0.739840440899486,-1.30886480877046
0.713624156332802,-1.31312438876015
0.687300851701637,-1.31957579514124
0.66082616496676,-1.32827093032283
0.634154733964296,-1.33925795369055
0.607240268373423,-1.35258156741855
0.580035616182439,-1.36828328047896
0.552492825110586,-1.38640164866943
0.524563199489602,-1.4069724881665
0.496197353162588,-1.43002905972469
0.467345259019854,-1.45560222017946
0.437956295863513,-1.48372053737402
0.40797929337619,-1.51441036401447
0.377362576065996,-1.54769586526256
0.346054007171285,-1.58359899409875
0.314001033636587,-1.62213940762846
0.281150733416906,-1.6633343165603
0.247449866533155,-1.70719825905634
0.212844931488501,-1.75374278904312
0.17728222886535,-1.80297606788176
0.140707934157291,-1.85490234703373
0.103068182150674,-1.90952132803758
0.0643091654578014,-1.96682738474859
0.0243772501184436,-2.02680863141491
-0.0167808884714133,-2.08944581880376
-0.0592181056758706,-2.15471103930065
-0.102986599759337,-2.22256622074382
-0.148137691614877,-2.29296138781078
-0.194721567214329,-2.3658326691472
-0.24278697747504,-2.44110002825476
-0.292380889801609,-2.51866469659831
-0.343548085141361,-2.59840628865658
-0.396330694007992,-2.68017958096753
-0.450767664603147,-2.76381094090127
-0.506894155930981,-2.8490943962685
-0.564740848693638,-2.93578734433153
-0.624333166822203,-3.02360590876686
-0.685690402793032,-3.11221996611362
-0.748824740468781,-3.2012478797394
-0.813740170162179,-3.2902509998794
-0.880431292034221,-3.37872801334417
-0.94888200590151,-3.46610925645477
-1.0190640881415,-3.55175113992241
-1.09093565975406,-3.63493087478061
-1.16443955386548,-3.71484173380421
-1.23950159613874,-3.79058913234723
-1.31602881775236,-3.86118786481544
-1.3939076278647,-3.92556088589962
-1.47300198077499,-3.98254007612818
-1.55315158223633,-4.03086947506967
-1.63417018938549,-4.06921149727408
-1.71584406922502,-4.09615665926028
-1.79793069108114,-4.11023733297401
-1.88015773836076,-4.1099459938763
-1.9622225334717,-4.09375834174318
-2.04379197601504,-4.06016153161062
-2.12450309723321,-4.0076875551435
-2.20396433203714,-3.93495155630994
-2.28175760256766,-3.84069455163773
-2.35744129309741,-3.72382966290069
-2.43055417432066,-3.58349057488682
-2.50062030528523,-3.41908052743766
-2.56715490354253,-3.2303197720085
-2.62967112940607,-3.01728910823419
-2.68768768023243,-2.78046690899369
-2.74073703796261,-2.52075698633354
-2.78837416118823,-2.23950478219009
-2.83018536575751,-1.93849971136971
-2.86579709974228,-1.61996204520764
-2.89488429365735,-1.28651348483198
-2.91717795876093,-0.941131489692456
-2.93247171755443,-0.587088432770868
-2.94062698219357,-0.227877663113941
-2.941576547546,0.132870525709646
-2.93532643332286,0.49147928812671
-2.92195588959637,0.84431777314799
-2.90161556631504,1.18789145629069
-2.87452393366638,1.51892605598219
-2.84096211984522,1.8344413127632
-2.80126740020552,2.13181164821669
-2.7558256224588,2.40881164096248
-2.70506288380605,2.66364526691503
-2.64943678681628,2.89495885564782
-2.58942759247478,3.10183862886235
-2.52552956363142,3.28379444384113
-2.45824275370027,3.44073192153791
-2.38806544811364,3.57291547820815
-2.31548741404334,3.68092490711453
-2.24098406128299,3.76560809738627
-2.16501156732368,3.82803226759505
-2.08800297512748,3.86943577517803
-2.01036523460696,3.89118218304735
-1.9324771292178,3.89471786111595
-1.85468800750185,3.88153400568014
-1.77731722544602,3.85313359796525
-1.70065419831204,3.81100351056469
-1.62495895906916,3.75659171523142
-1.5504631235497,3.6912893494476
-1.47737116878495,3.61641725959398
-1.40586193959179,3.5332165493823
-1.33609030843595,3.4428426157299
-1.268188924127,3.34636214201046
-1.20226999540082,3.24475253234371
-1.13842706547534,3.13890330274634
-1.07673674292358,3.02961898905667
-1.01726036250953,2.91762318223645
-0.960045556890825,2.80356335478434
-0.905127726289223,2.68801619448432
-0.85253139840252,2.57149321140971
-0.802271475050208,2.45444642964004
-0.754354365401201,2.33727401576288
-0.708779008227857,2.22032573163268
-0.665537787570394,2.10390812908232
-0.62461734758086,1.98828942959581
-0.585999313240495,1.87370405275878
-0.549660924193831,1.76035677408593
-0.515575589192807,1.64842650609102
-0.483713368659781,1.53806970671315
-0.454041392715079,1.42942342691749
-0.426524221719338,1.32260801487771
-0.401124155991509,1.21772949800533
-0.377801500911473,1.11488166655014
-0.356514793126613,1.01414788384039
-0.337220993074318,0.915602648702355
-0.319875648522691,0.819312935394122
-0.30443303333145,0.725339335672974
-0.290846265152998,0.633737026522218
-0.279067405336438,0.544556585699253
-0.269047543869258,0.457844675718048
-0.2607368717957,0.373644615214158
-0.254084743189026,0.291996854912886
-0.249039728428005,0.212939373673498
-0.245549660235836,0.136508008347673
-0.243561673682024,0.0627367294944268
-0.243022241123362,-0.00834212664334874
-0.243877202867818,-0.0766976610583392
-0.246071794183214,-0.142300242428405
-0.249550669139227,-0.205121359111799
-0.254257921664547,-0.26513348798288
-0.260137104118781,-0.322309976575917
-0.267131243618929,-0.376624936067248
-0.275182856320489,-0.428053143576844
-0.284233959831479,-0.476569953108179
-0.294226083931461,-0.522151215170336
-0.305100279774865,-0.564773205739239
-0.316797127776219,-0.604412565717177
-0.32925674440223,-0.641046252443454
-0.342418788129748,-0.674651505096454
-0.356222464867451,-0.705205826011503
-0.370606533180603,-0.732686980022985
-0.385509309700432,-0.75707301392661
-0.400868675140672,-0.778342298052634
-0.416622081381873,-0.796473591747333
-0.432706560117368,-0.811446134282835
-0.449058733581754,-0.823239762359743
-0.465614827901893,-0.831835054938523
-0.482310689620275,-0.83721350564079
-0.49908180594,-0.839357722407805
-0.51586332922838,-0.83825165349877
-0.532590106291433,-0.833880838265247
-0.549196712893536,-0.826232680460756
-0.565617493944717,-0.815296741148089
-0.581786609712332,-0.801065047564232
-0.597638088334054,-0.783532413608498
-0.613105884815691,-0.762696766949283
-0.628123946590879,-0.738559477115616
-0.64262628560117,-0.711125678369156
-0.656547056725923,-0.680404580658958
-0.669820642253248,-0.646409761563744
-0.682381741938352,-0.609159431842976
-0.694165468046282,-0.568676667066359
-0.705107444625165,-0.524989597787642
-0.715143910106683,-0.4781315508869
-0.724211822185985,-0.428141135037333
-0.732248963797233,-0.375062263766165
-0.73919404887703,-0.318944110278633
-0.74498682649989,-0.259840989099294
-0.749568181881397,-0.197812160650961
-0.752880232679177,-0.132921556128804
-0.754866418982649,-0.0652374214208026
-0.755471585372662,0.00516811964350687
-0.754642053454017,0.0782195807897947
-0.752325683319595,0.153838703884184
-0.74847192249577,0.231945119162241
-0.743031841045769,0.312457067843308
-0.735958151670977,0.395292178063279
-0.727205213849287,0.480368283285434
-0.716729021283678,0.567604270637442
-0.704487172201652,0.656920944995934
-0.690438822345161,0.748241893115242
-0.674544620819046,0.841494330684389
-0.65676662932148,0.936609913898539
-0.63706822566027,1.033525495942
-0.615413992861999,1.13218380768446
-0.591769595605314,1.23253404086682
-0.566101646154042,1.33453231106585
-0.538377562429864,1.43814197673862
-0.508565421348521,1.54333378961301
-0.47663381104923,1.65008585056171
-0.442551686176771,1.75838334382267
-0.406288230932701,1.86821802096252
-0.367812735200832,1.97958740427893
-0.32709448967739,2.09249367737155
-0.284102706603664,2.20694222836598
-0.238806473414006,2.32293980875821
-0.191174747379851,2.4404922680991
-0.141176400154863,2.55960182183989
-0.0887803220091654,2.6802638067424
-0.0339555964804583,2.80246287552077
0.0233282428397194,2.92616858010363
0.083100860637887,3.05133029146463
0.145390659537179,3.17787140386395
0.210224196262671,3.30568277321097
0.277625458528839,3.43461534390291
0.347614986028464,3.5644719269038
0.420208818281916,3.69499810519605
0.495417251813793,3.82587226247134
0.573243389303671,3.95669475864899
0.653681464186765,4.08697631332814
0.736714925873735,4.21612570753635
0.822314273571393,4.34343697710635
0.91043463091069,4.46807634953981
1.00101305955189,4.58906927178004
1.09396561798935,4.70528798968884
1.18918418227442,4.81544027083662
1.28653305864662,4.91806000838744
1.38584543437654,5.01150060093352
1.4869197326282,5.09393216351383
1.58951595980104,5.16334377725142
1.69335215929657,5.2175521130129
1.7981011132864,5.25421784721627
1.90338746267892,5.27087129950779
2.00878544337747,5.26494863261583
2.11381746175329,5.23383973235071
2.21795375105209,5.17494849980956
2.32061335968153,5.08576571382957
2.42116671807823,4.963953847468
2.51894000915818,4.80744225530529
2.61322152465487,4.61453002325358
2.70327012339984,4.38399255693757
2.78832581696618,4.11518678199477
2.86762239465075,3.80814877631131
2.94040186807443,3.46367690998634
3.00593037357527,3.0833932987191
3.06351502904713,2.66977672542747
3.11252111438469,2.22616124883148
3.15238884585403,1.75669651378822
3.18264895851278,1.26626822409
3.2029363085369,0.760380145412656
3.21300076549579,0.245002091071314
3.21271478343554,-0.273608738173478
3.20207721216386,-0.789103292807274
3.18121312271067,-1.29524176024706
3.15036965462315,-1.78608834364856
3.10990812574919,-2.25618847044688
3.06029285576908,-2.70071879018606
3.00207732427415,-3.11560275954661
2.93588839937826,-3.4975875519317
2.86240942720928,-3.84428111259023
2.78236296676838,-4.15415106613738
2.69649389543617,-4.4264895934903
2.60555350935915,-4.66135014728361
2.51028511416184,-4.85946289304106
2.41141145949551,-5.02213607064682
2.30962422918105,-5.15115016651792
2.20557566794314,-5.24865101849649
2.09987231360312,-5.31704690822627
1.99307071446278,-5.35891348839233
1.88567494687562,-5.37690917935502
1.77813570670528,-5.37370255261652
1.67085072788321,-5.35191226270169
1.56416627799907,-5.31405932714427
1.45837949080736,-5.26253099245406
1.35374131481775,-5.19955504909625
1.25045988224995,-5.12718324556658
1.14870413064288,-5.04728236975352
1.04860753801099,-4.96153158307089
0.950271859956155,-4.87142467964815
0.853770782445338,-4.7782760735845
0.759153426389387,-4.68322947120278
0.666447659407616,-4.58726834662429
0.575663186207139,-4.49122749659751
0.486794401999881,-4.39580509697007
0.39982300359448,-4.30157481419637
0.314720360567056,-4.20899763885618
0.231449654587581,-4.11843320402451
0.149967798905146,-4.03015043029387
0.0702271524997234,-3.94433740279648
-0.00782295521960644,-3.86111043554017
-0.084234872797397,-3.78052231670683
-0.159061431996705,-3.70256975716821
-0.232354894410668,-3.62720008511256
-0.304166024895077,-3.55431724391113
-0.374543278538056,-3.48378715953352
-0.443532089267387,-3.41544254907199
-0.511174249653982,-3.3490872441771
-0.577507372949016,-3.28450010317022
-0.642564429852477,-3.22143858384862
-0.706373353922693,-3.15964204595844
-0.768956710877087,-3.09883484828429
-0.830331428286507,-3.03872930050127
-0.890508583314927,-2.9790285244864
-0.949493247190973,-2.91942927376843
-1.00728438600667,-2.85962475324164
-1.06387481821135,-2.79930747419011
-1.11925122979456,-2.73817217206442
-1.17339424861999,-2.67591880632337
-1.22627857967337,-2.61225565301706
-1.27787320311047,-2.54690249168666
-1.32814163692827,-2.47959387866857
-1.37704226582744,-2.4100824891381
-1.42452873738188,-2.3381425003807
-1.47055042598364,-2.26357297905871
-1.51505296419255,-2.18620122592336
-1.55797884010159,-2.10588602282394
-1.59926805814865,-2.02252071934756
-1.63885885948857,-1.93603609036596
-1.67668849661981,-1.84640289155742
-1.71269405547697,-1.75363403798599
-1.74681331670387,-1.6577863313856
-1.77898564636327,-1.55896166517696
-1.80915290497865,-1.45730764260537
-1.83726036260024,-1.35301755277389
-1.86325760660105,-1.24632966166391
-1.88709942819672,-1.13752579023246
-1.90874667329395,-1.02692916894685
-1.92816704324685,-0.914901577099927
-1.94533583146684,-0.801839795250055
-1.96023658260057,-0.68817141934978
-1.97286166215969,-0.574350104701711
-1.98321272603247,-0.460850325928457
-1.99130108119252,-0.348161754819117
-1.99714793108839,-0.236783370459193
-2.00078450158029,-0.127217424842836
-2.0022520458078,-0.0199633917636719
-2.00160172893698,0.0844879730503322
-1.99889439625968,0.185660336859415
-1.99420023051331,0.283097144679559
-1.98759830647686,0.376366520960338
-1.97917605280763,0.465065630699853
-1.96902863265723,0.548824430421112
-1.95725825580337,0.627308758930019
-1.94397343583468,0.70022273799376
-1.92928820632027,0.76731047315954
-1.9133213098988,0.828357064079907
-1.89619537385512,0.883188951228313
-1.87803608505831,0.931673641216299
-1.85897137615845,0.97371886565313
-1.83913063373697,1.00927123837048
-1.81864393773504,1.03831448277513
-1.7976413400034,1.06086730514068
-1.77625218828388,1.07698099097687
-1.75460450039699,1.0867368004929
-1.7328243919189,1.09024323593993
-1.71103555922268,1.08763324866408
-1.68935881846242,1.07906144742806
-1.66791169991889,1.06470136236752
-1.64680809611444,1.04474281121433
-1.62615796125175,1.01938940648411
-1.60606705883556,0.988856234483761
-1.58663675379569,0.953367729487797
-1.56796384503277,0.913155759449344
-1.55014043404613,0.868457933287206
-1.53325382515859,0.819516134211601
-1.51738645281369,0.766575278760029
-1.50261583146826,0.709882297216057
-1.4890145237235,0.649685327851038
-1.47665012251526,0.586233114910506
-1.46558524340558,0.519774598393883
-1.45587752327035,0.450558682365542
-1.44757962195254,0.378834167697232
-1.44073922373732,0.304849834682416
-1.43539903579905,0.228854660788102
-1.43159678106449,0.151098158827559
-1.4293651832301,0.0718308209605398
-1.42873194196166,-0.00869534592492552
-1.42971969659188,-0.0902262077976331
-1.43234597691911,-0.172504828402219
-1.43662313999878,-0.255270746070921
-1.44255829211429,-0.338259217399724
-1.45015319541966,-0.421200443431739
-1.45940415906837,-0.503818794946326
-1.47030191498654,-0.58583205470645
-1.48283147882086,-0.666950696068819
-1.49697199699774,-0.746877219196076
-1.5126965812752,-0.825305568194604
-1.52997213265817,-0.901920654782942
-1.5487591570839,-0.97639801649996
-1.56901157586853,-1.04840363989053
-1.59067653453845,-1.11759398143506
-1.6136942143466,-1.1836162210661
-1.63799765148795,-1.24610878476044
-1.66351256976973,-1.30470217370133
-1.69015723324477,-1.35902013764043
-1.71784232606093,-1.40868122910005
-1.74647086749154,-1.45330077267736
-1.77593817075924,-1.4924932796757
-1.80613185481419,-1.5258753323367
-1.83693191863596,-1.55306895385475
-1.86821088785163,-1.57370546994613
-1.89983404345428,-1.58742985491976
-1.93165974211613,-1.59390553995827
-1.96353983697351,-1.5928196438012
-1.99532020677249,-1.58388856651775
-2.02684139986944,-1.56686386603422
-2.05793939775627,-1.54153831520502
-2.08844650051622,-1.50775201534653
-2.1181923339236,-1.46539842133682
-2.14700497481253,-1.41443011482778
-2.17471218791371,-1.35486414713374
-2.20114276367982,-1.28678676331136
-2.22612794280081,-1.21035731513972
-2.24950290928747,-1.12581117431404
-2.27110833033276,-1.03346146908599
-2.29079191781774,-0.933699488355646
-2.30840998349138,-0.826993626914301
-2.32382895769576,-0.713886783675863
-2.33692684018875,-0.594992170256092
-2.34759455126844,-0.470987538516472
-2.35573715212017,-0.342607890508136
-2.36127490513416,-0.210636790032199
-2.36414414787068,-0.0758964489091278
-2.36429795831215,0.0607631899219163
-2.36170659391268,0.19847610897802
-2.35635769255672,0.336372317715787
-2.34825622964775,0.473590084891153
-2.3374242319117,0.609287981693578
-2.32390025484917,0.742656423059438
-2.30773863683721,0.872928415194013
-2.28900854841445,0.999389249811191
-2.26779286006358,1.12138492797594
-2.2441868556601,1.23832914621283
-2.21829682156447,1.34970873189567
-2.19023854303494,1.45508747091179
-2.16013574022684,1.55410832534752
-2.12811847557114,1.64649408990233
-2.09432156288945,1.73204658077389
-2.05888300633902,1.81064448827094
-2.02194249435166,1.88224005339298
-1.98363997031044,1.94685474864164
-1.94411429797675,2.00457415451023
-1.90350203580891,2.05554222601054
-1.86193633045958,2.0999551391723
-1.81954593603678,2.13805489687311
-1.77645436227376,2.17012285794491
-1.73277915165785,2.19647333461427
-1.68863128287555,2.21744738227579
-1.64411469567066,2.23340688356381
-1.59932593039351,2.24472900671018
-1.55435387413257,2.25180109709867
-1.50927960433959,2.25501604139722
-1.46417632025107,2.25476812612429
-1.41910935212753,2.25144939726282
-1.37413623833269,2.24544651470089
-1.329306860507,2.23713808484928
-1.28466362750809,2.22689244666148
-1.24024169934929,2.21506588028572
-1.19606924302704,2.20200120348826
-1.15216771285166,2.18802671855179
-1.10855214865482,2.17345547131238
-1.06523148601412,2.15858478409488
-1.02220887339174,2.14369602529954
-0.979481991812951,2.12905458005779
-0.937043373401578,2.11490998851724
-0.894880715733858,2.10149622076378
-0.852977189566227,2.08903205999943
-0.811311738033568,2.07772156825111
-0.769859365902741,2.06775461149331
-0.728591417903397,2.05930742355616
-0.687475845547215,2.05254319050459
-0.646477462191551,2.0476126392779
-0.605558186408629,2.04465461624724
-0.564677273991635,2.04379664296715
-0.523791539169482,2.04515543776264
-0.482855565817654,2.04883739290538
-0.44182190964838,2.05493899799898
-0.400641292544316,2.06354720082414
-0.359262790370451,2.07473969730311
-0.317634015763406,2.08858514244437
-0.275701297559673,2.10514327414136
-0.233409858688139,2.12446494154136
-0.190703994520796,2.14659202939482
-0.147527253851399,2.17155726936427
-0.103822624857456,2.19938392874376
-0.0595327285977393,2.23008536644407
-0.0146000228066685,2.26366444547362
0.0310329810315043,2.30011279053271
0.077423484112497,2.33940987879078
0.124628146786492,2.3815219514959
0.172702811368417,2.42640073384691
0.221702197323867,2.47398195063119
0.271679564624547,2.52418362560299
0.322686340835571,2.57690415357514
0.374771707291919,2.63202013587102
0.427982139557921,2.68938397230735
0.482360897260872,2.74882120645152
0.53794745837088,2.81012762574449
0.594776893091855,2.87306612445081
0.652879172766123,2.93736334555921
0.712278409616342,3.0027061279917
0.772992023797208,3.06873779806632
0.83502983515589,3.13505435936191
0.898393078358549,3.20120065317291
0.963073341689328,3.26666658276366
1.02905143192766,3.33088351866123
1.09629617031903,3.39322102911887
1.16476312782694,3.45298410926064
1.23439331163385,3.50941111359349
1.30511181927122,3.56167262847452
1.37682648180478,3.60887155220817
1.44942652314294,3.65004467864085
1.52278126869233,3.68416610274506
1.59673894310937,3.7101527804522
1.67112560357725,3.72687257603459
1.74574426157583,3.73315511431255
1.82037425212033,3.72780571727574
1.8947709144451,3.70962264083375
1.9686656515355,3.67741773336578
2.04176643713005,3.63004051068192
2.11375883715293,3.56640548095768
2.18430760732477,3.48552235982134
2.25305891933549,3.38652859513289
2.31964325398643,3.26872338220793
2.38367898088312,3.13160210682133
2.44477662066556,2.9748899230861
2.50254375787152,2.79857297767557
2.55659054126649,2.60292565450261
2.60653567524832,2.38853215866362
2.65201277260263,2.15630080634973
2.69267690767885,1.90746955392288
2.7282111824295,1.64360159099339
2.75833309818209,1.36657023419508
2.78280051574114,1.07853287251007
2.80141698720344,0.781894300500898
2.81403625573604,0.479260390521049
2.82056574460769,0.173383649220315
2.82096889305102,-0.132897274581889
2.81526624212073,-0.436721662623643
2.80353522577837,-0.735271670902245
2.78590867752645,-1.02583537627533
2.76257211727899,-1.3058652883832
2.73375993311465,-1.57302999579137
2.69975061486558,-1.82525706773443
2.66086122864288,-2.06076588833463
2.61744134182617,-2.27808970819871
2.56986661621867,-2.47608680706117
2.51853228346201,-2.65394122333539
2.46384670274734,-2.8111539838948
2.40622517832716,-2.9475261341044
2.346084185692,-3.06313511124061
2.28383612302055,-3.15830612373007
2.21988467102971,-3.23358020440916
2.15462081174367,-3.28968051625455
2.08841952665782,-3.32747832627793
2.02163716851513,-3.34795985154004
1.95460947918471,-3.35219494353132
1.88765020924766,-3.34130833364961
1.82105028279988,-3.3164539293788
1.75507744334315,-3.27879243983512
1.68997631292836,-3.22947242809817
1.62596879630188,-3.16961473985495
1.56325476401079,-3.10030014391117
1.50201295258111,-3.02255993827875
1.44240202538422,-2.9373692224741
1.38456174411656,-2.84564250810748
1.3286142074919,-2.74823133120967
1.27466512043072,-2.6459235365031
1.22280506346335,-2.53944392180305
1.17311073805358,-2.42945595627775
1.12564616898037,-2.31656431634871
1.08046384971975,-2.20131801513186
1.03760582092712,-2.08421393363615
0.997104675641429,-1.96570059309203
0.958984487750592,-1.84618203685561
0.923261662619415,-1.72602171675509
0.889945710644502,-1.60554630222378
0.859039945923972,-1.48504935101325
0.830542113274339,-1.36479479776804
0.80444494754992,-1.24502023143234
0.780736669675408,-1.12593994457842
0.759401424038809,-1.00774774755379
0.740419661953117,-0.890619548108779
0.723768475819304,-0.774715703154187
0.709421888443186,-0.660183153759409
0.697351101702951,-0.547157357665607
0.687524708456205,-0.435764035662342
0.679908871235418,-0.326120749341771
0.674467470925061,-0.218338328160274
0.671162228256211,-0.112522163539133
0.669952800605956,-0.00877338703905284
0.670796856258661,0.0928100514547787
0.673650127981094,0.192132391018152
0.678466447489377,0.28909913959454
0.685197762147103,0.38361621553863
0.693794135034173,0.475589141825448
0.704203729367582,0.564922286075787
0.716372778140253,0.651518141745986
0.730245539773334,0.735276648073651
0.745764240551895,0.816094548634659
0.762869004633607,0.893864790625922
0.781497772484723,0.968475969218777
0.801586208706391,1.03981182350376
0.82306760036588,1.1077507926413
0.845872747139599,1.17216564281289
0.869929844805263,1.2329231773981
0.895164363885826,1.28988404444163
0.92149892554352,1.3429026568753
0.948853177143252,1.39182724206513
0.97714367024414,1.43650003800456
1.00628374412844,1.47675765380009
1.03618341832919,1.51243161192407
1.066749297961,1.54334908896125
1.09788449597996,1.56933387017354
1.12948857678523,1.59020753107448
1.16145752581058,1.605790856271
1.19368374992311,1.61590550203908
1.22605611352999,1.6203759044125
1.25846001527557,1.61903142896793
1.29077751007114,1.61170875200667
1.32288748092215,1.59825445552431
1.35466586458617,1.57852781033652
1.38598593449709,1.55240371315523
1.41671864361883,1.51977573450867
1.44673302893923,1.48055922545209
1.47589667818722,1.43469442236444
1.50407625806038,1.38214948115801
1.53113810180643,1.3229233653725
1.55694885243504,1.25704850733315
1.5813761561841,1.18459315827436
1.6042893991693,1.10566334249186
1.62556047846221,1.02040433255725
1.64506459722799,0.929001567691
1.66268107207335,0.831680945711596
1.67829413947454,0.728708430579367
1.6917937471378,0.620388932291511
1.70307631545105,0.507064433437915
1.71204545386719,0.389111356594641
1.71861261715587,0.26693718824505
1.72269768699722,0.140976397265208
1.72422946537541,0.0116857082732213
1.72314606765052,-0.120461188652918
1.719395205013,-0.254979391211751
1.71293434820684,-0.391378884165134
1.70373076687676,-0.529170855283941
1.69176144157199,-0.6678740904314
1.67701284823127,-0.807021306891676
1.65948061778421,-0.94616528559294
1.63916907623558,-1.08488466922457
1.61609067315809,-1.22278930405129
1.59026530882201,-1.35952501789937
1.56171957216765,-1.49477774456019
1.53048590342458,-1.62827692481546
1.49660169636733,-1.75979813545028
1.46010835595568,-1.88916491897974
1.42105032744516,-2.01624980740902
1.37947411299428,-2.14097455230215
1.33542729137881,-2.26330959001177
1.28895755570542,-2.38327278454019
1.24011178305877,-2.50092750075705
1.18893514888919,-2.61638006736323
1.1354702977238,-2.72977669200641
1.07975658053603,-2.84129989041174
1.02182936790388,-2.95116448750885
0.961719446992863,-3.05961324162984
0.899452509468785,-3.16691213330656
0.835048736729657,-3.27334534843926
0.768522488382929,-3.3792099720957
0.699882099715482,-3.48481039438992
0.62912979403026,-3.59045241424416
0.556261716167295,-3.69643701081853
0.481268094290968,-3.80305373647223
0.404133538102727,-3.91057366980093
0.324837483011638,-4.01924185313379
0.243354791434609,-4.12926912652345
0.159656524260085,-4.24082326050979
0.0737108975320658,-4.35401928376156
-0.0145155584877942,-4.46890890032113
-0.105056618654217,-4.58546889612548
-0.197944739552278,-4.70358844764348
-0.293209170749145,-4.82305526916017
-0.390873777116948,-4.94354057220218
-0.49095454863395,-5.06458286401954
-0.593456775307394,-5.18557068548248
-0.698371867798349,-5.30572448601721
-0.805673809481022,-5.42407795806559
-0.915315233622818,-5.53945930934419
-1.02722313077062,-5.65047314016695
-1.14129420694488,-5.75548381562917
-1.25738993352592,-5.85260147581181
-1.37533135532029,-5.93967210416802
-1.49489375456986,-6.01427336161536
-1.61580130562401,-6.07371817047512
-1.73772189713253,-6.11506826780015
-1.86026234471753,-6.135160100952
-1.98296426501139,-6.13064545836527
-2.10530092845268,-6.09804905568686
-2.2266754488239,-6.03384486831915
-2.34642069645056,-5.93455225591471
-2.46380133244784,-5.79685181756775
-2.5780183459555,-5.61771943278135
-2.68821642761853,-5.39457511317046
-2.79349442453076,-5.12544120546458
-2.89291899089907,-4.80910231274159
-2.98554137529993,-4.44525727720351
-3.07041707550637,-4.0346519941861
-3.1466278577437,-3.57918103237886
-3.21330539762395,-3.08194632700723
-3.26965557906961,-2.54726281377627
-3.314982312473,-1.98060385398374
-3.34870963084268,-1.38848353509547
-3.37040081461162,-0.778278062110361
-3.37977339480289,-0.15799392819459
-3.37670909049345,0.46400431633253
-3.36125803602369,1.07928979307837
-3.33363701902192,1.67967317467847
-3.2942218451173,2.25748692925826
-3.2435343278502,2.80583578341732
-3.18222473325406,3.31879872074267
-3.11105075611665,3.791572610463
-3.03085424932717,4.22055297862436
-2.94253696330123,4.60335278448926
-2.84703648703039,4.93876472750709
-2.7453034343548,5.22667614188124
-2.63828071383188,5.46794771334893
-2.52688548555455,5.66426806925394
-2.41199416924697,5.81799591610618
-2.29443064612781,5.93200010904646
-2.17495760739512,6.0095061620503
-2.05427085324391,6.05395556329448
-1.93299624067924,6.06888211402874
-1.81168891397608,6.05780755802745
-1.69083442323188,6.02415713382042
-1.57085133708409,5.97119441776344
-1.45209497782076,5.90197393414322
-1.33486194365045,5.81930945424904
-1.21939512759686,5.72575563440732
-1.10588899032393,5.62360059017776
-0.994494891423489,5.51486710829653
-0.885326327730041,5.40132040450697
-0.778463966493398,5.28448059890463
-0.673960394964133,5.16563836612783
-0.571844535949666,5.04587250082664
-0.47212570140732,4.92606840302557
-0.374797273638809,4.80693672375839
-0.279840016757305,4.68903161432565
-0.187225030482011,4.57276819195248
-0.0969163646336978,4.45843897211787
-0.00887331656837509,4.34622912639088
0.0769475642624141,4.23623050792078
0.160590739930785,4.12845444864117
0.242100191687294,4.02284337647215
0.321518148793497,3.91928133071542
0.3988840174406,3.81760347238408
0.474233490707079,3.71760469588887
0.547597822675213,3.61904745137335
0.619003251996903,3.5216688847121
0.688470562283801,3.42518739607221
0.756014768629499,3.329308709015
0.821644921304488,3.23373153117464
0.885364019163807,3.1381528752084
0.947169026549779,3.04227309545121
1.00705098844356,2.94580068191715
1.06499523931231,2.84845683930613
1.12098170151281,2.74997986480156
1.17498526925245,2.65012932497957
1.22697627398596,2.54869001939431
1.27692102675827,2.44547570667004
1.32478243241396,2.34033255854597
1.37052066981279,2.23314229861845
1.41409393125516,2.12382497583794
1.45545921327453,2.01234131845742
1.494573149846,1.89869461236756
1.53139287794438,1.78293204880424
1.56587692431977,1.665145490404
1.597986101403,1.54547161153695
1.62768439946524,1.4240913786635
1.65493986159141,1.30122884890824
1.67972542773475,1.17714927974562
1.7020197341395,1.05215655914001
1.72180785478019,0.926589983048282
1.73908197218374,0.800820425152413
1.75384196607464,0.675245961257079
1.76609590969894,0.550287027158735
1.77586046540656,0.426381203187313
1.78316117305748,0.303977730333143
1.78803262700611,0.18353187130916
1.79051853973861,0.0654992346264035
1.790671692614,-0.0496698194728693
1.7885537765109,-0.161535575627768
1.78423512742868,-0.269674054031091
1.77779436416075,-0.37368169730647
1.76931793698297,-0.473179569375424
1.75889959782769,-0.567816998102945
1.74663980360386,-0.657274611140239
1.73264506515147,-0.741266732857003
1.7170272547747,-0.81954312879216
1.69990288538926,-0.891890101915545
1.68139237406556,-0.95813096153092
1.66161930218249,-1.01812590032253
1.64070968356851,-1.07177132744465
1.61879125094589,-1.11899871540882
1.5959927697624,-1.15977302570995
1.57244338714648,-1.19409078265575
1.5482720223087,-1.22197786684465
1.52360680328303,-1.24348709939262
1.49857455350047,-1.25869568562732
1.47330033035115,-1.26770258288611
1.44790701665094,-1.27062585163283
1.42251496480649,-1.2676000427135
1.39724169248613,-1.25877366655305
1.37220162776045,-1.24430678277886
1.34750590098059,-1.22436874142612
1.32326218011044,-1.19913609977814
1.29957454581565,-1.16879073221463
1.276543402327,-1.13351814433152
1.25426541992605,-1.09350599715938
1.23283350483255,-1.04894284260675
1.21233679229128,-1.00001706731692
1.1928606587454,-0.946916038948984
1.17448674912854,-0.889825446449259
1.15729301549539,-0.828928824123423
1.14135376342654,-0.764407248192294
1.12673970287624,-0.696439193949539
1.11351800037081,-0.625200541563317
1.10175232970187,-0.550864718901505
1.0915029184848,-0.473602970436128
1.08282658816257,-0.393584742223271
1.07577678522418,-0.31097817408858
1.07040360157183,-0.225950691407144
1.06675378211008,-0.138669690184426
1.06487071774301,-0.0493033104590502
1.06479442205206,0.0419787057021908
1.06656148999068,0.135004074221321
1.07020503697389,0.229596948700119
1.07575461676685,0.325576820747006
1.08323611659115,0.422757341504554
1.09267162787786,0.520945064909391
1.10407929111027,0.619938113611716
1.11747311322564,0.719524769371419
1.13286275609533,0.819481991199668
1.15025329468773,0.91957386659751
1.16964494365184,1.01955000402456
1.19103275125655,1.11914387827623
1.21440625989605,1.21807114481546
1.23974913274391,1.31602794434215
1.26703874662377,1.41268922501964
1.29624575178197,1.50770711681782
1.32733360001421,1.60070940034671
1.36025804353184,1.69129812126647
1.39496660806794,1.77904841073525
1.43139804503006,1.86350758218775
1.46948176901283,1.94419458472781
1.50913728868696,2.02059990316971
1.55027364097417,2.0921860037588
1.5927888404768,2.15838843220073
1.63656935832198,2.21861767605581
1.68148964685131,2.27226190591158
1.72741172886508,2.31869070802098
1.77418487232499,2.35725991419625
1.82164537341414,2.38731762156148
1.8696164725132,2.40821147421619
1.91790842881818,2.41929725001265
1.96631877982685,2.4199487578256
2.01463281157253,2.4095690036117
2.06262426410385,2.38760252748052
2.11005629412437,2.35354874988427
2.15668271277266,2.30697609465998
2.20224951114217,2.24753658272391
2.24649667927371,2.17498051637323
2.28916031604865,2.08917080493978
2.32997501781146,1.99009642324503
2.36867652291175,1.87788445065314
2.40500457804955,1.75281011628343
2.43870598081471,1.61530428042335
2.46953774171271,1.46595781761568
2.49727029891123,1.30552243584853
2.52169071060348,1.13490756909969
2.54260574392432,0.955173114886588
2.55984477635855,0.76751794931478
2.5732624260016,0.573264331506925
2.58274083114318,0.373838496971227
2.58819150749259,0.170747923519854
2.58955672275243,-0.0344440788176626
2.58681034272765,-0.24014566295343
2.57995812005399,-0.444764733386247
2.56903741508438,-0.646737282701754
2.55411635750198,-0.844554827105622
2.53529247580905,-1.03679004008839
2.51269083897945,-1.22211977859754
2.48646176938112,-1.39934483135904
2.45677819787142,-1.56740588404834
2.42383274026483,-1.72539537887211
2.38783457893868,-1.87256513418755
2.34900623419777,-2.00832977099624
2.30758030740673,-2.1322661569873
2.26379627225545,-2.24410921704505
2.21789738241834,-2.3437445662814
2.17012775395626,-2.43119849505533
2.12072966976894,-2.50662587512934
2.06994114189078,-2.57029656439997
2.01799375602309,-2.62258086858464
1.96511081190819,-2.66393457704584
1.91150576336061,-2.69488403232841
1.85738095324862,-2.71601162473487
1.80292663162334,-2.72794202972126
1.74832023958136,-2.73132943171071
1.69372593729298,-2.72684590686086
1.63929435184076,-2.7151710722023
1.58516251895111,-2.69698305128026
1.53145399219886,-2.6729507580328
1.47827909363662,-2.64372746146893
1.42573528086585,-2.60994556354755
1.37390760714971,-2.5722125008706
1.3228692531102,-2.53110766648312
1.27268211071505,-2.48718024016098
1.2233974025265,-2.44094781294904
1.17505632145895,-2.39289569329828
1.12769067850233,-2.34347678692095
1.08132354795835,-2.29311194953079
1.03596990166993,-2.24219072017718
0.991637225476908,-2.19107235226816
0.948326112692621,-2.14008706908394
0.906030830762806,-2.08953748020763
0.864739858446924,-2.0397001045431
0.824436391860686,-1.99082695424403
0.785098818551575,-1.94314714180925
0.746701159461361,-1.89686847973369
0.709213479177311,-1.85217904841575
0.672602265303499,-1.80924871351837
0.636830778111244,-1.76823057869665
0.601859371868437,-1.72926236358976
0.567645789415337,-1.69246770029004
0.534145431662126,-1.65795734421322
0.501311603742413,-1.62583029746882
0.469095739577137,-1.59617484453374
0.437447606593679,-1.56906950132778
0.406315492313014,-1.54458387973569
0.375646374469907,-1.52277947026712
0.345386076273011,-1.50371034594172
0.315479408347778,-1.48742379067187
0.28587029883932,-1.4739608554248
0.25650191308781,-1.46335684531127
0.22731676422848,-1.45564174049244
0.198256816013793,-1.45084055344391
0.169263579108827,-1.44897362468132
0.140278202073711,-1.45005685855153
0.111241558220352,-1.45410190013733
0.0820943295156974,-1.46111625372241
0.0527770887011363,-1.47110334262402
0.0232303808081964,-1.48406250953019
-0.00660519472515327,-1.49998895578265
-0.0367889000949652,-1.51887361733112
-0.0673797720331633,-1.54070297435606
-0.0984365302079939,-1.56545879082191
-0.130017479678197,-1.59311777949057
-0.162180405859389,-1.62365118720594
-0.194982460350393,-1.65702429456819
-0.228480035843045,-1.69319582346992
-0.262728628202543,-1.73211724538597
-0.297782683658183,-1.77373198282366
-0.333695428888659,-1.81797449598417
-0.370518681624945,-1.86476924650107
-0.408302639231063,-1.91402953016031
-0.447095642563818,-1.96565617082784
-0.486943912263214,-2.01953606849036
-0.527891254493801,-2.07554059543547
-0.569978733053335,-2.13352383625951
-0.613244304700838,-2.19332066970526
-0.657722414545753,-2.25474469342457
-0.703443548400159,-2.31758599676839
-0.750433739146928,-2.38160879177848
-0.798714024440885,-2.44654891884208
-0.848299853463413,-2.51211125112699
-0.899200441022357,-2.57796703108224
-0.95141806805997,-2.64375118308956
-1.00494732863562,-2.70905965886598
-1.05977432472165,-2.77344688647152
-1.11587581172443,-2.8364234097074
-1.17321829955059,-2.89745382212296
-1.231757116307,-2.95595511845707
-1.29143544437197,-3.01129560560797
-1.35218334160974,-3.06279453440935
-1.41391676390937,-3.10972263158011
-1.47653660897908,-3.15130372690095
-1.53992780535248,-3.18671768232491
-1.60395847476618,-3.21510483540805
-1.66847920030627,-3.23557216692164
-1.73332243680645,-3.24720138933804
-1.79830210367528,-3.24905912653969
-1.86321340334508,-3.24020931314874
-1.92783291053757,-3.21972788222048
-1.99191897816065,-3.18671973124682
-2.05521250449806,-3.14033785804987
-2.11743810304517,-3.07980444118994
-2.17830571053125,-3.00443350672976
-2.23751266008117,-2.91365467945163
-2.29474623495461,-2.80703736906518
-2.34968670387371,-2.68431459998858
-2.40201082183356,-2.54540556833348
-2.45139576094977,-2.39043591453348
-2.49752341506162,-2.21975464779434
-2.54008500046125,-2.03394666150202
-2.57878585446832,-1.83383984681621
-2.61335031498572,-1.62050595086224
-2.64352654909236,-1.39525453677596
-2.66909118853971,-1.15961967946109
-2.68985362591803,-0.91533936048493
-2.70565982812214,-0.664327888713787
-2.71639553400756,-0.408642045405814
-2.72198872068934,-0.150442005640743
-2.72241124713322,0.10805160622389
-2.7176796133091,0.364602936766981
-2.70785480654193,0.617006670010473
-2.69304124179543,0.86313257772003
-2.67338483729389,1.10096716681267
-2.64907029900079,1.32865091509741
-2.62031771513244,1.54450985079385
-2.58737858358297,1.7470805589475
-2.55053140987181,1.93512806176582
-2.51007702055842,2.10765639148464
-2.46633373712083,2.26391202672976
-2.41963254868596,2.40338067370191
-2.37031240975015,2.52577812503196
-2.31871577242575,2.63103611177462
-2.2651844432166,2.71928417449134
-2.21005583328403,2.79082862057701
-2.15365964993157,2.84612961462149
-2.09631505673603,2.88577737771323
-2.03832831126835,2.91046836299538
-1.979990873303,2.92098214161676
-1.9215779631748,2.91815958779691
-1.86334753964292,2.90288280471336
-1.80553965920564,2.87605709285706
-1.74837617407091,2.8385951356219
-1.6920607236204,2.79140346719602
-1.63677897384089,2.73537119732174
-1.58269906044704,2.67136089656168
-1.52997219389885,2.60020149347944
-1.47873338786825,2.52268299987247
-1.42910227661463,2.43955285962122
-1.38118399091982,2.3515137083416
-1.33507006649028,2.25922233233371
-1.29083936288872,2.16328962393758
-1.24855897498394,2.06428134421101
-1.20828512252227,1.96271952101063
-1.17006400667382,1.85908432957942
-1.13393262526852,1.75381632242788
-1.09991954090541,1.64731889473335
-1.0680455982072,1.53996089001777
-1.03832458822236,1.43207926805353
-1.01076385937936,1.32398177251943
-0.985364875506353,1.21594954974966
-0.962123722279001,1.10823968195481
-0.941031564086285,1.00108760858792
-0.922075053741121,0.894709418172347
-0.905236697742968,0.789304000028183
-0.890495179951176,0.685055051070797
-0.877825646577427,0.582132937360291
-0.867199955376127,0.480696413501614
-0.858586891823365,0.380894205475115
-0.851952354945514,0.282866464149448
-0.847259515302558,0.186746097715076
-0.844468947461521,0.0926599916871942
-0.843538739122342,0.000730125059985598
-0.84442457889086,-0.0889254092635445
-0.84707982453839,-0.176191472413707
-0.851455553450108,-0.260955029534644
-0.857500596849612,-0.343104376676266
-0.865161559297724,-0.42252844081275
-0.874382824902072,-0.499116150633287
-0.885106551641663,-0.572755877227299
-0.897272655207913,-0.643334945269322
-0.910818783790348,-0.71073921676103
-0.925680285290302,-0.774852750773271
-0.941790168527836,-0.835557543913941
-0.959079060113347,-0.892733357392119
-0.977475158782718,-0.946257637518408
-0.996904189139661,-0.996005537238467
-1.01728935690633,-1.04185004680237
-1.03855130794797,-1.08366224188763
-1.0606080935033,-1.12131165737866
-1.08337514421191,-1.15466679452167
-1.10676525567649,-1.18359576828461
-1.13068858842149,-1.20796710042445
-1.15505268520296,-1.22765066197198
-1.17976250867628,-1.24251876656919
-1.20472050243081,-1.25244741333035
-1.22982667834176,-1.25731767465172
-1.25497873306216,-1.25701722069358
-1.28007219627151,-1.25144196814669
-1.30500061300625,-1.24049783644371
-1.3296557620134,-1.22410258987951
-1.35392791159001,-1.20218773928334
-1.37770611379597,-1.17470047208892
-1.40087853725779,-1.14160557504726
-1.42333283802319,-1.10288730961602
-1.44495656708974,-1.05855119644583
-1.46563761232929,-1.00862566258814
-1.48526467158357,-0.953163503284359
-1.50372775273529,-0.892243109668121
-1.52091869559265,-0.825969414599183
-1.53673170949103,-0.75447451128911
-1.55106391964689,-0.677917903466369
-1.56381591452888,-0.596486351587485
-1.57489228587229,-0.510393286986798
-1.58420215248755,-0.419877774745699
-1.5916596587289,-0.325203016247888
-1.59718443841928,-0.226654393586879
-1.60070203518881,-0.124537069851681
-1.60214427058535,-0.0191731714254794
-1.6014495519588,0.0891014096601194
-1.59856311299486,0.199940544033144
-1.59343718086345,0.312991664557756
-1.5860310652232,0.427899769227346
-1.57631116575214,0.544311552785665
-1.56425089641501,0.661879588058541
-1.54983052628197,0.780266475945202
-1.53303693833444,0.899148883456694
-1.51386330928147,1.01822139205919
-1.4923087149165,1.13720008372779
-1.4683776669283,1.25582579928108
-1.44207958830224,1.37386701239827
-1.41342823548086,1.49112227279746
-1.38244107627586,1.60742218291009
-1.34913863312513,1.72263088353353
-1.31354380166875,1.83664703490009
-1.27568115478458,1.94940428990868
-1.23557624219445,2.06087126551967
-1.193254895551,2.17105102616756
-1.14874254857309,2.2799800992296
-1.10206358135078,2.38772704690848
-1.05324069742672,2.49439062122979
-1.00229434172031,2.60009752918132
-0.949242166833765,2.70499983336058
-0.894098554804328,2.80927200993682
-0.836874200981438,2.91310768041079
-0.777575766444271,3.01671602674497
-0.716205605264725,3.12031789114496
-0.652761572987839,3.22414155233093
-0.587236922967037,3.32841815980052
-0.519620297670285,3.4333767966331
-0.449895822774561,3.53923913013177
-0.378043312792513,3.6462135984049
-0.304038598121441,3.75448907027755
-0.227853984756239,3.86422790621024
-0.149458859438496,3.97555833982648
-0.0688204546831626,4.08856609400767
0.0140952101261684,4.20328514330687
0.0993221936331385,4.31968753691023
0.186893283815207,4.4376722050841
0.276838414732212,4.55705268887341
0.369182826796109,4.67754376001777
0.463944948358416,4.79874693826215
0.561133977088172,4.92013496944198
0.660747141600353,5.04103540316532
0.762766627511043,5.16061350693432
0.867156158024682,5.27785487728934
0.97385722784167,5.39154826053225
1.08278500119127,5.50026927704849
1.19382390073096,5.6023659533616
1.3068229344484,5.69594720081042
1.4215908329728,5.77887563067667
1.53789110003967,5.84876634836229
1.65543711409072,5.902993602169
1.77388745844539,5.93870734524419
1.89284169977747,5.95286186320909
2.01183687752606,5.94225857738353
2.13034500710432,5.90360490086837
2.24777193299167,5.83359054727975
2.36345788860381,5.72898192122942
2.47668012201456,5.58673412421691
2.58665792357979,5.40411868792927
2.69256033710533,5.17886344155424
2.79351674561893,4.90929902965158
2.88863039388137,4.59450468522445
2.97699474421525,4.23444415325526
3.05771236674195,3.83008142330467
3.1299158520082,3.38346545039479
3.19279002102638,2.89777357415256
3.24559451699963,2.3773050529465
3.28768571849677,1.82741903732988
3.31853683836046,1.25441526005289
3.33775508392661,0.665360372019633
3.34509486131938,0.0678676959071759
3.34046620751245,-0.530157402079889
3.32393791414046,-1.1207909072254
3.2957351412633,-1.69636479096811
3.25623167415823,-2.24972523062359
3.20593731540362,-2.77445843564209
3.14548119401648,-3.26507133370281
3.07559198645349,-3.71711869265804
2.99707616485864,-4.12727307648152
2.91079541220478,-4.49333874523793
2.81764427961574,-4.81421468370581
2.71852902492471,-5.0898150092968
2.61434838573541,-5.32095688526514
2.50597682898388,-5.50922675156509
2.39425060473986,-5.6568353324629
2.27995673319937,-5.76647073133887
2.16382488360248,-5.84115726224459
2.04652196961542,-5.88412576913112
1.92864918989121,-5.89869927923378
1.81074118335861,-5.88819609864947
1.6932669417869,-5.8558509932955
1.57663212127649,-5.80475395688331
1.46118241296537,-5.73780525303012
1.34720766511699,-5.65768490300737
1.23494648833583,-5.56683452711927
1.12459111843835,-5.46744938191608
1.01629235408131,-5.36147851336404
0.910164426238562,-5.25063111920768
0.806289692536269,-5.1363874417298
0.70472308053589,-5.02001276358876
0.605496230065402,-4.90257333163486
0.508621305791049,-4.78495327131074
0.414094467785523,-4.66787176824559
0.321899000409906,-4.55189997942684
0.232008108966943,-4.4374772926795
0.144387399883548,-4.32492668113557
0.0589970641864245,-4.21446900132559
-0.0242062137637516,-4.10623616256612
-0.105267599492218,-4.00028315478982
-0.184232680995964,-3.89659896514341
-0.26114624903282,-3.79511644359019
-0.336051264864715,-3.69572119707805
-0.408987996919672,-3.59825960286496
-0.479993309704753,-3.50254603624788
-0.549100090212355,-3.40836940777656
-0.616336798931608,-3.31549910129949
-0.681727134343985,-3.22369039786516
-0.745289801403678,-3.13268946234871
-0.807038375948394,-3.04223796027749
-0.866981258234812,-2.95207736213785
-0.92512170983271,-2.86195298180939
-0.981457968936752,-2.77161778497006
-1.03598343976411,-2.6808359925776
-1.08868695210296,-2.58938649406565
-1.13955308726864,-2.49706607488694
-1.18856256672208,-2.40369245368213
-1.23569269942416,-2.30910711584101
-1.28091788365815,-2.21317792274847
-1.3242101585737,-2.11580146976629
-1.36553980011623,-2.01690516118446
-1.4048759553351,-1.91644896715887
-1.44218730834691,-1.81442682618948
-1.47744277050184,-1.71086765709779
-1.51061218660056,-1.60583594680344
-1.54166704837492,-1.4994318844786
-1.57058120591523,-1.39179101881144
-1.59733156733829,-1.28308342298982
-1.62189877677356,-1.17351236139792
-1.64426786072919,-1.06331246259782
-1.66442883310378,-0.952747414567409
-1.68237724954691,-0.842107209951939
-1.69811470254425,-0.731704980783086
-1.7116492495043,-0.621873473232732
-1.72299576723818,-0.512961223012253
-1.732176227524,-0.405328500547574
-1.73921988989925,-0.299343101660599
-1.74416340938729,-0.195376063855428
-1.74705085848897,-0.0937973902302036
-1.74793366440909,0.00502813758695031
-1.7468704640881,0.100744979226896
-1.74392688112254,0.193010615377723
-1.73917523003902,0.281499022554029
-1.7326941545949,0.365903787279761
-1.72456820778317,0.445940815000415
-1.71488738199605,0.521350600847903
-1.70374659833672,0.591900041644001
-1.69124516435845,0.65738378077175
-1.67748620955849,0.717625089324037
-1.66257610777531,0.772476297860503
-1.64662389525129,0.821818802840077
-1.62974069255628,0.865562680096339
-1.61203913785031,0.903645944418764
-1.59363283812949,0.936033499309633
-1.57463584418199,0.962715824297148
-1.5551621540138,0.983707448862913
-1.53532524851897,0.999045262207823
-1.51523766219407,1.00878670690147
-1.49501059075725,1.0130079021356
-1.47475353664916,1.01180173904932
-1.45457399258214,1.00527598663718
-1.43457716257753,0.993551442310288
-1.41486571929668,0.976760156461851
-1.39553959593204,0.955043755579199
-1.37669581048173,0.928551883705693
-1.35842831988047,0.897440777524057
-1.34082790119719,0.861871986113693
-1.32398205692767,0.822011242608285
-1.30797494130037,0.77802749159953
-1.29288730446679,0.730092073227828
-1.27879645145373,0.678378062480145
-1.26577621280466,0.623059760270194
-1.25389692392174,0.564312331383309
-1.24322541022947,0.502311583293162
-1.23382497540876,0.437233879156194
-1.22575539008806,0.369256177912382
-1.21907287852129,0.298556194313464
-1.21383010092508,0.225312671804939
-1.21007612928688,0.149705761447492
-1.20785641458844,0.0719175004178317
-1.2072127435143,-0.00786761598075435
-1.20818318283286,-0.0894619745002558
-1.21080200974823,-0.172674101737479
-1.21509962662786,-0.257307844797546
-1.22110245861632,-0.3431614801428
-1.22883283275415,-0.430026756233096
-1.23830883733845,-0.51768787616101
-1.24954416039479,-0.605920427438111
-1.26254790628581,-0.694490267444991
-1.27732438966971,-0.783152374863423
-1.29387290625017,-0.87164967970312
-1.31218748003854,-0.959711887349276
-1.33225658719059,-1.04705431541059
-1.35406285689379,-1.13337676604602
-1.37758275027761,-1.21836246087787
-1.40278621891073,-1.30167707052004
-1.42963634514158,-1.38296787609304
-1.45808896734291,-1.4618631057538
-1.48809229403927,-1.53797149508547
-1.51958651193135,-1.61088212596448
-1.55250339397902,-1.68016460398515
-1.58676591495571,-1.7453696393473
-1.62228788322548,-1.80603009990331
-1.65897359889336,-1.86166260735566
-1.69671754990631,-1.91176974786969
-1.7354041590889,-1.95584296604537
-1.77490759642737,-1.99336620567358
-1.8150916720978,-2.0238203513835
-1.85580982668731,-2.04668851160434
-1.8969052356886,-2.06146216474366
-1.93821104555827,-2.06764816680463
-1.97955075831304,-2.06477658972238
-2.02073878069163,-2.05240932568745
-2.06158115223675,-2.03014935419875
-2.10187646417097,-1.99765052653402
-2.14141697759471,-1.95462767820118
-2.17998994530129,-1.9008668356868
-2.21737913640532,-1.8362352418587
-2.25336655708747,-1.76069088751362
-2.2877343542057,-1.6742912078512
-2.32026688150282,-1.57720058524286
-2.35075290091046,-1.46969629652199
-2.37898788432057,-1.35217255667932
-2.40477637452418,-1.22514234309191
-2.42793435818319,-1.08923673600382
-2.44829159908969,-0.945201581404872
-2.46569387693774,-0.79389136978906
-2.48000507569188,-0.636260325123783
-2.4911090666095,-0.47335080796851
-2.49891133417825,-0.306279249178379
-2.50334029865857,-0.136219939422314
-2.50434829643149,0.0356129019752398
-2.50191218866854,0.207984274059625
-2.49603357956571,0.379658193551927
-2.48673863702338,0.549417550704415
-2.47407752065012,0.716083422745092
-2.4581234337354,0.878533271872529
-2.43897132680789,1.03571750799895
-2.41673629005868,1.18667397326362
-2.39155167984265,1.33054000048668
-2.36356703037022,1.46656180489848
-2.33294580539432,1.59410108087495
-2.29986304614576,1.71263878634649
-2.2645029710656,1.82177620095418
-2.22705658022885,1.92123343486804
-2.18771931304086,2.01084563974236
-2.14668880216576,2.09055722929972
-2.10416276009808,2.16041445368966
-2.06033702769752,2.22055668955017
-2.01540380673639,2.27120680818939
-1.96955009138246,2.31266096988757
-1.92295630682704,2.34527816589339
-1.87579515717726,2.36946979437938
-1.82823067941013,2.38568951552607
-1.78041749572008,2.39442358689993
-1.73250025301328,2.39618183588339
-1.68461323559896,2.39148938316172
-1.6368801352493,2.38087919173992
-1.58941396167006,2.36488548074166
-1.54231707595043,2.34403801298154
-1.49568132963962,2.31885724026978
-1.44958829262546,2.28985027056538
-1.4041095538653,2.257507606163
-1.35930708014707,2.22230059163975
-1.31523361935555,2.18467950375657
-1.27193313611179,2.14507221231161
-1.22944126908249,2.10388334047973
-1.18778580067164,2.06149385486657
-1.14698713117115,2.01826101882794
-1.10705875073319,1.97451864708466
-1.06800770371468,1.93057760489625
-1.02983504102331,1.88672650070715
-0.992536257058131,1.84323252697497
-0.956101708686165,1.80034240962128
-0.920517014431877,1.75828343205249
-0.88576343268532,1.71726450487103
-0.85181821826384,1.67747725716011
-0.818654957100688,1.63909712953841
-0.78624387919078,1.60228445302563
-0.754552150208419,1.56718550113758
-0.723544142433466,1.53393350555584
-0.693181685789852,1.50264962821684
-0.663424299921734,1.47344388476951
-0.634229408315634,1.44641601609388
-0.605552535528356,1.42165630599121
-0.5773474886065,1.39924634428479
-0.549566523789519,1.37925973544387
-0.522160499579131,1.36176275349257
-0.495079017237839,1.34681494442146
-0.468270549751799,1.33446967760659
-0.441682560261552,1.3247746478836
-0.415261610930785,1.31777232994214
-0.38895346319075,1.31350038661628
-0.362703170268096,1.31199203246346
-0.33645516287858,1.31327635376015
-0.310153328949777,1.31737858570622
-0.28374108822398,1.32432034722957
-0.257161462589159,1.33411983332331
-0.230357142992227,1.34679196433485
-0.203270553806058,1.36234849106146
-0.175843915550632,1.38079805389423
-0.148019306910411,1.40214619359145
-0.119738727045363,1.42639531055683
-0.090944159263026,1.4535445687478
-0.0615776372043107,1.48358973954662
-0.0315813147973549,1.51652298009677
-0.000897541352289418,1.55233253974119
0.0305310566940714,1.59100238730689
0.062761485720405,1.63251175106979
0.095850284714238,1.67683456231919
0.129853412890141,1.72393879254035
0.164826122898065,1.77378567337071
0.200822817162153,1.82632878769131
0.237896884650522,1.88151301953034
0.276100515124481,1.93927334993087
0.31548448765525,1.99953348563288
0.356097929932641,2.06220430741809
0.397988044630342,2.12718212536035
0.441199798845353,2.19434672912616
0.485775572406281,2.26355922301599
0.531754760661,2.33465963778349
0.579173327226403,2.40746431459826
0.628063302133306,2.48176306103519
0.678452220853963,2.55731608490604
0.730362499888986,2.63385071934576
0.783810744950439,2.71105796208566
0.838806988349749,2.78858886354938
0.895353853028876,2.86605081254275
0.953445641811842,2.94300378508549
1.01306735195562,3.01895664149724
1.07419361700089,3.0933635792418
1.13678758031996,3.16562087414299
1.20079970768302,3.23506407009152
1.266166549657,3.30096580667089
1.33280946874106,3.36253450429958
1.40063335083376,3.41891415615236
1.46952532589104,3.4691855034308
1.53935352840113,3.51236889310251
1.60996593444915,3.54742913204902
1.68118931848027,3.57328265513568
1.75282837913314,3.58880731306213
1.82466508935715,3.59285505470317
1.89645833101482,3.58426772373963
1.96794387779045,3.56189610684267
2.03883479189259,3.52462225758337
2.10882229912481,3.47138497524262
2.17757720277191,3.40120814173419
2.24475188882289,3.31323141688216
2.30998296285687,3.20674256990143
2.37289454217357,3.08121049474266
2.43310220545229,2.93631773466698
2.49021757671576,2.77199114627245
2.54385349141716,2.58842918692618
2.59362966126063,2.38612423456091
2.63917872254648,2.16587836575364
2.68015252241145,1.92881114305714
2.7162284705763,1.67635820438813
2.74711576345703,1.41025980453233
2.77256127494069,1.13253891835642
2.79235490558241,0.845469051719104
2.80633419063663,0.551532482857651
2.81438798756299,0.25337022950574
2.81645909487774,-0.046274443303856
2.81254569492272,-0.344616739724987
2.80270156089145,-0.63889275793173
2.78703502020737,-0.926420992784715
2.76570671862403,-1.20466034881952
2.73892627869415,-1.47126233042311
2.70694798930703,-1.72411545899354
2.67006569719847,-1.96138046195711
2.6286070948907,-2.18151534045969
2.58292761157226,-2.38329000277016
2.53340411408353,-2.56579070263171
2.48042861540047,-2.72841500672311
2.42440216946079,-2.8708584042179
2.36572910596244,-2.99309394741552
2.3048117292069,-3.09534647090526
2.24204557346524,-3.17806298370752
2.17781527581188,-3.24188077858211
2.11249109765469,-3.28759467485945
2.0464260996216,-3.31612462790378
1.97995395192911,-3.32848472179155
1.91338734431628,-3.32575433210435
1.84701694616767,-3.30905201969893
1.78111085836303,-3.27951250675435
1.71591449325588,-3.23826690204642
1.65165081743842,-3.18642618822067
1.58852089297017,-3.12506786157729
1.52670465589897,-3.05522552378625
1.46636187558376,-2.97788116248246
1.40763324400298,-2.89395982019811
1.35064155044118,-2.80432633437627
1.29549290331806,-2.70978383097643
1.24227796716969,-2.61107366634307
1.19107318870133,-2.50887653289537
1.14194199126204,-2.40381447067414
1.09493592195921,-2.29645355628167
1.05009573989529,-2.18730707126082
1.0074524376663,-2.07683898197404
0.967028191332617,-1.96546759150024
0.928837236595917,-1.85356925027197
0.892886670941748,-1.74148203572679
0.859177183089497,-1.62950933197374
0.82770371228807,-1.51792325837078
0.798456040861445,-1.40696791108485
0.771419323996419,-1.29686239434868
0.746574561123495,-1.18780362847066
0.72389901341462,-1.07996892994773
0.703366571946704,-0.973518365531597
0.684948080990894,-0.868596887053668
0.668611620713087,-0.765336257453167
0.654322753335243,-0.663856780987664
0.64204473652991,-0.564268852222169
0.631738707518693,-0.466674339257853
0.623363841032683,-0.371167816916948
0.616877483980157,-0.277837665369463
0.612235269362693,-0.186767049074249
0.609391211692041,-0.0980347899998769
0.608297785891753,-0.0117161479636201
0.608905991423443,0.0721164803585972
0.611165403160249,0.153392933590728
0.615024210341393,0.232044720279294
0.620429244782414,0.30800450876051
0.627325999386167,0.381205666535123
0.635658637899535,0.45158184487066
0.645369996789378,0.51906660575913
0.656401580067373,0.583593089700088
0.668693547875516,0.645093724038009
0.682184699650415,0.703499972744335
0.696812452713042,0.75874212958458
0.712512817178866,0.810749157536287
0.729220368148719,0.859448578111422
0.746868216220478,0.904766414873953
0.76538797745245,0.946627195916678
0.784709744007917,0.984954020357432
0.804762056812875,1.01966869402012
0.825471881661663,1.05069193936719
0.846764590303743,1.07794368443444
0.868563948134842,1.10134343497442
0.890792110192369,1.12081073323157
0.913369627213609,1.13626570574316
0.936215463550684,1.14762970128128
0.959247028743769,1.15482601852452
0.982380224528471,1.15778072128017
1.00552950899018,1.1564235370841
1.02860797947302,1.15068883280903
1.05152747570038,1.14051665854533
1.07419870436422,1.12585384852566
1.09653138619064,1.1066551652996
1.11843442618706,1.08288447079315
1.13981610742433,1.05451590538561
1.16058430830549,1.02153505379024
1.18064674282752,0.983940074426745
1.19991122285782,0.941742767223089
1.21828594093207,0.894969553480665
1.23567977154425,0.843662340678083
1.25200258835475,0.787879244966146
1.26716559420224,0.72769514469759
1.28108166028405,0.663202039701418
1.29366567038472,0.594509193191287
1.30483486559837,0.521743036201762
1.31450918462574,0.445046818255394
1.32261159444488,0.364579992524263
1.32906840597101,0.28051732897375
1.33380956924784,0.193047754742259
1.33676894275862,0.102372927165536
1.33788453161693,0.00870555121920785
1.33709868969656,-0.0877325404701646
1.33435828118502,-0.186712520716662
1.32961479759067,-0.288000883870762
1.32282442688773,-0.391361909662726
1.31394807223415,-0.496560235173439
1.3029513185251,-0.6033634918973
1.28980434593125,-0.711544962511225
1.27448179049261,-0.820886210749424
1.25696255277328,-0.931179637727741
1.23722955650653,-1.04223091913516
1.21526946005196,-1.15386127983437
1.19107232432624,-1.26590956546173
1.16463124164045,-1.37823407442261
1.13594193056607,-1.4907141180397
1.10500230255008,-1.60325128130616
1.0718120065025,-1.715770361483
1.03637195798827,-1.82821996642015
0.998683859974103,-1.94057275873824
0.958749722320874,-2.05282533566313
0.916571387385771,-2.16499773716267
0.872150069225167,-2.27713257692743
0.825485913988227,-2.38929379153304
0.776577589186556,-2.50156500272554
0.725421909640629,-2.61404748612813
0.672013508064768,-2.72685773676361
0.616344558483898,-2.84012461764918
0.55840456100131,-2.9539860724227
0.498180196879256,-3.06858537662172
0.435655263472564,-3.18406689503256
0.370810699284613,-3.30057130469235
0.303624710304709,-3.41823023497343
0.234073009838523,-3.53716026810774
0.162129185252371,-3.65745623603647
0.0877652063992885,-3.77918374325365
0.0109520919470524,-3.90237084118561
-0.0683392486663572,-4.02699877865575
-0.150136978441162,-4.15299175642739
-0.234467080622363,-4.28020562329115
-0.321351869447386,-4.40841546859653
-0.410808241533265,-4.53730209380576
-0.5028456456352,-4.66643738621571
-0.597463749506409,-4.79526867441738
-0.694649784900875,-4.92310222053601
-0.79437555579931,-5.04908610205839
-0.896594101181022,-5.17219285910408
-1.00123601264067,-5.29120243363779
-1.10820541942376,-5.40468610634454
-1.21737566959275,-5.51099234353264
-1.32858475654739,-5.60823569612426
-1.44163056539036,-5.69429013669902
-1.55626604380003,-5.76678846399453
-1.67219443693149,-5.82312962536781
-1.78906476468121,-5.86049597636507
-1.90646776099741,-5.87588257397559
-2.0239325365173,-5.8661405397242
-2.14092426439424,-5.82803627849271
-2.25684322041373,-5.75832784634049
-2.37102552706715,-5.65385898020154
-2.48274595108242,-5.51167020628804
-2.5912230786494,-5.32912503467781
-2.69562713633613,-5.10404757093091
-2.79509063403889,-4.83486603300195
-2.88872187745066,-4.52075481607302
-2.97562123353408,-4.16176612042828
-3.05489984029192,-3.75894101125105
-3.12570024411987,-3.31438938782507
-3.18721824178953,-2.83132894187635
-3.23872502121538,-2.31407493147034
-3.27958855888078,-1.76797549952787
-3.30929316392303,-1.1992911610568
-3.32745607608183,-0.615021624346105
-3.33384013513367,-0.0226877993267848
-3.32836174022277,0.569918903871111
-3.3110935940372,1.15500464665034
-3.28226205391709,1.72504150262627
-3.24223925724916,2.27301893729547
-3.19153051675469,2.79266300556674
-3.13075775988268,3.27861104139556
-3.06063999002993,3.72653383963034
-2.98197186073945,4.13320201339168
-2.89560147415396,4.49649776463512
-2.80240844963912,4.81537722767756
-2.70328317408973,5.08979148351825
-2.59910796367602,5.32057612721631
-2.49074066095396,5.50931990774382
-2.37900098302222,5.65822259665926
-2.26465974349969,5.76995111547843
-2.148430906076,5.84750133499937
-2.03096629737167,5.89407111711627
-1.9128527140393,5.91294832374031
-1.79461110175704,5.90741583322699
-1.67669745764316,5.88067418546766
-1.5595051067959,5.83578137020228
-1.44336802178572,5.77560848271627
-1.32856488490366,5.70280946980131
-1.21532363144732,5.61980293167481
-1.10382625394245,5.52876388006625
-0.994213688644554,5.43162342680831
-0.886590644628881,5.33007454417831
-0.781030270808253,5.22558225890881
-0.677578586557447,5.11939688584755
-0.576258627038212,5.01256915259469
-0.477074274943409,4.9059662982037
-0.380013766582982,4.80028843821188
-0.285052872521221,4.69608467038386
-0.192157761902209,4.59376854936105
-0.101287565728163,4.49363268484497
-0.0123966582101701,4.39586231926004
0.0745633226339457,4.30054781999461
0.159641693292618,4.2076960815014
0.24288716051541,4.11724087688491
0.324346454166691,4.02905223000527
0.404063138481114,3.94294490013319
0.482076585004492,3.85868608396482
0.558421092672542,3.77600244613099
0.6331251427231,3.69458659063821
0.706210778365772,3.61410308306577
0.777693101277127,3.53419412764984
0.847579878994253,3.45448499522304
0.91587125909998,3.37458928778194
0.982559587692041,3.29411411353252
1.04762933097341,3.21266523283153
1.11105709986392,3.12985222067422
1.17281177828852,3.04529367543434
1.23285475622395,2.95862248662407
1.29114026866472,2.86949115673989
1.34761584138966,2.77757715409789
1.40222284376574,2.68258825532956
1.45489714781977,2.58426781839317
1.50556989145572,2.48239991013855
1.5541683420208,2.37681419731331
1.60061685446941,2.26739049714615
1.64483791619482,2.1540628740507
1.68675326826533,2.03682316330952
1.72628509039989,1.91572380150676
1.76335723464511,1.79087984754025
1.79789649047873,1.66247008763788
1.82983386207653,1.53073713306783
1.85910583685217,1.39598644002167
1.88565562321995,1.25858420699848
1.90943433493182,1.11895413513375
1.93040209937728,0.977573070189654
1.94852906795828,0.834965579967676
1.96379630807935,0.691697556127001
1.97619655841405,0.548368963077394
1.98573483187322,0.405605887038111
1.99242885402686,0.264052063890887
1.99630932850828,0.124360083700892
1.99742002501804,-0.0128175183485257
1.9958176897923,-0.146837071043424
1.99157178264024,-0.277072267145775
1.98476404872558,-0.402922157707107
1.97548793701242,-0.523818463900304
1.96384788058021,-0.639232055636463
1.94995845672521,-0.748678477110261
1.93394344682619,-0.851722433491872
1.91593481731304,-0.947981188539214
1.89607164372671,-1.03712685824554
1.87449899981636,-1.11888761919602
1.85136683293625,-1.19304788073093
1.82682884575253,-1.25944749623157
1.80104140254296,-1.31798011010554
1.77416247627261,-1.3685907529313
1.74635065026673,-1.4112728076235
1.71776418578508,-1.44606447458511
1.68856016423248,-1.47304486403907
1.65889371021091,-1.49232983968222
1.628917299206,-1.50406773020048
1.59878015146997,-1.50843501481007
1.56862771166059,-1.505632076641
1.53860121205347,-1.49587910421636
1.50883731568071,-1.47941220719812
1.47946783456577,-1.45647979856801
1.45061951731685,-1.42733928198841
1.42241389969249,-1.39225407062822
1.39496721134199,-1.35149095252207
1.36839033172194,-1.30531780773598
1.34278878817064,-1.25400167432903
1.31826278925178,-1.19780715334425
1.29490728672994,-1.13699513778787
1.27281205988174,-1.07182184667403
1.25206181625349,-1.00253814259885
1.23273630342323,-0.929389109819195
1.21491042679242,-0.852613869293305
1.19865436890163,-0.772445607433772
1.18403370622092,-0.689111796273751
1.17110951979799,-0.602834584205945
1.15993849654577,-0.513831338283105
1.15057301831157,-0.422315321140825
1.14306123618603,-0.328496487803037
1.13744712778346,-0.232582389853092
1.13377053545304,-0.134779176604308
1.13206718356801,-0.0352926848978365
1.13236867318904,0.0656703890858706
1.13470245251522,0.167901241165474
1.13909176162804,0.271187637737146
1.1455555501085,0.375312525052366
1.15410836617421,0.480052572530557
1.16476021605398,0.585176653887507
1.17751639240228,0.690444270937427
1.19237727066981,0.795603926694644
1.2093380725027,0.900391456917758
1.22838859545764,1.00452833255634
1.24951290860954,1.10771994972159
1.27268901400949,1.20965392883805
1.29788847444211,1.30999845055535
1.32507600854891,1.40840066279144
1.35420905514696,1.50448520089212
1.38523730949397,1.59785287122834
1.41810223534564,1.68807955745882
1.45273655792779,1.7747154179335
1.48906374440832,1.85728445199307
1.52699748009941,1.93528452182155
1.56644115043532,2.00818792451475
1.60728734073233,2.07544261550292
1.64941736780688,2.1364741886591
1.69270085965051,2.19068871947328
1.73699540146568,2.23747657462269
1.78214626836024,2.2762172831113
1.8279862667706,2.3062855498697
1.87433570809999,2.32705847135317
1.92100253897068,2.33792398346068
1.96778265273355,2.33829053450336
2.01446040628615,2.32759792985912
2.0608093646541,2.30532924077619
2.10659329303826,2.2710236086113
2.15156741199955,2.22428970946462
2.19547992606572,2.16481957540363
2.23807382928658,2.09240240080771
2.27908898319947,2.00693790015415
2.31826445345349,1.90844873174969
2.35534108123897,1.79709146576324
2.39006425504408,1.6731655596392
2.42218683757893,1.53711981422499
2.45147219251714,1.38955582330028
2.47769724661022,1.23122799959431
2.5006555153551,1.06303986166208
2.52016001533453,0.88603639555748
2.5360459841231,0.70139245791238
2.54817332964683,0.510397355170113
2.55642873531821,0.314435907655528
2.56072735514709,0.114966475856315
2.56101404413274,-0.0865034217419741
2.55726408312631,-0.288443145577482
2.54948337336989,-0.489325785527174
2.53770809325641,-0.687654939929982
2.5220038276056,-0.881990541065679
2.5024641969695,-1.07097289479928
2.47920903026705,-1.25334419475674
2.45238213760698,-1.42796689990958
2.42214875086677,-1.59383851930319
2.38869270703552,-1.75010251783846
2.35221345330662,-1.89605523102391
2.31292295345908,-2.03114884354136
2.27104257243087,-2.15499063685249
2.22680001057392,-2.26733883756696
2.18042635141836,-2.36809549602708
2.13215327746509,-2.45729689124802
2.08221049819567,-2.53510199410451
2.03082342373551,-2.60177952764584
1.97821110697116,-2.65769414538186
1.92458446685942,-2.70329221006534
1.87014479652834,-2.73908760213586
1.81508255180642,-2.76564792383862
1.75957640917203,-2.7835813969695
1.70379257684539,-2.79352468347552
1.64788433882716,-2.79613179220706
1.59199180903777,-2.79206417457004
1.53624187120383,-2.78198205841578
1.48074827961793,-2.76653702422439
1.42561189619907,-2.74636579082618
1.37092104023481,-2.72208514939122
1.31675192863164,-2.69428796364123
1.26316918629022,-2.66354014039077
1.21022640822768,-2.63037846664613
1.1579667571817,-2.59530920656802
1.1064235825599,-2.55880735263782
1.05562104867542,-2.52131642942097
1.00557476218226,-2.48324875455332
0.95629239045634,-2.44498606926024
0.907774264337995,-2.40688045924408
0.860013960146192,-2.36925549565215
0.812998857191847,-2.3324075346805
0.766710668160558,-2.29660712289236
0.721125940712439,-2.26210046333197
0.67621652947055,-2.22911090486032
0.631950038253452,-2.1978404237543
0.588290232966794,-2.16847107246219
0.54519742601885,-2.14116637549737
0.502628833480559,-2.11607265680578
0.460538906486174,-2.0933202866025
0.418879638579536,-2.07302483869277
0.377600850865344,-2.05528815173165
0.336650456935726,-2.04019928979572
0.295974709619615,-2.02783539910009
0.25551843165456,-2.01826245875409
0.21522523241506,-2.01153592416323
0.17503771285468,-2.00770126210644
0.134897660836539,-2.00679437669167
0.0947462390426396,-2.00884192536547
0.054524167670697,-2.0138615239612
0.014171904150383,-2.02186183945526
-0.0263701778585439,-2.03284256869563
-0.0671616078845091,-2.04679430090768
-0.10826163412838,-2.06369826130168
-0.149729032605091,-2.08352593264257
-0.191621907466979,-2.10623855123089
-0.233997479958819,-2.13178647342739
-0.276911863375114,-2.16010840867781
-0.320419821309188,-2.19113051501072
-0.364574506405212,-2.22476535324871
-0.409427176754442,-2.26091069675879
-0.455026887022472,-2.29944819454751
-0.501420151364161,-2.340241886965
-0.54865057518747,-2.38313657531624
-0.596758452879306,-2.42795604939121
-0.645780328720373,-2.47450118043231
-0.695748518408933,-2.52254789147567
-0.746690588904832,-2.57184502245513
-0.798628794716941,-2.62211211406141
-0.85157946931345,-2.67303714221147
-0.905552371061358,-2.72427424419073
-0.960549984026426,-2.77544148813399
-1.01656677511588,-2.8261187495096
-1.0735884104506,-2.87584577159189
-1.13159093553614,-2.92412050138007
-1.19053992578353,-2.97039780775412
-1.25038961622355,-3.01408870440256
-1.31108202186544,-3.05456021558293
-1.37254606305929,-3.09113603724056
-1.43469671339977,-3.12309815833785
-1.49743419110167,-3.14968961611094
-1.56064321830008,-3.17011856280756
-1.62419237626255,-3.18356381848952
-1.68793358789105,-3.1891820727697
-1.75170176194434,-3.18611687590602
-1.81531463589116,-3.17350952458656
-1.87857285594274,-3.15051189838123
-1.94126033331127,-3.11630123809043
-2.00314491478699,-3.070096776763
-2.06397940301106,-3.01117803874071
-2.1235029570652,-2.93890451384554
-2.18144289697866,-2.85273629649967
-2.23751692634049,-2.75225515866099
-2.2914357753971,-2.6371854082318
-2.34290625297226,-2.50741377988032
-2.39163467961671,-2.36300752295405
-2.43733065713067,-2.2042298017412
-2.47971111176209,-2.03155151662794
-2.51850453090668,-1.84565869896268
-2.55345529710244,-1.64745473311186
-2.58432800967197,-1.43805681777267
-2.61091167465362,-1.21878629176114
-2.63302363869175,-0.991152708584022
-2.65051314311511,-0.756831835289718
-2.66326438098656,-0.517638056076256
-2.67119895252227,-0.275491958547413
-2.67427763257849,-0.0323841478500917
-2.67250138706911,0.209663450176594
-2.66591160199286,0.448637389202145
-2.65458951769036,0.682572133686483
-2.63865489031496,0.909587671798958
-2.61826393054282,1.12792396882115
-2.59360659464225,1.33597110431194
-2.5649033237911,1.53229418132628
-2.53240134295925,1.71565238156057
-2.49637064016793,1.88501184419662
-2.45709975035828,2.03955234625979
-2.41489146572881,2.1786680385241
-2.37005858688058,2.30196272728636
-2.32291981735954,2.40924037752462
-2.27379588929571,2.50049164121629
-2.22300599096361,2.57587728519929
-2.17086454934925,2.63570940960297
-2.11767840322062,2.68043131761596
-2.06374438560777,2.71059682944582
-2.00934731965762,2.72684973803096
-1.95475841898132,2.72990399164666
-1.90023407310422,2.72052506843699
-1.84601499053205,2.69951288815204
-1.79232566618689,2.66768649333006
-1.73937413636102,2.62587063041115
-1.68735198262775,2.57488427367846
-1.63643454603756,2.51553106287325
-1.58678131409966,2.44859156897717
-1.53853644519795,2.37481726122279
-1.49182939792885,2.29492602046651
-1.44677563612651,2.20959902783271
-1.40347738384165,2.11947885104329
-1.36202440809129,2.02516855209987
-1.32249481065995,1.92723164712121
-1.28495581350936,1.82619276047575
-1.24946452537345,1.72253882944062
-1.21606867983616,1.61672073126232
-1.18480733759005,1.50915522072763
-1.15571154764973,1.400227082439
-1.12880496405529,1.29029141738236
-1.10410441606318,1.17967599770464
-1.08162043101173,1.0686836366436
-1.06135770999086,0.957594532148038
-1.04331555717125,0.846668552845502
-1.0274882641861,0.736147443676024
-1.01386545133729,0.626256935772912
-1.00243236764464,0.517208751124854
-0.993170151896668,0.409202497301994
-0.986056056917568,0.3024274511856
-0.981063639257688,0.197064233321078
-0.978162916463215,0.0932863763290862
-0.977320494000084,-0.00873820813434764
-0.978499663812467,-0.10884585898166
-0.981660476399251,-0.206875887147108
-0.986759788203479,-0.302669384833196
-0.993751286038638,-0.396068119560534
-1.00258549022944,-0.486913511436901
-1.01320973812943,-0.575045693739505
-1.02556814969823,-0.660302658793189
-1.03960157688101,-0.742519493166016
-1.0552475386346,-0.821527708331639
-1.0724401435888,-0.897154675103123
-1.09111000251934,-0.969223172260279
-1.11118413303725,-1.0375510618025
-1.13258585916707,-1.10195110508632
-1.15523470878734,-1.16223093566997
-1.17904631223623,-1.21819320589715
-1.20393230573426,-1.269635925015
-1.22980024363491,-1.3163530068349
-1.25655352387114,-1.35813504450615
-1.28409133130644,-1.39477032877602
-1.31230860400746,-1.42604612405313
-1.34109602771337,-1.4517502135818
-1.37034006396431,-1.47167272099475
-1.39992301744747,-1.48560821038462
-1.42972314810147,-1.49335806079907
-1.45961483336646,-1.49473310373619
-1.48946878565679,-1.48955650386561
-1.51915232964673,-1.47766685395399
-1.54852974328046,-1.45892144502591
-1.57746266553531,-1.43319966241087
-1.60581057287468,-1.40040644785412
-1.6334313250289,-1.36047575771745
-1.6601817792469,-1.31337393794034
-1.68591847049234,-1.2591029283958
-1.71049835324516,-1.19770320311145
-1.73377959865701,-1.12925634908371
-1.75562243885034,-1.05388718561035
-1.77589004820917,-0.971765328650426
-1.79444944965662,-0.883106111025752
-1.81117243222591,-0.788170779495046
-1.82593646478725,-0.68726590386413
-1.83862558966881,-0.580741951143378
-1.84913127917668,-0.468990998902216
-1.8573532377356,-0.352443585755618
-1.86320013258485,-0.231564722499671
-1.86659023669715,-0.106849113773054
-1.86745196884737,0.0211843338807543
-1.86572431752365,0.151998617235086
-1.86135713760221,0.285045232865224
-1.85431131133342,0.419771124992668
-1.84455876812516,0.555625831637976
-1.83208236075676,0.692068668308396
-1.81687559890145,0.828575786549048
-1.79894224405801,0.964646948706057
-1.7782957730775,1.09981186995887
-1.7549587203091,1.23363599354662
-1.72896191088456,1.36572558434427
-1.70034359973683,1.49573204853425
-1.66914853254772,1.62335541192416
-1.63542694591126,1.74834691527246
-1.59923352457464,1.87051071060538
-1.56062633369272,1.98970466682371
-1.51966574364138,2.10584031493321
-1.47641336413277,2.21888198219509
-1.43093100323044,2.32884517980443
-1.38327966544993,2.43579432000603
-1.33351860153398,2.53983984570605
-1.28170442079319,2.64113485868955
-1.22789027518269,2.73987133172955
-1.17212512261769,2.8362759855273
-1.11445307548151,2.93060590400405
-1.05491283890518,3.02314395147542
-0.993537242244595,3.11419404320602
-0.930352866284719,3.20407630728221
-0.865379768086014,3.29312216114406
-0.798631305072944,3.38166931092817
-0.730114059955036,3.47005666638762
-0.659827868368565,3.55861914892003
-0.587765951725092,3.64768235545863
-0.513915158639757,3.73755702694808
-0.438256319469867,3.82853325711935
-0.360764719899219,3.92087436560512
-0.281410701125723,4.01481034946636
-0.200160396010567,4.11053081939498
-0.116976612477496,4.20817732181881
-0.0318198774478048,4.30783494664789
0.0553503434202709,4.40952312347737
0.144574233053685,4.51318551799241
0.235889998598963,4.61867895670733
0.329332015422646,4.72576133396673
0.424928718963595,4.83407849264643
0.522700224244124,4.94315012185868
0.622655654372915,5.05235478408885
0.724790162478987,5.16091427358855
0.829081636637271,5.26787762041045
0.935487084971129,5.37210519257815
1.04393870877205,5.4722535138859
1.15433968569905,5.56676160629278
1.26655970341352,5.65383988068883
1.3804303067743,5.73146283100935
1.49574014917881,5.79736702219944
1.61223027070373,5.84905608393024
1.72958956184264,5.88381460328328
1.84745061073143,5.89873291677548
1.96538617190242,5.89074479321841
2.08290653302556,5.85667982607698
2.19945808899569,5.79333196702909
2.31442345535193,5.69754498511749
2.4271234597977,5.56631469491275
2.53682133551246,5.39690655334508
2.64272939715811,5.18698570596563
2.74401840515517,4.93475484564055
2.83982971319146,4.63909346305378
2.92929014852546,4.29969040921447
3.01152939925587,3.9171603925368
3.08569948716822,3.49313435662965
3.15099570396692,3.0303138739033
3.20667820192248,2.53248092520342
3.25209327902899,2.00445678405948
3.28669330534914,1.4520070985382
3.31005421952514,0.88169440366369
3.32188959379589,0.300683782628272
3.32206042400629,-0.283488304961064
3.31058003868666,-0.86316845499355
3.28761381828735,-1.43084812198695
3.25347374364196,-1.97941616041407
3.20860811876661,-2.50238640821124
3.15358710453442,-2.99408709736859
3.0890849289612,-3.4498025451426
3.01585978793088,-3.86586192998528
2.93473250914364,-4.23967442715058
2.84656502483233,-4.56971404876404
2.7522395976624,-4.85546079836664
2.65263958799013,-5.09730697023987
2.54863236115637,-5.29643853137724
2.44105473238352,-5.45470160151409
2.33070115295366,-5.57446328488874
2.21831466903324,-5.65847475470039
2.1045805429899,-5.70974280626754
1.99012232057309,-5.73141431029685
1.87550005596505,-5.72667629738457
1.76121036740511,-5.69867291506219
1.64768798385339,-5.65043928945832
1.53530845207933,-5.58485141769757
1.42439169764939,-5.50459060190837
1.31520616705814,-5.41212057579931
1.20797331704892,-5.30967532309725
1.10287225734379,-5.19925559351974
1.00004439186665,-5.08263223900817
0.89959793930843,-4.96135467964368
0.801612245501056,-4.83676303187524
0.706141827070046,-4.71000266636601
0.613220108183571,-4.58204019126256
0.522862830154672,-4.45368006762057
0.435071127606451,-4.32558125064141
0.349834275390047,-4.19827341054642
0.267132117992053,-4.07217242019114
0.186937198306569,-3.9475949044315
0.109216605860579,-3.82477173131235
0.0339335662976117,-3.70386039032882
-0.0389512054897435,-3.58495625139654
-0.109478366426763,-3.46810273271362
-0.177688999185539,-3.35330042910343
-0.243623838829476,-3.24051526706298
-0.307322653440042,-3.12968576063112
-0.368823761510255,-3.02072944502275
-0.428163670425034,-2.91354856412817
-0.485376821839803,-2.80803508455925
-0.54049543117351,-2.70407510381124
-0.593549409723487,-2.60155271398152
-0.644566359072738,-2.50035337586637
-0.693571628489294,-2.40036685153784
-0.740588426913611,-2.30148973697677
-0.78563798189942,-2.2036276302157
-0.82873973852585,-2.10669696487663
-0.869911591845997,-2.01062653407056
-0.909170146893182,-1.9153587254203
-0.94653100064548,-1.82085048450339
-0.982009040666626,-1.72707402129149
-1.01561875541178,-1.63401727217099
-1.04737455142423,-1.541684128829
-1.07729107286728,-1.45009444463138
-1.1053835190462,-1.35928382903897
-1.13166795578966,-1.26930324102995
-1.15616161678726,-1.18021839333453
-1.17888319122668,-1.09210898044947
-1.19985309434742,-1.00506774478647
-1.21909371782966,-0.919199396818718
-1.23662965726985,-0.834619406623958
-1.25248791435709,-0.751452685682197
-1.26669807175508,-0.66983217908196
-1.27929243910819,-0.58989738933901
-1.29030616902257,-0.511792853767054
-1.29977734231592,-0.435666597706762
-1.30774702227632,-0.361668585879582
-1.31425927811165,-0.28994919366563
-1.31936117819907,-0.220657719207834
-1.32310275414935,-0.153940955932078
-1.32553693707648,-0.0899418433763138
-1.32671946780108,-0.0287982121857917
-1.32670878301017,0.0293583631859195
-1.32556587964201,0.0844035930631803
-1.32335415995804,0.136221374090407
-1.32013925990326,0.184704558141927
-1.31598886344079,0.229755585747754
-1.3109725055765,0.271286983841752
-1.30516136676806,0.309221730153973
-1.29862806134291,0.343493488884532
-1.29144642243551,0.374046724365598
-1.28369128580217,0.400836701205202
-1.2754382746859,0.423829380887464
-1.26676358769287,0.443001225965777
-1.25774379140962,0.458338923826869
-1.24845561924543,0.469839042532653
-1.23897577773084,0.47750763148056
-1.22938076124885,0.481359779585914
-1.21974667592322,0.481419143411933
-1.21014907314476,0.477717457188155
-1.20066279298369,0.47029403600301
-1.19136181751816,0.459195282668301
-1.18231913390788,0.44447420786943
-1.17360660685889,0.426189972270741
-1.16529485996161,0.404407458273043
-1.1574531652405,0.379196878149688
-1.15014934012811,0.350633424344042
-1.14344965097025,0.318796966816031
-1.1374187220792,0.283771801495434
-1.13211944927871,0.245646453146962
-1.12761291682507,0.204513535284548
-1.12395831654178,0.160469669193067
-1.12121286796942,0.113615463623822
-1.11943173830476,0.0640555563208298
-1.11866796088411,0.0118987181993534
-1.11897235095169,-0.0427419792760178
-1.12039341744569,-0.0997489331946647
-1.12297726953002,-0.158999714666841
-1.12676751659955,-0.220366710732452
-1.13180516049016,-0.28371670300549
-1.13812847863339,-0.34891038361019
-1.14577289690993,-0.415801809303882
-1.15477085097807,-0.484237795129221
-1.16515163488605,-0.554057249529163
-1.17694123582313,-0.62509045362763
-1.19016215392765,-0.697158288364271
-1.20483320615621,-0.770071414410604
-1.22096931333134,-0.843629411324147
-1.23858126963216,-0.91761988425209
-1.2576754939802,-0.991817548708584
-1.27825376300849,-1.06598330654615
-1.30031292559358,-1.13986332924037
-1.32384459928608,-1.21318816801483
-1.34883484940313,-1.28567191414272
-1.37526385205438,-1.35701143694434
-1.40310554296778,-1.42688573150509
-1.43232725466939,-1.49495541288431
-1.4628893453552,-1.56086239845394
-1.49474482367439,-1.62422982483964
-1.52783897461939,-1.68466225052946
-1.56210899278162,-1.74174619931041
-1.59748363036906,-1.79505110298071
-1.63388286857484,-1.844130703901
-1.6712176221049,-1.88852497847622
-1.70938948788395,-1.92776264114533
-1.74829055011408,-1.96136428441287
-1.78780325490637,-1.98884620339499
-1.82780036857559,-2.00972494280373
-1.8681450343092,-2.02352258985154
-1.90869094221215,-2.02977281792051
-1.94928262760329,-2.02802766286719
-1.98975591181129,-2.01786498659712
-2.02993849850504,-1.99889655139144
-2.06965073672404,-1.97077659407299
-2.10870655919221,-1.93321075250291
-2.14691460117522,-1.88596515952881
-2.18407950107627,-1.82887548317399
-2.22000337920313,-1.7618556587181
-2.25448748576498,-1.68490603078454
-2.28733400331044,-1.59812060416264
-2.31834798268573,-1.50169309335854
-2.34733938541049,-1.39592146504583
-2.37412519941506,-1.28121068646144
-2.39853158966409,-1.15807342744088
-2.42039604062484,-1.02712851437209
-2.4395694441367,-0.889096999951629
-2.45591808428222,-0.744795791171976
-2.46932547057858,-0.595128866225744
-2.47969397235396,-0.441076204732055
-2.48694621060684,-0.283680649840082
-2.49102616892153,-0.12403300987564
-2.49189999197401,0.0367442142218137
-2.48955644854723,0.197514026430057
-2.48400704542731,0.357142565678977
-2.47528578864628,0.5145166554091
-2.46344859880082,0.668560763272832
-2.44857239712806,0.818252889066798
-2.43075388819715,0.962638948444208
-2.41010807307096,1.10084528807236
-2.38676653327522,1.23208905018742
-2.36087553065175,1.3556861957239
-2.33259397104316,1.47105708982879
-2.30209128074674,1.57772964622867
-2.26954524387189,1.67534011276798
-2.23513984631824,1.76363165550856
-2.19906316830492,1.84245096017531
-2.16150536251979,1.91174311571593
-2.12265674933553,1.97154507472702
-2.08270605447525,2.02197799993351
-2.04183880830213,2.06323880610282
-2.00023591982281,2.0955911946768
-1.95807243275389,2.11935645636785
-1.91551646578068,2.13490428752582
-1.87272833455812,2.1426438317603
-1.82985984914011,2.14301512144558
-1.78705377740515,2.13648105640201
-1.74444346266469,2.12352002094016
-1.70215258195742,2.10461920688608
-1.66029503048781,2.08026868010706
-1.61897491718444,2.05095620200051
-1.57828665634921,2.01716279565475
-1.53831514075557,1.97935902894658
-1.49913598224892,1.93800197351172
-1.46081580682475,1.89353278897617
-1.42341259223951,1.84637487564037
-1.38697603738312,1.79693253548864
-1.35154795385731,1.74559008046357
-1.31716267141823,1.69271132792339
-1.28384745012117,1.63863942564679
-1.25162289312408,1.583696952266
-1.22050335514767,1.52818624324959
-1.19049734254111,1.47238989722885
-1.16160790175802,1.41657142232775
-1.13383299380546,1.36097598702651
-1.10716585289024,1.30583124481911
-1.08159532805652,1.25134820641028
-1.05710620709139,1.19772213736702
-1.03367952237813,1.1451334629481
-1.01129283870748,1.09374866526238
-0.989920523323172,1.04372116094735
-0.969533998686931,0.995192150222787
-0.950101978607323,0.948291430478282
-0.931590688493635,0.903138169522541
-0.913964070576083,0.859841635285365
-0.897183974983652,0.818501880150058
-0.881210337595479,0.779210379236201
-0.866001345585662,0.742050622880183
-0.851513591568773,0.707098664302642
-0.837702217227449,0.674423624034823
-0.824521047267328,0.644088153124298
-0.811922714500675,0.616148857476506
-0.799858776810301,0.590656685931484
-0.78827982669165,0.567657284841702
-0.777135594014452,0.547191322021472
-0.766375042587318,0.529294782992738
-0.755946461049958,0.513999242466103
-0.745797548559054,0.501332113977289
-0.735875495675839,0.491316880553952
-0.726127060806581,0.483973309220161
-0.71649864249184,0.479317652058906
-0.706936347786998,0.477362836448481
-0.697386056925431,0.478118646967198
-0.687793484407134,0.481591901322602
-0.678104236610046,0.487786622505275
-0.668263865979026,0.496704209192201
-0.658217921808832,0.50834360622875
-0.647911997603076,0.522701476799591
-0.637291774961256,0.539772377655147
-0.626303063921327,0.5595489384892
-0.614891839666327,0.58202204626265
-0.603004275490903,0.607181034936044
-0.590586771917985,0.635013880706888
-0.577585981857851,0.665507402444977
-0.563948831712366,0.69864746657776
-0.54962253834682,0.734419195195969
-0.534554621881617,0.772807175625367
-0.51869291429673,0.813795669141045
-0.5019855638944,0.857368815883945
-0.484381035730966,0.903510832372368
-0.465828108207937,0.952206197281126
-0.446275866106661,1.00343982038411
-0.425673690461298,1.05719718871849
-0.40397124579253,1.11346448312557
-0.381118465370993,1.17222865735014
-0.357065535346115,1.23347747083018
-0.331762878764596,1.29719946517768
-0.305161140714779,1.36338387313127
-0.277211176070537,1.43202044744916
-0.247864041572855,1.50309919579899
-0.217070994281119,1.57661000618997
-0.184783498751172,1.65254214587954
-0.150953245655487,1.73088361497764
-0.115532184954182,1.8116203341769
-0.0784725771555333,1.89473514417494
-0.0397270666723111,1.98020659245733
0.000751218214184605,2.06800748122038
0.0430085337277408,2.15810314839832
0.0870903516762627,2.2504494521071
0.133041146995938,2.34499042744749
0.180904134888922,2.44165558368051
0.230720950039032,2.54035680949936
0.282531259748778,2.6409848547319
0.336372302223665,2.74340535863319
0.392278340664151,2.84745439836075
0.45028002334873,2.95293353673554
0.51040363955018,3.05960435653668
0.572670260980196,3.16718248000317
0.637094758578089,3.27533108765154
0.70368468493524,3.38365397077117
0.77243901358323,3.49168817788002
0.8433467278922,3.5988963478758
0.916385254565739,3.70465886240323
0.991518739832984,3.8082659977307
1.0686961705919,3.90891031256617
1.14784934811717,4.00567957267416
1.22889072867188,4.09755058516355
1.31171115359148,4.18338439327701
1.39617750123381,4.26192336361967
1.48213030463412,4.33179077772795
1.56938139168792,4.39149361264568
1.6577116189862,4.43942925271166
1.74686878564599,4.47389690697279
1.83656582898886,4.49311450148852
1.92647941884207,4.49524175977021
2.01624908041108,4.47841006357057
2.10547698566314,4.44075948682964
2.19372855828754,4.38048310711093
2.2805340357119,4.29587831577181
2.36539112147113,4.18540437280548
2.4477688407144,4.04774489798345
2.52711267945665,3.88187338311705
2.60285104367201,3.68711919213566
2.67440301779399,3.4632309418042
2.74118733517317,3.21043369343092
2.80263239850246,2.92947610799716
2.85818711056351,2.62166369442713
2.90733220058649,2.28887457063897
2.94959166567664,1.93355479215389
2.98454389708886,1.55869128054965
3.01183203409169,1.16776165856765
3.03117308887311,0.764661780887846
3.04236541733427,0.35361331194624
3.04529417279862,-0.0609448078466049
3.03993446959366,-0.47447590677724
3.02635209506617,-0.882470149577575
3.00470173330923,-1.28056772904456
2.97522279160942,-1.66467439558262
2.93823304090074,-2.0310636630912
2.89412038476289,-2.37646109130868
2.84333315013385,-2.69810742154608
2.78636934210312,-2.99379888318289
2.72376532323105,-3.2619045339066
2.65608436617743,-3.50136190356916
2.58390549097902,-3.71165336733348
2.50781294089405,-3.89276650771268
2.42838658010752,-4.04514221055464
2.34619341965858,-4.16961439043734
2.2617804010086,-4.26734510093586
2.1756684949024,-4.33975841929863
2.08834811037947,-4.38847597615505
2.00027575730322,-4.41525640042985
1.91187186657868,-4.42194033037039
1.82351964518031,-4.41040205309147
1.7355648272214,-4.38250831213542
1.64831617602802,-4.34008438579758
1.56204659370604,-4.28488719662856
1.47699470212484,-4.21858496323332
1.39336677079355,-4.14274274116821
1.31133888119473,-4.05881310828315
1.23105923244455,-3.96813121736649
1.15265050863037,-3.87191345141877
1.07621224306925,-3.77125896134857
1.00182312850881,-3.66715343111229
0.929543234636723,-3.56047449209286
0.859416105020173,-3.45199828966568
0.791470714729945,-3.34240678516525
0.725723277472548,-3.23229545222316
0.662178897171804,-3.12218109543266
0.600833063758468,-3.01250958030176
0.541672996607037,-2.90366331607242
0.484678841770326,-2.79596837735083
0.429824731064822,-2.68970118712553
0.377079712301061,-2.58509471337425
0.326408560665184,-2.48234415491379
0.277772481555115,-2.38161211029189
0.231129715155359,-2.28303323719068
0.186436052779728,-2.18671841978264
0.143645274588356,-2.09275846844548
0.102709517748031,-2.00122738080859
0.0635795834957795,-1.91218519578964
0.0262051909180334,-1.82568047352012
-0.00946481540342535,-1.74175243421139
-0.0434822973832126,-1.66043278837065
-0.0758996892031844,-1.58174728956956
-0.106769891612462,-1.50571703938177
-0.136146190081089,-1.43235957227924
-0.164082192668155,-1.36168974632004
-0.190631783961782,-1.29372046344993
-0.215849091904763,-1.22846324123744
-0.239788464736354,-1.16592865590561
-0.262504455659038,-1.10612667464262
-0.284051813180669,-1.04906689338495
-0.304485475389251,-0.994758694580934
-0.32386056669179,-0.943211337864327
-0.342232395792379,-0.894433995097543
-0.359656453900064,-0.848435739881146
-0.376188412346189,-0.805225500365981
-0.391884118955882,-0.764811983043107
-0.406799592661028,-0.727203574118973
-0.420991015964259,-0.692408224103981
-0.434514724966987,-0.660433320346294
-0.44742719676082,-0.631285551424356
-0.459785034052398,-0.604970766565893
-0.471644946948144,-0.581493832583468
-0.483063731869013,-0.560858490202056
-0.494098247597129,-0.543067211098162
-0.504805388477531,-0.52812105646816
-0.515242054809973,-0.516019537491442
-0.525465120468907,-0.506760477647232
-0.535531397785231,-0.500339876478332
-0.545497599711914,-0.496751774066203
-0.555420299277858,-0.495988115185635
-0.565355886311035,-0.498038611839499
-0.575360521383453,-0.502890602630831
-0.585490086897398,-0.510528907206909
-0.595800135195023,-0.520935673804495
-0.606345833531977,-0.534090217733874
-0.617181905710732,-0.549968848458901
-0.628362570120653,-0.568544682758984
-0.639941473879947,-0.589787441295126
-0.651971622719472,-0.613663225745475
-0.664505306190211,-0.64013427352657
-0.677594017715102,-0.669158686976422
-0.691288368942147,-0.700690133747731
-0.70563799778954,-0.734677515048627
-0.720691469505398,-0.771064598280924
-0.73649616999503,-0.8097896105705
-0.753098190598407,-0.850784789672128
-0.770542203430446,-0.893975888775343
-0.788871326328301,-0.939281631855058
-0.808126976384654,-0.986613116420213
-0.828348710986085,-1.03587316083828
-0.849574055223574,-1.08695559387924
-0.871838314501096,-1.13974448475933
-0.895174371141925,-1.19411331280566
-0.919612463785072,-1.24992407694414
-0.945179948381417,-1.3070263465748
-0.971901039646687,-1.36525625708196
-0.999796531913169,-1.42443545527552
-1.02888349845187,-1.48437000251629
-1.05917496852013,-1.54484924618437
-1.09067958163603,-1.60564467354124
-1.12340121890003,-1.66650876594176
-1.15733861158695,-1.72717387578834
-1.192484927728,-1.78735115358473
-1.22882733800362,-1.84672955791749
-1.26634656298299,-1.90497498711456
-1.30501640458338,-1.96172957760975
-1.34480326558776,-2.01661122054049
-1.38566566215513,-2.06921335462959
-1.42755373548265,-2.11910509969031
-1.4704087701236,-2.16583180082071
-1.51416272791663,-2.20891605810854
-1.55873780801354,-2.24785931997087
-1.60404604507249,-2.28214411954027
-1.64998895926288,-2.31123703215962
-1.69645727324908,-2.33459242738601
-1.74333071270886,-2.35165708024362
-1.79047790811184,-2.3618756931382
-1.83775641633545,-2.36469736126324
-1.88501288111874,-2.35958299004366
-1.93208335123376,-2.34601364295144
-1.97879377446908,-2.32349976196702
-2.0249606839601,-2.29159116152096
-2.07039209096437,-2.24988765086942
-2.11488859479445,-2.19805009100577
-2.15824471624454,-2.13581164242155
-2.2002504554865,-2.06298891188849
-2.24069306912966,-1.97949266301408
-2.27935905406462,-1.88533772005532
-2.31603631804307,-1.78065167095139
-2.35051650895383,-1.66568196724206
-2.38259746677625,-1.54080102854471
-2.41208575461574,-1.40650898987279
-2.43879921847988,-1.26343378249335
-2.46256951997222,-1.11232831303766
-2.48324458228344,-0.954064599381301
-2.50069088810676,-0.789624831888814
-2.51479556867577,-0.620089449846406
-2.52546822617619,-0.446622448798071
-2.53264243733984,-0.270454257631847
-2.53627689395592,-0.0928626368411612
-2.53635614604416,0.0848478560975196
-2.53289092509776,0.261367218383975
-2.52591803757672,0.435401514422018
-2.51549983208873,0.605693885223679
-2.50172325677639,0.771044415938898
-2.48469853568922,0.930328279229088
-2.4645575037684,1.08251165584229
-2.44145164902611,1.22666503867653
-2.41554991720143,1.36197364569563
-2.38703633841728,1.48774479254529
-2.3561075370952,1.60341219993266
-2.32297018570531,1.70853732679542
-2.28783846006158,1.80280792218928
-2.25093154914536,1.88603407238243
-2.21247126624825,1.95814208225279
-2.17267980099969,2.0191665708024
-2.13177764402052,2.06924118000853
-2.08998170792925,2.1085882961531
-2.04750366058836,2.1375081659644
-2.00454847911361,2.15636775970246
-1.96131322651356,2.16558969329945
-1.91798604703983,2.16564147536361
-1.874745371503,2.15702529553019
-1.83175931997629,2.1402685211211
-1.78918528644935,2.11591502165126
-1.74716968804709,2.08451739712622
-1.70584786030448,2.04663014749153
-1.66534407957965,2.00280378769875
-1.62577169387813,1.95357988589598
-1.58723334403101,1.89948698113605
-1.54982125820746,1.84103732136875
-1.51361760404092,1.77872435181129
-1.47869488411648,1.7130208774339
-1.44511636212539,1.64437782056821
-1.4129365085742,1.57322349485866
-1.38220145649038,1.49996331927851
-1.35294945905181,1.42497990012856
-1.32521134245755,1.34863341430494
-1.29901094863094,1.27126223321716
-1.27436556349477,1.19318373319189
-1.25128632757591,1.11469524471943
-1.22977862658566,1.03607509926216
-1.20984246038691,0.957583738384101
-1.19147278940679,0.879464855562038
-1.17465985809481,0.801946546131794
-1.15938949547082,0.725242445369762
-1.14564339316648,0.649552838700669
-1.13339936164846,0.575065731467902
-1.12263156553323,0.501957868628633
-1.11331073907027,0.430395697178623
-1.10540438299434,0.36053626611424
-1.09887694403397,0.292528060348993
-1.09368997842244,0.226511766267587
-1.08980230079303,0.162620967570978
-1.08717011986021,0.100982770788692
-1.08574716229508,0.0417183603553774
-1.08548478620174,-0.0150565164900828
-1.08633208559336,-0.0692311344825847
-1.08823598725529,-0.120699444126488
-1.09114134136783,-0.169359793739873
-1.0949910072453,-0.215114718888246
-1.09972593552989,-0.257870798251591
-1.10528524815818,-0.297538574841771
-1.11160631739523,-0.334032541310624
-1.11862484520354,-0.367271187846796
-1.12627494418083,-0.397177110838615
-1.13448922126067,-0.423677180072524
-1.14319886532005,-0.446702761736611
-1.15233373977797,-0.466189993905745
-1.1618224811958,-0.482080110501836
-1.17159260480243,-0.494319808957352
-1.1815706177638,-0.502861655974186
-1.19168214089516,-0.507664524879643
-1.20185203937527,-0.508694057157151
-1.2120045628642,-0.505923139796104
-1.22206349524974,-0.499332389191431
-1.23195231405358,-0.488910631460767
-1.24159435931761,-0.474655368269841
-1.250913011566,-0.456573216600727
-1.25983187820173,-0.434680310399504
-1.268274987452,-0.409002651735331
-1.27616698872811,-0.379576399025629
-1.283433358018,-0.346448080061923
-1.29000060668838,-0.309674718032623
-1.29579649184445,-0.269323859500516
-1.30075022618451,-0.225473494363703
-1.30479268510081,-0.178211859209298
-1.30785660862213,-0.127637117149173
-1.30987679567492,-0.0738569091850889
-1.31079028806216,-0.0169877743542914
-1.31053654152792,0.0428455616871494
-1.30905758129434,0.105511027430389
-1.3062981395279,0.170870170772808
-1.3022057723162,0.238779241249848
-1.29673095391258,0.309090379107565
-1.28982714623416,0.381652898596405
-1.28145084187424,0.45631465057504
-1.27156157920927,0.532923447483151
-1.2601219285368,0.611328532031921
-1.24709744856823,0.691382069617747
-1.23245661301002,0.77294064352221
-1.21617070739162,0.855866731438469
-1.19821369672949,0.940030141763149
-1.17856206504524,1.02530938839906
-1.15719462817476,1.11159298349636
-1.13409232170724,1.19878062857094
-1.10923796627152,1.28678428571792
-1.08261601273864,1.37552911211121
-1.05421227022973,1.4649542425653
-1.02401362010682,1.55501340654265
